ID_N,UBIGEO,CCDI,NOMBREDI,INF109,INF109A,INF109A_O,INF109B1,INF109C1_D1,INF109C1_D2,INF109C1_D3,INF109C1_D4,INF109C1_D5,INF109B2,INF109C2_D1,INF109C2_P1,INF109C2_D2,INF109C2_P2,INF109C2_D3,INF109C2_P3,INF109C2_D4,INF109C2_P4,INF109C2_D5,INF109C2_P5,INF109C2_D6,INF109C2_P6,INF109C2_D7,INF109C2_P7,INF109C2_D8,INF109C2_P8,INF109C2_D9,INF109C2_P9,INF109C2_D10,INF109C2_P10,INF109B3,INF109C3_D1,INF109C3_P1,INF109C3_DI1,INF109C3_DI1_FT,INF109C3_DI1_FP,INF109C3_D2,INF109C3_P2,INF109C3_DI2,INF109C3_DI2_FT,INF109C3_DI2_FP,INF109C3_D3,INF109C3_P3,INF109C3_DI3,INF109C3_DI3_FT,INF109C3_DI3_FP,INF109C3_D4,INF109C3_P4,INF109C3_DI4,INF109C3_DI4_FT,INF109C3_DI4_FP,INF109C3_D5,INF109C3_P5,INF109C3_DI5,INF109C3_DI5_FT,INF109C3_DI5_FP,INF109C3_D6,INF109C3_P6,INF109C3_DI6,INF109C3_DI6_FT,INF109C3_DI6_FP,INF109C3_D7,INF109C3_P7,INF109C3_DI7,INF109C3_DI7_FT,INF109C3_DI7_FP,INF109C3_D8,INF109C3_P8,INF109C3_DI8,INF109C3_DI8_FT,INF109C3_DI8_FP,INF109C3_D9,INF109C3_P9,INF109C3_DI9,INF109C3_DI9_FT,INF109C3_DI9_FP,INF109C3_D10,INF109C3_P10,INF109C3_DI10,INF109C3_DI10_FT,INF109C3_DI10_FP,INF110_TOT,INF110_TOT_OFI_H,INF110_TOT_OFI_M,INF110_TOT_OFISV_H,INF110_TOT_OFISV_M,INF110_TOT_SOF_H,INF110_TOT_SOF_M,INF110_TOT_SOFSV_H,INF110_TOT_SOFSV_M,INF111_ADM,INF111_ADM_OFI_H,INF111_ADM_OFI_M,INF111_ADM_OFISV_H,INF111_ADM_OFISV_M,INF111_ADM_SOF_H,INF111_ADM_SOF_M,INF111_ADM_SOFSV_H,INF111_ADM_SOFSV_M,INF112_MOT,INF112_MOT_OFI_H,INF112_MOT_OFI_M,INF112_MOT_OFISV_H,INF112_MOT_OFISV_M,INF112_MOT_SOF_H,INF112_MOT_SOF_M,INF112_MOT_SOFSV_H,INF112_MOT_SOFSV_M,INF113_PIE,INF113_PIE_OFI_H,INF113_PIE_OFI_M,INF113_PIE_OFISV_H,INF113_PIE_OFISV_M,INF113_PIE_SOF_H,INF113_PIE_SOF_M,INF113_PIE_SOFSV_H,INF113_PIE_SOFSV_M,INF114_INV_DF,INF114_INV_DF_OFI_H,INF114_INV_DF_OFI_M,INF114_INV_DF_OFISV_H,INF114_INV_DF_OFISV_M,INF114_INV_DF_SOF_H,INF114_INV_DF_SOF_M,INF114_INV_DF_SOFSV_H,INF114_INV_DF_SOFSV_M,INF115_INV_AT,INF115_INV_AT_OFI_H,INF115_INV_AT_OFI_M,INF115_INV_AT_OFISV_H,INF115_INV_AT_OFISV_M,INF115_INV_AT_SOF_H,INF115_INV_AT_SOF_M,INF115_INV_AT_SOFSV_H,INF115_INV_AT_SOFSV_M,INF116_INV_VF,INF116_INV_VF_OFI_H,INF116_INV_VF_OFI_M,INF116_INV_VF_OFISV_H,INF116_INV_VF_OFISV_M,INF116_INV_VF_SOF_H,INF116_INV_VF_SOF_M,INF116_INV_VF_SOFSV_H,INF116_INV_VF_SOFSV_M,INF117_OPC,INF117_OPC_OFI_H,INF117_OPC_OFI_M,INF117_OPC_OFISV_H,INF117_OPC_OFISV_M,INF117_OPC_SOF_H,INF117_OPC_SOF_M,INF117_OPC_SOFSV_H,INF117_OPC_SOFSV_M,INF118_PG,INF118_PG_OFI_H,INF118_PG_OFI_M,INF118_PG_OFISV_H,INF118_PG_OFISV_M,INF118_PG_SOF_H,INF118_PG_SOF_M,INF118_PG_SOFSV_H,INF118_PG_SOFSV_M,INF119_SC,INF119_SC_OFI_H,INF119_SC_OFI_M,INF119_SC_OFISV_H,INF119_SC_OFISV_M,INF119_SC_SOF_H,INF119_SC_SOF_M,INF119_SC_SOFSV_H,INF119_SC_SOFSV_M,INF120_O,INF120_O_O,INF120_O_OFI_H,INF120_O_OFI_M,INF120_O_OFISV_H,INF120_O_OFISV_M,INF120_O_SOF_H,INF120_O_SOF_M,INF120_O_SOFSV_H,INF120_O_SOFSV_M,INF121_1,INF121_1_CANT,INF121_2,INF121_2_CANT,INF121_3,INF121_3_CANT,INF121_4,INF121_4_CANT,INF121_5,INF121_5_CANT,INF121_6,INF121_6_CANT,INF121_7,INF121_7_CANT,INF121_8,INF121_8_CANT,INF121_9,INF121_9_CANT,INF121_10,INF121_10_CANT,INF121_11,INF121_11_CANT,INF121_12,INF121_12_CANT,INF121_13,INF121_13_CANT,INF121_14,INF121_14_CANT,INF121_TOT,INF122,INF123,INF123_A,INF124,INF124_A,INF124_B1,INF124_B2,INF124_B3,INF124_B4,INF124_B5,INF124_B6,INF124_B7,INF124_B8,INF124_B9,INF124_B10,INF124_B11,INF124_B12,INF124_B13,INF124_B14,INF124_B15,INF124_B16,INF124_B17,INF124_B18,INF124_B19,INF124_B20,INF124_B21,INF124_B22,INF124_B23,INF124_B24,INF124_B25,INF124_B26,INF124_B27,INF124_B28,INF124_B29,INF124_B30,INF124_B31,INF124_B32,INF124_B33,INF124_B34,INF124_B35,INF124_B36,INF124_B37,INF124_B38,INF124_B39,INF124_B40,INF125,INF125_A,INF126_1,INF126_2,INF126_3,INF126_4,INF126_5,INF126_6,INF126_7,INF126_8,INF126_9,INF126_10,INF126_11,INF126_12,INF126_13,INF126_14,INF126_15,INF126_16,INF126_O,GPSLATITUD_INF,GPSLONGITUD_INF
0001,100601,01,RUPA-RUPA,De 40001 - 80000 Hab,Distrital, , , , , , , , , , , , , , , , , , , , , , , , , , , , ,2,10,6,1,Si,No,10,6,8,Si,No, , , , , , , , , , , , , , , , , , , , , , , , , , , , , , , , , , , , , , , , ,58,1,0,0,0,53,4,0,0,6,0,0,0,0,4,2,0,0,13,0,0,0,0,13,0,0,0,0,0,0,0,0,0,0,0,0,9,0,0,0,0,9,0,0,0,6,0,0,0,0,6,0,0,0,0,0,0,0,0,0,0,0,0,2,0,0,0,0,0,2,0,0,9,0,0,0,0,9,0,0,0,1,1,0,0,0,0,0,0,0,12,PUESTO DE AUXILIO RAPIDO,0,0,0,0,12,0,0,0,No, ,Si,1,No, ,No, ,No, ,No, ,Si,3,Si,8,Si,2,Si,1,Si,1,Si,9,Si,16,Si,17,58,0,Sí,1,Sí,6,4,4,4,4,4,4, , , , , , , , , , , , , , , , , , , , , , , , , , , , , , , , , , ,Ninguna, , , , , , , , , , , , , , , , , , ,-9.29806953,-76.00260836
0002,100606,06,MARIANO DAMASO BERAUN,De 5000 - 10000 Hab,Distrital, , , , , , , , , , , , , , , , , , , , , , , , , , , , ,1,10,6,6,Si,No, , , , , , , , , , , , , , , , , , , , , , , , , , , , , , , , , , , , , , , , , , , , , ,18,1,0,0,0,17,0,0,0,2,0,0,0,0,2,0,0,0,4,0,0,0,0,4,0,0,0,0,0,0,0,0,0,0,0,0,3,0,0,0,0,3,0,0,0,3,0,0,0,0,3,0,0,0,1,0,0,0,0,1,0,0,0,2,0,0,0,0,2,0,0,0,2,0,0,0,0,2,0,0,0,1,1,0,0,0,0,0,0,0,0, ,0,0,0,0,0,0,0,0,No, ,No, ,No, ,Si,1,No, ,No, ,No, ,Si,1,Si,3,Si,1,Si,1,Si,1,Si,5,Si,5,18,0,Sí,7,No, , , , , , , , , , , , , , , , , , , , , , , , , , , , , , , , , , , , , , , , , , , , , , , , , , , , , , , , , , , , ,-9.49461342,-75.95306846
0003,100604,04,JOSE CRESPO Y CASTILLO,De 20001 - 40000 Hab,Distrital, , , , , , , , , , , , , , , , , , , , , , , , , , , , ,2,10,6,4,No,Si,10,6,7,No,Si, , , , , , , , , , , , , , , , , , , , , , , , , , , , , , , , , , , , , , , , ,27,1,0,0,0,24,2,0,0,2,0,0,0,0,1,1,0,0,9,0,0,0,0,9,0,0,0,0,0,0,0,0,0,0,0,0,2,0,0,0,0,2,0,0,0,2,0,0,0,0,2,0,0,0,1,0,0,0,0,1,0,0,0,1,0,0,0,0,0,1,0,0,6,0,0,0,0,6,0,0,0,2,1,0,0,0,1,0,0,0,2,APOYO A LA JUSTICIA,0,0,0,0,2,0,0,0,No, ,No, ,Si,1,No, ,No, ,No, ,Si,1,No, ,Si,4,Si,1,Si,4,Si,2,Si,4,Si,10,27,0,Sí,3,No, , , , , , , , , , , , , , , , , , , , , , , , , , , , , , , , , , , , , , , , , , , , , , , , , , , , , , , , , , , , ,-8.93140901,-76.11188986
0004,221001,01,TOCACHE,De 5000 - 10000 Hab,Provincial, , , , , , , ,1,22,10, , , , , , , , , , , , , , , , , , , , , , , , , , , , , , , , , , , , , , , , , , , , , , , , , , , , , , , , , , , , , , , , , , , , , ,55,2,0,0,0,38,15,0,0,6,0,0,0,0,3,3,0,0,20,0,0,0,0,20,0,0,0,7,0,0,0,0,2,5,0,0,2,0,0,0,0,0,2,0,0,3,0,0,0,0,3,0,0,0,2,0,0,0,0,0,2,0,0,2,0,0,0,0,0,2,0,0,11,0,0,0,0,10,1,0,0,2,2,0,0,0,0,0,0,0,0, ,0,0,0,0,0,0,0,0,No, ,No, ,Si,1,Si,1,No, ,No, ,No, ,Si,1,Si,5,Si,2,Si,3,No, ,Si,5,Si,37,55,0,No, ,No, , , , , , , , , , , , , , , , , , , , , , , , , , , , , , , , , , , , , , , , , , , , , , , , , , , , , , , , , , , , ,-8.1884396,-76.51227108
0005,221002,02,NUEVO PROGRESO,De 5000 - 10000 Hab,Distrital, , , , , , , , , , , , , , , , , , , , , , , , , , , , ,1,22,10,2,Si,No, , , , , , , , , , , , , , , , , , , , , , , , , , , , , , , , , , , , , , , , , , , , , ,28,0,1,0,0,24,3,0,0,1,0,0,0,0,0,1,0,0,12,0,0,0,0,12,0,0,0,0,0,0,0,0,0,0,0,0,4,0,0,0,0,4,0,0,0,2,0,0,0,0,2,0,0,0,2,0,0,0,0,1,1,0,0,1,0,0,0,0,0,1,0,0,4,0,0,0,0,4,0,0,0,2,0,1,0,0,1,0,0,0,0, ,0,0,0,0,0,0,0,0,No, ,No, ,No, ,No, ,Si,1,No, ,No, ,Si,1,No, ,Si,1,Si,1,Si,3,Si,3,Si,18,28,0,No, ,No, , , , , , , , , , , , , , , , , , , , , , , , , , , , , , , , , , , , , , , , , , , , , , , , , , , , , , , , , , , , ,-8.45341229,-76.3241724
0006,221005,05,UCHIZA,Menos de 5000 Hab,Distrital, , , , , , , , , , , , , , , , , , , , , , , , , , , , ,1,22,10,5,No,Si, , , , , , , , , , , , , , , , , , , , , , , , , , , , , , , , , , , , , , , , , , , , , ,35,1,0,0,0,29,5,0,0,2,0,0,0,0,1,1,0,0,10,0,0,0,0,10,0,0,0,2,0,0,0,0,2,0,0,0,4,0,0,0,0,4,0,0,0,2,0,0,0,0,2,0,0,0,2,0,0,0,0,0,2,0,0,2,0,0,0,0,0,2,0,0,10,0,0,0,0,10,0,0,0,1,1,0,0,0,0,0,0,0,0, ,0,0,0,0,0,0,0,0,No, ,No, ,No, ,Si,1,No, ,No, ,No, ,No, ,Si,2,Si,2,Si,2,Si,6,Si,3,Si,19,35,0,No, ,No, , , , , , , , , , , , , , , , , , , , , , , , , , , , , , , , , , , , , , , , , , , , , , , , , , , , , , , , , , , , ,-8.45046975,-76.46217742
0007,250301,01,PADRE ABAD,De 20001 - 40000 Hab,Distrital, , , , , , , , , , , , , , , , , , , , , , , , , , , , ,1,25,3,1,No,Si, , , , , , , , , , , , , , , , , , , , , , , , , , , , , , , , , , , , , , , , , , , , , ,29,1,0,0,0,27,1,0,0,2,0,0,0,0,2,0,0,0,8,0,0,0,0,8,0,0,0,2,0,0,0,0,2,0,0,0,8,0,0,0,0,8,0,0,0,2,0,0,0,0,2,0,0,0,2,0,0,0,0,2,0,0,0,2,0,0,0,0,1,1,0,0,2,0,0,0,0,2,0,0,0,1,1,0,0,0,0,0,0,0,0, ,0,0,0,0,0,0,0,0,No, ,Si,1,No, ,No, ,No, ,No, ,Si,2,No, ,Si,2,Si,1,Si,1,Si,3,Si,5,Si,14,29,0,Sí,2,Sí,1,8, , , , , , , , , , , , , , , , , , , , , , , , , , , , , , , , , , , , , , , ,Ninguna, , , , , , , , , , , , , , , , , , ,-9.03794253,-75.50689252
0008,250305,05,ALEXANDER VON HUMBOLDT,De 10001 - 20000 Hab,Provincial, , , , , , , ,1,25,3, , , , , , , , , , , , , , , , , , , , , , , , , , , , , , , , , , , , , , , , , , , , , , , , , , , , , , , , , , , , , , , , , , , , , ,22,1,0,0,0,20,1,0,0,1,0,0,0,0,0,1,0,0,4,0,0,0,0,4,0,0,0,0,0,0,0,0,0,0,0,0,4,0,0,0,0,4,0,0,0,4,0,0,0,0,4,0,0,0,4,0,0,0,0,4,0,0,0,2,0,0,0,0,2,0,0,0,2,0,0,0,0,2,0,0,0,1,1,0,0,0,0,0,0,0,0, ,0,0,0,0,0,0,0,0,No, ,No, ,Si,1,No, ,No, ,No, ,Si,1,No, ,Si,2,Si,4,Si,1,No, ,Si,5,Si,8,22,0,No, ,Sí,1,2, , , , , , , , , , , , , , , , , , , , , , , , , , , , , , , , , , , , , , , ,Almenos una,1,No,No,No,No,No,No,No,No,No,No,No,No,No,No,No,Si,BOTIQUIN DE PRIMEROS AUXILIOS,-8.82538,-75.051607
0009,250302,02,IRAZOLA,De 10001 - 20000 Hab,Distrital, , , , , , , , , , , , , , , , , , , , , , , , , , , , ,1,25,3,2,Si,No, , , , , , , , , , , , , , , , , , , , , , , , , , , , , , , , , , , , , , , , , , , , , ,21,1,0,0,0,19,1,0,0,2,0,0,0,0,1,1,0,0,4,0,0,0,0,4,0,0,0,2,0,0,0,0,2,0,0,0,4,0,0,0,0,4,0,0,0,2,0,0,0,0,2,0,0,0,2,0,0,0,0,2,0,0,0,3,0,0,0,0,3,0,0,0,1,0,0,0,0,1,0,0,0,1,1,0,0,0,0,0,0,0,0, ,0,0,0,0,0,0,0,0,No, ,No, ,No, ,No, ,No, ,Si,1,No, ,Si,1,Si,2,Si,1,Si,2,No, ,Si,8,Si,6,21,0,No, ,No, , , , , , , , , , , , , , , , , , , , , , , , , , , , , , , , , , , , , , , , , , , , , , , , , , , , , , , , , , , , ,-8.82951452,-75.21614922
0010,200101,01,PIURA,De 80001 a más Hab,Distrital, , , , , , , , , , , , , , , , , , , , , , , , , , , , ,1,20,1,1,No,Si, , , , , , , , , , , , , , , , , , , , , , , , , , , , , , , , , , , , , , , , , , , , , ,162,3,0,0,0,118,28,12,1,14,0,0,0,0,9,4,1,0,47,0,0,0,0,41,0,6,0,71,0,0,0,0,55,13,2,1,6,0,0,0,0,3,2,1,0,4,0,0,0,0,3,1,0,0,2,0,0,0,0,0,2,0,0,5,0,0,0,0,1,4,0,0,10,0,0,0,0,6,2,2,0,3,3,0,0,0,0,0,0,0,0, ,0,0,0,0,0,0,0,0,No, ,Si,1,Si,1,No, ,No, ,Si,1,Si,13,Si,10,Si,9,Si,2,Si,1,Si,2,Si,6,Si,116,162,1,No, ,Sí,2,12,12, , , , , , , , , , , , , , , , , , , , , , , , , , , , , , , , , , , , , , ,Ninguna, , , , , , , , , , , , , , , , , , ,-5.19025882,-80.63408522
0011,200115,15,VEINTISEIS DE OCTUBRE,De 40001 - 80000 Hab,Regional, ,1,20, , , , , , , , , , , , , , , , , , , , , , , , , , , , , , , , , , , , , , , , , , , , , , , , , , , , , , , , , , , , , , , , , , , , , , , , , , , , ,110,2,0,0,0,86,22,0,0,10,0,0,0,0,5,5,0,0,31,0,0,0,0,31,0,0,0,39,0,0,0,0,35,4,0,0,11,1,0,0,0,7,3,0,0,2,0,0,0,0,2,0,0,0,3,0,0,0,0,0,3,0,0,3,0,0,0,0,1,2,0,0,10,0,0,0,0,5,5,0,0,1,1,0,0,0,0,0,0,0,0, ,0,0,0,0,0,0,0,0,No, ,No, ,Si,1,No, ,Si,1,No, ,Si,6,Si,5,Si,3,Si,3,Si,1,Si,3,Si,13,Si,74,110,0,Sí,25,Sí,1,5, , , , , , , , , , , , , , , , , , , , , , , , , , , , , , , , , , , , , , , ,Ninguna, , , , , , , , , , , , , , , , , , ,-5.185295,-80.668668
0012,200104,04,CASTILLA,De 40001 - 80000 Hab,Distrital, , , , , , , , , , , , , , , , , , , , , , , , , , , , ,1,20,1,4,No,Si, , , , , , , , , , , , , , , , , , , , , , , , , , , , , , , , , , , , , , , , , , , , , ,55,1,0,0,0,42,12,0,0,9,0,0,0,0,1,8,0,0,24,0,0,0,0,24,0,0,0,0,0,0,0,0,0,0,0,0,6,0,0,0,0,6,0,0,0,2,0,0,0,0,1,1,0,0,3,0,0,0,0,0,3,0,0,2,0,0,0,0,2,0,0,0,8,0,0,0,0,8,0,0,0,1,1,0,0,0,0,0,0,0,0, ,0,0,0,0,0,0,0,0,No, ,No, ,No, ,Si,1,No, ,No, ,Si,3,No, ,Si,4,No, ,Si,2,Si,3,Si,12,Si,30,55,0,No, ,Sí,1,1, , , , , , , , , , , , , , , , , , , , , , , , , , , , , , , , , , , , , , , ,Almenos una,1,No,No,No,No,No,No,No,No,No,No,No,Si,No,No,No,Si,PONCHO IMPERMEABLE,-5.18713728,-80.59871083
0013,200104,04,CASTILLA,De 40001 - 80000 Hab,Distrital, , , , , , , , , , , , , , , , , , , , , , , , , , , , ,1,20,1,4,No,Si, , , , , , , , , , , , , , , , , , , , , , , , , , , , , , , , , , , , , , , , , , , , , ,68,1,1,0,0,54,12,0,0,6,0,0,0,0,3,3,0,0,27,0,0,0,0,27,0,0,0,11,0,0,0,0,10,1,0,0,4,0,0,0,0,4,0,0,0,1,0,0,0,0,1,0,0,0,4,0,0,0,0,0,4,0,0,4,0,0,0,0,2,2,0,0,9,0,0,0,0,7,2,0,0,2,1,1,0,0,0,0,0,0,0, ,0,0,0,0,0,0,0,0,No, ,No, ,Si,1,No, ,Si,1,No, ,Si,2,Si,7,Si,3,Si,1,No, ,No, ,Si,15,Si,38,68,0,Sí,2,No, , , , , , , , , , , , , , , , , , , , , , , , , , , , , , , , , , , , , , , , , , , , , , , , , , , , , , , , , , , , ,-5.22489622,-80.61842704
0014,200104,04,CASTILLA,De 40001 - 80000 Hab,Distrital, , , , , , , , , , , , , , , , , , , , , , , , , , , , ,1,20,1,4,No,Si, , , , , , , , , , , , , , , , , , , , , , , , , , , , , , , , , , , , , , , , , , , , , ,79,2,0,0,0,64,13,0,0,6,0,0,0,0,4,2,0,0,42,0,0,0,0,41,1,0,0,0,0,0,0,0,0,0,0,0,7,0,0,0,0,7,0,0,0,2,0,0,0,0,1,1,0,0,3,0,0,0,0,0,3,0,0,4,0,0,0,0,1,3,0,0,13,0,0,0,0,10,3,0,0,2,2,0,0,0,0,0,0,0,0, ,0,0,0,0,0,0,0,0,No, ,No, ,No, ,Si,1,No, ,Si,1,Si,6,Si,6,Si,4,No, ,Si,3,No, ,Si,4,Si,54,79,0,Sí,5,No, , , , , , , , , , , , , , , , , , , , , , , , , , , , , , , , , , , , , , , , , , , , , , , , , , , , , , , , , , , , ,-5.20563191,-80.62054045
0015,200104,04,CASTILLA,De 10001 - 20000 Hab,Otros,LOCAL, , , , , , , , , , , , , , , , , , , , , , , , , , , , , , , , , , , , , , , , , , , , , , , , , , , , , , , , , , , , , , , , , , , , , , , , , , , , , , ,13,0,1,0,0,5,7,0,0,2,0,0,0,0,0,2,0,0,0,0,0,0,0,0,0,0,0,4,0,0,0,0,2,2,0,0,1,0,0,0,0,0,1,0,0,1,0,0,0,0,0,1,0,0,1,0,0,0,0,0,1,0,0,0,0,0,0,0,0,0,0,0,3,0,0,0,0,3,0,0,0,1,0,1,0,0,0,0,0,0,0, ,0,0,0,0,0,0,0,0,No, ,No, ,No, ,No, ,Si,1,No, ,Si,2,No, ,Si,1,Si,1,No, ,No, ,Si,2,Si,6,13,0,No, ,No, , , , , , , , , , , , , , , , , , , , , , , , , , , , , , , , , , , , , , , , , , , , , , , , , , , , , , , , , , , , ,-5.20561632,-80.61826875
0016,200101,01,PIURA,De 40001 - 80000 Hab,Distrital, , , , , , , , , , , , , , , , , , , , , , , , , , , , ,1,20,1,1,No,Si, , , , , , , , , , , , , , , , , , , , , , , , , , , , , , , , , , , , , , , , , , , , , ,61,2,0,0,0,45,14,0,0,4,0,0,0,0,2,2,0,0,18,0,0,0,0,18,0,0,0,15,0,0,0,0,9,6,0,0,6,0,0,0,0,6,0,0,0,2,0,0,0,0,2,0,0,0,2,0,0,0,0,0,2,0,0,2,0,0,0,0,1,1,0,0,8,0,0,0,0,5,3,0,0,2,2,0,0,0,0,0,0,0,2,DESTACADOS,0,0,0,0,2,0,0,0,No, ,No, ,Si,1,No, ,No, ,Si,1,Si,3,Si,5,Si,5,No, ,No, ,Si,7,Si,4,Si,35,61,0,No, ,Sí,2,4,4, , , , , , , , , , , , , , , , , , , , , , , , , , , , , , , , , , , , , , ,Ninguna, , , , , , , , , , , , , , , , , , ,-5.1726354,-80.64974278
0017,200105,05,CATACAOS,De 10001 - 20000 Hab,Otros,LOCALIDAD (PARTE DEL DISTRITO), , , , , , , , , , , , , , , , , , , , , , , , , , , , , , , , , , , , , , , , , , , , , , , , , , , , , , , , , , , , , , , , , , , , , , , , , , , , , , ,23,1,0,0,0,21,1,0,0,3,0,0,0,0,3,0,0,0,8,0,0,0,0,8,0,0,0,4,0,0,0,0,4,0,0,0,1,0,0,0,0,1,0,0,0,1,0,0,0,0,1,0,0,0,1,0,0,0,0,0,1,0,0,1,0,0,0,0,1,0,0,0,3,0,0,0,0,3,0,0,0,1,1,0,0,0,0,0,0,0,0, ,0,0,0,0,0,0,0,0,No, ,No, ,No, ,No, ,No, ,Si,1,Si,4,Si,3,No, ,Si,1,No, ,Si,1,Si,1,Si,12,23,0,No, ,Sí,2,8,8, , , , , , , , , , , , , , , , , , , , , , , , , , , , , , , , , , , , , , ,Ninguna, , , , , , , , , , , , , , , , , , ,-5.24248333,-80.6637766
0018,200105,05,CATACAOS,De 40001 - 80000 Hab,Distrital, , , , , , , , , , , , , , , , , , , , , , , , , , , , ,1,20,1,5,Si,No, , , , , , , , , , , , , , , , , , , , , , , , , , , , , , , , , , , , , , , , , , , , , ,119,2,0,0,0,102,15,0,0,7,0,0,0,0,2,5,0,0,45,0,0,0,0,45,0,0,0,40,0,0,0,0,40,0,0,0,5,0,0,0,0,5,0,0,0,2,0,0,0,0,1,1,0,0,2,0,0,0,0,0,2,0,0,2,0,0,0,0,1,1,0,0,14,0,0,0,0,8,6,0,0,2,2,0,0,0,0,0,0,0,0, ,0,0,0,0,0,0,0,0,No, ,No, ,Si,1,Si,1,No, ,No, ,Si,8,Si,4,Si,3,No, ,No, ,Si,2,Si,11,Si,89,119,0,No, ,No, , , , , , , , , , , , , , , , , , , , , , , , , , , , , , , , , , , , , , , , , , , , , , , , , , , , , , , , , , , , ,-5.26451445,-80.67036549
0019,200107,07,CURA MORI,De 5000 - 10000 Hab,Distrital, , , , , , , , , , , , , , , , , , , , , , , , , , , , ,1,20,1,7,No,Si, , , , , , , , , , , , , , , , , , , , , , , , , , , , , , , , , , , , , , , , , , , , , ,16,1,0,0,0,13,2,0,0,2,0,0,0,0,1,1,0,0,0,0,0,0,0,0,0,0,0,5,0,0,0,0,5,0,0,0,1,0,0,0,0,1,0,0,0,1,0,0,0,0,1,0,0,0,2,0,0,0,0,1,1,0,0,2,0,0,0,0,2,0,0,0,2,0,0,0,0,2,0,0,0,1,1,0,0,0,0,0,0,0,0, ,0,0,0,0,0,0,0,0,No, ,No, ,No, ,No, ,Si,1,No, ,No, ,Si,2,Si,1,Si,1,No, ,No, ,No, ,Si,11,16,1,Sí,7,No, , , , , , , , , , , , , , , , , , , , , , , , , , , , , , , , , , , , , , , , , , , , , , , , , , , , , , , , , , , , ,-5.32463504,-80.66488714
0020,200109,09,LA ARENA,De 20001 - 40000 Hab,Distrital, , , , , , , , , , , , , , , , , , , , , , , , , , , , ,1,20,1,9,Si,No, , , , , , , , , , , , , , , , , , , , , , , , , , , , , , , , , , , , , , , , , , , , , ,24,1,0,0,0,20,3,0,0,3,0,0,0,0,1,2,0,0,6,0,0,0,0,6,0,0,0,3,0,0,0,0,3,0,0,0,2,0,0,0,0,2,0,0,0,1,0,0,0,0,1,0,0,0,2,0,0,0,0,1,1,0,0,1,0,0,0,0,1,0,0,0,5,0,0,0,0,5,0,0,0,1,1,0,0,0,0,0,0,0,0, ,0,0,0,0,0,0,0,0,No, ,No, ,No, ,Si,1,No, ,No, ,Si,1,Si,1,Si,2,Si,3,No, ,No, ,Si,3,Si,13,24,1,Sí,10,Sí,1,4, , , , , , , , , , , , , , , , , , , , , , , , , , , , , , , , , , , , , , , ,Almenos una,1,No,No,No,No,No,No,No,No,No,No,No,Si,No,No,No,No, ,-5.34800031,-80.71298264
0021,200110,10,LA UNION,De 40001 - 80000 Hab,Distrital, , , , , , , , , , , , , , , , , , , , , , , , , , , , ,3,20,1,10,Si,No,20,8,2,Si,No,20,1,8,No,Si, , , , , , , , , , , , , , , , , , , , , , , , , , , , , , , , , , , ,46,1,0,0,0,37,8,0,0,4,0,0,0,0,0,4,0,0,19,0,0,0,0,19,0,0,0,9,0,0,0,0,9,0,0,0,2,0,0,0,0,2,0,0,0,1,0,0,0,0,1,0,0,0,2,0,0,0,0,0,2,0,0,2,0,0,0,0,1,1,0,0,4,0,0,0,0,3,1,0,0,3,1,0,0,0,2,0,0,0,0, ,0,0,0,0,0,0,0,0,No, ,No, ,Si,1,No, ,No, ,No, ,Si,4,Si,2,Si,1,Si,2,Si,1,Si,3,Si,6,Si,26,46,0,Sí,10,No, , , , , , , , , , , , , , , , , , , , , , , , , , , , , , , , , , , , , , , , , , , , , , , , , , , , , , , , , , , , ,-5.40232231,-80.74340563
0022,200111,11,LAS LOMAS,De 10001 - 20000 Hab,Distrital, , , , , , , , , , , , , , , , , , , , , , , , , , , , ,1,20,1,11,Si,No, , , , , , , , , , , , , , , , , , , , , , , , , , , , , , , , , , , , , , , , , , , , , ,34,1,0,0,0,31,2,0,0,5,0,0,0,0,5,0,0,0,9,0,0,0,0,9,0,0,0,9,0,0,0,0,8,1,0,0,2,0,0,0,0,2,0,0,0,2,0,0,0,0,2,0,0,0,2,0,0,0,0,1,1,0,0,2,0,0,0,0,2,0,0,0,2,0,0,0,0,2,0,0,0,1,1,0,0,0,0,0,0,0,0, ,0,0,0,0,0,0,0,0,No, ,No, ,No, ,No, ,No, ,Si,1,Si,4,Si,1,Si,1,Si,1,Si,1,Si,1,Si,2,Si,22,34,0,No, ,No, , , , , , , , , , , , , , , , , , , , , , , , , , , , , , , , , , , , , , , , , , , , , , , , , , , , , , , , , , , , ,-4.65659873,-80.24390865
0023,200111,11,LAS LOMAS,De 5000 - 10000 Hab,Otros,CENTRO POBLADO, , , , , , , , , , , , , , , , , , , , , , , , , , , , , , , , , , , , , , , , , , , , , , , , , , , , , , , , , , , , , , , , , , , , , , , , , , , , , , ,10,0,0,0,0,10,0,0,0,1,0,0,0,0,1,0,0,0,1,0,0,0,0,1,0,0,0,2,0,0,0,0,2,0,0,0,1,0,0,0,0,1,0,0,0,1,0,0,0,0,1,0,0,0,1,0,0,0,0,1,0,0,0,1,0,0,0,0,1,0,0,0,1,0,0,0,0,1,0,0,0,1,0,0,0,0,1,0,0,0,0, ,0,0,0,0,0,0,0,0,No, ,No, ,No, ,No, ,No, ,No, ,Si,1,Si,2,No, ,No, ,No, ,No, ,Si,1,Si,6,10,0,No, ,No, , , , , , , , , , , , , , , , , , , , , , , , , , , , , , , , , , , , , , , , , , , , , , , , , , , , , , , , , , , , ,-4.71969697,-80.13059805
0024,200114,14,TAMBO GRANDE,De 40001 - 80000 Hab,Distrital, , , , , , , , , , , , , , , , , , , , , , , , , , , , ,1,20,1,14,Si,No, , , , , , , , , , , , , , , , , , , , , , , , , , , , , , , , , , , , , , , , , , , , , ,47,1,0,0,0,42,4,0,0,3,0,0,0,0,1,2,0,0,19,0,0,0,0,19,0,0,0,10,0,0,0,0,10,0,0,0,2,0,0,0,0,2,0,0,0,3,0,0,0,0,3,0,0,0,2,0,0,0,0,0,2,0,0,2,0,0,0,0,2,0,0,0,3,0,0,0,0,3,0,0,0,1,1,0,0,0,0,0,0,0,2,SOMETIDOS A LEY,0,0,0,0,2,0,0,0,No, ,No, ,Si,1,No, ,No, ,No, ,Si,1,Si,1,Si,2,No, ,Si,2,Si,2,Si,4,Si,34,47,0,No, ,No, , , , , , , , , , , , , , , , , , , , , , , , , , , , , , , , , , , , , , , , , , , , , , , , , , , , , , , , , , , , ,-4.93225789,-80.34184538
0025,200114,14,TAMBO GRANDE,De 10001 - 20000 Hab,Otros,CENTRO POBLADO, , , , , , , , , , , , , , , , , , , , , , , , , , , , , , , , , , , , , , , , , , , , , , , , , , , , , , , , , , , , , , , , , , , , , , , , , , , , , , ,17,0,0,0,0,15,2,0,0,1,0,0,0,0,1,0,0,0,4,0,0,0,0,4,0,0,0,0,0,0,0,0,0,0,0,0,2,0,0,0,0,2,0,0,0,2,0,0,0,0,2,0,0,0,2,0,0,0,0,0,2,0,0,2,0,0,0,0,2,0,0,0,3,0,0,0,0,3,0,0,0,1,0,0,0,0,1,0,0,0,0, ,0,0,0,0,0,0,0,0,No, ,No, ,No, ,No, ,No, ,No, ,Si,1,Si,1,No, ,Si,2,No, ,No, ,Si,1,Si,12,17,0,No, ,No, , , , , , , , , , , , , , , , , , , , , , , , , , , , , , , , , , , , , , , , , , , , , , , , , , , , , , , , , , , , ,-4.83713722,-80.27016632
0026,200201,01,AYABACA,De 40001 - 80000 Hab,Distrital, , , , , , , , , , , , , , , , , , , , , , , , , , , , ,1,20,2,1,Si,No, , , , , , , , , , , , , , , , , , , , , , , , , , , , , , , , , , , , , , , , , , , , , ,31,1,0,0,0,30,0,0,0,2,0,0,0,0,2,0,0,0,4,0,0,0,0,4,0,0,0,11,0,0,0,0,11,0,0,0,2,0,0,0,0,2,0,0,0,2,0,0,0,0,2,0,0,0,1,0,0,0,0,1,0,0,0,2,0,0,0,0,2,0,0,0,6,0,0,0,0,6,0,0,0,1,1,0,0,0,0,0,0,0,0, ,0,0,0,0,0,0,0,0,No, ,No, ,Si,1,No, ,No, ,No, ,Si,2,Si,2,No, ,No, ,No, ,Si,1,Si,4,Si,21,31,1,Sí,18,No, , , , , , , , , , , , , , , , , , , , , , , , , , , , , , , , , , , , , , , , , , , , , , , , , , , , , , , , , , , , ,-4.63912067,-79.71481699
0027,200204,04,LAGUNAS,Menos de 5000 Hab,Distrital, , , , , , , , , , , , , , , , , , , , , , , , , , , , ,1,20,2,4,No,Si, , , , , , , , , , , , , , , , , , , , , , , , , , , , , , , , , , , , , , , , , , , , , ,9,0,0,0,0,9,0,0,0,1,0,0,0,0,1,0,0,0,1,0,0,0,0,1,0,0,0,1,0,0,0,0,1,0,0,0,1,0,0,0,0,1,0,0,0,1,0,0,0,0,1,0,0,0,1,0,0,0,0,1,0,0,0,1,0,0,0,0,1,0,0,0,1,0,0,0,0,1,0,0,0,1,0,0,0,0,1,0,0,0,0, ,0,0,0,0,0,0,0,0,No, ,No, ,No, ,No, ,No, ,No, ,Si,2,Si,1,No, ,No, ,No, ,Si,1,Si,1,Si,4,9,0,No, ,Sí,2,3,4, , , , , , , , , , , , , , , , , , , , , , , , , , , , , , , , , , , , , , ,Ninguna, , , , , , , , , , , , , , , , , , ,-4.704897,-79.853267
0028,200202,02,FRIAS,De 20001 - 40000 Hab,Distrital, , , , , , , , , , , , , , , , , , , , , , , , , , , , ,1,20,2,2,No,Si, , , , , , , , , , , , , , , , , , , , , , , , , , , , , , , , , , , , , , , , , , , , , ,9,0,0,0,0,9,0,0,0,1,0,0,0,0,1,0,0,0,0,0,0,0,0,0,0,0,0,4,0,0,0,0,4,0,0,0,2,0,0,0,0,2,0,0,0,0,0,0,0,0,0,0,0,0,0,0,0,0,0,0,0,0,0,1,0,0,0,0,1,0,0,0,1,0,0,0,0,1,0,0,0,0,0,0,0,0,0,0,0,0,0, ,0,0,0,0,0,0,0,0,No, ,No, ,No, ,No, ,No, ,No, ,Si,1,Si,1,No, ,No, ,Si,1,Si,1,Si,1,Si,4,9,0,No, ,No, , , , , , , , , , , , , , , , , , , , , , , , , , , , , , , , , , , , , , , , , , , , , , , , , , , , , , , , , , , , ,-4.9312108,-79.94810821
0029,200203,03,JILILI,Menos de 5000 Hab,Distrital, , , , , , , , , , , , , , , , , , , , , , , , , , , , ,1,20,2,3,Si,No, , , , , , , , , , , , , , , , , , , , , , , , , , , , , , , , , , , , , , , , , , , , , ,8,0,0,0,0,8,0,0,0,0,0,0,0,0,0,0,0,0,1,0,0,0,0,1,0,0,0,1,0,0,0,0,1,0,0,0,1,0,0,0,0,1,0,0,0,1,0,0,0,0,1,0,0,0,1,0,0,0,0,1,0,0,0,1,0,0,0,0,1,0,0,0,1,0,0,0,0,1,0,0,0,1,0,0,0,0,1,0,0,0,0, ,0,0,0,0,0,0,0,0,No, ,No, ,No, ,No, ,No, ,No, ,Si,1,Si,2,No, ,No, ,No, ,No, ,No, ,Si,5,8,0,Sí,2,No, , , , , , , , , , , , , , , , , , , , , , , , , , , , , , , , , , , , , , , , , , , , , , , , , , , , , , , , , , , , ,-4.58342688,-79.79589446
0030,200205,05,MONTERO,De 5000 - 10000 Hab,Distrital, , , , , , , , , , , , , , , , , , , , , , , , , , , , ,1,20,2,5,Si,No, , , , , , , , , , , , , , , , , , , , , , , , , , , , , , , , , , , , , , , , , , , , , ,11,0,0,0,0,11,0,0,0,1,0,0,0,0,1,0,0,0,2,0,0,0,0,2,0,0,0,2,0,0,0,0,2,0,0,0,1,0,0,0,0,1,0,0,0,1,0,0,0,0,1,0,0,0,1,0,0,0,0,1,0,0,0,1,0,0,0,0,1,0,0,0,1,0,0,0,0,1,0,0,0,1,0,0,0,0,1,0,0,0,0, ,0,0,0,0,0,0,0,0,No, ,No, ,No, ,No, ,No, ,No, ,Si,1,No, ,Si,1,Si,1,Si,1,No, ,Si,4,Si,3,11,0,No, ,No, , , , , , , , , , , , , , , , , , , , , , , , , , , , , , , , , , , , , , , , , , , , , , , , , , , , , , , , , , , , ,-4.63258119,-79.82988335
0031,200206,06,PACAIPAMPA,De 10001 - 20000 Hab,Distrital, , , , , , , , , , , , , , , , , , , , , , , , , , , , ,1,20,2,6,Si,No, , , , , , , , , , , , , , , , , , , , , , , , , , , , , , , , , , , , , , , , , , , , , ,7,0,0,0,0,7,0,0,0,1,0,0,0,0,1,0,0,0,2,0,0,0,0,2,0,0,0,0,0,0,0,0,0,0,0,0,1,0,0,0,0,1,0,0,0,0,0,0,0,0,0,0,0,0,0,0,0,0,0,0,0,0,0,1,0,0,0,0,1,0,0,0,1,0,0,0,0,1,0,0,0,1,0,0,0,0,1,0,0,0,0, ,0,0,0,0,0,0,0,0,No, ,No, ,No, ,No, ,No, ,No, ,No, ,Si,1,Si,2,No, ,No, ,No, ,Si,1,Si,3,7,0,Sí,1,No, , , , , , , , , , , , , , , , , , , , , , , , , , , , , , , , , , , , , , , , , , , , , , , , , , , , , , , , , , , , ,-4.99551553,-79.6689123
0032,200207,07,PAIMAS,De 10001 - 20000 Hab,Distrital, , , , , , , , , , , , , , , , , , , , , , , , , , , , ,1,20,2,7,Si,No, , , , , , , , , , , , , , , , , , , , , , , , , , , , , , , , , , , , , , , , , , , , , ,12,0,0,0,0,11,1,0,0,1,0,0,0,0,1,0,0,0,2,0,0,0,0,2,0,0,0,2,0,0,0,0,2,0,0,0,2,0,0,0,0,2,0,0,0,0,0,0,0,0,0,0,0,0,0,0,0,0,0,0,0,0,0,2,0,0,0,0,1,1,0,0,2,0,0,0,0,2,0,0,0,1,0,0,0,0,1,0,0,0,0, ,0,0,0,0,0,0,0,0,No, ,No, ,No, ,No, ,No, ,No, ,Si,1,Si,1,Si,2,Si,2,No, ,Si,1,No, ,Si,5,12,0,No, ,Sí,1,12, , , , , , , , , , , , , , , , , , , , , , , , , , , , , , , , , , , , , , , ,Ninguna, , , , , , , , , , , , , , , , , , ,-4.62714456,-79.94721358
0033,200208,08,SAPILLICA,De 5000 - 10000 Hab,Distrital, , , , , , , , , , , , , , , , , , , , , , , , , , , , ,1,20,2,8,No,Si, , , , , , , , , , , , , , , , , , , , , , , , , , , , , , , , , , , , , , , , , , , , , ,14,1,0,0,0,13,0,0,0,1,0,0,0,0,1,0,0,0,0,0,0,0,0,0,0,0,0,2,0,0,0,0,2,0,0,0,2,0,0,0,0,2,0,0,0,2,0,0,0,0,2,0,0,0,2,0,0,0,0,2,0,0,0,2,0,0,0,0,2,0,0,0,2,0,0,0,0,2,0,0,0,1,1,0,0,0,0,0,0,0,0, ,0,0,0,0,0,0,0,0,No, ,No, ,No, ,No, ,Si,1,No, ,Si,1,Si,1,No, ,Si,1,No, ,No, ,Si,2,Si,8,14,0,No, ,Sí,1,10, , , , , , , , , , , , , , , , , , , , , , , , , , , , , , , , , , , , , , , ,Ninguna, , , , , , , , , , , , , , , , , , ,-4.77937096,-79.98242159
0034,200209,09,SICCHEZ,Menos de 5000 Hab,Distrital, , , , , , , , , , , , , , , , , , , , , , , , , , , , ,1,20,2,9,Si,No, , , , , , , , , , , , , , , , , , , , , , , , , , , , , , , , , , , , , , , , , , , , , ,8,0,0,0,0,8,0,0,0,1,0,0,0,0,1,0,0,0,1,0,0,0,0,1,0,0,0,1,0,0,0,0,1,0,0,0,1,0,0,0,0,1,0,0,0,1,0,0,0,0,1,0,0,0,0,0,0,0,0,0,0,0,0,1,0,0,0,0,1,0,0,0,1,0,0,0,0,1,0,0,0,1,0,0,0,0,1,0,0,0,0, ,0,0,0,0,0,0,0,0,No, ,No, ,No, ,No, ,No, ,No, ,Si,1,No, ,No, ,Si,2,No, ,No, ,Si,1,Si,4,8,0,Sí,1,No, , , , , , , , , , , , , , , , , , , , , , , , , , , , , , , , , , , , , , , , , , , , , , , , , , , , , , , , , , , , ,-4.57030661,-79.76424243
0035,200210,10,SUYO,De 10001 - 20000 Hab,Distrital, , , , , , , , , , , , , , , , , , , , , , , , , , , , ,1,20,2,10,Si,No, , , , , , , , , , , , , , , , , , , , , , , , , , , , , , , , , , , , , , , , , , , , , ,22,1,0,0,0,21,0,0,0,5,0,0,0,0,5,0,0,0,2,0,0,0,0,2,0,0,0,4,0,0,0,0,4,0,0,0,2,0,0,0,0,2,0,0,0,2,0,0,0,0,2,0,0,0,2,0,0,0,0,2,0,0,0,2,0,0,0,0,2,0,0,0,2,0,0,0,0,2,0,0,0,1,1,0,0,0,0,0,0,0,0, ,0,0,0,0,0,0,0,0,No, ,No, ,No, ,Si,1,No, ,No, ,Si,7,Si,3,Si,1,Si,1,Si,1,Si,1,Si,1,Si,6,22,0,Sí,2,Sí,2,6,6, , , , , , , , , , , , , , , , , , , , , , , , , , , , , , , , , , , , , , ,Ninguna, , , , , , , , , , , , , , , , , , ,-4.51284906,-80.00124038
0036,200301,01,HUANCABAMBA,De 40001 - 80000 Hab,Provincial, , , , , , , ,1,20,3, , , , , , , , , , , , , , , , , , , , , , , , , , , , , , , , , , , , , , , , , , , , , , , , , , , , , , , , , , , , , , , , , , , , , ,33,1,0,0,0,31,1,0,0,4,0,0,0,0,4,0,0,0,16,0,0,0,0,16,0,0,0,2,0,0,0,0,2,0,0,0,2,0,0,0,0,2,0,0,0,2,0,0,0,0,2,0,0,0,2,0,0,0,0,1,1,0,0,2,0,0,0,0,2,0,0,0,2,0,0,0,0,2,0,0,0,1,1,0,0,0,0,0,0,0,0, ,0,0,0,0,0,0,0,0,No, ,No, ,Si,1,No, ,No, ,No, ,Si,2,Si,1,Si,2,No, ,Si,1,No, ,Si,6,Si,20,33,0,Sí,5,Sí,2,4,4, , , , , , , , , , , , , , , , , , , , , , , , , , , , , , , , , , , , , , ,Almenos una,2,Si,No,No,No,No,No,No,Si,Si,No,No,Si,No,No,No,Si,PONCHO IMPERMEABLE,-5.23629656,-79.4530385
0037,200302,02,CANCHAQUE,De 10001 - 20000 Hab,Distrital, , , , , , , , , , , , , , , , , , , , , , , , , , , , ,1,20,3,2,Si,No, , , , , , , , , , , , , , , , , , , , , , , , , , , , , , , , , , , , , , , , , , , , , ,14,1,0,0,0,13,0,0,0,1,0,0,0,0,1,0,0,0,2,0,0,0,0,2,0,0,0,3,0,0,0,0,3,0,0,0,1,0,0,0,0,1,0,0,0,1,0,0,0,0,1,0,0,0,1,0,0,0,0,1,0,0,0,1,0,0,0,0,1,0,0,0,2,0,0,0,0,2,0,0,0,2,1,0,0,0,1,0,0,0,0, ,0,0,0,0,0,0,0,0,No, ,No, ,No, ,No, ,Si,1,No, ,Si,2,Si,3,Si,1,Si,1,Si,6,No, ,No, ,No, ,14,0,Sí,2,Sí,1,2, , , , , , , , , , , , , , , , , , , , , , , , , , , , , , , , , , , , , , , ,Almenos una,1,Si,Si,No,No,No,No,No,Si,Si,Si,No,Si,No,No,No,No, ,-5.37627398,-79.60647171
0038,200302,02,CANCHAQUE,De 10001 - 20000 Hab,Distrital, , , , , , , , , , , , , , , , , , , , , , , , , , , , ,1,20,3,2,Si,No, , , , , , , , , , , , , , , , , , , , , , , , , , , , , , , , , , , , , , , , , , , , , ,14,0,0,0,0,14,0,0,0,1,0,0,0,0,1,0,0,0,3,0,0,0,0,3,0,0,0,2,0,0,0,0,2,0,0,0,2,0,0,0,0,2,0,0,0,1,0,0,0,0,1,0,0,0,1,0,0,0,0,1,0,0,0,1,0,0,0,0,1,0,0,0,2,0,0,0,0,2,0,0,0,1,0,0,0,0,1,0,0,0,0, ,0,0,0,0,0,0,0,0,No, ,No, ,No, ,No, ,No, ,No, ,Si,1,Si,2,No, ,No, ,No, ,Si,1,Si,1,Si,9,14,0,Sí,1,Sí,1,2, , , , , , , , , , , , , , , , , , , , , , , , , , , , , , , , , , , , , , , ,Ninguna, , , , , , , , , , , , , , , , , , ,-5.2271838,-79.64515076
0039,200303,03,EL CARMEN DE LA FRONTERA,De 10001 - 20000 Hab,Distrital, , , , , , , , , , , , , , , , , , , , , , , , , , , , ,1,20,3,3,Si,No, , , , , , , , , , , , , , , , , , , , , , , , , , , , , , , , , , , , , , , , , , , , , ,9,0,0,0,0,9,0,0,0,1,0,0,0,0,1,0,0,0,2,0,0,0,0,2,0,0,0,1,0,0,0,0,1,0,0,0,1,0,0,0,0,1,0,0,0,1,0,0,0,0,1,0,0,0,0,0,0,0,0,0,0,0,0,1,0,0,0,0,1,0,0,0,1,0,0,0,0,1,0,0,0,1,0,0,0,0,1,0,0,0,0, ,0,0,0,0,0,0,0,0,No, ,No, ,No, ,No, ,No, ,No, ,No, ,Si,1,Si,2,Si,1,No, ,No, ,Si,2,Si,3,9,0,Sí,1,Sí,1,4, , , , , , , , , , , , , , , , , , , , , , , , , , , , , , , , , , , , , , , ,Almenos una,1,Si,No,No,No,No,No,No,No,No,No,Si,Si,No,No,No,Si,PONCHO IMPERMEABLE,-5.14830191,-79.42836596
0040,200304,04,HUARMACA,De 40001 - 80000 Hab,Distrital, , , , , , , , , , , , , , , , , , , , , , , , , , , , ,1,20,3,4,Si,No, , , , , , , , , , , , , , , , , , , , , , , , , , , , , , , , , , , , , , , , , , , , , ,21,1,0,0,0,20,0,0,0,2,0,0,0,0,2,0,0,0,4,0,0,0,0,4,0,0,0,4,0,0,0,0,4,0,0,0,2,0,0,0,0,2,0,0,0,1,0,0,0,0,1,0,0,0,2,0,0,0,0,2,0,0,0,1,0,0,0,0,1,0,0,0,4,0,0,0,0,4,0,0,0,1,1,0,0,0,0,0,0,0,0, ,0,0,0,0,0,0,0,0,No, ,No, ,No, ,No, ,Si,1,No, ,Si,1,No, ,Si,6,No, ,No, ,Si,1,Si,2,Si,10,21,0,Sí,1,No, , , , , , , , , , , , , , , , , , , , , , , , , , , , , , , , , , , , , , , , , , , , , , , , , , , , , , , , , , , , ,-5.56772558,-79.52362819
0041,200306,06,SAN MIGUEL DE EL FAIQUE,De 10001 - 20000 Hab,Distrital, , , , , , , , , , , , , , , , , , , , , , , , , , , , ,1,20,3,6,Si,No, , , , , , , , , , , , , , , , , , , , , , , , , , , , , , , , , , , , , , , , , , , , , ,10,0,0,0,0,10,0,0,0,1,0,0,0,0,1,0,0,0,2,0,0,0,0,2,0,0,0,1,0,0,0,0,1,0,0,0,1,0,0,0,0,1,0,0,0,1,0,0,0,0,1,0,0,0,1,0,0,0,0,1,0,0,0,1,0,0,0,0,1,0,0,0,1,0,0,0,0,1,0,0,0,1,0,0,0,0,1,0,0,0,0, ,0,0,0,0,0,0,0,0,No, ,No, ,No, ,No, ,No, ,No, ,Si,1,Si,1,Si,1,No, ,No, ,No, ,No, ,Si,7,10,0,Sí,2,Sí,1,4, , , , , , , , , , , , , , , , , , , , , , , , , , , , , , , , , , , , , , , ,Ninguna, , , , , , , , , , , , , , , , , , ,-5.40098284,-79.60690142
0042,200307,07,SONDOR,De 10001 - 20000 Hab,Distrital, , , , , , , , , , , , , , , , , , , , , , , , , , , , ,1,20,3,7,Si,No, , , , , , , , , , , , , , , , , , , , , , , , , , , , , , , , , , , , , , , , , , , , , ,8,0,0,0,0,8,0,0,0,1,0,0,0,0,1,0,0,0,2,0,0,0,0,2,0,0,0,0,0,0,0,0,0,0,0,0,1,0,0,0,0,1,0,0,0,0,0,0,0,0,0,0,0,0,1,0,0,0,0,1,0,0,0,1,0,0,0,0,1,0,0,0,1,0,0,0,0,1,0,0,0,1,0,0,0,0,1,0,0,0,0, ,0,0,0,0,0,0,0,0,No, ,No, ,No, ,No, ,No, ,No, ,Si,1,Si,1,No, ,No, ,No, ,No, ,Si,4,Si,2,8,0,No, ,Sí,1,3, , , , , , , , , , , , , , , , , , , , , , , , , , , , , , , , , , , , , , , ,Ninguna, , , , , , , , , , , , , , , , , , ,-5.31530144,-79.40981625
0043,200308,08,SONDORILLO,De 10001 - 20000 Hab,Distrital, , , , , , , , , , , , , , , , , , , , , , , , , , , , ,1,20,3,8,Si,No, , , , , , , , , , , , , , , , , , , , , , , , , , , , , , , , , , , , , , , , , , , , , ,9,0,0,0,0,9,0,0,0,1,0,0,0,0,1,0,0,0,2,0,0,0,0,2,0,0,0,0,0,0,0,0,0,0,0,0,1,0,0,0,0,1,0,0,0,1,0,0,0,0,1,0,0,0,1,0,0,0,0,1,0,0,0,1,0,0,0,0,1,0,0,0,1,0,0,0,0,1,0,0,0,1,0,0,0,0,1,0,0,0,0, ,0,0,0,0,0,0,0,0,No, ,No, ,No, ,No, ,No, ,No, ,Si,1,Si,3,No, ,Si,1,Si,1,No, ,No, ,Si,3,9,0,No, ,Sí,1,3, , , , , , , , , , , , , , , , , , , , , , , , , , , , , , , , , , , , , , , ,Ninguna, , , , , , , , , , , , , , , , , , ,-5.33896224,-79.42847169
0044,200401,01,CHULUCANAS,De 40001 - 80000 Hab,Distrital, , , , , , , , , , , , , , , , , , , , , , , , , , , , ,1,20,4,1,No,Si, , , , , , , , , , , , , , , , , , , , , , , , , , , , , , , , , , , , , , , , , , , , , ,87,2,1,0,0,74,10,0,0,4,0,0,0,0,2,2,0,0,30,0,0,0,0,29,1,0,0,27,0,0,0,0,27,0,0,0,7,1,0,0,0,5,1,0,0,2,0,0,0,0,2,0,0,0,4,0,0,0,0,0,4,0,0,3,0,1,0,0,0,2,0,0,6,0,0,0,0,6,0,0,0,1,1,0,0,0,0,0,0,0,3,APOYO A LA JUSTICIA,0,0,0,0,3,0,0,0,No, ,Si,1,Si,1,No, ,No, ,Si,1,Si,4,Si,9,Si,7,Si,1,No, ,Si,5,Si,11,Si,47,87,2,Sí,23,No, , , , , , , , , , , , , , , , , , , , , , , , , , , , , , , , , , , , , , , , , , , , , , , , , , , , , , , , , , , , ,-5.09389795,-80.16047174
0045,200401,01,CHULUCANAS,De 10001 - 20000 Hab,Otros,CENTRO POBLADO, , , , , , , , , , , , , , , , , , , , , , , , , , , , , , , , , , , , , , , , , , , , , , , , , , , , , , , , , , , , , , , , , , , , , , , , , , , , , , ,9,0,0,0,0,8,1,0,0,1,0,0,0,0,0,1,0,0,1,0,0,0,0,1,0,0,0,1,0,0,0,0,1,0,0,0,1,0,0,0,0,1,0,0,0,1,0,0,0,0,1,0,0,0,1,0,0,0,0,1,0,0,0,1,0,0,0,0,1,0,0,0,1,0,0,0,0,1,0,0,0,1,0,0,0,0,1,0,0,0,0, ,0,0,0,0,0,0,0,0,No, ,No, ,No, ,No, ,No, ,No, ,Si,1,Si,1,Si,1,No, ,No, ,Si,1,Si,2,Si,3,9,0,No, ,Sí,1,3, , , , , , , , , , , , , , , , , , , , , , , , , , , , , , , , , , , , , , , ,Ninguna, , , , , , , , , , , , , , , , , , ,-5.16925819,-80.18602417
0046,200401,01,CHULUCANAS,De 10001 - 20000 Hab,Otros,LOCALIDAD (PARTE DEL DISTRITO), , , , , , , , , , , , , , , , , , , , , , , , , , , , , , , , , , , , , , , , , , , , , , , , , , , , , , , , , , , , , , , , , , , , , , , , , , , , , , ,10,0,0,0,0,10,0,0,0,1,0,0,0,0,1,0,0,0,2,0,0,0,0,2,0,0,0,1,0,0,0,0,1,0,0,0,1,0,0,0,0,1,0,0,0,1,0,0,0,0,1,0,0,0,1,0,0,0,0,1,0,0,0,1,0,0,0,0,1,0,0,0,1,0,0,0,0,1,0,0,0,1,0,0,0,0,1,0,0,0,0, ,0,0,0,0,0,0,0,0,No, ,No, ,No, ,No, ,No, ,No, ,Si,1,No, ,Si,1,Si,1,No, ,No, ,Si,2,Si,5,10,0,No, ,No, , , , , , , , , , , , , , , , , , , , , , , , , , , , , , , , , , , , , , , , , , , , , , , , , , , , , , , , , , , , ,-5.01624496,-80.2208425
0047,200401,01,CHULUCANAS,De 10001 - 20000 Hab,Otros,CENTRO POBLADO, , , , , , , , , , , , , , , , , , , , , , , , , , , , , , , , , , , , , , , , , , , , , , , , , , , , , , , , , , , , , , , , , , , , , , , , , , , , , , ,8,0,0,0,0,8,0,0,0,1,0,0,0,0,1,0,0,0,2,0,0,0,0,2,0,0,0,0,0,0,0,0,0,0,0,0,0,0,0,0,0,0,0,0,0,1,0,0,0,0,1,0,0,0,1,0,0,0,0,1,0,0,0,1,0,0,0,0,1,0,0,0,1,0,0,0,0,1,0,0,0,1,0,0,0,0,1,0,0,0,0, ,0,0,0,0,0,0,0,0,No, ,No, ,No, ,No, ,No, ,No, ,Si,1,Si,1,No, ,No, ,No, ,No, ,Si,3,Si,3,8,0,No, ,Sí,2,2,2, , , , , , , , , , , , , , , , , , , , , , , , , , , , , , , , , , , , , , ,Almenos una,2,Si,Si,No,No,No,No,No,No,No,No,No,Si,No,No,No,Si,CHALECO SALVAVIDA,-5.06271714,-80.13989801
0048,200401,01,CHULUCANAS,De 5000 - 10000 Hab,Distrital, , , , , , , , , , , , , , , , , , , , , , , , , , , , ,2,20,4,1,No,Si,20,4,4,No,Si, , , , , , , , , , , , , , , , , , , , , , , , , , , , , , , , , , , , , , , , ,15,0,0,0,0,15,0,0,0,1,0,0,0,0,1,0,0,0,2,0,0,0,0,2,0,0,0,1,0,0,0,0,1,0,0,0,1,0,0,0,0,1,0,0,0,0,0,0,0,0,0,0,0,0,0,0,0,0,0,0,0,0,0,1,0,0,0,0,1,0,0,0,1,0,0,0,0,1,0,0,0,1,0,0,0,0,1,0,0,0,7,PUESTO DE AUXILIO RAPIDO,0,0,0,0,7,0,0,0,No, ,No, ,No, ,No, ,No, ,No, ,Si,2,Si,1,No, ,No, ,No, ,No, ,Si,3,Si,9,15,1,No, ,No, , , , , , , , , , , , , , , , , , , , , , , , , , , , , , , , , , , , , , , , , , , , , , , , , , , , , , , , , , , , ,-5.11075,-80.062964
0049,200402,02,BUENOS AIRES,De 10001 - 20000 Hab,Distrital, , , , , , , , , , , , , , , , , , , , , , , , , , , , ,1,20,4,2,Si,No, , , , , , , , , , , , , , , , , , , , , , , , , , , , , , , , , , , , , , , , , , , , , ,7,0,0,0,0,7,0,0,0,1,0,0,0,0,1,0,0,0,2,0,0,0,0,2,0,0,0,1,0,0,0,0,1,0,0,0,0,0,0,0,0,0,0,0,0,0,0,0,0,0,0,0,0,0,1,0,0,0,0,1,0,0,0,1,0,0,0,0,1,0,0,0,0,0,0,0,0,0,0,0,0,1,0,0,0,0,1,0,0,0,0, ,0,0,0,0,0,0,0,0,No, ,No, ,No, ,No, ,No, ,No, ,Si,1,Si,2,Si,1,Si,1,No, ,No, ,No, ,Si,2,7,0,No, ,Sí,1,4, , , , , , , , , , , , , , , , , , , , , , , , , , , , , , , , , , , , , , , ,Ninguna, , , , , , , , , , , , , , , , , , ,-5.26162186,-79.96732689
0050,200403,03,CHALACO,De 5000 - 10000 Hab,Distrital, , , , , , , , , , , , , , , , , , , , , , , , , , , , ,1,20,4,3,No,Si, , , , , , , , , , , , , , , , , , , , , , , , , , , , , , , , , , , , , , , , , , , , , ,6,0,0,0,0,6,0,0,0,1,0,0,0,0,1,0,0,0,1,0,0,0,0,1,0,0,0,1,0,0,0,0,1,0,0,0,0,0,0,0,0,0,0,0,0,0,0,0,0,0,0,0,0,0,0,0,0,0,0,0,0,0,0,1,0,0,0,0,1,0,0,0,1,0,0,0,0,1,0,0,0,1,0,0,0,0,1,0,0,0,0, ,0,0,0,0,0,0,0,0,No, ,No, ,No, ,No, ,No, ,No, ,No, ,Si,3,No, ,No, ,No, ,No, ,No, ,Si,3,6,0,Sí,1,Sí,1,5, , , , , , , , , , , , , , , , , , , , , , , , , , , , , , , , , , , , , , , ,Almenos una,1,No,No,No,No,No,No,No,No,No,No,No,Si,No,No,No,Si,PONCHO IMPERMEABLE,-5.03944778,-79.79450788
0051,200404,04,LA MATANZA,De 10001 - 20000 Hab,Distrital, , , , , , , , , , , , , , , , , , , , , , , , , , , , ,1,20,4,4,Si,No, , , , , , , , , , , , , , , , , , , , , , , , , , , , , , , , , , , , , , , , , , , , , ,12,1,0,0,0,10,1,0,0,1,0,0,0,0,1,0,0,0,4,0,0,0,0,4,0,0,0,1,0,0,0,0,1,0,0,0,1,0,0,0,0,1,0,0,0,1,0,0,0,0,1,0,0,0,1,0,0,0,0,0,1,0,0,1,0,0,0,0,1,0,0,0,1,0,0,0,0,1,0,0,0,1,1,0,0,0,0,0,0,0,0, ,0,0,0,0,0,0,0,0,No, ,No, ,No, ,No, ,Si,1,No, ,Si,1,No, ,No, ,Si,1,No, ,No, ,No, ,Si,9,12,0,No, ,No, , , , , , , , , , , , , , , , , , , , , , , , , , , , , , , , , , , , , , , , , , , , , , , , , , , , , , , , , , , , ,-5.21495339,-80.0902497
0052,200405,05,MORROPON,De 40001 - 80000 Hab,Provincial, , , , , , , ,1,20,4, , , , , , , , , , , , , , , , , , , , , , , , , , , , , , , , , , , , , , , , , , , , , , , , , , , , , , , , , , , , , , , , , , , , , ,56,1,0,0,0,51,4,0,0,4,0,0,0,0,4,0,0,0,16,0,0,0,0,16,0,0,0,21,0,0,0,0,21,0,0,0,4,0,0,0,0,4,0,0,0,1,0,0,0,0,1,0,0,0,2,0,0,0,0,0,2,0,0,3,0,0,0,0,1,2,0,0,4,0,0,0,0,4,0,0,0,1,1,0,0,0,0,0,0,0,0, ,0,0,0,0,0,0,0,0,No, ,No, ,Si,1,No, ,No, ,No, ,Si,2,Si,1,Si,2,Si,2,Si,3,Si,1,Si,8,Si,36,56,0,No, ,Sí,2,8,8, , , , , , , , , , , , , , , , , , , , , , , , , , , , , , , , , , , , , , ,Ninguna, , , , , , , , , , , , , , , , , , ,-5.18871096,-79.97130822
0053,200202,02,FRIAS,De 5000 - 10000 Hab,Distrital, , , , , , , , , , , , , , , , , , , , , , , , , , , , ,1,20,4,1,No,Si, , , , , , , , , , , , , , , , , , , , , , , , , , , , , , , , , , , , , , , , , , , , , ,7,0,0,0,0,7,0,0,0,1,0,0,0,0,1,0,0,0,2,0,0,0,0,2,0,0,0,1,0,0,0,0,1,0,0,0,0,0,0,0,0,0,0,0,0,0,0,0,0,0,0,0,0,0,0,0,0,0,0,0,0,0,0,1,0,0,0,0,1,0,0,0,1,0,0,0,0,1,0,0,0,1,0,0,0,0,1,0,0,0,0, ,0,0,0,0,0,0,0,0,No, ,No, ,No, ,No, ,No, ,No, ,Si,1,No, ,No, ,Si,1,Si,1,No, ,Si,1,Si,3,7,0,No, ,No, , , , , , , , , , , , , , , , , , , , , , , , , , , , , , , , , , , , , , , , , , , , , , , , , , , , , , , , , , , , ,-4.99727654,-79.95886617
0054,200406,06,SALITRAL,De 10001 - 20000 Hab,Distrital, , , , , , , , , , , , , , , , , , , , , , , , , , , , ,1,20,4,6,Si,No, , , , , , , , , , , , , , , , , , , , , , , , , , , , , , , , , , , , , , , , , , , , , ,10,0,0,0,0,10,0,0,0,1,0,0,0,0,1,0,0,0,4,0,0,0,0,4,0,0,0,1,0,0,0,0,1,0,0,0,0,0,0,0,0,0,0,0,0,1,0,0,0,0,1,0,0,0,0,0,0,0,0,0,0,0,0,1,0,0,0,0,1,0,0,0,1,0,0,0,0,1,0,0,0,1,0,0,0,0,1,0,0,0,0, ,0,0,0,0,0,0,0,0,No, ,No, ,No, ,No, ,No, ,No, ,Si,1,Si,2,Si,4,Si,1,No, ,Si,1,No, ,Si,1,10,0,No, ,No, , , , , , , , , , , , , , , , , , , , , , , , , , , , , , , , , , , , , , , , , , , , , , , , , , , , , , , , , , , , ,-5.34204084,-79.83327967
0055,200408,08,SANTA CATALINA DE MOSSA,Menos de 5000 Hab,Distrital, , , , , , , , , , , , , , , , , , , , , , , , , , , , ,2,20,4,8,No,Si,20,4,3,No,Si, , , , , , , , , , , , , , , , , , , , , , , , , , , , , , , , , , , , , , , , ,8,0,0,0,0,7,1,0,0,1,0,0,0,0,0,1,0,0,2,0,0,0,0,2,0,0,0,2,0,0,0,0,2,0,0,0,0,0,0,0,0,0,0,0,0,0,0,0,0,0,0,0,0,0,0,0,0,0,0,0,0,0,0,1,0,0,0,0,1,0,0,0,1,0,0,0,0,1,0,0,0,1,0,0,0,0,1,0,0,0,0, ,0,0,0,0,0,0,0,0,No, ,No, ,No, ,No, ,No, ,No, ,Si,1,No, ,No, ,No, ,No, ,Si,1,Si,1,Si,5,8,0,No, ,No, , , , , , , , , , , , , , , , , , , , , , , , , , , , , , , , , , , , , , , , , , , , , , , , , , , , , , , , , , , , ,-5.075545,-79.875847
0056,200408,08,SANTA CATALINA DE MOSSA,Menos de 5000 Hab,Distrital, , , , , , , , , , , , , , , , , , , , , , , , , , , , ,1,20,4,8,No,Si, , , , , , , , , , , , , , , , , , , , , , , , , , , , , , , , , , , , , , , , , , , , , ,9,0,0,0,0,8,1,0,0,1,0,0,0,0,1,0,0,0,1,0,0,0,0,1,0,0,0,1,0,0,0,0,1,0,0,0,0,0,0,0,0,0,0,0,0,1,0,0,0,0,1,0,0,0,1,0,0,0,0,0,1,0,0,1,0,0,0,0,1,0,0,0,2,0,0,0,0,2,0,0,0,1,0,0,0,0,1,0,0,0,0, ,0,0,0,0,0,0,0,0,No, ,No, ,No, ,No, ,No, ,No, ,Si,1,Si,1,No, ,Si,2,No, ,No, ,No, ,Si,5,9,0,No, ,No, , , , , , , , , , , , , , , , , , , , , , , , , , , , , , , , , , , , , , , , , , , , , , , , , , , , , , , , , , , , ,-5.10401535,-79.88684641
0057,200409,09,SANTO DOMINGO,De 10001 - 20000 Hab,Distrital, , , , , , , , , , , , , , , , , , , , , , , , , , , , ,1,20,4,9,Si,No, , , , , , , , , , , , , , , , , , , , , , , , , , , , , , , , , , , , , , , , , , , , , ,8,0,0,0,0,8,0,0,0,1,0,0,0,0,1,0,0,0,1,0,0,0,0,1,0,0,0,1,0,0,0,0,1,0,0,0,1,0,0,0,0,1,0,0,0,0,0,0,0,0,0,0,0,0,1,0,0,0,0,1,0,0,0,1,0,0,0,0,1,0,0,0,1,0,0,0,0,1,0,0,0,1,0,0,0,0,1,0,0,0,0, ,0,0,0,0,0,0,0,0,No, ,No, ,No, ,No, ,No, ,No, ,Si,1,No, ,No, ,No, ,No, ,Si,1,No, ,Si,6,8,0,Sí,2,Sí,1,3, , , , , , , , , , , , , , , , , , , , , , , , , , , , , , , , , , , , , , , ,Ninguna, , , , , , , , , , , , , , , , , , ,-5.02895216,-79.87570276
0058,200410,10,YAMANGO,De 5000 - 10000 Hab,Distrital, , , , , , , , , , , , , , , , , , , , , , , , , , , , ,1,20,4,10,Si,No, , , , , , , , , , , , , , , , , , , , , , , , , , , , , , , , , , , , , , , , , , , , , ,6,0,0,0,0,6,0,0,0,1,0,0,0,0,1,0,0,0,1,0,0,0,0,1,0,0,0,1,0,0,0,0,1,0,0,0,0,0,0,0,0,0,0,0,0,0,0,0,0,0,0,0,0,0,0,0,0,0,0,0,0,0,0,1,0,0,0,0,1,0,0,0,1,0,0,0,0,1,0,0,0,1,0,0,0,0,1,0,0,0,0, ,0,0,0,0,0,0,0,0,No, ,No, ,No, ,No, ,No, ,No, ,No, ,Si,2,No, ,No, ,No, ,No, ,Si,1,Si,3,6,0,No, ,No, , , , , , , , , , , , , , , , , , , , , , , , , , , , , , , , , , , , , , , , , , , , , , , , , , , , , , , , , , , , ,-5.18025258,-79.75479272
0059,200501,01,PAITA,De 40001 - 80000 Hab,Provincial, , , , , , , ,1,20,5, , , , , , , , , , , , , , , , , , , , , , , , , , , , , , , , , , , , , , , , , , , , , , , , , , , , , , , , , , , , , , , , , , , , , ,78,1,0,0,0,71,6,0,0,5,0,0,0,0,3,2,0,0,36,0,0,0,0,36,0,0,0,7,0,0,0,0,7,0,0,0,9,0,0,0,0,9,0,0,0,2,0,0,0,0,2,0,0,0,4,0,0,0,0,0,4,0,0,1,0,0,0,0,1,0,0,0,2,0,0,0,0,2,0,0,0,3,1,0,0,0,2,0,0,0,9,CHOFER,0,0,0,0,9,0,0,0,No, ,Si,1,No, ,No, ,No, ,No, ,Si,9,Si,4,Si,5,Si,1,No, ,Si,2,Si,12,Si,44,78,0,No, ,No, , , , , , , , , , , , , , , , , , , , , , , , , , , , , , , , , , , , , , , , , , , , , , , , , , , , , , , , , , , , ,-5.08647422,-81.11042915
0060,200501,01,PAITA,De 40001 - 80000 Hab,Distrital, , , , , , , , , , , , , , , , , , , , , , , , , , , , ,1,20,5,1,No,Si, , , , , , , , , , , , , , , , , , , , , , , , , , , , , , , , , , , , , , , , , , , , , ,62,1,0,0,0,58,3,0,0,3,0,0,0,0,2,1,0,0,23,0,0,0,0,23,0,0,0,7,0,0,0,0,7,0,0,0,11,0,0,0,0,10,1,0,0,3,0,0,0,0,3,0,0,0,3,0,0,0,0,2,1,0,0,1,0,0,0,0,1,0,0,0,10,0,0,0,0,10,0,0,0,1,1,0,0,0,0,0,0,0,0, ,0,0,0,0,0,0,0,0,No, ,No, ,Si,1,No, ,No, ,No, ,Si,4,Si,5,Si,2,Si,1,Si,1,Si,1,Si,6,Si,41,62,0,No, ,No, , , , , , , , , , , , , , , , , , , , , , , , , , , , , , , , , , , , , , , , , , , , , , , , , , , , , , , , , , , , ,-5.094664,-81.1001535
0061,200502,02,AMOTAPE,De 20001 - 40000 Hab,Distrital, , , , , , , , , , , , , , , , , , , , , , , , , , , , ,1,20,5,2,Si,No, , , , , , , , , , , , , , , , , , , , , , , , , , , , , , , , , , , , , , , , , , , , , ,11,0,0,0,0,10,1,0,0,1,0,0,0,0,1,0,0,0,2,0,0,0,0,2,0,0,0,2,0,0,0,0,2,0,0,0,1,0,0,0,0,1,0,0,0,1,0,0,0,0,1,0,0,0,1,0,0,0,0,0,1,0,0,1,0,0,0,0,1,0,0,0,1,0,0,0,0,1,0,0,0,1,0,0,0,0,1,0,0,0,0, ,0,0,0,0,0,0,0,0,No, ,No, ,No, ,No, ,No, ,No, ,Si,1,Si,2,No, ,Si,2,Si,6,No, ,No, ,No, ,11,0,Sí,1,No, , , , , , , , , , , , , , , , , , , , , , , , , , , , , , , , , , , , , , , , , , , , , , , , , , , , , , , , , , , , ,-4.88055431,-81.01596983
0062,200504,04,COLAN,De 10001 - 20000 Hab,Distrital, , , , , , , , , , , , , , , , , , , , , , , , , , , , ,1,20,5,4,Si,No, , , , , , , , , , , , , , , , , , , , , , , , , , , , , , , , , , , , , , , , , , , , , ,16,1,0,0,0,13,2,0,0,1,0,0,0,0,0,1,0,0,2,0,0,0,0,2,0,0,0,2,0,0,0,0,2,0,0,0,2,0,0,0,0,2,0,0,0,2,0,0,0,0,2,0,0,0,2,0,0,0,0,1,1,0,0,2,0,0,0,0,2,0,0,0,2,0,0,0,0,2,0,0,0,1,1,0,0,0,0,0,0,0,0, ,0,0,0,0,0,0,0,0,No, ,No, ,No, ,No, ,Si,1,No, ,No, ,Si,2,No, ,No, ,No, ,No, ,No, ,Si,13,16,0,No, ,No, , , , , , , , , , , , , , , , , , , , , , , , , , , , , , , , , , , , , , , , , , , , , , , , , , , , , , , , , , , , ,-5.00698584,-81.05667254
0063,200504,04,COLAN,De 10001 - 20000 Hab,Distrital, , , , , , , , , , , , , , , , , , , , , , , , , , , , ,1,20,5,4,No,Si, , , , , , , , , , , , , , , , , , , , , , , , , , , , , , , , , , , , , , , , , , , , , ,15,1,0,0,0,11,3,0,0,1,0,0,0,0,1,0,0,0,4,0,0,0,0,4,0,0,0,0,0,0,0,0,0,0,0,0,1,0,0,0,0,1,0,0,0,1,0,0,0,0,1,0,0,0,2,0,0,0,0,0,2,0,0,1,0,0,0,0,0,1,0,0,2,0,0,0,0,2,0,0,0,2,1,0,0,0,1,0,0,0,1,CHOFER,0,0,0,0,1,0,0,0,No, ,No, ,No, ,No, ,Si,1,No, ,Si,1,No, ,No, ,Si,1,No, ,No, ,Si,1,Si,11,15,0,Sí,1,Sí,1,5, , , , , , , , , , , , , , , , , , , , , , , , , , , , , , , , , , , , , , , ,Ninguna, , , , , , , , , , , , , , , , , , ,-4.90669855,-81.05745131
0064,200505,05,LA HUACA,De 10001 - 20000 Hab,Distrital, , , , , , , , , , , , , , , , , , , , , , , , , , , , ,1,20,5,5,No,Si, , , , , , , , , , , , , , , , , , , , , , , , , , , , , , , , , , , , , , , , , , , , , ,18,1,0,0,0,16,1,0,0,2,0,0,0,0,1,1,0,0,4,0,0,0,0,4,0,0,0,2,0,0,0,0,2,0,0,0,1,0,0,0,0,1,0,0,0,1,0,0,0,0,1,0,0,0,1,0,0,0,0,1,0,0,0,1,0,0,0,0,1,0,0,0,3,0,0,0,0,3,0,0,0,1,1,0,0,0,0,0,0,0,2,PUESTO DE AUXILIO RAPIDO,0,0,0,0,2,0,0,0,No, ,No, ,No, ,No, ,No, ,Si,1,No, ,Si,3,Si,1,No, ,No, ,Si,1,Si,1,Si,11,18,0,No, ,Sí,1,5, , , , , , , , , , , , , , , , , , , , , , , , , , , , , , , , , , , , , , , ,Ninguna, , , , , , , , , , , , , , , , , , ,-4.91334217,-80.96063168
0065,200506,06,TAMARINDO,De 20001 - 40000 Hab,Distrital, , , , , , , , , , , , , , , , , , , , , , , , , , , , ,1,20,5,6,Si,No, , , , , , , , , , , , , , , , , , , , , , , , , , , , , , , , , , , , , , , , , , , , , ,9,0,0,0,0,9,0,0,0,1,0,0,0,0,1,0,0,0,2,0,0,0,0,2,0,0,0,0,0,0,0,0,0,0,0,0,1,0,0,0,0,1,0,0,0,1,0,0,0,0,1,0,0,0,1,0,0,0,0,1,0,0,0,1,0,0,0,0,1,0,0,0,1,0,0,0,0,1,0,0,0,1,0,0,0,0,1,0,0,0,0, ,0,0,0,0,0,0,0,0,No, ,No, ,No, ,No, ,No, ,No, ,Si,1,No, ,Si,1,No, ,Si,7,No, ,No, ,No, ,9,0,Sí,4,No, , , , , , , , , , , , , , , , , , , , , , , , , , , , , , , , , , , , , , , , , , , , , , , , , , , , , , , , , , , , ,-4.87978209,-80.97360444
0066,200507,07,VICHAYAL,De 10001 - 20000 Hab,Distrital, , , , , , , , , , , , , , , , , , , , , , , , , , , , ,1,20,5,7,Si,No, , , , , , , , , , , , , , , , , , , , , , , , , , , , , , , , , , , , , , , , , , , , , ,11,0,0,0,0,11,0,0,0,1,0,0,0,0,1,0,0,0,2,0,0,0,0,2,0,0,0,2,0,0,0,0,2,0,0,0,1,0,0,0,0,1,0,0,0,1,0,0,0,0,1,0,0,0,1,0,0,0,0,1,0,0,0,1,0,0,0,0,1,0,0,0,1,0,0,0,0,1,0,0,0,1,0,0,0,0,1,0,0,0,0, ,0,0,0,0,0,0,0,0,No, ,No, ,No, ,No, ,No, ,No, ,Si,1,Si,3,No, ,Si,1,No, ,No, ,Si,1,Si,5,11,0,Sí,5,Sí,1,4, , , , , , , , , , , , , , , , , , , , , , , , , , , , , , , , , , , , , , , ,Ninguna, , , , , , , , , , , , , , , , , , ,-4.86449087,-81.07221414
0067,200601,01,SULLANA,De 40001 - 80000 Hab,Distrital, , , , , , , , , , , , , , , , , , , , , , , , , , , , ,1,20,6,1,No,Si, , , , , , , , , , , , , , , , , , , , , , , , , , , , , , , , , , , , , , , , , , , , , ,87,2,0,0,0,71,14,0,0,7,0,0,0,0,4,3,0,0,6,0,0,0,0,6,0,0,0,37,0,0,0,0,36,1,0,0,8,0,0,0,0,8,0,0,0,3,0,0,0,0,3,0,0,0,6,0,0,0,0,2,4,0,0,5,0,0,0,0,1,4,0,0,11,0,0,0,0,9,2,0,0,4,2,0,0,0,2,0,0,0,0, ,0,0,0,0,0,0,0,0,No, ,Si,1,Si,1,No, ,No, ,No, ,Si,11,Si,5,Si,4,Si,3,No, ,Si,2,Si,6,Si,54,87,0,Sí,5,Sí,3,5,5,5, , , , , , , , , , , , , , , , , , , , , , , , , , , , , , , , , , , , , ,Ninguna, , , , , , , , , , , , , , , , , , ,-4.8994126,-80.69050448
0068,200601,01,SULLANA,De 10001 - 20000 Hab,Distrital, , , , , , , , , , , , , , , , , , , , , , , , , , , , ,1,20,6,1,No,Si, , , , , , , , , , , , , , , , , , , , , , , , , , , , , , , , , , , , , , , , , , , , , ,32,1,0,0,0,26,5,0,0,3,0,0,0,0,1,2,0,0,8,0,0,0,0,8,0,0,0,0,0,0,0,0,0,0,0,0,2,0,0,0,0,2,0,0,0,1,0,0,0,0,1,0,0,0,3,0,0,0,0,1,2,0,0,4,0,0,0,0,3,1,0,0,6,0,0,0,0,6,0,0,0,4,1,0,0,0,3,0,0,0,1,CHOFER,0,0,0,0,1,0,0,0,No, ,No, ,No, ,No, ,Si,1,No, ,Si,2,Si,3,Si,1,No, ,Si,1,No, ,Si,1,Si,23,32,0,No, ,Sí,1,4, , , , , , , , , , , , , , , , , , , , , , , , , , , , , , , , , , , , , , , ,Ninguna, , , , , , , , , , , , , , , , , , ,-4.90933622,-80.7238478
0069,200602,02,BELLAVISTA,De 40001 - 80000 Hab,Distrital, , , , , , , , , , , , , , , , , , , , , , , , , , , , ,1,20,6,2,No,Si, , , , , , , , , , , , , , , , , , , , , , , , , , , , , , , , , , , , , , , , , , , , , ,77,1,0,0,0,66,10,0,0,3,0,0,0,0,0,3,0,0,16,0,0,0,0,16,0,0,0,11,0,0,0,0,11,0,0,0,10,0,0,0,0,9,1,0,0,5,0,0,0,0,4,1,0,0,8,0,0,0,0,4,4,0,0,4,0,0,0,0,3,1,0,0,4,0,0,0,0,4,0,0,0,1,1,0,0,0,0,0,0,0,15,PUESTO DE AUXILIO RAPIDO,0,0,0,0,15,0,0,0,No, ,No, ,Si,1,No, ,No, ,No, ,Si,5,Si,8,Si,6,Si,3,Si,1,Si,3,Si,11,Si,39,77,0,No, ,Sí,5,12,10,8,8,8, , , , , , , , , , , , , , , , , , , , , , , , , , , , , , , , , , , ,Almenos una,5,No,No,No,No,No,No,No,No,No,No,No,No,No,No,No,Si,BRAZALETES,-4.89115111,-80.68176779
0070,200603,03,IGNACIO ESCUDERO,De 10001 - 20000 Hab,Distrital, , , , , , , , , , , , , , , , , , , , , , , , , , , , ,1,20,6,3,Si,No, , , , , , , , , , , , , , , , , , , , , , , , , , , , , , , , , , , , , , , , , , , , , ,21,1,0,0,0,17,3,0,0,2,0,0,0,0,1,1,0,0,9,0,0,0,0,9,0,0,0,0,0,0,0,0,0,0,0,0,2,0,0,0,0,0,2,0,0,0,0,0,0,0,0,0,0,0,0,0,0,0,0,0,0,0,0,1,0,0,0,0,1,0,0,0,4,0,0,0,0,4,0,0,0,1,1,0,0,0,0,0,0,0,2,LABORES MIXTAS,0,0,0,0,2,0,0,0,No, ,No, ,No, ,No, ,No, ,Si,1,Si,5,No, ,Si,1,No, ,Si,1,No, ,Si,1,Si,12,21,0,No, ,No, , , , , , , , , , , , , , , , , , , , , , , , , , , , , , , , , , , , , , , , , , , , , , , , , , , , , , , , , , , , ,-4.84749877,-80.8736486
0071,200604,04,LANCONES,De 10001 - 20000 Hab,Distrital, , , , , , , , , , , , , , , , , , , , , , , , , , , , ,1,20,6,4,Si,No, , , , , , , , , , , , , , , , , , , , , , , , , , , , , , , , , , , , , , , , , , , , , ,14,1,0,0,0,11,2,0,0,1,0,0,0,0,1,0,0,0,4,0,0,0,0,4,0,0,0,2,0,0,0,0,2,0,0,0,1,0,0,0,0,1,0,0,0,1,0,0,0,0,1,0,0,0,1,0,0,0,0,0,1,0,0,1,0,0,0,0,0,1,0,0,2,0,0,0,0,2,0,0,0,1,1,0,0,0,0,0,0,0,0, ,0,0,0,0,0,0,0,0,No, ,No, ,No, ,No, ,Si,1,No, ,Si,2,Si,5,Si,2,No, ,No, ,No, ,Si,2,Si,2,14,0,No, ,Sí,2,3,3, , , , , , , , , , , , , , , , , , , , , , , , , , , , , , , , , , , , , , ,Almenos una,2,No,No,No,No,No,No,No,No,No,No,No,Si,No,No,No,Si,PONCHO IMPERMEABLE,-4.64097621,-80.54863909
0072,200604,04,LANCONES,Menos de 5000 Hab,Distrital, , , , , , , , , , , , , , , , , , , , , , , , , , , , ,1,20,6,4,Si,No, , , , , , , , , , , , , , , , , , , , , , , , , , , , , , , , , , , , , , , , , , , , , ,8,0,0,0,0,8,0,0,0,1,0,0,0,0,1,0,0,0,2,0,0,0,0,2,0,0,0,0,0,0,0,0,0,0,0,0,1,0,0,0,0,1,0,0,0,0,0,0,0,0,0,0,0,0,0,0,0,0,0,0,0,0,0,1,0,0,0,0,1,0,0,0,2,0,0,0,0,2,0,0,0,1,0,0,0,0,1,0,0,0,0, ,0,0,0,0,0,0,0,0,No, ,No, ,No, ,No, ,No, ,No, ,Si,1,Si,1,No, ,Si,1,Si,1,No, ,Si,1,Si,3,8,0,No, ,No, , , , , , , , , , , , , , , , , , , , , , , , , , , , , , , , , , , , , , , , , , , , , , , , , , , , , , , , , , , , ,-4.323998,-80.503131
0073,200605,05,MARCAVELICA,De 20001 - 40000 Hab,Distrital, , , , , , , , , , , , , , , , , , , , , , , , , , , , ,1,20,6,5,No,Si, , , , , , , , , , , , , , , , , , , , , , , , , , , , , , , , , , , , , , , , , , , , , ,19,1,0,0,0,13,5,0,0,2,0,0,0,0,0,2,0,0,5,0,0,0,0,5,0,0,0,0,0,0,0,0,0,0,0,0,2,0,0,0,0,2,0,0,0,1,0,0,0,0,1,0,0,0,2,0,0,0,0,0,2,0,0,1,0,0,0,0,0,1,0,0,4,0,0,0,0,4,0,0,0,1,1,0,0,0,0,0,0,0,1,CHOFER,0,0,0,0,1,0,0,0,No, ,No, ,No, ,No, ,No, ,Si,1,No, ,Si,2,No, ,No, ,No, ,No, ,Si,5,Si,11,19,0,Sí,1,Sí,1,5, , , , , , , , , , , , , , , , , , , , , , , , , , , , , , , , , , , , , , , ,Ninguna, , , , , , , , , , , , , , , , , , ,-4.88174691,-80.70672473
0074,200606,06,MIGUEL CHECA,De 10001 - 20000 Hab,Distrital, , , , , , , , , , , , , , , , , , , , , , , , , , , , ,1,20,6,6,Si,No, , , , , , , , , , , , , , , , , , , , , , , , , , , , , , , , , , , , , , , , , , , , , ,19,1,0,0,0,15,3,0,0,2,0,0,0,0,1,1,0,0,4,0,0,0,0,4,0,0,0,2,0,0,0,0,2,0,0,0,2,0,0,0,0,2,0,0,0,2,0,0,0,0,2,0,0,0,2,0,0,0,0,1,1,0,0,2,0,0,0,0,1,1,0,0,2,0,0,0,0,2,0,0,0,1,1,0,0,0,0,0,0,0,0, ,0,0,0,0,0,0,0,0,No, ,No, ,No, ,No, ,No, ,Si,1,No, ,Si,1,Si,1,Si,1,Si,1,No, ,Si,1,Si,13,19,0,No, ,No, , , , , , , , , , , , , , , , , , , , , , , , , , , , , , , , , , , , , , , , , , , , , , , , , , , , , , , , , , , , ,-4.90166212,-80.81486546
0075,200607,07,QUERECOTILLO,De 20001 - 40000 Hab,Distrital, , , , , , , , , , , , , , , , , , , , , , , , , , , , ,1,20,6,7,No,Si, , , , , , , , , , , , , , , , , , , , , , , , , , , , , , , , , , , , , , , , , , , , , ,22,1,0,0,0,18,3,0,0,3,0,0,0,0,2,1,0,0,2,0,0,0,0,2,0,0,0,0,0,0,0,0,0,0,0,0,3,0,0,0,0,3,0,0,0,1,0,0,0,0,1,0,0,0,3,0,0,0,0,2,1,0,0,1,0,0,0,0,0,1,0,0,2,0,0,0,0,2,0,0,0,1,1,0,0,0,0,0,0,0,6,CHOFER,0,0,0,0,6,0,0,0,No, ,No, ,No, ,No, ,Si,1,No, ,Si,1,Si,3,Si,1,Si,1,No, ,No, ,Si,3,Si,12,22,0,No, ,No, , , , , , , , , , , , , , , , , , , , , , , , , , , , , , , , , , , , , , , , , , , , , , , , , , , , , , , , , , , , ,-4.84165122,-80.65217506
0076,200608,08,SALITRAL,De 5000 - 10000 Hab,Distrital, , , , , , , , , , , , , , , , , , , , , , , , , , , , ,1,20,6,8,Si,No, , , , , , , , , , , , , , , , , , , , , , , , , , , , , , , , , , , , , , , , , , , , , ,12,0,0,0,0,10,2,0,0,1,0,0,0,0,1,0,0,0,2,0,0,0,0,2,0,0,0,2,0,0,0,0,2,0,0,0,1,0,0,0,0,1,0,0,0,1,0,0,0,0,1,0,0,0,1,0,0,0,0,0,1,0,0,1,0,0,0,0,0,1,0,0,2,0,0,0,0,2,0,0,0,1,0,0,0,0,1,0,0,0,0, ,0,0,0,0,0,0,0,0,No, ,No, ,No, ,No, ,No, ,No, ,Si,1,No, ,No, ,Si,1,Si,1,No, ,No, ,Si,9,12,0,No, ,Sí,1,6, , , , , , , , , , , , , , , , , , , , , , , , , , , , , , , , , , , , , , , ,Ninguna, , , , , , , , , , , , , , , , , , ,-4.85707313,-80.68073774
0077,200701,01,PARIÑAS,De 40001 - 80000 Hab,Distrital, , , , , , , , , , , , , , , , , , , , , , , , , , , , ,1,20,7,1,Si,No, , , , , , , , , , , , , , , , , , , , , , , , , , , , , , , , , , , , , , , , , , , , , ,98,3,0,0,0,85,8,1,1,5,0,0,0,0,2,3,0,0,32,0,0,0,0,31,1,0,0,16,0,0,0,0,15,1,0,0,5,0,0,0,0,5,0,0,0,2,0,0,0,0,2,0,0,0,2,0,0,0,0,1,1,0,0,1,0,0,0,0,0,1,0,0,8,0,0,0,0,8,0,0,0,3,3,0,0,0,0,0,0,0,24,APOYO A LA JUSTICIA,0,0,0,0,21,1,1,1,No, ,Si,1,No, ,Si,1,Si,1,No, ,Si,7,Si,6,Si,9,Si,2,Si,1,Si,6,Si,12,Si,52,98,0,No, ,No, , , , , , , , , , , , , , , , , , , , , , , , , , , , , , , , , , , , , , , , , , , , , , , , , , , , , , , , , , , , ,-4.57614258,-81.27634703
0078,200701,01,PARIÑAS,De 20001 - 40000 Hab,Distrital, , , , , , , , , , , , , , , , , , , , , , , , , , , , ,1,20,7,1,No,Si, , , , , , , , , , , , , , , , , , , , , , , , , , , , , , , , , , , , , , , , , , , , , ,35,1,0,0,0,32,2,0,0,2,0,0,0,0,1,1,0,0,16,0,0,0,0,16,0,0,0,4,0,0,0,0,4,0,0,0,3,0,0,0,0,3,0,0,0,2,0,0,0,0,2,0,0,0,2,0,0,0,0,1,1,0,0,1,0,0,0,0,1,0,0,0,2,0,0,0,0,2,0,0,0,1,1,0,0,0,0,0,0,0,2,GARANTIAS PERSONALES,0,0,0,0,2,0,0,0,No, ,No, ,No, ,Si,1,No, ,No, ,Si,5,Si,7,Si,1,Si,1,Si,1,No, ,Si,6,Si,13,35,0,No, ,Sí,1,16, , , , , , , , , , , , , , , , , , , , , , , , , , , , , , , , , , , , , , , ,Ninguna, , , , , , , , , , , , , , , , , , ,-4.58946337,-81.25665852
0079,200702,02,EL ALTO,De 10001 - 20000 Hab,Distrital, , , , , , , , , , , , , , , , , , , , , , , , , , , , ,1,20,7,2,No,Si, , , , , , , , , , , , , , , , , , , , , , , , , , , , , , , , , , , , , , , , , , , , , ,38,1,0,0,0,36,1,0,0,2,0,0,0,0,2,0,0,0,12,0,0,0,0,12,0,0,0,10,0,0,0,0,10,0,0,0,2,0,0,0,0,1,1,0,0,2,0,0,0,0,2,0,0,0,3,0,0,0,0,3,0,0,0,2,0,0,0,0,2,0,0,0,4,0,0,0,0,4,0,0,0,1,1,0,0,0,0,0,0,0,0, ,0,0,0,0,0,0,0,0,No, ,No, ,No, ,No, ,Si,1,No, ,No, ,Si,1,No, ,No, ,No, ,Si,1,No, ,Si,35,38,0,No, ,No, , , , , , , , , , , , , , , , , , , , , , , , , , , , , , , , , , , , , , , , , , , , , , , , , , , , , , , , , , , , ,-4.266972,-81.213055
0080,200703,03,LA BREA,De 10001 - 20000 Hab,Distrital, , , , , , , , , , , , , , , , , , , , , , , , , , , , ,1,20,7,3,Si,No, , , , , , , , , , , , , , , , , , , , , , , , , , , , , , , , , , , , , , , , , , , , , ,19,1,0,0,0,17,1,0,0,2,0,0,0,0,2,0,0,0,4,0,0,0,0,4,0,0,0,2,0,0,0,0,2,0,0,0,2,0,0,0,0,2,0,0,0,2,0,0,0,0,2,0,0,0,1,0,0,0,0,0,1,0,0,1,0,0,0,0,1,0,0,0,4,0,0,0,0,4,0,0,0,1,1,0,0,0,0,0,0,0,0, ,0,0,0,0,0,0,0,0,No, ,No, ,No, ,No, ,Si,1,No, ,Si,2,Si,1,No, ,No, ,Si,2,Si,1,Si,1,Si,11,19,0,Sí,7,No, , , , , , , , , , , , , , , , , , , , , , , , , , , , , , , , , , , , , , , , , , , , , , , , , , , , , , , , , , , , ,-4.65428408,-81.30508126
0081,200705,05,LOS ORGANOS,De 10001 - 20000 Hab,Distrital, , , , , , , , , , , , , , , , , , , , , , , , , , , , ,1,20,7,5,No,Si, , , , , , , , , , , , , , , , , , , , , , , , , , , , , , , , , , , , , , , , , , , , , ,36,1,0,0,0,33,2,0,0,2,0,0,0,0,2,0,0,0,14,0,0,0,0,14,0,0,0,8,0,0,0,0,8,0,0,0,2,0,0,0,0,2,0,0,0,2,0,0,0,0,2,0,0,0,3,0,0,0,0,2,1,0,0,2,0,0,0,0,1,1,0,0,2,0,0,0,0,2,0,0,0,1,1,0,0,0,0,0,0,0,0, ,0,0,0,0,0,0,0,0,No, ,No, ,No, ,Si,1,No, ,No, ,Si,1,Si,1,Si,1,Si,2,No, ,Si,2,No, ,Si,28,36,0,No, ,No, , , , , , , , , , , , , , , , , , , , , , , , , , , , , , , , , , , , , , , , , , , , , , , , , , , , , , , , , , , , ,-4.17943192,-81.12965638
0082,200706,06,MANCORA,De 10001 - 20000 Hab,Distrital, , , , , , , , , , , , , , , , , , , , , , , , , , , , ,1,20,7,6,No,Si, , , , , , , , , , , , , , , , , , , , , , , , , , , , , , , , , , , , , , , , , , , , , ,71,1,0,0,0,65,5,0,0,5,0,0,0,0,4,1,0,0,26,0,0,0,0,26,0,0,0,18,0,0,0,0,18,0,0,0,5,0,0,0,0,5,0,0,0,2,0,0,0,0,1,1,0,0,2,0,0,0,0,0,2,0,0,2,0,0,0,0,1,1,0,0,10,0,0,0,0,10,0,0,0,1,1,0,0,0,0,0,0,0,0, ,0,0,0,0,0,0,0,0,No, ,No, ,No, ,Si,1,No, ,No, ,Si,5,Si,3,Si,3,No, ,Si,1,Si,3,Si,4,Si,51,71,0,No, ,No, , , , , , , , , , , , , , , , , , , , , , , , , , , , , , , , , , , , , , , , , , , , , , , , , , , , , , , , , , , , ,-4.1066947,-81.05311791
0083,200801,01,SECHURA,De 40001 - 80000 Hab,Distrital, , , , , , , , , , , , , , , , , , , , , , , , , , , , ,1,20,8,1,Si,No, , , , , , , , , , , , , , , , , , , , , , , , , , , , , , , , , , , , , , , , , , , , , ,67,1,0,0,0,62,4,0,0,2,0,0,0,0,0,2,0,0,35,0,0,0,0,35,0,0,0,15,0,0,0,0,15,0,0,0,7,0,0,0,0,7,0,0,0,1,0,0,0,0,1,0,0,0,2,0,0,0,0,0,2,0,0,2,0,0,0,0,2,0,0,0,2,0,0,0,0,2,0,0,0,1,1,0,0,0,0,0,0,0,0, ,0,0,0,0,0,0,0,0,No, ,No, ,Si,1,No, ,No, ,No, ,Si,5,Si,8,Si,1,Si,3,Si,1,No, ,Si,7,Si,41,67,0,Sí,20,No, , , , , , , , , , , , , , , , , , , , , , , , , , , , , , , , , , , , , , , , , , , , , , , , , , , , , , , , , , , , ,-5.55448087,-80.82308813
0084,200801,01,SECHURA,De 5000 - 10000 Hab,Otros,CENTRO POBLADO, , , , , , , , , , , , , , , , , , , , , , , , , , , , , , , , , , , , , , , , , , , , , , , , , , , , , , , , , , , , , , , , , , , , , , , , , , , , , , ,16,1,0,0,0,15,0,0,0,1,0,0,0,0,1,0,0,0,4,0,0,0,0,4,0,0,0,2,0,0,0,0,2,0,0,0,2,0,0,0,0,2,0,0,0,1,0,0,0,0,1,0,0,0,2,0,0,0,0,2,0,0,0,1,0,0,0,0,1,0,0,0,2,0,0,0,0,2,0,0,0,1,1,0,0,0,0,0,0,0,0, ,0,0,0,0,0,0,0,0,No, ,No, ,No, ,No, ,Si,1,No, ,No, ,Si,1,No, ,Si,1,No, ,Si,1,Si,4,Si,8,16,0,No, ,No, , , , , , , , , , , , , , , , , , , , , , , , , , , , , , , , , , , , , , , , , , , , , , , , , , , , , , , , , , , , ,-5.82570248,-81.035404
0085,200801,01,SECHURA,De 20001 - 40000 Hab,Otros,CENTRO POBLADO, , , , , , , , , , , , , , , , , , , , , , , , , , , , , , , , , , , , , , , , , , , , , , , , , , , , , , , , , , , , , , , , , , , , , , , , , , , , , , ,19,1,0,0,0,18,0,0,0,3,0,0,0,0,3,0,0,0,4,0,0,0,0,4,0,0,0,4,0,0,0,0,4,0,0,0,2,0,0,0,0,2,0,0,0,1,0,0,0,0,1,0,0,0,1,0,0,0,0,1,0,0,0,1,0,0,0,0,1,0,0,0,2,0,0,0,0,2,0,0,0,1,1,0,0,0,0,0,0,0,0, ,0,0,0,0,0,0,0,0,No, ,No, ,No, ,Si,1,No, ,No, ,Si,2,No, ,No, ,No, ,No, ,Si,2,Si,14,No, ,19,0,Sí,6,Sí,4,4,4,4,4, , , , , , , , , , , , , , , , , , , , , , , , , , , , , , , , , , , , ,Ninguna, , , , , , , , , , , , , , , , , , ,-5.76203811,-80.86286029
0086,200803,03,BERNAL,De 10001 - 20000 Hab,Distrital, , , , , , , , , , , , , , , , , , , , , , , , , , , , ,1,20,8,3,Si,No, , , , , , , , , , , , , , , , , , , , , , , , , , , , , , , , , , , , , , , , , , , , , ,21,1,0,0,0,18,2,0,0,2,0,0,0,0,1,1,0,0,4,0,0,0,0,4,0,0,0,4,0,0,0,0,4,0,0,0,2,0,0,0,0,2,0,0,0,2,0,0,0,0,2,0,0,0,2,0,0,0,0,1,1,0,0,2,0,0,0,0,2,0,0,0,2,0,0,0,0,2,0,0,0,1,1,0,0,0,0,0,0,0,0, ,0,0,0,0,0,0,0,0,No, ,No, ,No, ,No, ,No, ,Si,1,Si,2,Si,1,Si,1,No, ,No, ,Si,1,Si,1,Si,14,21,0,No, ,No, , , , , , , , , , , , , , , , , , , , , , , , , , , , , , , , , , , , , , , , , , , , , , , , , , , , , , , , , , , , ,-5.45725918,-80.74174478
0087,200805,05,VICE,De 10001 - 20000 Hab,Distrital, , , , , , , , , , , , , , , , , , , , , , , , , , , , ,1,20,8,5,Si,No, , , , , , , , , , , , , , , , , , , , , , , , , , , , , , , , , , , , , , , , , , , , , ,21,1,0,0,0,18,2,0,0,1,0,0,0,0,0,1,0,0,5,0,0,0,0,5,0,0,0,4,0,0,0,0,4,0,0,0,2,0,0,0,0,2,0,0,0,2,0,0,0,0,2,0,0,0,2,0,0,0,0,1,1,0,0,2,0,0,0,0,2,0,0,0,2,0,0,0,0,2,0,0,0,1,1,0,0,0,0,0,0,0,0, ,0,0,0,0,0,0,0,0,No, ,No, ,No, ,No, ,No, ,Si,1,Si,2,No, ,Si,2,No, ,Si,1,Si,1,Si,2,Si,12,21,0,No, ,No, , , , , , , , , , , , , , , , , , , , , , , , , , , , , , , , , , , , , , , , , , , , , , , , , , , , , , , , , , , , ,-5.41959545,-80.77622797
0088,200806,06,RINCONADA LLICUAR,De 5000 - 10000 Hab,Distrital, , , , , , , , , , , , , , , , , , , , , , , , , , , , ,1,20,8,6,Si,No, , , , , , , , , , , , , , , , , , , , , , , , , , , , , , , , , , , , , , , , , , , , , ,13,0,0,0,0,11,2,0,0,1,0,0,0,0,0,1,0,0,4,0,0,0,0,4,0,0,0,1,0,0,0,0,1,0,0,0,1,0,0,0,0,1,0,0,0,1,0,0,0,0,1,0,0,0,1,0,0,0,0,0,1,0,0,1,0,0,0,0,1,0,0,0,2,0,0,0,0,2,0,0,0,1,0,0,0,0,1,0,0,0,0, ,0,0,0,0,0,0,0,0,No, ,No, ,No, ,No, ,No, ,No, ,Si,2,No, ,Si,1,No, ,No, ,No, ,Si,3,Si,7,13,0,No, ,No, , , , , , , , , , , , , , , , , , , , , , , , , , , , , , , , , , , , , , , , , , , , , , , , , , , , , , , , , , , , ,-5.45540201,-80.76212518
0089,060603,03,CHOROS,Menos de 5000 Hab,Otros,CENTRO POBLADO, , , , , , , , , , , , , , , , , , , , , , , , , , , , , , , , , , , , , , , , , , , , , , , , , , , , , , , , , , , , , , , , , , , , , , , , , , , , , , ,5,0,0,0,0,5,0,0,0,1,0,0,0,0,1,0,0,0,1,0,0,0,0,1,0,0,0,0,0,0,0,0,0,0,0,0,1,0,0,0,0,1,0,0,0,0,0,0,0,0,0,0,0,0,0,0,0,0,0,0,0,0,0,1,0,0,0,0,1,0,0,0,0,0,0,0,0,0,0,0,0,1,0,0,0,0,1,0,0,0,0, ,0,0,0,0,0,0,0,0,No, ,No, ,No, ,No, ,No, ,No, ,Si,2,No, ,No, ,No, ,No, ,No, ,Si,3,No, ,5,0,No, ,No, , , , , , , , , , , , , , , , , , , , , , , , , , , , , , , , , , , , , , , , , , , , , , , , , , , , , , , , , , , , ,-5.90008694,-78.69385455
0090,060606,06,PIMPINGOS,De 5000 - 10000 Hab,Otros,CENTRO POBLADO, , , , , , , , , , , , , , , , , , , , , , , , , , , , , , , , , , , , , , , , , , , , , , , , , , , , , , , , , , , , , , , , , , , , , , , , , , , , , , ,6,1,0,0,0,5,0,0,0,0,0,0,0,0,0,0,0,0,2,0,0,0,0,2,0,0,0,0,0,0,0,0,0,0,0,0,1,0,0,0,0,1,0,0,0,0,0,0,0,0,0,0,0,0,0,0,0,0,0,0,0,0,0,1,0,0,0,0,1,0,0,0,1,0,0,0,0,1,0,0,0,1,1,0,0,0,0,0,0,0,0, ,0,0,0,0,0,0,0,0,No, ,No, ,No, ,No, ,No, ,Si,1,No, ,Si,1,No, ,No, ,No, ,No, ,No, ,Si,4,6,0,No, ,No, , , , , , , , , , , , , , , , , , , , , , , , , , , , , , , , , , , , , , , , , , , , , , , , , , , , , , , , , , , , ,-6.0613543,-78.75804229
0091,060609,09,SAN JUAN DE CUTERVO,Menos de 5000 Hab,Otros,CENTRO POBLADO, , , , , , , , , , , , , , , , , , , , , , , , , , , , , , , , , , , , , , , , , , , , , , , , , , , , , , , , , , , , , , , , , , , , , , , , , , , , , , ,5,0,0,0,0,5,0,0,0,0,0,0,0,0,0,0,0,0,0,0,0,0,0,0,0,0,0,1,0,0,0,0,1,0,0,0,1,0,0,0,0,1,0,0,0,0,0,0,0,0,0,0,0,0,1,0,0,0,0,1,0,0,0,1,0,0,0,0,1,0,0,0,0,0,0,0,0,0,0,0,0,1,0,0,0,0,1,0,0,0,0, ,0,0,0,0,0,0,0,0,No, ,No, ,No, ,No, ,No, ,No, ,No, ,No, ,Si,1,Si,1,No, ,Si,1,Si,2,No, ,5,0,No, ,No, , , , , , , , , , , , , , , , , , , , , , , , , , , , , , , , , , , , , , , , , , , , , , , , , , , , , , , , , , , , ,-6.16330552,-78.59772111
0092,060615,15,TORIBIO CASANOVA,Menos de 5000 Hab,Otros,CENTRO POBLADO, , , , , , , , , , , , , , , , , , , , , , , , , , , , , , , , , , , , , , , , , , , , , , , , , , , , , , , , , , , , , , , , , , , , , , , , , , , , , , ,5,0,0,0,0,5,0,0,0,0,0,0,0,0,0,0,0,0,0,0,0,0,0,0,0,0,0,2,0,0,0,0,2,0,0,0,1,0,0,0,0,1,0,0,0,0,0,0,0,0,0,0,0,0,0,0,0,0,0,0,0,0,0,1,0,0,0,0,1,0,0,0,0,0,0,0,0,0,0,0,0,1,0,0,0,0,1,0,0,0,0, ,0,0,0,0,0,0,0,0,No, ,No, ,No, ,No, ,No, ,No, ,No, ,Si,2,No, ,Si,1,No, ,No, ,Si,1,Si,1,5,0,No, ,No, , , , , , , , , , , , , , , , , , , , , , , , , , , , , , , , , , , , , , , , , , , , , , , , , , , , , , , , , , , , ,-6.00641773,-78.69956817
0093,060411,11,LLAMA,De 10001 - 20000 Hab,Distrital, , , , , , , , , , , , , , , , , , , , , , , , , , , , ,1,6,4,11,Si,No, , , , , , , , , , , , , , , , , , , , , , , , , , , , , , , , , , , , , , , , , , , , , ,7,1,0,0,0,6,0,0,0,1,0,0,0,0,1,0,0,0,0,0,0,0,0,0,0,0,0,2,0,0,0,0,2,0,0,0,1,0,0,0,0,1,0,0,0,0,0,0,0,0,0,0,0,0,1,0,0,0,0,1,0,0,0,0,0,0,0,0,0,0,0,0,1,0,0,0,0,1,0,0,0,1,1,0,0,0,0,0,0,0,0, ,0,0,0,0,0,0,0,0,No, ,No, ,No, ,No, ,Si,1,No, ,No, ,Si,2,No, ,No, ,No, ,Si,1,No, ,Si,3,7,0,No, ,No, , , , , , , , , , , , , , , , , , , , , , , , , , , , , , , , , , , , , , , , , , , , , , , , , , , , , , , , , , , , ,-6.51265303,-79.12031156
0094,060412,12,MIRACOSTA,De 10001 - 20000 Hab,Distrital, , , , , , , , , , , , , , , , , , , , , , , , , , , , ,1,6,4,12,Si,No, , , , , , , , , , , , , , , , , , , , , , , , , , , , , , , , , , , , , , , , , , , , , ,6,1,0,0,0,5,0,0,0,1,0,0,0,0,1,0,0,0,0,0,0,0,0,0,0,0,0,2,0,0,0,0,2,0,0,0,0,0,0,0,0,0,0,0,0,0,0,0,0,0,0,0,0,0,0,0,0,0,0,0,0,0,0,1,0,0,0,0,1,0,0,0,1,0,0,0,0,1,0,0,0,1,1,0,0,0,0,0,0,0,0, ,0,0,0,0,0,0,0,0,No, ,No, ,No, ,No, ,No, ,Si,1,No, ,No, ,Si,1,Si,1,Si,1,No, ,Si,1,Si,1,6,0,No, ,Sí,1,2, , , , , , , , , , , , , , , , , , , , , , , , , , , , , , , , , , , , , , , ,Almenos una,1,No,Si,No,No,No,No,No,No,No,No,Si,Si,No,No,No,No, ,-6.40504719,-79.28352211
0095,060416,16,SAN JUAN DE LICUPIS,De 5000 - 10000 Hab,Distrital, , , , , , , , , , , , , , , , , , , , , , , , , , , , ,1,6,4,16,Si,No, , , , , , , , , , , , , , , , , , , , , , , , , , , , , , , , , , , , , , , , , , , , , ,7,0,0,0,0,7,0,0,0,1,0,0,0,0,1,0,0,0,1,0,0,0,0,1,0,0,0,2,0,0,0,0,2,0,0,0,0,0,0,0,0,0,0,0,0,0,0,0,0,0,0,0,0,0,0,0,0,0,0,0,0,0,0,1,0,0,0,0,1,0,0,0,1,0,0,0,0,1,0,0,0,1,0,0,0,0,1,0,0,0,0, ,0,0,0,0,0,0,0,0,No, ,No, ,No, ,No, ,No, ,No, ,Si,2,Si,2,No, ,Si,1,Si,1,No, ,No, ,Si,1,7,0,No, ,No, , , , , , , , , , , , , , , , , , , , , , , , , , , , , , , , , , , , , , , , , , , , , , , , , , , , , , , , , , , , ,-6.42523315,-79.24320376
0096,060418,18,TOCMOCHE,De 10001 - 20000 Hab,Distrital, , , , , , , , , , , , , , , , , , , , , , , , , , , , ,1,6,4,18,Si,No, , , , , , , , , , , , , , , , , , , , , , , , , , , , , , , , , , , , , , , , , , , , , ,7,1,0,0,0,6,0,0,0,1,0,0,0,0,1,0,0,0,2,1,0,0,0,1,0,0,0,0,0,0,0,0,0,0,0,0,1,0,0,0,0,1,0,0,0,0,0,0,0,0,0,0,0,0,0,0,0,0,0,0,0,0,0,1,0,0,0,0,1,0,0,0,1,0,0,0,0,1,0,0,0,1,0,0,0,0,1,0,0,0,0, ,0,0,0,0,0,0,0,0,No, ,No, ,No, ,No, ,Si,1,No, ,No, ,Si,3,No, ,Si,1,Si,1,No, ,Si,1,No, ,7,0,No, ,Sí,2,1,1, , , , , , , , , , , , , , , , , , , , , , , , , , , , , , , , , , , , , , ,Ninguna, , , , , , , , , , , , , , , , , , ,-6.41305696,-79.36084593
0097,060801,01,JAEN,De 80001 a más Hab,Distrital, , , , , , , , , , , , , , , , , , , , , , , , , , , , ,9,6,8,1,Si,No,6,8,2,No,Si,6,8,5,No,Si,6,8,12,No,Si,6,8,6,No,Si,6,8,1,Si,No,6,6,3,Si,No,6,6,15,Si,No,6,6,9,Si,No, , , , , ,82,2,0,0,0,73,7,0,0,6,0,0,0,0,5,1,0,0,21,0,0,0,0,21,0,0,0,17,0,0,0,0,14,3,0,0,6,0,0,0,0,6,0,0,0,4,0,0,0,0,4,0,0,0,6,0,0,0,0,5,1,0,0,5,0,0,0,0,3,2,0,0,15,0,0,0,0,15,0,0,0,2,2,0,0,0,0,0,0,0,0, ,0,0,0,0,0,0,0,0,No, ,Si,1,No, ,No, ,No, ,Si,1,Si,3,Si,7,Si,4,Si,7,Si,2,Si,3,Si,19,Si,35,82,0,Sí,8,No, , , , , , , , , , , , , , , , , , , , , , , , , , , , , , , , , , , , , , , , , , , , , , , , , , , , , , , , , , , , ,-5.71005432,-78.80661328
0098,060801,01,JAEN,De 20001 - 40000 Hab,Distrital, , , , , , , , , , , , , , , , , , , , , , , , , , , , ,1,6,8,1,Si,No, , , , , , , , , , , , , , , , , , , , , , , , , , , , , , , , , , , , , , , , , , , , , ,13,1,0,0,0,12,0,0,0,2,0,0,0,0,2,0,0,0,2,0,0,0,0,2,0,0,0,4,0,0,0,0,4,0,0,0,2,0,0,0,0,2,0,0,0,0,0,0,0,0,0,0,0,0,0,0,0,0,0,0,0,0,0,2,0,0,0,0,2,0,0,0,0,0,0,0,0,0,0,0,0,1,1,0,0,0,0,0,0,0,0, ,0,0,0,0,0,0,0,0,No, ,No, ,No, ,No, ,Si,1,No, ,Si,1,No, ,No, ,No, ,No, ,Si,2,Si,3,Si,6,13,0,Sí,1,No, , , , , , , , , , , , , , , , , , , , , , , , , , , , , , , , , , , , , , , , , , , , , , , , , , , , , , , , , , , , ,-5.83859684,-78.7570235
0099,060802,02,BELLAVISTA,De 10001 - 20000 Hab,Distrital, , , , , , , , , , , , , , , , , , , , , , , , , , , , ,1,6,8,2,Si,No, , , , , , , , , , , , , , , , , , , , , , , , , , , , , , , , , , , , , , , , , , , , , ,8,0,0,0,0,8,0,0,0,1,0,0,0,0,1,0,0,0,4,0,0,0,0,4,0,0,0,1,0,0,0,0,1,0,0,0,0,0,0,0,0,0,0,0,0,0,0,0,0,0,0,0,0,0,0,0,0,0,0,0,0,0,0,1,0,0,0,0,1,0,0,0,0,0,0,0,0,0,0,0,0,1,0,0,0,0,1,0,0,0,0, ,0,0,0,0,0,0,0,0,No, ,No, ,No, ,No, ,No, ,No, ,No, ,Si,1,Si,1,No, ,No, ,No, ,Si,3,Si,3,8,0,No, ,No, , , , , , , , , , , , , , , , , , , , , , , , , , , , , , , , , , , , , , , , , , , , , , , , , , , , , , , , , , , , ,-5.66617223,-78.67991621
0100,060803,03,CHONTALI,De 10001 - 20000 Hab,Distrital, , , , , , , , , , , , , , , , , , , , , , , , , , , , ,1,6,8,3,Si,No, , , , , , , , , , , , , , , , , , , , , , , , , , , , , , , , , , , , , , , , , , , , , ,7,1,0,0,0,6,0,0,0,1,0,0,0,0,1,0,0,0,2,0,0,0,0,2,0,0,0,2,0,0,0,0,2,0,0,0,0,0,0,0,0,0,0,0,0,0,0,0,0,0,0,0,0,0,0,0,0,0,0,0,0,0,0,1,0,0,0,0,1,0,0,0,0,0,0,0,0,0,0,0,0,1,1,0,0,0,0,0,0,0,0, ,0,0,0,0,0,0,0,0,No, ,No, ,No, ,No, ,No, ,Si,1,No, ,No, ,No, ,No, ,No, ,Si,1,Si,2,Si,3,7,0,No, ,No, , , , , , , , , , , , , , , , , , , , , , , , , , , , , , , , , , , , , , , , , , , , , , , , , , , , , , , , , , , , ,-5.64454529,-79.08725021
0101,060804,04,COLASAY,De 10001 - 20000 Hab,Distrital, , , , , , , , , , , , , , , , , , , , , , , , , , , , ,1,6,8,4,Si,No, , , , , , , , , , , , , , , , , , , , , , , , , , , , , , , , , , , , , , , , , , , , , ,5,0,0,0,0,5,0,0,0,0,0,0,0,0,0,0,0,0,1,0,0,0,0,1,0,0,0,1,0,0,0,0,1,0,0,0,0,0,0,0,0,0,0,0,0,0,0,0,0,0,0,0,0,0,0,0,0,0,0,0,0,0,0,1,0,0,0,0,1,0,0,0,1,0,0,0,0,1,0,0,0,1,0,0,0,0,1,0,0,0,0, ,0,0,0,0,0,0,0,0,No, ,No, ,No, ,No, ,No, ,No, ,No, ,No, ,Si,1,No, ,No, ,Si,2,No, ,Si,2,5,0,No, ,Sí,1,6, , , , , , , , , , , , , , , , , , , , , , , , , , , , , , , , , , , , , , , ,Ninguna, , , , , , , , , , , , , , , , , , ,-5.97900417,-79.06866227
0102,060805,05,HUABAL,De 20001 - 40000 Hab,Distrital, , , , , , , , , , , , , , , , , , , , , , , , , , , , ,1,6,8,5,Si,No, , , , , , , , , , , , , , , , , , , , , , , , , , , , , , , , , , , , , , , , , , , , , ,5,0,0,0,0,5,0,0,0,1,0,0,0,0,1,0,0,0,0,0,0,0,0,0,0,0,0,1,0,0,0,0,1,0,0,0,0,0,0,0,0,0,0,0,0,0,0,0,0,0,0,0,0,0,0,0,0,0,0,0,0,0,0,1,0,0,0,0,1,0,0,0,1,0,0,0,0,1,0,0,0,1,0,0,0,0,1,0,0,0,0, ,0,0,0,0,0,0,0,0,No, ,No, ,No, ,No, ,No, ,No, ,No, ,Si,1,No, ,No, ,No, ,Si,1,Si,1,Si,2,5,0,No, ,No, , , , , , , , , , , , , , , , , , , , , , , , , , , , , , , , , , , , , , , , , , , , , , , , , , , , , , , , , , , , ,-5.61276992,-78.89925233
0103,060806,06,LAS PIRIAS,De 5000 - 10000 Hab,Distrital, , , , , , , , , , , , , , , , , , , , , , , , , , , , ,1,6,8,6,Si,No, , , , , , , , , , , , , , , , , , , , , , , , , , , , , , , , , , , , , , , , , , , , , ,6,0,0,0,0,6,0,0,0,1,0,0,0,0,1,0,0,0,3,0,0,0,0,3,0,0,0,0,0,0,0,0,0,0,0,0,0,0,0,0,0,0,0,0,0,0,0,0,0,0,0,0,0,0,0,0,0,0,0,0,0,0,0,1,0,0,0,0,1,0,0,0,0,0,0,0,0,0,0,0,0,1,0,0,0,0,1,0,0,0,0, ,0,0,0,0,0,0,0,0,No, ,No, ,No, ,No, ,No, ,No, ,Si,1,No, ,No, ,No, ,Si,1,No, ,Si,3,Si,1,6,0,No, ,Sí,1,6, , , , , , , , , , , , , , , , , , , , , , , , , , , , , , , , , , , , , , , ,Ninguna, , , , , , , , , , , , , , , , , , ,-5.62807177,-78.85211025
0104,060807,07,POMAHUACA,De 5000 - 10000 Hab,Distrital, , , , , , , , , , , , , , , , , , , , , , , , , , , , ,1,6,8,7,Si,No, , , , , , , , , , , , , , , , , , , , , , , , , , , , , , , , , , , , , , , , , , , , , ,4,0,0,0,0,4,0,0,0,0,0,0,0,0,0,0,0,0,1,0,0,0,0,1,0,0,0,0,0,0,0,0,0,0,0,0,1,0,0,0,0,1,0,0,0,0,0,0,0,0,0,0,0,0,0,0,0,0,0,0,0,0,0,1,0,0,0,0,1,0,0,0,0,0,0,0,0,0,0,0,0,1,0,0,0,0,1,0,0,0,0, ,0,0,0,0,0,0,0,0,No, ,No, ,No, ,No, ,No, ,No, ,Si,1,No, ,No, ,Si,1,No, ,No, ,No, ,Si,2,4,0,Sí,1,No, , , , , , , , , , , , , , , , , , , , , , , , , , , , , , , , , , , , , , , , , , , , , , , , , , , , , , , , , , , , ,-5.93150489,-79.22997282
0105,060808,08,PUCARA,De 10001 - 20000 Hab,Distrital, , , , , , , , , , , , , , , , , , , , , , , , , , , , ,1,6,8,8,Si,No, , , , , , , , , , , , , , , , , , , , , , , , , , , , , , , , , , , , , , , , , , , , , ,20,1,0,0,0,18,1,0,0,1,0,0,0,0,1,0,0,0,4,0,0,0,0,4,0,0,0,4,0,0,0,0,4,0,0,0,2,0,0,0,0,2,0,0,0,0,0,0,0,0,0,0,0,0,1,0,0,0,0,0,1,0,0,1,0,0,0,0,1,0,0,0,6,0,0,0,0,6,0,0,0,1,1,0,0,0,0,0,0,0,0, ,0,0,0,0,0,0,0,0,No, ,No, ,Si,1,No, ,No, ,No, ,No, ,No, ,Si,1,No, ,No, ,Si,1,Si,5,Si,12,20,0,No, ,Sí,1,18, , , , , , , , , , , , , , , , , , , , , , , , , , , , , , , , , , , , , , , ,Ninguna, , , , , , , , , , , , , , , , , , ,-6.03980065,-79.12867441
0106,060809,09,SALLIQUE,De 5000 - 10000 Hab,Distrital, , , , , , , , , , , , , , , , , , , , , , , , , , , , ,1,6,8,9,Si,No, , , , , , , , , , , , , , , , , , , , , , , , , , , , , , , , , , , , , , , , , , , , , ,4,0,0,0,0,4,0,0,0,0,0,0,0,0,0,0,0,0,0,0,0,0,0,0,0,0,0,0,0,0,0,0,0,0,0,0,1,0,0,0,0,1,0,0,0,0,0,0,0,0,0,0,0,0,0,0,0,0,0,0,0,0,0,1,0,0,0,0,1,0,0,0,1,0,0,0,0,1,0,0,0,1,0,0,0,0,1,0,0,0,0, ,0,0,0,0,0,0,0,0,No, ,No, ,No, ,No, ,No, ,No, ,Si,1,No, ,No, ,No, ,No, ,No, ,Si,2,Si,1,4,0,No, ,No, , , , , , , , , , , , , , , , , , , , , , , , , , , , , , , , , , , , , , , , , , , , , , , , , , , , , , , , , , , , ,-5.65827529,-79.31570931
0107,060810,10,SAN FELIPE,De 5000 - 10000 Hab,Distrital, , , , , , , , , , , , , , , , , , , , , , , , , , , , ,1,6,8,10,Si,No, , , , , , , , , , , , , , , , , , , , , , , , , , , , , , , , , , , , , , , , , , , , , ,5,0,0,0,0,5,0,0,0,0,0,0,0,0,0,0,0,0,0,0,0,0,0,0,0,0,0,0,0,0,0,0,0,0,0,0,1,0,0,0,0,1,0,0,0,0,0,0,0,0,0,0,0,0,0,0,0,0,0,0,0,0,0,1,0,0,0,0,1,0,0,0,2,0,0,0,0,2,0,0,0,1,0,0,0,0,1,0,0,0,0, ,0,0,0,0,0,0,0,0,No, ,No, ,No, ,No, ,No, ,No, ,No, ,No, ,No, ,Si,1,Si,1,No, ,No, ,Si,3,5,0,No, ,No, , , , , , , , , , , , , , , , , , , , , , , , , , , , , , , , , , , , , , , , , , , , , , , , , , , , , , , , , , , , ,-5.77063168,-79.31385478
0108,060812,12,SANTA ROSA,De 5000 - 10000 Hab,Distrital, , , , , , , , , , , , , , , , , , , , , , , , , , , , ,1,6,8,12,Si,No, , , , , , , , , , , , , , , , , , , , , , , , , , , , , , , , , , , , , , , , , , , , , ,6,0,0,0,0,6,0,0,0,0,0,0,0,0,0,0,0,0,0,0,0,0,0,0,0,0,0,0,0,0,0,0,0,0,0,0,2,0,0,0,0,2,0,0,0,0,0,0,0,0,0,0,0,0,0,0,0,0,0,0,0,0,0,1,0,0,0,0,1,0,0,0,2,0,0,0,0,2,0,0,0,1,0,0,0,0,1,0,0,0,0, ,0,0,0,0,0,0,0,0,No, ,No, ,No, ,No, ,No, ,No, ,No, ,No, ,No, ,Si,1,No, ,Si,1,Si,2,Si,2,6,0,No, ,No, , , , , , , , , , , , , , , , , , , , , , , , , , , , , , , , , , , , , , , , , , , , , , , , , , , , , , , , , , , , ,-5.43311796,-78.56937357
0109,060901,01,SAN IGNACIO,De 40001 - 80000 Hab,Distrital, , , , , , , , , , , , , , , , , , , , , , , , , , , , ,1,6,9,1,Si,No, , , , , , , , , , , , , , , , , , , , , , , , , , , , , , , , , , , , , , , , , , , , , ,29,1,0,0,0,25,3,0,0,4,0,0,0,0,3,1,0,0,8,0,0,0,0,8,0,0,0,2,0,0,0,0,2,0,0,0,3,0,0,0,0,3,0,0,0,1,0,0,0,0,1,0,0,0,1,0,0,0,0,0,1,0,0,2,0,0,0,0,1,1,0,0,7,0,0,0,0,7,0,0,0,1,1,0,0,0,0,0,0,0,0, ,0,0,0,0,0,0,0,0,No, ,No, ,Si,1,No, ,No, ,No, ,Si,1,Si,2,Si,1,No, ,Si,2,Si,5,Si,8,Si,9,29,0,Sí,1,No, , , , , , , , , , , , , , , , , , , , , , , , , , , , , , , , , , , , , , , , , , , , , , , , , , , , , , , , , , , , ,-5.14599915,-78.99973088
0110,060903,03,HUARANGO,De 20001 - 40000 Hab,Distrital, , , , , , , , , , , , , , , , , , , , , , , , , , , , ,1,6,9,3,Si,No, , , , , , , , , , , , , , , , , , , , , , , , , , , , , , , , , , , , , , , , , , , , , ,6,1,0,0,0,5,0,0,0,1,0,0,0,0,1,0,0,0,1,0,0,0,0,1,0,0,0,1,0,0,0,0,1,0,0,0,0,0,0,0,0,0,0,0,0,1,0,0,0,0,1,0,0,0,0,0,0,0,0,0,0,0,0,1,0,0,0,0,1,0,0,0,0,0,0,0,0,0,0,0,0,1,1,0,0,0,0,0,0,0,0, ,0,0,0,0,0,0,0,0,No, ,No, ,No, ,No, ,Si,1,No, ,No, ,No, ,No, ,No, ,No, ,Si,1,No, ,Si,4,6,0,Sí,1,No, , , , , , , , , , , , , , , , , , , , , , , , , , , , , , , , , , , , , , , , , , , , , , , , , , , , , , , , , , , , ,-5.28662761,-78.80647898
0111,060902,02,CHIRINOS,De 10001 - 20000 Hab,Distrital, , , , , , , , , , , , , , , , , , , , , , , , , , , , ,1,6,9,2,Si,No, , , , , , , , , , , , , , , , , , , , , , , , , , , , , , , , , , , , , , , , , , , , , ,5,0,0,0,0,5,0,0,0,1,0,0,0,0,1,0,0,0,1,0,0,0,0,1,0,0,0,0,0,0,0,0,0,0,0,0,0,0,0,0,0,0,0,0,0,1,0,0,0,0,1,0,0,0,0,0,0,0,0,0,0,0,0,1,0,0,0,0,1,0,0,0,0,0,0,0,0,0,0,0,0,1,0,0,0,0,1,0,0,0,0, ,0,0,0,0,0,0,0,0,No, ,No, ,No, ,No, ,No, ,No, ,No, ,Si,1,No, ,No, ,No, ,No, ,Si,2,Si,2,5,0,No, ,Sí,2,2,2, , , , , , , , , , , , , , , , , , , , , , , , , , , , , , , , , , , , , , ,Ninguna, , , , , , , , , , , , , , , , , , ,-5.30640794,-78.89794733
0112,060802,02,BELLAVISTA,De 20001 - 40000 Hab,Distrital, , , , , , , , , , , , , , , , , , , , , , , , , , , , ,1,6,8,2,Si,No, , , , , , , , , , , , , , , , , , , , , , , , , , , , , , , , , , , , , , , , , , , , , ,7,1,0,0,0,6,0,0,0,2,0,0,0,0,2,0,0,0,2,0,0,0,0,2,0,0,0,1,0,0,0,0,1,0,0,0,0,0,0,0,0,0,0,0,0,0,0,0,0,0,0,0,0,0,0,0,0,0,0,0,0,0,0,1,0,0,0,0,1,0,0,0,0,0,0,0,0,0,0,0,0,1,1,0,0,0,0,0,0,0,0, ,0,0,0,0,0,0,0,0,No, ,No, ,No, ,No, ,No, ,Si,1,No, ,No, ,Si,3,Si,1,No, ,No, ,Si,1,Si,1,7,0,No, ,Sí,1,7, , , , , , , , , , , , , , , , , , , , , , , , , , , , , , , , , , , , , , , ,Ninguna, , , , , , , , , , , , , , , , , , ,-5.4506835,-78.83357423
0113,060905,05,NAMBALLE,De 20001 - 40000 Hab,Distrital, , , , , , , , , , , , , , , , , , , , , , , , , , , , ,1,6,9,5,Si,No, , , , , , , , , , , , , , , , , , , , , , , , , , , , , , , , , , , , , , , , , , , , , ,4,0,0,0,0,4,0,0,0,1,0,0,0,0,1,0,0,0,1,0,0,0,0,1,0,0,0,0,0,0,0,0,0,0,0,0,0,0,0,0,0,0,0,0,0,0,0,0,0,0,0,0,0,0,0,0,0,0,0,0,0,0,0,1,0,0,0,0,1,0,0,0,0,0,0,0,0,0,0,0,0,1,0,0,0,0,1,0,0,0,0, ,0,0,0,0,0,0,0,0,No, ,No, ,No, ,No, ,No, ,No, ,Si,1,Si,1,No, ,No, ,No, ,No, ,Si,1,Si,1,4,0,No, ,Sí,1,3, , , , , , , , , , , , , , , , , , , , , , , , , , , , , , , , , , , , , , , ,Ninguna, , , , , , , , , , , , , , , , , , ,-5.00458129,-79.08772445
0114,060906,06,SAN JOSE DE LOURDES,De 20001 - 40000 Hab,Distrital, , , , , , , , , , , , , , , , , , , , , , , , , , , , ,1,6,9,6,No,Si, , , , , , , , , , , , , , , , , , , , , , , , , , , , , , , , , , , , , , , , , , , , , ,4,0,0,0,0,4,0,0,0,1,0,0,0,0,1,0,0,0,1,0,0,0,0,1,0,0,0,0,0,0,0,0,0,0,0,0,0,0,0,0,0,0,0,0,0,1,0,0,0,0,1,0,0,0,0,0,0,0,0,0,0,0,0,1,0,0,0,0,1,0,0,0,0,0,0,0,0,0,0,0,0,0,0,0,0,0,0,0,0,0,0, ,0,0,0,0,0,0,0,0,No, ,No, ,No, ,No, ,No, ,No, ,Si,1,No, ,No, ,Si,1,No, ,No, ,Si,2,No, ,4,0,No, ,No, , , , , , , , , , , , , , , , , , , , , , , , , , , , , , , , , , , , , , , , , , , , , , , , , , , , , , , , , , , , ,-5.097457,-78.920748
0115,130301,01,BOLIVAR,De 20001 - 40000 Hab,Provincial, , , , , , , ,1,13,3, , , , , , , , , , , , , , , , , , , , , , , , , , , , , , , , , , , , , , , , , , , , , , , , , , , , , , , , , , , , , , , , , , , , , ,9,1,0,0,0,8,0,0,0,1,0,0,0,0,1,0,0,0,2,0,0,0,0,2,0,0,0,0,0,0,0,0,0,0,0,0,1,0,0,0,0,1,0,0,0,1,0,0,0,0,1,0,0,0,1,0,0,0,0,1,0,0,0,1,0,0,0,0,1,0,0,0,1,0,0,0,0,1,0,0,0,1,1,0,0,0,0,0,0,0,0, ,0,0,0,0,0,0,0,0,No, ,No, ,No, ,Si,1,No, ,No, ,No, ,Si,2,No, ,No, ,No, ,No, ,Si,3,Si,3,9,0,No, ,No, , , , , , , , , , , , , , , , , , , , , , , , , , , , , , , , , , , , , , , , , , , , , , , , , , , , , , , , , , , , ,-7.15377953,-77.70321981
0116,061106,06,LA FLORIDA,Menos de 5000 Hab,Distrital, , , , , , , , , , , , , , , , , , , , , , , , , , , , ,1,6,11,6,Si,No, , , , , , , , , , , , , , , , , , , , , , , , , , , , , , , , , , , , , , , , , , , , , ,10,1,0,0,0,9,0,0,0,1,0,0,0,0,1,0,0,0,0,0,0,0,0,0,0,0,0,2,0,0,0,0,2,0,0,0,1,0,0,0,0,1,0,0,0,1,0,0,0,0,1,0,0,0,1,0,0,0,0,1,0,0,0,1,0,0,0,0,1,0,0,0,2,0,0,0,0,2,0,0,0,1,1,0,0,0,0,0,0,0,0, ,0,0,0,0,0,0,0,0,No, ,No, ,No, ,No, ,No, ,Si,1,Si,2,Si,2,Si,1,Si,2,No, ,Si,1,Si,1,No, ,10,0,No, ,No, , , , , , , , , , , , , , , , , , , , , , , , , , , , , , , , , , , , , , , , , , , , , , , , , , , , , , , , , , , , ,-6.8698686,-79.12204548
0117,061108,08,NANCHOC,Menos de 5000 Hab,Distrital, , , , , , , , , , , , , , , , , , , , , , , , , , , , ,1,6,11,8,Si,No, , , , , , , , , , , , , , , , , , , , , , , , , , , , , , , , , , , , , , , , , , , , , ,11,0,0,0,0,11,0,0,0,1,0,0,0,0,1,0,0,0,0,0,0,0,0,0,0,0,0,3,0,0,0,0,3,0,0,0,1,0,0,0,0,1,0,0,0,1,0,0,0,0,1,0,0,0,1,0,0,0,0,1,0,0,0,1,0,0,0,0,1,0,0,0,2,0,0,0,0,2,0,0,0,1,0,0,0,0,1,0,0,0,0, ,0,0,0,0,0,0,0,0,No, ,No, ,No, ,No, ,No, ,No, ,No, ,Si,1,Si,5,Si,2,Si,1,No, ,Si,1,Si,1,11,0,No, ,Sí,1,3, , , , , , , , , , , , , , , , , , , , , , , , , , , , , , , , , , , , , , , ,Almenos una,1,No,No,No,No,No,No,No,No,No,No,No,Si,No,No,No,No, ,-6.95922395,-79.24214644
0118,061109,09,NIEPOS,Menos de 5000 Hab,Distrital, , , , , , , , , , , , , , , , , , , , , , , , , , , , ,1,6,11,9,No,Si, , , , , , , , , , , , , , , , , , , , , , , , , , , , , , , , , , , , , , , , , , , , , ,10,0,0,0,0,10,0,0,0,1,0,0,0,0,1,0,0,0,0,0,0,0,0,0,0,0,0,2,0,0,0,0,2,0,0,0,1,0,0,0,0,1,0,0,0,1,0,0,0,0,1,0,0,0,1,0,0,0,0,1,0,0,0,1,0,0,0,0,1,0,0,0,2,0,0,0,0,2,0,0,0,1,0,0,0,0,1,0,0,0,0, ,0,0,0,0,0,0,0,0,No, ,No, ,No, ,No, ,No, ,No, ,No, ,Si,2,Si,7,No, ,No, ,Si,1,No, ,No, ,10,0,No, ,Sí,1,5, , , , , , , , , , , , , , , , , , , , , , , , , , , , , , , , , , , , , , , ,Ninguna, , , , , , , , , , , , , , , , , , ,-6.92611243,-79.12983022
0119,061109,09,NIEPOS,Menos de 5000 Hab,Distrital, , , , , , , , , , , , , , , , , , , , , , , , , , , , ,2,6,11,9,No,Si,6,11,3,No,Si, , , , , , , , , , , , , , , , , , , , , , , , , , , , , , , , , , , , , , , , ,5,0,0,0,0,5,0,0,0,0,0,0,0,0,0,0,0,0,1,0,0,0,0,1,0,0,0,1,0,0,0,0,1,0,0,0,0,0,0,0,0,0,0,0,0,0,0,0,0,0,0,0,0,0,0,0,0,0,0,0,0,0,0,1,0,0,0,0,1,0,0,0,0,0,0,0,0,0,0,0,0,1,0,0,0,0,1,0,0,0,1,INVESTIGACION DE VIOLENCIA FAMILIAR Y ACCIDENTES DE TRANSITO,0,0,0,0,1,0,0,0,No, ,No, ,No, ,No, ,No, ,No, ,Si,1,No, ,Si,1,Si,2,No, ,No, ,Si,1,No, ,5,0,No, ,Sí,1,5, , , , , , , , , , , , , , , , , , , , , , , , , , , , , , , , , , , , , , , ,Almenos una,1,No,No,No,No,No,No,No,No,Si,Si,No,Si,No,No,No,No, ,-6.934423,-79.087913
0120,061301,01,SANTA CRUZ,De 40001 - 80000 Hab,Provincial, , , , , , , ,1,6,13, , , , , , , , , , , , , , , , , , , , , , , , , , , , , , , , , , , , , , , , , , , , , , , , , , , , , , , , , , , , , , , , , , , , , ,24,1,0,0,0,21,2,0,0,2,0,0,0,0,2,0,0,0,6,0,0,0,0,6,0,0,0,1,0,0,0,0,1,0,0,0,2,0,0,0,0,2,0,0,0,3,0,0,0,0,3,0,0,0,3,0,0,0,0,1,2,0,0,2,0,0,0,0,2,0,0,0,4,0,0,0,0,4,0,0,0,1,1,0,0,0,0,0,0,0,0, ,0,0,0,0,0,0,0,0,No, ,No, ,Si,1,No, ,No, ,No, ,No, ,Si,2,Si,4,No, ,Si,1,Si,1,Si,7,Si,8,24,0,No, ,Sí,2,3,3, , , , , , , , , , , , , , , , , , , , , , , , , , , , , , , , , , , , , , ,Ninguna, , , , , , , , , , , , , , , , , , ,-6.62476566,-78.94391623
0121,061302,02,ANDABAMBA,De 10001 - 20000 Hab,Distrital, , , , , , , , , , , , , , , , , , , , , , , , , , , , ,2,6,13,2,Si,No,6,13,5,No,Si, , , , , , , , , , , , , , , , , , , , , , , , , , , , , , , , , , , , , , , , ,3,0,0,0,0,3,0,0,0,0,0,0,0,0,0,0,0,0,0,0,0,0,0,0,0,0,0,1,0,0,0,0,1,0,0,0,0,0,0,0,0,0,0,0,0,0,0,0,0,0,0,0,0,0,0,0,0,0,0,0,0,0,0,1,0,0,0,0,1,0,0,0,0,0,0,0,0,0,0,0,0,1,0,0,0,0,1,0,0,0,0, ,0,0,0,0,0,0,0,0,No, ,No, ,No, ,No, ,No, ,No, ,No, ,Si,1,Si,1,No, ,No, ,No, ,No, ,Si,1,3,0,No, ,No, , , , , , , , , , , , , , , , , , , , , , , , , , , , , , , , , , , , , , , , , , , , , , , , , , , , , , , , , , , , ,-6.66332145,-78.81744255
0122,061303,03,CATACHE,De 10001 - 20000 Hab,Distrital, , , , , , , , , , , , , , , , , , , , , , , , , , , , ,2,6,13,3,Si,No,6,13,9,Si,No, , , , , , , , , , , , , , , , , , , , , , , , , , , , , , , , , , , , , , , , ,9,1,0,0,0,8,0,0,0,2,0,0,0,0,2,0,0,0,2,0,0,0,0,2,0,0,0,1,0,0,0,0,1,0,0,0,0,0,0,0,0,0,0,0,0,1,0,0,0,0,1,0,0,0,0,0,0,0,0,0,0,0,0,1,0,0,0,0,1,0,0,0,1,0,0,0,0,1,0,0,0,1,1,0,0,0,0,0,0,0,0, ,0,0,0,0,0,0,0,0,No, ,No, ,No, ,No, ,No, ,Si,1,No, ,Si,1,Si,3,No, ,No, ,No, ,Si,2,Si,2,9,0,No, ,No, , , , , , , , , , , , , , , , , , , , , , , , , , , , , , , , , , , , , , , , , , , , , , , , , , , , , , , , , , , , ,-6.67484914,-79.03438879
0123,061303,03,CATACHE,De 5000 - 10000 Hab,Otros,CENTRO POBLADO, , , , , , , , , , , , , , , , , , , , , , , , , , , , , , , , , , , , , , , , , , , , , , , , , , , , , , , , , , , , , , , , , , , , , , , , , , , , , , ,9,0,0,0,0,8,1,0,0,1,0,0,0,0,0,1,0,0,0,0,0,0,0,0,0,0,0,2,0,0,0,0,2,0,0,0,1,0,0,0,0,1,0,0,0,1,0,0,0,0,1,0,0,0,1,0,0,0,0,1,0,0,0,1,0,0,0,0,1,0,0,0,1,0,0,0,0,1,0,0,0,1,0,0,0,0,1,0,0,0,0, ,0,0,0,0,0,0,0,0,No, ,No, ,No, ,No, ,No, ,No, ,Si,1,Si,3,No, ,Si,1,Si,2,Si,2,No, ,No, ,9,0,No, ,No, , , , , , , , , , , , , , , , , , , , , , , , , , , , , , , , , , , , , , , , , , , , , , , , , , , , , , , , , , , , ,-6.81319761,-79.08567677
0124,061304,04,CHANCAYBAÑOS,De 20001 - 40000 Hab,Distrital, , , , , , , , , , , , , , , , , , , , , , , , , , , , ,1,6,13,4,Si,No, , , , , , , , , , , , , , , , , , , , , , , , , , , , , , , , , , , , , , , , , , , , , ,4,0,0,0,0,4,0,0,0,1,0,0,0,0,1,0,0,0,0,0,0,0,0,0,0,0,0,1,0,0,0,0,1,0,0,0,0,0,0,0,0,0,0,0,0,0,0,0,0,0,0,0,0,0,0,0,0,0,0,0,0,0,0,1,0,0,0,0,1,0,0,0,0,0,0,0,0,0,0,0,0,1,0,0,0,0,1,0,0,0,0, ,0,0,0,0,0,0,0,0,No, ,No, ,No, ,No, ,No, ,No, ,No, ,No, ,Si,1,No, ,No, ,No, ,No, ,Si,3,4,0,No, ,No, , , , , , , , , , , , , , , , , , , , , , , , , , , , , , , , , , , , , , , , , , , , , , , , , , , , , , , , , , , , ,-6.57495206,-78.86817217
0125,061306,06,NINABAMBA,De 10001 - 20000 Hab,Distrital, , , , , , , , , , , , , , , , , , , , , , , , , , , , ,1,6,13,6,Si,No, , , , , , , , , , , , , , , , , , , , , , , , , , , , , , , , , , , , , , , , , , , , , ,5,0,0,0,0,5,0,0,0,1,0,0,0,0,1,0,0,0,0,0,0,0,0,0,0,0,0,1,0,0,0,0,1,0,0,0,0,0,0,0,0,0,0,0,0,1,0,0,0,0,1,0,0,0,0,0,0,0,0,0,0,0,0,1,0,0,0,0,1,0,0,0,0,0,0,0,0,0,0,0,0,1,0,0,0,0,1,0,0,0,0, ,0,0,0,0,0,0,0,0,No, ,No, ,No, ,No, ,No, ,No, ,No, ,Si,1,No, ,Si,2,Si,1,No, ,No, ,Si,1,5,0,No, ,No, , , , , , , , , , , , , , , , , , , , , , , , , , , , , , , , , , , , , , , , , , , , , , , , , , , , , , , , , , , , ,-6.6499801,-78.78609089
0126,061307,07,PULAN,De 5000 - 10000 Hab,Distrital, , , , , , , , , , , , , , , , , , , , , , , , , , , , ,1,6,13,7,Si,No, , , , , , , , , , , , , , , , , , , , , , , , , , , , , , , , , , , , , , , , , , , , , ,6,0,0,0,0,6,0,0,0,1,0,0,0,0,1,0,0,0,0,0,0,0,0,0,0,0,0,1,0,0,0,0,1,0,0,0,1,0,0,0,0,1,0,0,0,0,0,0,0,0,0,0,0,0,0,0,0,0,0,0,0,0,0,1,0,0,0,0,1,0,0,0,1,0,0,0,0,1,0,0,0,1,0,0,0,0,1,0,0,0,0, ,0,0,0,0,0,0,0,0,No, ,No, ,No, ,No, ,No, ,No, ,Si,1,Si,2,Si,1,No, ,No, ,Si,1,Si,1,No, ,6,0,No, ,No, , , , , , , , , , , , , , , , , , , , , , , , , , , , , , , , , , , , , , , , , , , , , , , , , , , , , , , , , , , , ,-6.7392826,-78.92054534
0127,061310,10,UTICYACU,De 5000 - 10000 Hab,Distrital, , , , , , , , , , , , , , , , , , , , , , , , , , , , ,1,6,13,10,Si,No, , , , , , , , , , , , , , , , , , , , , , , , , , , , , , , , , , , , , , , , , , , , , ,6,0,0,0,0,6,0,0,0,1,0,0,0,0,1,0,0,0,1,0,0,0,0,1,0,0,0,1,0,0,0,0,1,0,0,0,0,0,0,0,0,0,0,0,0,0,0,0,0,0,0,0,0,0,0,0,0,0,0,0,0,0,0,1,0,0,0,0,1,0,0,0,1,0,0,0,0,1,0,0,0,1,0,0,0,0,1,0,0,0,0, ,0,0,0,0,0,0,0,0,No, ,No, ,No, ,No, ,No, ,No, ,No, ,No, ,No, ,Si,2,Si,4,No, ,No, ,No, ,6,0,Sí,2,No, , , , , , , , , , , , , , , , , , , , , , , , , , , , , , , , , , , , , , , , , , , , , , , , , , , , , , , , , , , , ,-6.60667499,-78.7937314
0128,061311,11,YAUYUCAN,De 5000 - 10000 Hab,Distrital, , , , , , , , , , , , , , , , , , , , , , , , , , , , ,1,6,13,11,Si,No, , , , , , , , , , , , , , , , , , , , , , , , , , , , , , , , , , , , , , , , , , , , , ,5,0,0,0,0,5,0,0,0,1,0,0,0,0,1,0,0,0,0,0,0,0,0,0,0,0,0,1,0,0,0,0,1,0,0,0,0,0,0,0,0,0,0,0,0,0,0,0,0,0,0,0,0,0,0,0,0,0,0,0,0,0,0,1,0,0,0,0,1,0,0,0,1,0,0,0,0,1,0,0,0,1,0,0,0,0,1,0,0,0,0, ,0,0,0,0,0,0,0,0,No, ,No, ,No, ,No, ,No, ,No, ,No, ,No, ,No, ,Si,1,No, ,No, ,Si,3,Si,1,5,0,No, ,No, , , , , , , , , , , , , , , , , , , , , , , , , , , , , , , , , , , , , , , , , , , , , , , , , , , , , , , , , , , , ,-6.67713596,-78.81870181
0129,140101,01,CHICLAYO,De 40001 - 80000 Hab,Distrital, , , , , , , , , , , , , , , , , , , , , , , , , , , , ,1,14,1,1,No,Si, , , , , , , , , , , , , , , , , , , , , , , , , , , , , , , , , , , , , , , , , , , , , ,160,3,0,0,0,150,6,0,1,19,0,0,0,0,15,3,0,1,30,0,0,0,0,30,0,0,0,52,0,0,0,0,52,0,0,0,14,0,0,0,0,13,1,0,0,6,0,0,0,0,6,0,0,0,5,0,0,0,0,5,0,0,0,6,0,0,0,0,4,2,0,0,9,0,0,0,0,9,0,0,0,3,3,0,0,0,0,0,0,0,16,PUESTO DE AUXILIO RAPIDO,0,0,0,0,16,0,0,0,No, ,Si,1,Si,1,No, ,Si,1,No, ,Si,34,Si,26,Si,23,Si,9,Si,2,Si,6,Si,16,Si,41,160,1,No, ,Sí,3,10,10,10, , , , , , , , , , , , , , , , , , , , , , , , , , , , , , , , , , , , , ,Ninguna, , , , , , , , , , , , , , , , , , ,-6.771077,-79.835565
0130,140101,01,CHICLAYO,De 20001 - 40000 Hab,Distrital, , , , , , , , , , , , , , , , , , , , , , , , , , , , ,2,14,1,1,No,Si,14,1,12,No,Si, , , , , , , , , , , , , , , , , , , , , , , , , , , , , , , , , , , , , , , , ,130,3,0,0,0,116,11,0,0,17,0,0,0,0,10,7,0,0,34,0,0,0,0,34,0,0,0,0,0,0,0,0,0,0,0,0,6,0,0,0,0,6,0,0,0,2,0,0,0,0,2,0,0,0,4,0,0,0,0,2,2,0,0,3,0,0,0,0,1,2,0,0,39,0,0,0,0,39,0,0,0,3,3,0,0,0,0,0,0,0,22,PUESTO DE RESPUESTA INMEDIATA,0,0,0,0,22,0,0,0,No, ,No, ,Si,1,No, ,No, ,Si,2,Si,22,Si,22,Si,16,Si,3,Si,1,Si,4,Si,12,Si,47,130,1,Sí,20,Sí,2,10,10, , , , , , , , , , , , , , , , , , , , , , , , , , , , , , , , , , , , , , ,Almenos una,2,No,No,No,No,No,No,No,No,Si,Si,No,Si,No,No,No,No, ,-6.76944737,-79.85570227
0131,140101,01,CHICLAYO,De 5000 - 10000 Hab,Provincial, , , , , , , ,1,14,1, , , , , , , , , , , , , , , , , , , , , , , , , , , , , , , , , , , , , , , , , , , , , , , , , , , , , , , , , , , , , , , , , , , , , ,22,0,1,0,0,14,7,0,0,3,0,0,0,0,3,0,0,0,0,0,0,0,0,0,0,0,0,0,0,0,0,0,0,0,0,0,0,0,0,0,0,0,0,0,0,0,0,0,0,0,0,0,0,0,0,0,0,0,0,0,0,0,0,0,0,0,0,0,0,0,0,0,18,0,0,0,0,11,7,0,0,1,0,1,0,0,0,0,0,0,0, ,0,0,0,0,0,0,0,0,No, ,No, ,No, ,Si,1,No, ,No, ,Si,4,Si,1,Si,2,Si,1,No, ,No, ,Si,4,Si,9,22,0,No, ,No, , , , , , , , , , , , , , , , , , , , , , , , , , , , , , , , , , , , , , , , , , , , , , , , , , , , , , , , , , , , ,-6.77655236,-79.82950913
0132,140101,01,CHICLAYO,De 10001 - 20000 Hab,Regional, ,1,14, , , , , , , , , , , , , , , , , , , , , , , , , , , , , , , , , , , , , , , , , , , , , , , , , , , , , , , , , , , , , , , , , , , , , , , , , , , , ,65,0,4,0,0,21,38,2,0,10,0,0,0,0,1,8,1,0,4,0,0,0,0,2,2,0,0,0,0,0,0,0,0,0,0,0,0,0,0,0,0,0,0,0,0,0,0,0,0,0,0,0,0,0,7,0,2,0,0,0,5,0,0,1,0,0,0,0,1,0,0,0,15,0,0,0,0,4,11,0,0,1,0,1,0,0,0,0,0,0,27,PUESTO DE AUXILIO RAPIDO,0,1,0,0,13,12,1,0,No, ,No, ,No, ,Si,1,Si,1,Si,2,Si,4,Si,5,Si,1,Si,4,Si,2,Si,4,Si,8,Si,33,65,1,No, ,No, , , , , , , , , , , , , , , , , , , , , , , , , , , , , , , , , , , , , , , , , , , , , , , , , , , , , , , , , , , , ,-6.7775744,-79.8388732
0133,140101,01,CHICLAYO,De 40001 - 80000 Hab,Provincial, , , , , , , ,1,14,1, , , , , , , , , , , , , , , , , , , , , , , , , , , , , , , , , , , , , , , , , , , , , , , , , , , , , , , , , , , , , , , , , , , , , ,102,3,0,0,0,83,15,0,1,14,0,0,0,0,7,6,0,1,35,0,0,0,0,35,0,0,0,0,0,0,0,0,0,0,0,0,7,0,0,0,0,6,1,0,0,3,0,0,0,0,2,1,0,0,3,0,0,0,0,0,3,0,0,6,0,0,0,0,3,3,0,0,7,0,0,0,0,6,1,0,0,3,3,0,0,0,0,0,0,0,24,PUESTO DE AUXILIO RAPIDO,0,0,0,0,24,0,0,0,No, ,No, ,Si,1,No, ,No, ,Si,2,Si,14,Si,14,Si,13,Si,7,Si,1,Si,4,Si,15,Si,31,102,0,Sí,7,No, , , , , , , , , , , , , , , , , , , , , , , , , , , , , , , , , , , , , , , , , , , , , , , , , , , , , , , , , , , , ,-6.76830595,-79.83000309
0134,140101,01,CHICLAYO,De 20001 - 40000 Hab,Provincial, , , , , , , ,1,14,1, , , , , , , , , , , , , , , , , , , , , , , , , , , , , , , , , , , , , , , , , , , , , , , , , , , , , , , , , , , , , , , , , , , , , ,67,3,0,0,0,57,7,0,0,13,2,0,0,0,8,3,0,0,27,0,0,0,0,27,0,0,0,0,0,0,0,0,0,0,0,0,7,0,0,0,0,6,1,0,0,2,0,0,0,0,1,1,0,0,2,0,0,0,0,2,0,0,0,4,0,0,0,0,2,2,0,0,11,0,0,0,0,11,0,0,0,1,1,0,0,0,0,0,0,0,0, ,0,0,0,0,0,0,0,0,No, ,No, ,Si,1,No, ,Si,1,Si,1,Si,9,Si,12,Si,8,No, ,No, ,No, ,Si,8,Si,27,67,0,Sí,3,Sí,1,12, , , , , , , , , , , , , , , , , , , , , , , , , , , , , , , , , , , , , , , ,Ninguna, , , , , , , , , , , , , , , , , , ,-6.76607733,-79.84471269
0135,140102,02,CHONGOYAPE,De 10001 - 20000 Hab,Otros,CENTRO POBLADO, , , , , , , , , , , , , , , , , , , , , , , , , , , , , , , , , , , , , , , , , , , , , , , , , , , , , , , , , , , , , , , , , , , , , , , , , , , , , , ,13,1,0,0,0,12,0,0,0,2,0,0,0,0,2,0,0,0,2,0,0,0,0,2,0,0,0,2,0,0,0,0,2,0,0,0,1,0,0,0,0,1,0,0,0,1,0,0,0,0,1,0,0,0,1,0,0,0,0,1,0,0,0,1,0,0,0,0,1,0,0,0,2,0,0,0,0,2,0,0,0,1,1,0,0,0,0,0,0,0,0, ,0,0,0,0,0,0,0,0,No, ,No, ,No, ,No, ,Si,1,No, ,Si,1,Si,4,No, ,No, ,Si,1,No, ,Si,4,Si,2,13,0,No, ,Sí,1,4, , , , , , , , , , , , , , , , , , , , , , , , , , , , , , , , , , , , , , , ,Almenos una,1,Si,No,No,No,No,No,No,No,No,No,No,Si,No,No,No,No, ,-6.74604247,-79.47916165
0136,140102,02,CHONGOYAPE,De 20001 - 40000 Hab,Distrital, , , , , , , , , , , , , , , , , , , , , , , , , , , , ,1,14,1,2,Si,No, , , , , , , , , , , , , , , , , , , , , , , , , , , , , , , , , , , , , , , , , , , , , ,35,2,0,0,0,30,3,0,0,4,0,0,0,0,3,1,0,0,14,0,0,0,0,14,0,0,0,0,0,0,0,0,0,0,0,0,4,0,0,0,0,4,0,0,0,2,0,0,0,0,2,0,0,0,2,0,0,0,0,0,2,0,0,1,0,0,0,0,1,0,0,0,6,0,0,0,0,6,0,0,0,2,2,0,0,0,0,0,0,0,0, ,0,0,0,0,0,0,0,0,No, ,No, ,No, ,Si,1,Si,1,No, ,Si,3,Si,1,Si,3,Si,3,No, ,Si,2,Si,7,Si,14,35,1,No, ,No, , , , , , , , , , , , , , , , , , , , , , , , , , , , , , , , , , , , , , , , , , , , , , , , , , , , , , , , , , , , ,-6.63659594,-79.39419429
0137,140103,03,ETEN,De 10001 - 20000 Hab,Distrital, , , , , , , , , , , , , , , , , , , , , , , , , , , , ,1,14,1,3,Si,No, , , , , , , , , , , , , , , , , , , , , , , , , , , , , , , , , , , , , , , , , , , , , ,20,0,1,0,0,17,2,0,0,2,0,0,0,0,2,0,0,0,8,0,0,0,0,8,0,0,0,0,0,0,0,0,0,0,0,0,2,0,0,0,0,2,0,0,0,1,0,0,0,0,1,0,0,0,0,0,0,0,0,0,0,0,0,2,0,0,0,0,0,2,0,0,4,0,0,0,0,4,0,0,0,1,0,1,0,0,0,0,0,0,0, ,0,0,0,0,0,0,0,0,No, ,No, ,No, ,Si,1,No, ,No, ,Si,3,Si,3,Si,2,Si,2,No, ,No, ,Si,5,Si,4,20,0,No, ,Sí,2,7,7, , , , , , , , , , , , , , , , , , , , , , , , , , , , , , , , , , , , , , ,Ninguna, , , , , , , , , , , , , , , , , , ,-6.90722048,-79.86165937
0138,140104,04,ETEN PUERTO,Menos de 5000 Hab,Distrital, , , , , , , , , , , , , , , , , , , , , , , , , , , , ,1,14,1,4,Si,No, , , , , , , , , , , , , , , , , , , , , , , , , , , , , , , , , , , , , , , , , , , , , ,26,1,0,0,0,23,2,0,0,3,0,0,0,0,1,2,0,0,6,0,0,0,0,6,0,0,0,4,0,0,0,0,4,0,0,0,2,0,0,0,0,2,0,0,0,0,0,0,0,0,0,0,0,0,0,0,0,0,0,0,0,0,0,2,0,0,0,0,2,0,0,0,8,0,0,0,0,8,0,0,0,1,1,0,0,0,0,0,0,0,0, ,0,0,0,0,0,0,0,0,No, ,No, ,Si,1,No, ,No, ,No, ,Si,4,Si,2,Si,4,Si,4,Si,1,Si,1,Si,2,Si,7,26,0,No, ,No, , , , , , , , , , , , , , , , , , , , , , , , , , , , , , , , , , , , , , , , , , , , , , , , , , , , , , , , , , , , ,-6.92718249,-79.86359473
0139,140105,05,JOSE LEONARDO ORTIZ,De 40001 - 80000 Hab,Distrital, , , , , , , , , , , , , , , , , , , , , , , , , , , , ,1,14,1,5,No,Si, , , , , , , , , , , , , , , , , , , , , , , , , , , , , , , , , , , , , , , , , , , , , ,154,6,0,0,0,139,9,0,0,12,0,0,0,0,9,3,0,0,36,0,0,0,0,36,0,0,0,81,0,0,0,0,78,3,0,0,2,0,0,0,0,2,0,0,0,2,0,0,0,0,2,0,0,0,2,0,0,0,0,2,0,0,0,7,0,0,0,0,4,3,0,0,5,0,0,0,0,5,0,0,0,6,6,0,0,0,0,0,0,0,1,EN PROCESO JUDICIAL,0,0,0,0,1,0,0,0,No, ,Si,1,No, ,Si,2,Si,1,Si,2,Si,19,Si,18,Si,19,Si,19,Si,9,Si,8,Si,13,Si,43,154,0,Sí,10,No, , , , , , , , , , , , , , , , , , , , , , , , , , , , , , , , , , , , , , , , , , , , , , , , , , , , , , , , , , , , ,-6.75261187,-79.84265129
0140,140105,05,JOSE LEONARDO ORTIZ,De 10001 - 20000 Hab,Distrital, , , , , , , , , , , , , , , , , , , , , , , , , , , , ,1,14,1,5,No,Si, , , , , , , , , , , , , , , , , , , , , , , , , , , , , , , , , , , , , , , , , , , , , ,124,3,1,0,0,103,17,0,0,13,0,1,0,0,8,4,0,0,37,1,0,0,0,36,0,0,0,32,0,0,0,0,27,5,0,0,6,1,0,0,0,4,1,0,0,3,0,0,0,0,2,1,0,0,3,0,0,0,0,0,3,0,0,5,0,0,0,0,2,3,0,0,9,0,0,0,0,9,0,0,0,1,1,0,0,0,0,0,0,0,15,PUESTO DE RESPUESTA INMEDIATA,0,0,0,0,15,0,0,0,No, ,No, ,Si,1,Si,1,No, ,Si,2,Si,14,Si,10,Si,6,Si,5,Si,4,Si,4,Si,17,Si,60,124,0,No, ,Sí,2,10,10, , , , , , , , , , , , , , , , , , , , , , , , , , , , , , , , , , , , , , ,Ninguna, , , , , , , , , , , , , , , , , , ,-6.75910468,-79.82570635
0141,140106,06,LA VICTORIA,De 80001 a más Hab,Distrital, , , , , , , , , , , , , , , , , , , , , , , , , , , , ,1,14,1,6,Si,No, , , , , , , , , , , , , , , , , , , , , , , , , , , , , , , , , , , , , , , , , , , , , ,92,5,1,0,0,67,18,1,0,7,1,0,0,0,3,3,0,0,37,3,0,0,0,33,1,0,0,10,0,0,0,0,7,3,0,0,9,0,0,0,0,7,2,0,0,2,0,0,0,0,2,0,0,0,5,0,0,0,0,1,4,0,0,9,0,1,0,0,2,5,1,0,12,0,0,0,0,12,0,0,0,1,1,0,0,0,0,0,0,0,0, ,0,0,0,0,0,0,0,0,No, ,Si,1,No, ,Si,1,Si,1,Si,3,Si,7,Si,11,Si,10,Si,5,Si,5,Si,1,Si,17,Si,30,92,0,No, ,Sí,2,10,10, , , , , , , , , , , , , , , , , , , , , , , , , , , , , , , , , , , , , , ,Almenos una,1,No,Si,No,Si,No,No,No,No,No,No,No,Si,No,No,No,No, ,-6.798673,-79.835768
0142,140107,07,LAGUNAS,De 5000 - 10000 Hab,Distrital, , , , , , , , , , , , , , , , , , , , , , , , , , , , ,1,14,1,7,Si,No, , , , , , , , , , , , , , , , , , , , , , , , , , , , , , , , , , , , , , , , , , , , , ,28,1,0,0,0,24,3,0,0,1,0,0,0,0,1,0,0,0,11,0,0,0,0,11,0,0,0,1,0,0,0,0,0,1,0,0,3,0,0,0,0,2,1,0,0,0,0,0,0,0,0,0,0,0,0,0,0,0,0,0,0,0,0,1,0,0,0,0,0,1,0,0,2,0,0,0,0,2,0,0,0,1,1,0,0,0,0,0,0,0,8,SEGURIDAD DE LAS INSTALACIONES DEL COMPLEJO Y CORRESPONDENCIA,0,0,0,0,8,0,0,0,No, ,No, ,No, ,Si,1,No, ,No, ,Si,2,Si,5,Si,3,Si,1,Si,1,No, ,Si,2,Si,13,28,0,No, ,Sí,2,5,5, , , , , , , , , , , , , , , , , , , , , , , , , , , , , , , , , , , , , , ,Ninguna, , , , , , , , , , , , , , , , , , ,-6.99077362,-79.62200408
0143,140108,08,MONSEFU,De 20001 - 40000 Hab,Distrital, , , , , , , , , , , , , , , , , , , , , , , , , , , , ,1,14,1,8,Si,No, , , , , , , , , , , , , , , , , , , , , , , , , , , , , , , , , , , , , , , , , , , , , ,39,3,0,0,0,32,4,0,0,4,0,0,0,0,1,3,0,0,22,2,0,0,0,19,1,0,0,1,0,0,0,0,1,0,0,0,2,0,0,0,0,2,0,0,0,2,0,0,0,0,2,0,0,0,0,0,0,0,0,0,0,0,0,2,0,0,0,0,2,0,0,0,5,0,0,0,0,5,0,0,0,1,1,0,0,0,0,0,0,0,0, ,0,0,0,0,0,0,0,0,No, ,No, ,Si,1,Si,1,No, ,Si,1,Si,5,Si,5,Si,3,Si,2,Si,3,Si,1,Si,3,Si,14,39,0,No, ,No, , , , , , , , , , , , , , , , , , , , , , , , , , , , , , , , , , , , , , , , , , , , , , , , , , , , , , , , , , , , ,-6.87796991,-79.87231319
0144,140109,09,NUEVA ARICA,De 10001 - 20000 Hab,Distrital, , , , , , , , , , , , , , , , , , , , , , , , , , , , ,1,14,1,9,No,Si, , , , , , , , , , , , , , , , , , , , , , , , , , , , , , , , , , , , , , , , , , , , , ,11,0,0,0,0,10,1,0,0,1,0,0,0,0,1,0,0,0,4,0,0,0,0,4,0,0,0,2,0,0,0,0,2,0,0,0,0,0,0,0,0,0,0,0,0,0,0,0,0,0,0,0,0,0,0,0,0,0,0,0,0,0,0,1,0,0,0,0,0,1,0,0,2,0,0,0,0,2,0,0,0,1,0,0,0,0,1,0,0,0,0, ,0,0,0,0,0,0,0,0,No, ,No, ,No, ,No, ,No, ,No, ,Si,1,No, ,Si,2,Si,2,No, ,Si,1,Si,1,Si,4,11,0,No, ,No, , , , , , , , , , , , , , , , , , , , , , , , , , , , , , , , , , , , , , , , , , , , , , , , , , , , , , , , , , , , ,-6.87425603,-79.34384129
0145,140110,10,OYOTUN,De 20001 - 40000 Hab,Distrital, , , , , , , , , , , , , , , , , , , , , , , , , , , , ,1,14,1,10,Si,No, , , , , , , , , , , , , , , , , , , , , , , , , , , , , , , , , , , , , , , , , , , , , ,9,0,0,0,0,9,0,0,0,1,0,0,0,0,1,0,0,0,4,0,0,0,0,4,0,0,0,0,0,0,0,0,0,0,0,0,0,0,0,0,0,0,0,0,0,1,0,0,0,0,1,0,0,0,0,0,0,0,0,0,0,0,0,1,0,0,0,0,1,0,0,0,1,0,0,0,0,1,0,0,0,1,0,0,0,0,1,0,0,0,0, ,0,0,0,0,0,0,0,0,No, ,No, ,No, ,No, ,No, ,No, ,Si,1,Si,1,Si,4,Si,2,No, ,Si,1,No, ,No, ,9,0,No, ,Sí,1,3, , , , , , , , , , , , , , , , , , , , , , , , , , , , , , , , , , , , , , , ,Ninguna, , , , , , , , , , , , , , , , , , ,-6.84643454,-79.30194352
0146,140111,11,PICSI,De 80001 a más Hab,Distrital, , , , , , , , , , , , , , , , , , , , , , , , , , , , ,1,14,1,11,Si,No, , , , , , , , , , , , , , , , , , , , , , , , , , , , , , , , , , , , , , , , , , , , , ,23,1,0,0,0,20,2,0,0,4,0,0,0,0,2,2,0,0,11,0,0,0,0,11,0,0,0,0,0,0,0,0,0,0,0,0,2,0,0,0,0,2,0,0,0,0,0,0,0,0,0,0,0,0,0,0,0,0,0,0,0,0,0,1,0,0,0,0,1,0,0,0,2,0,0,0,0,2,0,0,0,1,1,0,0,0,0,0,0,0,2,SEGURIDAD DE LAS INSTALACIONES DEL COMPLEJO,0,0,0,0,2,0,0,0,No, ,No, ,Si,1,No, ,No, ,No, ,Si,4,Si,1,No, ,No, ,No, ,No, ,Si,2,Si,15,23,0,No, ,Sí,1,10, , , , , , , , , , , , , , , , , , , , , , , , , , , , , , , , , , , , , , , ,Almenos una,1,No,No,No,No,No,No,No,No,No,No,Si,No,No,No,No,No, ,-6.71468998,-79.77079465
0147,140112,12,PIMENTEL,De 40001 - 80000 Hab,Distrital, , , , , , , , , , , , , , , , , , , , , , , , , , , , ,1,14,1,12,Si,No, , , , , , , , , , , , , , , , , , , , , , , , , , , , , , , , , , , , , , , , , , , , , ,39,1,1,0,0,34,3,0,0,6,0,1,0,0,3,2,0,0,17,0,0,0,0,17,0,0,0,0,0,0,0,0,0,0,0,0,2,0,0,0,0,2,0,0,0,2,0,0,0,0,1,1,0,0,2,0,0,0,0,2,0,0,0,2,0,0,0,0,2,0,0,0,7,0,0,0,0,7,0,0,0,1,1,0,0,0,0,0,0,0,0, ,0,0,0,0,0,0,0,0,No, ,Si,1,No, ,No, ,No, ,Si,1,Si,2,Si,3,Si,1,Si,4,Si,3,No, ,Si,8,Si,16,39,0,No, ,No, , , , , , , , , , , , , , , , , , , , , , , , , , , , , , , , , , , , , , , , , , , , , , , , , , , , , , , , , , , , ,-6.83486523,-79.93584375
0148,140113,13,REQUE,De 20001 - 40000 Hab,Distrital, , , , , , , , , , , , , , , , , , , , , , , , , , , , ,1,14,1,13,Si,No, , , , , , , , , , , , , , , , , , , , , , , , , , , , , , , , , , , , , , , , , , , , , ,32,1,0,0,0,28,3,0,0,3,0,0,0,0,2,1,0,0,16,0,0,0,0,16,0,0,0,4,0,0,0,0,3,1,0,0,1,0,0,0,0,1,0,0,0,1,0,0,0,0,1,0,0,0,1,0,0,0,0,1,0,0,0,2,0,0,0,0,1,1,0,0,2,0,0,0,0,2,0,0,0,2,1,0,0,0,1,0,0,0,0, ,0,0,0,0,0,0,0,0,No, ,No, ,Si,1,No, ,No, ,No, ,Si,4,Si,2,Si,5,Si,3,Si,1,Si,1,Si,4,Si,11,32,0,No, ,Sí,2,5,5, , , , , , , , , , , , , , , , , , , , , , , , , , , , , , , , , , , , , , ,Ninguna, , , , , , , , , , , , , , , , , , ,-6.86326013,-79.81844693
0149,140114,14,SANTA ROSA,De 10001 - 20000 Hab,Distrital, , , , , , , , , , , , , , , , , , , , , , , , , , , , ,1,14,1,14,Si,No, , , , , , , , , , , , , , , , , , , , , , , , , , , , , , , , , , , , , , , , , , , , , ,23,1,0,0,0,20,2,0,0,4,0,0,0,0,2,2,0,0,9,0,0,0,0,9,0,0,0,3,0,0,0,0,3,0,0,0,1,0,0,0,0,1,0,0,0,1,0,0,0,0,1,0,0,0,0,0,0,0,0,0,0,0,0,2,0,0,0,0,2,0,0,0,2,0,0,0,0,2,0,0,0,1,1,0,0,0,0,0,0,0,0, ,0,0,0,0,0,0,0,0,No, ,No, ,No, ,Si,1,No, ,No, ,Si,3,Si,5,Si,6,Si,1,Si,1,Si,1,Si,4,Si,1,23,0,No, ,Sí,1,4, , , , , , , , , , , , , , , , , , , , , , , , , , , , , , , , , , , , , , , ,Almenos una,1,No,Si,No,No,No,No,No,No,Si,No,No,No,No,No,No,Si,CONOS,-6.87972981,-79.92338899
0150,140115,15,SAÑA,De 20001 - 40000 Hab,Distrital, , , , , , , , , , , , , , , , , , , , , , , , , , , , ,1,14,1,15,Si,No, , , , , , , , , , , , , , , , , , , , , , , , , , , , , , , , , , , , , , , , , , , , , ,14,1,0,0,0,13,0,0,0,2,0,0,0,0,2,0,0,0,6,0,0,0,0,6,0,0,0,0,0,0,0,0,0,0,0,0,0,0,0,0,0,0,0,0,0,2,0,0,0,0,2,0,0,0,0,0,0,0,0,0,0,0,0,1,0,0,0,0,1,0,0,0,2,0,0,0,0,2,0,0,0,1,1,0,0,0,0,0,0,0,0, ,0,0,0,0,0,0,0,0,No, ,No, ,No, ,No, ,Si,1,No, ,Si,2,Si,5,Si,2,Si,1,No, ,No, ,Si,3,No, ,14,0,No, ,Sí,1,3, , , , , , , , , , , , , , , , , , , , , , , , , , , , , , , , , , , , , , , ,Ninguna, , , , , , , , , , , , , , , , , , ,-6.92376,-79.583015
0151,140115,15,SAÑA,De 10001 - 20000 Hab,Distrital, , , , , , , , , , , , , , , , , , , , , , , , , , , , ,1,14,1,15,No,Si, , , , , , , , , , , , , , , , , , , , , , , , , , , , , , , , , , , , , , , , , , , , , ,16,1,0,0,0,15,0,0,0,1,0,0,0,0,1,0,0,0,6,0,0,0,0,6,0,0,0,4,0,0,0,0,4,0,0,0,0,0,0,0,0,0,0,0,0,1,0,0,0,0,1,0,0,0,0,0,0,0,0,0,0,0,0,1,0,0,0,0,1,0,0,0,2,0,0,0,0,2,0,0,0,1,1,0,0,0,0,0,0,0,0, ,0,0,0,0,0,0,0,0,No, ,No, ,No, ,Si,1,No, ,No, ,Si,1,Si,1,Si,2,Si,1,No, ,Si,1,Si,4,Si,5,16,0,Sí,1,No, , , , , , , , , , , , , , , , , , , , , , , , , , , , , , , , , , , , , , , , , , , , , , , , , , , , , , , , , , , , ,-6.8117834,-79.64041278
0152,140116,16,CAYALTI,De 10001 - 20000 Hab,Distrital, , , , , , , , , , , , , , , , , , , , , , , , , , , , ,1,14,1,16,Si,No, , , , , , , , , , , , , , , , , , , , , , , , , , , , , , , , , , , , , , , , , , , , , ,25,1,0,0,0,22,2,0,0,5,0,0,0,0,5,0,0,0,8,0,0,0,0,8,0,0,0,2,0,0,0,0,2,0,0,0,2,0,0,0,0,2,0,0,0,1,0,0,0,0,1,0,0,0,0,0,0,0,0,0,0,0,0,2,0,0,0,0,0,2,0,0,4,0,0,0,0,4,0,0,0,1,1,0,0,0,0,0,0,0,0, ,0,0,0,0,0,0,0,0,No, ,No, ,Si,1,No, ,No, ,No, ,Si,3,Si,4,Si,3,Si,2,Si,2,Si,1,Si,3,Si,6,25,0,Sí,3,Sí,1,12, , , , , , , , , , , , , , , , , , , , , , , , , , , , , , , , , , , , , , , ,Ninguna, , , , , , , , , , , , , , , , , , ,-6.89144842,-79.56137574
0153,140117,17,PATAPO,De 40001 - 80000 Hab,Distrital, , , , , , , , , , , , , , , , , , , , , , , , , , , , ,1,14,1,17,Si,No, , , , , , , , , , , , , , , , , , , , , , , , , , , , , , , , , , , , , , , , , , , , , ,26,1,0,0,0,24,1,0,0,3,0,0,0,0,3,0,0,0,10,0,0,0,0,10,0,0,0,3,0,0,0,0,3,0,0,0,1,0,0,0,0,1,0,0,0,1,0,0,0,0,1,0,0,0,1,0,0,0,0,1,0,0,0,1,0,0,0,0,1,0,0,0,3,0,0,0,0,2,1,0,0,1,1,0,0,0,0,0,0,0,2,PUESTO DE AUXILIO RAPIDO,0,0,0,0,2,0,0,0,No, ,No, ,No, ,Si,1,No, ,No, ,Si,1,Si,6,Si,3,Si,4,Si,2,No, ,Si,4,Si,5,26,0,Sí,1,Sí,2,6,6, , , , , , , , , , , , , , , , , , , , , , , , , , , , , , , , , , , , , , ,Ninguna, , , , , , , , , , , , , , , , , , ,-6.73773795,-79.64038217
0154,140117,17,PATAPO,De 10001 - 20000 Hab,Otros,CENTRO POBLADO, , , , , , , , , , , , , , , , , , , , , , , , , , , , , , , , , , , , , , , , , , , , , , , , , , , , , , , , , , , , , , , , , , , , , , , , , , , , , , ,17,1,0,0,0,15,1,0,0,2,0,0,0,0,2,0,0,0,6,0,0,0,0,6,0,0,0,0,0,0,0,0,0,0,0,0,1,0,0,0,0,1,0,0,0,1,0,0,0,0,1,0,0,0,1,0,0,0,0,1,0,0,0,1,0,0,0,0,0,1,0,0,4,0,0,0,0,4,0,0,0,1,1,0,0,0,0,0,0,0,0, ,0,0,0,0,0,0,0,0,No, ,No, ,No, ,No, ,No, ,Si,1,No, ,Si,1,Si,3,Si,1,No, ,No, ,Si,6,Si,5,17,0,Sí,1,No, , , , , , , , , , , , , , , , , , , , , , , , , , , , , , , , , , , , , , , , , , , , , , , , , , , , , , , , , , , , ,-6.73519227,-79.63468427
0155,140118,18,POMALCA,De 20001 - 40000 Hab,Distrital, , , , , , , , , , , , , , , , , , , , , , , , , , , , ,1,14,1,18,Si,No, , , , , , , , , , , , , , , , , , , , , , , , , , , , , , , , , , , , , , , , , , , , , ,40,1,0,0,0,36,3,0,0,6,0,0,0,0,5,1,0,0,20,0,0,0,0,20,0,0,0,0,0,0,0,0,0,0,0,0,2,0,0,0,0,2,0,0,0,2,0,0,0,0,2,0,0,0,2,0,0,0,0,1,1,0,0,2,0,0,0,0,1,1,0,0,5,0,0,0,0,5,0,0,0,1,1,0,0,0,0,0,0,0,0, ,0,0,0,0,0,0,0,0,No, ,No, ,No, ,Si,1,No, ,No, ,Si,2,Si,5,Si,7,Si,1,Si,1,Si,4,Si,6,Si,13,40,0,No, ,Sí,1,18, , , , , , , , , , , , , , , , , , , , , , , , , , , , , , , , , , , , , , , ,Ninguna, , , , , , , , , , , , , , , , , , ,-6.76930383,-79.77265477
0156,140120,20,TUMAN,De 40001 - 80000 Hab,Distrital, , , , , , , , , , , , , , , , , , , , , , , , , , , , ,1,14,1,20,Si,No, , , , , , , , , , , , , , , , , , , , , , , , , , , , , , , , , , , , , , , , , , , , , ,65,3,0,0,0,59,3,0,0,6,0,0,0,0,4,2,0,0,22,0,0,0,0,22,0,0,0,16,0,0,0,0,16,0,0,0,6,0,0,0,0,6,0,0,0,2,0,0,0,0,2,0,0,0,2,0,0,0,0,1,1,0,0,2,0,0,0,0,2,0,0,0,6,0,0,0,0,6,0,0,0,3,3,0,0,0,0,0,0,0,0, ,0,0,0,0,0,0,0,0,No, ,No, ,Si,1,No, ,No, ,Si,2,Si,4,Si,3,Si,3,Si,2,Si,2,Si,2,Si,20,Si,26,65,0,No, ,Sí,2,30,30, , , , , , , , , , , , , , , , , , , , , , , , , , , , , , , , , , , , , , ,Ninguna, , , , , , , , , , , , , , , , , , ,-6.749977,-79.70303654
0157,140119,19,PUCALA,De 20001 - 40000 Hab,Distrital, , , , , , , , , , , , , , , , , , , , , , , , , , , , ,1,14,1,19,Si,No, , , , , , , , , , , , , , , , , , , , , , , , , , , , , , , , , , , , , , , , , , , , , ,20,1,0,0,0,15,4,0,0,2,0,0,0,0,0,2,0,0,10,0,0,0,0,10,0,0,0,0,0,0,0,0,0,0,0,0,0,0,0,0,0,0,0,0,0,2,0,0,0,0,2,0,0,0,0,0,0,0,0,0,0,0,0,2,0,0,0,0,0,2,0,0,3,0,0,0,0,3,0,0,0,1,1,0,0,0,0,0,0,0,0, ,0,0,0,0,0,0,0,0,No, ,No, ,No, ,Si,1,No, ,No, ,Si,3,Si,4,No, ,Si,1,No, ,Si,1,Si,3,Si,7,20,0,No, ,No, , , , , , , , , , , , , , , , , , , , , , , , , , , , , , , , , , , , , , , , , , , , , , , , , , , , , , , , , , , , ,-6.7801603,-79.6108792
0158,140120,20,TUMAN,De 5000 - 10000 Hab,Otros,CENTRO POBLADO, , , , , , , , , , , , , , , , , , , , , , , , , , , , , , , , , , , , , , , , , , , , , , , , , , , , , , , , , , , , , , , , , , , , , , , , , , , , , , ,13,1,0,0,0,10,2,0,0,1,0,0,0,0,1,0,0,0,6,0,0,0,0,6,0,0,0,0,0,0,0,0,0,0,0,0,1,0,0,0,0,1,0,0,0,0,0,0,0,0,0,0,0,0,1,0,0,0,0,0,1,0,0,1,0,0,0,0,0,1,0,0,2,0,0,0,0,2,0,0,0,1,1,0,0,0,0,0,0,0,0, ,0,0,0,0,0,0,0,0,No, ,No, ,No, ,Si,1,No, ,No, ,Si,2,Si,1,Si,3,No, ,Si,1,No, ,Si,2,Si,3,13,0,No, ,Sí,1,13, , , , , , , , , , , , , , , , , , , , , , , , , , , , , , , , , , , , , , , ,Ninguna, , , , , , , , , , , , , , , , , , ,-6.77877084,-79.67878803
0159,140201,01,FERREÑAFE,De 80001 a más Hab,Provincial, , , , , , , ,1,14,2, , , , , , , , , , , , , , , , , , , , , , , , , , , , , , , , , , , , , , , , , , , , , , , , , , , , , , , , , , , , , , , , , , , , , ,88,4,0,0,0,71,13,0,0,17,0,0,0,0,11,6,0,0,36,0,0,0,0,36,0,0,0,0,0,0,0,0,0,0,0,0,9,1,0,0,0,8,0,0,0,5,1,0,0,0,1,3,0,0,5,1,0,0,0,1,3,0,0,3,0,0,0,0,2,1,0,0,10,0,0,0,0,10,0,0,0,1,1,0,0,0,0,0,0,0,2,SOMETIDOS A LEY,0,0,0,0,2,0,0,0,No, ,Si,1,No, ,Si,1,No, ,Si,2,Si,4,Si,13,Si,18,Si,3,Si,2,Si,3,Si,15,Si,26,88,1,Sí,12,Sí,6,10,10,10,10,10,10, , , , , , , , , , , , , , , , , , , , , , , , , , , , , , , , , , ,Ninguna, , , , , , , , , , , , , , , , , , ,-6.63520723,-79.7911479
0160,140203,03,INCAHUASI,De 10001 - 20000 Hab,Distrital, , , , , , , , , , , , , , , , , , , , , , , , , , , , ,1,14,2,3,Si,No, , , , , , , , , , , , , , , , , , , , , , , , , , , , , , , , , , , , , , , , , , , , , ,10,0,0,0,0,10,0,0,0,0,0,0,0,0,0,0,0,0,2,0,0,0,0,2,0,0,0,1,0,0,0,0,1,0,0,0,1,0,0,0,0,1,0,0,0,2,0,0,0,0,2,0,0,0,1,0,0,0,0,1,0,0,0,1,0,0,0,0,1,0,0,0,1,0,0,0,0,1,0,0,0,1,0,0,0,0,1,0,0,0,0, ,0,0,0,0,0,0,0,0,No, ,No, ,No, ,No, ,No, ,No, ,Si,1,No, ,Si,3,Si,1,Si,1,No, ,No, ,Si,4,10,0,No, ,No, , , , , , , , , , , , , , , , , , , , , , , , , , , , , , , , , , , , , , , , , , , , , , , , , , , , , , , , , , , , ,-6.23578185,-79.3162728
0161,140203,03,INCAHUASI,De 5000 - 10000 Hab,Otros,CENTRO POBLADO, , , , , , , , , , , , , , , , , , , , , , , , , , , , , , , , , , , , , , , , , , , , , , , , , , , , , , , , , , , , , , , , , , , , , , , , , , , , , , ,7,0,0,0,0,7,0,0,0,1,0,0,0,0,1,0,0,0,1,0,0,0,0,1,0,0,0,1,0,0,0,0,1,0,0,0,1,0,0,0,0,1,0,0,0,0,0,0,0,0,0,0,0,0,0,0,0,0,0,0,0,0,0,1,0,0,0,0,1,0,0,0,1,0,0,0,0,1,0,0,0,1,0,0,0,0,1,0,0,0,0, ,0,0,0,0,0,0,0,0,No, ,No, ,No, ,No, ,No, ,No, ,No, ,Si,1,Si,3,Si,1,No, ,No, ,No, ,Si,2,7,0,No, ,No, , , , , , , , , , , , , , , , , , , , , , , , , , , , , , , , , , , , , , , , , , , , , , , , , , , , , , , , , , , , ,-6.21932842,-79.36064768
0162,140205,05,PITIPO,De 40001 - 80000 Hab,Distrital, , , , , , , , , , , , , , , , , , , , , , , , , , , , ,1,14,2,5,Si,No, , , , , , , , , , , , , , , , , , , , , , , , , , , , , , , , , , , , , , , , , , , , , ,14,1,0,0,0,12,1,0,0,1,0,0,0,0,0,1,0,0,6,0,0,0,0,6,0,0,0,1,0,0,0,0,1,0,0,0,2,0,0,0,0,2,0,0,0,0,0,0,0,0,0,0,0,0,0,0,0,0,0,0,0,0,0,1,0,0,0,0,1,0,0,0,2,0,0,0,0,2,0,0,0,1,1,0,0,0,0,0,0,0,0, ,0,0,0,0,0,0,0,0,No, ,No, ,No, ,No, ,Si,1,No, ,Si,1,No, ,Si,1,Si,2,Si,2,Si,2,Si,3,Si,2,14,0,No, ,Sí,2,7,7, , , , , , , , , , , , , , , , , , , , , , , , , , , , , , , , , , , , , , ,Ninguna, , , , , , , , , , , , , , , , , , ,-6.4831992,-79.6541801
0163,140301,01,LAMBAYEQUE,De 40001 - 80000 Hab,Distrital, , , , , , , , , , , , , , , , , , , , , , , , , , , , ,1,14,3,1,No,Si, , , , , , , , , , , , , , , , , , , , , , , , , , , , , , , , , , , , , , , , , , , , , ,92,5,1,0,0,77,9,0,0,5,0,0,0,0,4,1,0,0,30,0,0,0,0,30,0,0,0,2,0,0,0,0,2,0,0,0,7,0,0,0,0,7,0,0,0,3,0,0,0,0,2,1,0,0,2,0,0,0,0,0,2,0,0,3,0,0,0,0,2,1,0,0,9,0,0,0,0,9,0,0,0,6,5,1,0,0,0,0,0,0,25,POLICIA JUDICIAL,0,0,0,0,21,4,0,0,No, ,Si,1,No, ,Si,2,Si,1,Si,2,Si,10,Si,12,Si,16,Si,9,Si,2,Si,6,Si,10,Si,21,92,0,No, ,Sí,2,6,6, , , , , , , , , , , , , , , , , , , , , , , , , , , , , , , , , , , , , , ,Ninguna, , , , , , , , , , , , , , , , , , ,-6.70112701,-79.90658736
0164,140301,01,LAMBAYEQUE,De 10001 - 20000 Hab,Distrital, , , , , , , , , , , , , , , , , , , , , , , , , , , , ,1,14,3,1,No,Si, , , , , , , , , , , , , , , , , , , , , , , , , , , , , , , , , , , , , , , , , , , , , ,25,1,0,0,0,22,2,0,0,3,0,0,0,0,2,1,0,0,9,0,0,0,0,9,0,0,0,0,0,0,0,0,0,0,0,0,2,0,0,0,0,2,0,0,0,2,0,0,0,0,2,0,0,0,1,0,0,0,0,0,1,0,0,1,0,0,0,0,1,0,0,0,6,0,0,0,0,6,0,0,0,1,1,0,0,0,0,0,0,0,0, ,0,0,0,0,0,0,0,0,No, ,No, ,Si,1,No, ,No, ,No, ,Si,4,Si,1,Si,2,Si,2,No, ,No, ,Si,7,Si,8,25,0,Sí,2,Sí,1,3, , , , , , , , , , , , , , , , , , , , , , , , , , , , , , , , , , , , , , , ,Ninguna, , , , , , , , , , , , , , , , , , ,-6.70812895,-79.91431189
0165,140303,03,ILLIMO,De 5000 - 10000 Hab,Distrital, , , , , , , , , , , , , , , , , , , , , , , , , , , , ,1,14,3,3,Si,No, , , , , , , , , , , , , , , , , , , , , , , , , , , , , , , , , , , , , , , , , , , , , ,20,0,1,0,0,18,1,0,0,2,0,0,0,0,2,0,0,0,4,0,0,0,0,4,0,0,0,6,0,0,0,0,6,0,0,0,1,0,0,0,0,1,0,0,0,1,0,0,0,0,1,0,0,0,1,0,0,0,0,1,0,0,0,2,0,0,0,0,1,1,0,0,2,0,0,0,0,2,0,0,0,1,0,1,0,0,0,0,0,0,0, ,0,0,0,0,0,0,0,0,No, ,No, ,No, ,Si,1,No, ,No, ,Si,1,Si,1,Si,5,Si,3,No, ,No, ,Si,3,Si,6,20,0,Sí,2,No, , , , , , , , , , , , , , , , , , , , , , , , , , , , , , , , , , , , , , , , , , , , , , , , , , , , , , , , , , , , ,-6.474655,-79.855252
0166,140304,04,JAYANCA,De 10001 - 20000 Hab,Distrital, , , , , , , , , , , , , , , , , , , , , , , , , , , , ,1,14,3,4,Si,No, , , , , , , , , , , , , , , , , , , , , , , , , , , , , , , , , , , , , , , , , , , , , ,18,1,0,0,0,15,2,0,0,1,0,0,0,0,0,1,0,0,4,0,0,0,0,4,0,0,0,4,0,0,0,0,3,1,0,0,1,0,0,0,0,1,0,0,0,1,0,0,0,0,1,0,0,0,1,0,0,0,0,1,0,0,0,1,0,0,0,0,1,0,0,0,4,0,0,0,0,4,0,0,0,1,1,0,0,0,0,0,0,0,0, ,0,0,0,0,0,0,0,0,No, ,No, ,No, ,Si,1,No, ,No, ,Si,1,Si,5,Si,2,Si,2,No, ,Si,1,Si,3,Si,3,18,0,Sí,2,Sí,2,4,4, , , , , , , , , , , , , , , , , , , , , , , , , , , , , , , , , , , , , , ,Almenos una,2,No,Si,No,Si,No,No,No,No,Si,Si,Si,Si,No,Si,No,No, ,-6.39140043,-79.82291111
0167,140305,05,MOCHUMI,De 20001 - 40000 Hab,Distrital, , , , , , , , , , , , , , , , , , , , , , , , , , , , ,1,14,3,5,Si,No, , , , , , , , , , , , , , , , , , , , , , , , , , , , , , , , , , , , , , , , , , , , , ,18,1,0,0,0,16,1,0,0,4,0,0,0,0,3,1,0,0,2,0,0,0,0,2,0,0,0,2,0,0,0,0,2,0,0,0,1,0,0,0,0,1,0,0,0,1,0,0,0,0,1,0,0,0,1,0,0,0,0,1,0,0,0,1,0,0,0,0,1,0,0,0,5,0,0,0,0,5,0,0,0,1,1,0,0,0,0,0,0,0,0, ,0,0,0,0,0,0,0,0,No, ,No, ,No, ,No, ,Si,1,No, ,Si,3,Si,2,Si,1,No, ,Si,1,No, ,Si,3,Si,7,18,0,Sí,2,Sí,2,2,2, , , , , , , , , , , , , , , , , , , , , , , , , , , , , , , , , , , , , , ,Ninguna, , , , , , , , , , , , , , , , , , ,-6.5511264,-79.86651798
0168,140306,06,MORROPE,De 20001 - 40000 Hab,Distrital, , , , , , , , , , , , , , , , , , , , , , , , , , , , ,1,14,3,6,No,Si, , , , , , , , , , , , , , , , , , , , , , , , , , , , , , , , , , , , , , , , , , , , , ,23,1,0,0,0,20,2,0,0,2,0,0,0,0,2,0,0,0,8,0,0,0,0,8,0,0,0,4,0,0,0,0,4,0,0,0,1,0,0,0,0,1,0,0,0,1,0,0,0,0,1,0,0,0,1,0,0,0,0,1,0,0,0,2,0,0,0,0,1,1,0,0,3,0,0,0,0,2,1,0,0,1,1,0,0,0,0,0,0,0,0, ,0,0,0,0,0,0,0,0,No, ,No, ,Si,1,No, ,No, ,No, ,Si,1,Si,3,Si,2,Si,1,Si,2,Si,2,Si,4,Si,7,23,0,No, ,Sí,2,6,7, , , , , , , , , , , , , , , , , , , , , , , , , , , , , , , , , , , , , , ,Ninguna, , , , , , , , , , , , , , , , , , ,-6.54058378,-80.01568366
0169,140306,06,MORROPE,De 10001 - 20000 Hab,Distrital, , , , , , , , , , , , , , , , , , , , , , , , , , , , ,1,14,3,6,No,Si, , , , , , , , , , , , , , , , , , , , , , , , , , , , , , , , , , , , , , , , , , , , , ,10,1,0,0,0,9,0,0,0,2,0,0,0,0,2,0,0,0,4,0,0,0,0,4,0,0,0,0,0,0,0,0,0,0,0,0,0,0,0,0,0,0,0,0,0,1,0,0,0,0,1,0,0,0,0,0,0,0,0,0,0,0,0,1,0,0,0,0,1,0,0,0,1,0,0,0,0,1,0,0,0,1,1,0,0,0,0,0,0,0,0, ,0,0,0,0,0,0,0,0,No, ,No, ,No, ,No, ,Si,1,No, ,Si,1,No, ,Si,4,No, ,Si,2,No, ,No, ,Si,2,10,0,No, ,Sí,1,3, , , , , , , , , , , , , , , , , , , , , , , , , , , , , , , , , , , , , , , ,Ninguna, , , , , , , , , , , , , , , , , , ,-6.51352711,-79.96060618
0170,140307,07,MOTUPE,De 10001 - 20000 Hab,Distrital, , , , , , , , , , , , , , , , , , , , , , , , , , , , ,1,14,3,7,Si,No, , , , , , , , , , , , , , , , , , , , , , , , , , , , , , , , , , , , , , , , , , , , , ,31,1,0,0,0,29,0,1,0,2,0,0,0,0,2,0,0,0,8,0,0,0,0,8,0,0,0,8,0,0,0,0,8,0,0,0,3,0,0,0,0,3,0,0,0,1,0,0,0,0,1,0,0,0,0,0,0,0,0,0,0,0,0,1,0,0,0,0,1,0,0,0,6,0,0,0,0,6,0,0,0,1,1,0,0,0,0,0,0,0,1,CHOFER,0,0,0,0,0,0,1,0,No, ,No, ,Si,1,No, ,No, ,No, ,Si,3,Si,6,Si,5,Si,3,Si,1,Si,1,No, ,Si,11,31,0,Sí,6,Sí,1,10, , , , , , , , , , , , , , , , , , , , , , , , , , , , , , , , , , , , , , , ,Almenos una,1,Si,Si,Si,Si,No,No,No,No,Si,No,No,Si,No,Si,No,No, ,-6.15386685,-79.71229043
0171,140308,08,OLMOS,De 20001 - 40000 Hab,Distrital, , , , , , , , , , , , , , , , , , , , , , , , , , , , ,3,14,3,7,Si,No,14,3,10,Si,No,14,3,8,Si,No, , , , , , , , , , , , , , , , , , , , , , , , , , , , , , , , , , , ,43,1,0,0,0,42,0,0,0,2,0,0,0,0,2,0,0,0,16,0,0,0,0,16,0,0,0,13,0,0,0,0,13,0,0,0,4,0,0,0,0,4,0,0,0,0,0,0,0,0,0,0,0,0,0,0,0,0,0,0,0,0,0,1,0,0,0,0,1,0,0,0,2,0,0,0,0,2,0,0,0,1,1,0,0,0,0,0,0,0,4,APOYO A LA JUSTICIA,0,0,0,0,4,0,0,0,No, ,No, ,Si,1,No, ,No, ,No, ,Si,3,Si,4,Si,5,Si,4,No, ,Si,1,Si,11,Si,14,43,0,Sí,2,Sí,4,10,10,10,10, , , , , , , , , , , , , , , , , , , , , , , , , , , , , , , , , , , , ,Ninguna, , , , , , , , , , , , , , , , , , ,-5.98747608,-79.74313371
0172,140309,09,PACORA,De 5000 - 10000 Hab,Distrital, , , , , , , , , , , , , , , , , , , , , , , , , , , , ,1,14,3,9,Si,No, , , , , , , , , , , , , , , , , , , , , , , , , , , , , , , , , , , , , , , , , , , , , ,12,1,0,0,0,11,0,0,0,1,0,0,0,0,1,0,0,0,4,0,0,0,0,4,0,0,0,1,0,0,0,0,1,0,0,0,2,0,0,0,0,2,0,0,0,0,0,0,0,0,0,0,0,0,0,0,0,0,0,0,0,0,0,1,0,0,0,0,1,0,0,0,2,0,0,0,0,2,0,0,0,1,1,0,0,0,0,0,0,0,0, ,0,0,0,0,0,0,0,0,No, ,No, ,No, ,No, ,Si,1,No, ,Si,2,No, ,Si,1,Si,1,No, ,Si,1,Si,4,Si,2,12,0,No, ,Sí,1,1, , , , , , , , , , , , , , , , , , , , , , , , , , , , , , , , , , , , , , , ,Ninguna, , , , , , , , , , , , , , , , , , ,-6.42504936,-79.83760229
0173,140310,10,SALAS,De 10001 - 20000 Hab,Otros,CENTRO POBLADO, , , , , , , , , , , , , , , , , , , , , , , , , , , , , , , , , , , , , , , , , , , , , , , , , , , , , , , , , , , , , , , , , , , , , , , , , , , , , , ,14,1,0,0,0,12,1,0,0,2,0,0,0,0,1,1,0,0,2,0,0,0,0,2,0,0,0,2,0,0,0,0,2,0,0,0,2,0,0,0,0,2,0,0,0,1,0,0,0,0,1,0,0,0,1,0,0,0,0,1,0,0,0,1,0,0,0,0,1,0,0,0,2,0,0,0,0,2,0,0,0,1,1,0,0,0,0,0,0,0,0, ,0,0,0,0,0,0,0,0,No, ,No, ,No, ,No, ,Si,1,No, ,Si,4,Si,2,Si,1,No, ,No, ,Si,1,Si,1,Si,4,14,0,Sí,1,No, , , , , , , , , , , , , , , , , , , , , , , , , , , , , , , , , , , , , , , , , , , , , , , , , , , , , , , , , , , , ,-6.2749732,-79.60773885
0174,140310,10,SALAS,Menos de 5000 Hab,Otros,CENTRO POBLADO, , , , , , , , , , , , , , , , , , , , , , , , , , , , , , , , , , , , , , , , , , , , , , , , , , , , , , , , , , , , , , , , , , , , , , , , , , , , , , ,6,0,0,0,0,6,0,0,0,0,0,0,0,0,0,0,0,0,0,0,0,0,0,0,0,0,0,0,0,0,0,0,0,0,0,0,2,0,0,0,0,2,0,0,0,0,0,0,0,0,0,0,0,0,0,0,0,0,0,0,0,0,0,1,0,0,0,0,1,0,0,0,2,0,0,0,0,2,0,0,0,1,0,0,0,0,1,0,0,0,0, ,0,0,0,0,0,0,0,0,No, ,No, ,No, ,No, ,No, ,No, ,Si,1,Si,2,Si,1,No, ,No, ,No, ,Si,2,No, ,6,0,No, ,No, , , , , , , , , , , , , , , , , , , , , , , , , , , , , , , , , , , , , , , , , , , , , , , , , , , , , , , , , , , , ,-6.16794051,-79.47342967
0175,140311,11,SAN JOSE,De 10001 - 20000 Hab,Distrital, , , , , , , , , , , , , , , , , , , , , , , , , , , , ,1,14,3,11,Si,No, , , , , , , , , , , , , , , , , , , , , , , , , , , , , , , , , , , , , , , , , , , , , ,17,1,0,0,0,14,2,0,0,3,0,0,0,0,2,1,0,0,8,0,0,0,0,8,0,0,0,0,0,0,0,0,0,0,0,0,2,0,0,0,0,2,0,0,0,0,0,0,0,0,0,0,0,0,0,0,0,0,0,0,0,0,0,1,0,0,0,0,0,1,0,0,2,0,0,0,0,2,0,0,0,1,1,0,0,0,0,0,0,0,0, ,0,0,0,0,0,0,0,0,No, ,No, ,No, ,No, ,Si,1,No, ,Si,3,Si,5,Si,3,Si,1,No, ,No, ,Si,2,Si,2,17,0,No, ,No, , , , , , , , , , , , , , , , , , , , , , , , , , , , , , , , , , , , , , , , , , , , , , , , , , , , , , , , , , , , ,-6.76829495,-79.96851658
0176,140312,12,TUCUME,De 20001 - 40000 Hab,Distrital, , , , , , , , , , , , , , , , , , , , , , , , , , , , ,1,14,3,12,Si,No, , , , , , , , , , , , , , , , , , , , , , , , , , , , , , , , , , , , , , , , , , , , , ,25,0,2,0,0,21,2,0,0,1,0,1,0,0,0,0,0,0,10,0,0,0,0,10,0,0,0,3,0,0,0,0,3,0,0,0,2,0,0,0,0,2,0,0,0,0,0,0,0,0,0,0,0,0,0,0,0,0,0,0,0,0,0,2,0,0,0,0,0,2,0,0,6,0,0,0,0,6,0,0,0,1,0,1,0,0,0,0,0,0,0, ,0,0,0,0,0,0,0,0,No, ,No, ,No, ,Si,1,Si,1,No, ,No, ,Si,1,Si,3,No, ,No, ,Si,1,Si,8,Si,10,25,0,No, ,Sí,2,7,7, , , , , , , , , , , , , , , , , , , , , , , , , , , , , , , , , , , , , , ,Ninguna, , , , , , , , , , , , , , , , , , ,-6.5064993,-79.85918223
0177,130101,01,TRUJILLO,De 80001 a más Hab,Provincial, , , , , , , ,5,13,1,13,1,13,1,13,1,13,1, , , , , , , , , , , , , , , , , , , , , , , , , , , , , , , , , , , , , , , , , , , , , , , , , , , , , , , , , , , , , ,100,3,0,0,0,78,19,0,0,12,0,0,0,0,7,5,0,0,46,0,0,0,0,44,2,0,0,10,0,0,0,0,4,6,0,0,9,0,0,0,0,7,2,0,0,6,0,0,0,0,6,0,0,0,4,0,0,0,0,4,0,0,0,3,0,0,0,0,1,2,0,0,6,0,0,0,0,4,2,0,0,3,3,0,0,0,0,0,0,0,1,ATENCION AL PUBLICO,0,0,0,0,1,0,0,0,No, ,Si,1,No, ,Si,1,Si,1,No, ,Si,10,Si,4,Si,5,No, ,Si,1,No, ,Si,12,Si,65,100,1,No, ,No, , , , , , , , , , , , , , , , , , , , , , , , , , , , , , , , , , , , , , , , , , , , , , , , , , , , , , , , , , , , ,-8.114033,-79.026365
0178,130101,01,TRUJILLO,De 20001 - 40000 Hab,Distrital, , , , , , , , , , , , , , , , , , , , , , , , , , , , ,1,13,1,1,No,Si, , , , , , , , , , , , , , , , , , , , , , , , , , , , , , , , , , , , , , , , , , , , , ,95,2,0,0,0,81,12,0,0,4,1,0,0,0,0,3,0,0,40,0,0,0,0,40,0,0,0,23,0,0,0,0,19,4,0,0,3,0,0,0,0,2,1,0,0,2,0,0,0,0,2,0,0,0,2,0,0,0,0,0,2,0,0,2,0,0,0,0,0,2,0,0,18,0,0,0,0,18,0,0,0,1,1,0,0,0,0,0,0,0,0, ,0,0,0,0,0,0,0,0,No, ,Si,1,No, ,Si,1,No, ,No, ,Si,2,Si,1,Si,10,Si,5,Si,26,Si,7,Si,22,Si,20,95,0,Sí,8,Sí,4,10,10,10,10, , , , , , , , , , , , , , , , , , , , , , , , , , , , , , , , , , , , ,Ninguna, , , , , , , , , , , , , , , , , , ,-8.10351908,-79.01033735
0179,130101,01,TRUJILLO,De 80001 a más Hab,Provincial, , , , , , , ,1,13,1, , , , , , , , , , , , , , , , , , , , , , , , , , , , , , , , , , , , , , , , , , , , , , , , , , , , , , , , , , , , , , , , , , , , , ,28,0,1,0,0,6,21,0,0,12,0,0,0,0,2,10,0,0,4,0,0,0,0,3,1,0,0,0,0,0,0,0,0,0,0,0,0,0,0,0,0,0,0,0,0,0,0,0,0,0,0,0,0,0,5,0,0,0,0,0,5,0,0,0,0,0,0,0,0,0,0,0,6,0,0,0,0,1,5,0,0,1,0,1,0,0,0,0,0,0,0, ,0,0,0,0,0,0,0,0,No, ,No, ,No, ,No, ,Si,1,No, ,Si,3,Si,2,Si,1,No, ,No, ,Si,1,Si,5,Si,15,28,1,No, ,No, , , , , , , , , , , , , , , , , , , , , , , , , , , , , , , , , , , , , , , , , , , , , , , , , , , , , , , , , , , , ,-8.10402802,-79.02955014
0180,130101,01,TRUJILLO,De 80001 a más Hab,Distrital, , , , , , , , , , , , , , , , , , , , , , , , , , , , ,1,13,1,1,No,Si, , , , , , , , , , , , , , , , , , , , , , , , , , , , , , , , , , , , , , , , , , , , , ,93,2,0,0,0,67,24,0,0,10,0,0,0,0,2,8,0,0,43,0,0,0,0,40,3,0,0,8,0,0,0,0,5,3,0,0,7,0,0,0,0,7,0,0,0,2,0,0,0,0,2,0,0,0,4,0,0,0,0,0,4,0,0,6,0,0,0,0,2,4,0,0,9,0,0,0,0,7,2,0,0,2,2,0,0,0,0,0,0,0,2,SERVICIOS EMERGENCIA HOSPITAL,0,0,0,0,2,0,0,0,No, ,Si,1,No, ,Si,1,No, ,No, ,Si,6,Si,8,Si,6,Si,2,Si,1,No, ,Si,9,Si,59,93,0,No, ,No, , , , , , , , , , , , , , , , , , , , , , , , , , , , , , , , , , , , , , , , , , , , , , , , , , , , , , , , , , , , ,-8.10720782,-79.03946916
0181,130105,05,LA ESPERANZA,De 80001 a más Hab,Distrital, , , , , , , , , , , , , , , , , , , , , , , , , , , , ,1,13,1,5,No,Si, , , , , , , , , , , , , , , , , , , , , , , , , , , , , , , , , , , , , , , , , , , , , ,99,2,0,0,0,81,16,0,0,28,0,0,0,0,20,8,0,0,23,0,0,0,0,22,1,0,0,24,0,0,0,0,24,0,0,0,7,0,0,0,0,7,0,0,0,3,0,0,0,0,2,1,0,0,4,0,0,0,0,0,4,0,0,4,0,0,0,0,2,2,0,0,4,0,0,0,0,4,0,0,0,2,2,0,0,0,0,0,0,0,0, ,0,0,0,0,0,0,0,0,No, ,No, ,Si,1,Si,1,No, ,No, ,Si,8,Si,8,Si,6,Si,2,Si,1,Si,4,Si,9,Si,59,99,1,No, ,Sí,2,9,9, , , , , , , , , , , , , , , , , , , , , , , , , , , , , , , , , , , , , , ,Ninguna, , , , , , , , , , , , , , , , , , ,-8.08396602,-79.04009837
0182,130102,02,EL PORVENIR,De 80001 a más Hab,Distrital, , , , , , , , , , , , , , , , , , , , , , , , , , , , ,1,13,1,2,No,Si, , , , , , , , , , , , , , , , , , , , , , , , , , , , , , , , , , , , , , , , , , , , , ,91,2,0,0,0,70,19,0,0,3,0,0,0,0,0,3,0,0,30,0,0,0,0,27,3,0,0,23,0,0,0,0,18,5,0,0,6,0,0,0,0,6,0,0,0,3,0,0,0,0,1,2,0,0,4,0,0,0,0,0,4,0,0,3,0,0,0,0,1,2,0,0,17,0,0,0,0,17,0,0,0,2,2,0,0,0,0,0,0,0,0, ,0,0,0,0,0,0,0,0,No, ,No, ,Si,1,Si,1,No, ,No, ,Si,6,Si,6,Si,4,Si,1,No, ,Si,1,Si,12,Si,59,91,0,No, ,No, , , , , , , , , , , , , , , , , , , , , , , , , , , , , , , , , , , , , , , , , , , , , , , , , , , , , , , , , , , , ,-8.08611172,-79.00450284
0183,130102,02,EL PORVENIR,De 80001 a más Hab,Distrital, , , , , , , , , , , , , , , , , , , , , , , , , , , , ,1,13,1,2,No,Si, , , , , , , , , , , , , , , , , , , , , , , , , , , , , , , , , , , , , , , , , , , , , ,97,2,0,0,0,78,17,0,0,8,0,0,0,0,2,6,0,0,25,0,0,0,0,25,0,0,0,32,0,0,0,0,28,4,0,0,8,0,0,0,0,7,1,0,0,2,0,0,0,0,2,0,0,0,3,0,0,0,0,0,3,0,0,4,0,0,0,0,1,3,0,0,6,0,0,0,0,6,0,0,0,9,2,0,0,0,7,0,0,0,0, ,0,0,0,0,0,0,0,0,No, ,Si,1,No, ,No, ,No, ,Si,1,Si,4,Si,14,Si,4,Si,2,Si,2,No, ,Si,8,Si,61,97,0,Sí,28,Sí,4,9,9,9,9, , , , , , , , , , , , , , , , , , , , , , , , , , , , , , , , , , , , ,Ninguna, , , , , , , , , , , , , , , , , , ,-8.07875825,-78.99960987
0184,130102,02,EL PORVENIR,De 40001 - 80000 Hab,Distrital, , , , , , , , , , , , , , , , , , , , , , , , , , , , ,1,13,1,2,No,Si, , , , , , , , , , , , , , , , , , , , , , , , , , , , , , , , , , , , , , , , , , , , , ,79,1,0,0,0,68,10,0,0,5,0,0,0,0,0,5,0,0,35,0,0,0,0,35,0,0,0,15,0,0,0,0,14,1,0,0,3,0,0,0,0,3,0,0,0,2,0,0,0,0,2,0,0,0,2,0,0,0,0,0,2,0,0,2,0,0,0,0,0,2,0,0,14,0,0,0,0,14,0,0,0,1,1,0,0,0,0,0,0,0,0, ,0,0,0,0,0,0,0,0,No, ,No, ,Si,1,No, ,No, ,No, ,Si,4,Si,3,No, ,No, ,No, ,Si,1,Si,3,Si,67,79,0,No, ,Sí,2,6,6, , , , , , , , , , , , , , , , , , , , , , , , , , , , , , , , , , , , , , ,Ninguna, , , , , , , , , , , , , , , , , , ,-8.06829029,-79.02185128
0185,130103,03,FLORENCIA DE MORA,De 40001 - 80000 Hab,Distrital, , , , , , , , , , , , , , , , , , , , , , , , , , , , ,1,13,1,3,Si,No, , , , , , , , , , , , , , , , , , , , , , , , , , , , , , , , , , , , , , , , , , , , , ,80,1,1,0,0,70,8,0,0,8,0,0,0,0,4,4,0,0,22,0,0,0,0,22,0,0,0,25,0,0,0,0,25,0,0,0,8,0,0,0,0,7,1,0,0,2,0,0,0,0,2,0,0,0,2,0,0,0,0,0,2,0,0,3,0,0,0,0,2,1,0,0,8,0,0,0,0,8,0,0,0,2,1,1,0,0,0,0,0,0,0, ,0,0,0,0,0,0,0,0,No, ,No, ,Si,1,No, ,No, ,Si,1,Si,7,Si,4,Si,3,Si,1,Si,1,Si,3,Si,9,Si,50,80,0,No, ,Sí,1,21, , , , , , , , , , , , , , , , , , , , , , , , , , , , , , , , , , , , , , , ,Almenos una,1,No,No,Si,No,No,No,No,No,No,No,No,Si,No,No,No,No, ,-8.08535882,-79.02402388
0186,130104,04,HUANCHACO,De 40001 - 80000 Hab,Distrital, , , , , , , , , , , , , , , , , , , , , , , , , , , , ,1,13,1,4,No,Si, , , , , , , , , , , , , , , , , , , , , , , , , , , , , , , , , , , , , , , , , , , , , ,67,2,0,0,0,58,7,0,0,1,0,0,0,0,0,1,0,0,30,0,0,0,0,30,0,0,0,0,0,0,0,0,0,0,0,0,6,0,0,0,0,5,1,0,0,2,0,0,0,0,2,0,0,0,2,0,0,0,0,0,2,0,0,1,0,0,0,0,0,1,0,0,4,0,0,0,0,4,0,0,0,2,2,0,0,0,0,0,0,0,19,ATENCION AL PUBLICO,0,0,0,0,17,2,0,0,No, ,No, ,Si,1,No, ,No, ,Si,1,Si,7,Si,9,Si,5,Si,2,No, ,Si,1,Si,8,Si,33,67,0,Sí,8,No, , , , , , , , , , , , , , , , , , , , , , , , , , , , , , , , , , , , , , , , , , , , , , , , , , , , , , , , , , , , ,-8.02336254,-79.06644
0187,130104,04,HUANCHACO,De 40001 - 80000 Hab,Otros,CENTRO POBLADO, , , , , , , , , , , , , , , , , , , , , , , , , , , , , , , , , , , , , , , , , , , , , , , , , , , , , , , , , , , , , , , , , , , , , , , , , , , , , , ,57,1,1,0,0,44,11,0,0,8,0,1,0,0,1,6,0,0,10,0,0,0,0,10,0,0,0,2,0,0,0,0,2,0,0,0,2,0,0,0,0,2,0,0,0,2,0,0,0,0,2,0,0,0,2,0,0,0,0,0,2,0,0,2,0,0,0,0,0,2,0,0,23,0,0,0,0,22,1,0,0,1,1,0,0,0,0,0,0,0,5,PUESTO DE AUXILIO RAPIDO,0,0,0,0,5,0,0,0,No, ,No, ,Si,1,No, ,No, ,Si,1,Si,3,Si,5,Si,4,Si,1,Si,2,Si,3,Si,6,Si,31,57,1,Sí,12,Sí,2,9,9, , , , , , , , , , , , , , , , , , , , , , , , , , , , , , , , , , , , , , ,Ninguna, , , , , , , , , , , , , , , , , , ,-8.0794644,-79.12159583
0188,130105,05,LA ESPERANZA,De 80001 a más Hab,Distrital, , , , , , , , , , , , , , , , , , , , , , , , , , , , ,1,13,1,5,No,Si, , , , , , , , , , , , , , , , , , , , , , , , , , , , , , , , , , , , , , , , , , , , , ,115,2,0,0,0,92,20,0,1,9,0,0,0,0,4,4,0,1,35,0,0,0,0,35,0,0,0,25,0,0,0,0,23,2,0,0,9,0,0,0,0,9,0,0,0,2,0,0,0,0,2,0,0,0,8,0,0,0,0,0,8,0,0,6,0,0,0,0,3,3,0,0,19,0,0,0,0,16,3,0,0,2,2,0,0,0,0,0,0,0,0, ,0,0,0,0,0,0,0,0,No, ,Si,1,No, ,Si,1,No, ,No, ,Si,9,Si,12,Si,4,Si,4,Si,2,Si,4,Si,18,Si,60,115,1,No, ,No, , , , , , , , , , , , , , , , , , , , , , , , , , , , , , , , , , , , , , , , , , , , , , , , , , , , , , , , , , , , ,-8.05644788,-79.05343398
0189,130106,06,LAREDO,De 20001 - 40000 Hab,Distrital, , , , , , , , , , , , , , , , , , , , , , , , , , , , ,1,13,1,6,Si,No, , , , , , , , , , , , , , , , , , , , , , , , , , , , , , , , , , , , , , , , , , , , , ,40,1,0,0,0,37,2,0,0,2,0,0,0,0,2,0,0,0,23,0,0,0,0,23,0,0,0,0,0,0,0,0,0,0,0,0,4,0,0,0,0,4,0,0,0,3,0,0,0,0,2,1,0,0,2,0,0,0,0,1,1,0,0,2,0,0,0,0,2,0,0,0,3,0,0,0,0,3,0,0,0,1,1,0,0,0,0,0,0,0,0, ,0,0,0,0,0,0,0,0,No, ,No, ,Si,1,No, ,No, ,No, ,Si,3,Si,5,Si,4,Si,1,No, ,No, ,Si,8,Si,18,40,0,No, ,No, , , , , , , , , , , , , , , , , , , , , , , , , , , , , , , , , , , , , , , , , , , , , , , , , , , , , , , , , , , , ,-8.0918812,-78.9603321
0190,130109,09,SALAVERRY,De 20001 - 40000 Hab,Otros,CENTRO POBLADO, , , , , , , , , , , , , , , , , , , , , , , , , , , , , , , , , , , , , , , , , , , , , , , , , , , , , , , , , , , , , , , , , , , , , , , , , , , , , , ,36,1,0,0,0,31,3,1,0,3,0,0,0,0,1,1,1,0,16,0,0,0,0,16,0,0,0,4,0,0,0,0,4,0,0,0,2,0,0,0,0,2,0,0,0,1,0,0,0,0,1,0,0,0,2,0,0,0,0,0,2,0,0,1,0,0,0,0,1,0,0,0,6,0,0,0,0,6,0,0,0,1,1,0,0,0,0,0,0,0,0, ,0,0,0,0,0,0,0,0,No, ,No, ,Si,1,No, ,No, ,No, ,Si,4,No, ,Si,2,No, ,No, ,Si,1,No, ,Si,28,36,1,No, ,Sí,3,12,12,12, , , , , , , , , , , , , , , , , , , , , , , , , , , , , , , , , , , , , ,Ninguna, , , , , , , , , , , , , , , , , , ,-8.18080955,-78.994208
0191,130107,07,MOCHE,De 20001 - 40000 Hab,Distrital, , , , , , , , , , , , , , , , , , , , , , , , , , , , ,1,13,1,7,No,Si, , , , , , , , , , , , , , , , , , , , , , , , , , , , , , , , , , , , , , , , , , , , , ,43,1,0,0,0,29,13,0,0,3,0,0,0,0,0,3,0,0,22,0,0,0,0,22,0,0,0,6,0,0,0,0,1,5,0,0,2,0,0,0,0,2,0,0,0,1,0,0,0,0,0,1,0,0,2,0,0,0,0,0,2,0,0,2,0,0,0,0,0,2,0,0,3,0,0,0,0,3,0,0,0,2,1,0,0,0,1,0,0,0,0, ,0,0,0,0,0,0,0,0,No, ,No, ,Si,1,No, ,No, ,No, ,Si,5,Si,4,Si,2,No, ,No, ,Si,1,Si,6,Si,24,43,0,No, ,No, , , , , , , , , , , , , , , , , , , , , , , , , , , , , , , , , , , , , , , , , , , , , , , , , , , , , , , , , , , , ,-8.17066029,-79.01098586
0192,130108,08,POROTO,Menos de 5000 Hab,Distrital, , , , , , , , , , , , , , , , , , , , , , , , , , , , ,1,13,1,8,Si,No, , , , , , , , , , , , , , , , , , , , , , , , , , , , , , , , , , , , , , , , , , , , , ,16,0,1,0,0,15,0,0,0,2,0,0,0,0,2,0,0,0,4,0,0,0,0,4,0,0,0,2,0,0,0,0,2,0,0,0,0,0,0,0,0,0,0,0,0,1,0,0,0,0,1,0,0,0,1,0,0,0,0,1,0,0,0,1,0,0,0,0,1,0,0,0,4,0,0,0,0,4,0,0,0,1,0,1,0,0,0,0,0,0,0, ,0,0,0,0,0,0,0,0,No, ,No, ,No, ,Si,1,No, ,No, ,Si,4,Si,4,Si,1,Si,1,No, ,No, ,Si,2,Si,3,16,0,No, ,Sí,2,4,4, , , , , , , , , , , , , , , , , , , , , , , , , , , , , , , , , , , , , , ,Ninguna, , , , , , , , , , , , , , , , , , ,-8.01101973,-78.76910689
0193,130109,09,SALAVERRY,De 5000 - 10000 Hab,Distrital, , , , , , , , , , , , , , , , , , , , , , , , , , , , ,1,13,1,9,No,Si, , , , , , , , , , , , , , , , , , , , , , , , , , , , , , , , , , , , , , , , , , , , , ,34,0,1,0,0,24,9,0,0,4,0,0,0,0,2,2,0,0,10,0,0,0,0,10,0,0,0,8,0,0,0,0,6,2,0,0,3,0,0,0,0,3,0,0,0,0,0,0,0,0,0,0,0,0,2,0,0,0,0,0,2,0,0,2,0,0,0,0,1,1,0,0,4,0,0,0,0,2,2,0,0,1,0,1,0,0,0,0,0,0,0, ,0,0,0,0,0,0,0,0,No, ,No, ,No, ,Si,1,No, ,No, ,Si,4,Si,2,Si,4,Si,1,Si,2,No, ,Si,2,Si,18,34,0,Sí,8,No, , , , , , , , , , , , , , , , , , , , , , , , , , , , , , , , , , , , , , , , , , , , , , , , , , , , , , , , , , , , ,-8.219613,-78.978818
0194,130110,10,SIMBAL,De 5000 - 10000 Hab,Otros,CENTRO POBLADO, , , , , , , , , , , , , , , , , , , , , , , , , , , , , , , , , , , , , , , , , , , , , , , , , , , , , , , , , , , , , , , , , , , , , , , , , , , , , , ,13,1,0,0,0,11,1,0,0,2,0,0,0,0,2,0,0,0,4,0,0,0,0,4,0,0,0,0,0,0,0,0,0,0,0,0,1,0,0,0,0,1,0,0,0,1,0,0,0,0,1,0,0,0,1,0,0,0,0,0,1,0,0,1,0,0,0,0,1,0,0,0,2,0,0,0,0,2,0,0,0,1,1,0,0,0,0,0,0,0,0, ,0,0,0,0,0,0,0,0,No, ,No, ,No, ,No, ,Si,1,No, ,Si,1,Si,2,Si,3,No, ,Si,1,Si,1,Si,1,Si,3,13,1,No, ,No, , , , , , , , , , , , , , , , , , , , , , , , , , , , , , , , , , , , , , , , , , , , , , , , , , , , , , , , , , , , ,-7.9764324,-78.81396659
0195,130111,11,VICTOR LARCO HERRERA,De 40001 - 80000 Hab,Distrital, , , , , , , , , , , , , , , , , , , , , , , , , , , , ,1,13,1,11,No,Si, , , , , , , , , , , , , , , , , , , , , , , , , , , , , , , , , , , , , , , , , , , , , ,68,2,0,0,0,52,14,0,0,5,0,0,0,0,3,2,0,0,38,0,0,0,0,34,4,0,0,0,0,0,0,0,0,0,0,0,8,0,0,0,0,6,2,0,0,4,0,0,0,0,1,3,0,0,2,0,0,0,0,0,2,0,0,2,0,0,0,0,1,1,0,0,7,0,0,0,0,7,0,0,0,2,2,0,0,0,0,0,0,0,0, ,0,0,0,0,0,0,0,0,No, ,Si,1,No, ,No, ,No, ,Si,1,Si,6,Si,3,Si,5,Si,2,No, ,No, ,Si,4,Si,46,68,1,No, ,No, , , , , , , , , , , , , , , , , , , , , , , , , , , , , , , , , , , , , , , , , , , , , , , , , , , , , , , , , , , , ,-8.14081705,-79.05253932
0196,130201,01,ASCOPE,De 5000 - 10000 Hab,Distrital, , , , , , , , , , , , , , , , , , , , , , , , , , , , ,1,13,2,1,Si,No, , , , , , , , , , , , , , , , , , , , , , , , , , , , , , , , , , , , , , , , , , , , , ,16,1,0,0,0,13,2,0,0,1,0,0,0,0,0,1,0,0,4,0,0,0,0,4,0,0,0,4,0,0,0,0,3,1,0,0,1,0,0,0,0,1,0,0,0,1,0,0,0,0,1,0,0,0,1,0,0,0,0,1,0,0,0,1,0,0,0,0,1,0,0,0,2,0,0,0,0,2,0,0,0,1,1,0,0,0,0,0,0,0,0, ,0,0,0,0,0,0,0,0,No, ,Si,1,No, ,No, ,No, ,No, ,Si,2,No, ,Si,2,Si,1,No, ,No, ,No, ,Si,10,16,0,No, ,No, , , , , , , , , , , , , , , , , , , , , , , , , , , , , , , , , , , , , , , , , , , , , , , , , , , , , , , , , , , , ,-7.71354433,-79.10697767
0197,130202,02,CHICAMA,Menos de 5000 Hab,Otros,CENTRO POBLADO, , , , , , , , , , , , , , , , , , , , , , , , , , , , , , , , , , , , , , , , , , , , , , , , , , , , , , , , , , , , , , , , , , , , , , , , , , , , , , ,16,1,0,0,0,12,2,1,0,1,0,0,0,0,1,0,0,0,4,0,0,0,0,4,0,0,0,4,0,0,0,0,3,0,1,0,2,0,0,0,0,2,0,0,0,0,0,0,0,0,0,0,0,0,0,0,0,0,0,0,0,0,0,2,0,0,0,0,0,2,0,0,2,0,0,0,0,2,0,0,0,1,1,0,0,0,0,0,0,0,0, ,0,0,0,0,0,0,0,0,No, ,No, ,No, ,No, ,No, ,Si,1,Si,2,Si,2,No, ,Si,1,No, ,No, ,Si,2,Si,8,16,0,No, ,Sí,7,2,2,2,2,2,2,2, , , , , , , , , , , , , , , , , , , , , , , , , , , , , , , , , ,Ninguna, , , , , , , , , , , , , , , , , , ,-7.8372608,-79.16212274
0198,130202,02,CHICAMA,De 10001 - 20000 Hab,Distrital, , , , , , , , , , , , , , , , , , , , , , , , , , , , ,1,13,2,2,No,Si, , , , , , , , , , , , , , , , , , , , , , , , , , , , , , , , , , , , , , , , , , , , , ,19,1,0,0,0,17,1,0,0,1,0,0,0,0,0,1,0,0,4,0,0,0,0,4,0,0,0,2,0,0,0,0,2,0,0,0,1,0,0,0,0,1,0,0,0,1,0,0,0,0,1,0,0,0,1,0,0,0,0,1,0,0,0,1,0,0,0,0,1,0,0,0,4,0,0,0,0,4,0,0,0,1,1,0,0,0,0,0,0,0,3,LABORES MIXTAS,0,0,0,0,3,0,0,0,No, ,No, ,No, ,No, ,Si,1,No, ,Si,2,No, ,Si,2,No, ,Si,4,No, ,No, ,Si,10,19,0,No, ,No, , , , , , , , , , , , , , , , , , , , , , , , , , , , , , , , , , , , , , , , , , , , , , , , , , , , , , , , , , , , ,-7.84511373,-79.14686323
0199,130202,02,CHICAMA,De 5000 - 10000 Hab,Otros,CENTRO POBLADO, , , , , , , , , , , , , , , , , , , , , , , , , , , , , , , , , , , , , , , , , , , , , , , , , , , , , , , , , , , , , , , , , , , , , , , , , , , , , , ,12,1,0,0,0,10,1,0,0,1,0,0,0,0,1,0,0,0,0,0,0,0,0,0,0,0,0,3,0,0,0,0,3,0,0,0,1,0,0,0,0,1,0,0,0,2,0,0,0,0,2,0,0,0,2,0,0,0,0,2,0,0,0,1,0,0,0,0,0,1,0,0,1,0,0,0,0,1,0,0,0,1,1,0,0,0,0,0,0,0,0, ,0,0,0,0,0,0,0,0,No, ,No, ,No, ,No, ,No, ,Si,1,Si,1,No, ,Si,1,No, ,No, ,No, ,Si,2,Si,7,12,0,No, ,No, , , , , , , , , , , , , , , , , , , , , , , , , , , , , , , , , , , , , , , , , , , , , , , , , , , , , , , , , , , , ,-7.73590096,-79.00729299
0200,130203,03,CHOCOPE,De 20001 - 40000 Hab,Distrital, , , , , , , , , , , , , , , , , , , , , , , , , , , , ,1,13,2,3,Si,No, , , , , , , , , , , , , , , , , , , , , , , , , , , , , , , , , , , , , , , , , , , , , ,23,1,0,0,0,20,2,0,0,1,0,0,0,0,0,1,0,0,12,0,0,0,0,12,0,0,0,2,0,0,0,0,2,0,0,0,1,0,0,0,0,1,0,0,0,1,0,0,0,0,1,0,0,0,1,0,0,0,0,1,0,0,0,1,0,0,0,0,0,1,0,0,3,0,0,0,0,3,0,0,0,1,1,0,0,0,0,0,0,0,0, ,0,0,0,0,0,0,0,0,No, ,No, ,Si,1,No, ,No, ,No, ,Si,4,No, ,Si,1,Si,1,No, ,Si,1,Si,3,Si,12,23,0,No, ,No, , , , , , , , , , , , , , , , , , , , , , , , , , , , , , , , , , , , , , , , , , , , , , , , , , , , , , , , , , , , ,-7.791152,-79.22330339
0201,130204,04,MAGDALENA DE CAO,De 5000 - 10000 Hab,Distrital, , , , , , , , , , , , , , , , , , , , , , , , , , , , ,1,13,2,4,Si,No, , , , , , , , , , , , , , , , , , , , , , , , , , , , , , , , , , , , , , , , , , , , , ,19,1,0,0,0,15,3,0,0,1,0,0,0,0,0,1,0,0,4,0,0,0,0,4,0,0,0,2,0,0,0,0,2,0,0,0,1,0,0,0,0,1,0,0,0,2,0,0,0,0,2,0,0,0,2,0,0,0,0,0,2,0,0,1,0,0,0,0,1,0,0,0,4,0,0,0,0,4,0,0,0,1,1,0,0,0,0,0,0,0,1,SERVICIO ORDINARIO,0,0,0,0,1,0,0,0,No, ,No, ,No, ,No, ,Si,1,No, ,Si,1,Si,3,Si,2,No, ,No, ,No, ,Si,2,Si,10,19,0,No, ,No, , , , , , , , , , , , , , , , , , , , , , , , , , , , , , , , , , , , , , , , , , , , , , , , , , , , , , , , , , , , ,-7.87806654,-79.29400763
0202,130205,05,PAIJAN,De 10001 - 20000 Hab,Distrital, , , , , , , , , , , , , , , , , , , , , , , , , , , , ,3,13,2,5,Si,No,13,2,5,Si,No,13,2,5,Si,No, , , , , , , , , , , , , , , , , , , , , , , , , , , , , , , , , , , ,25,1,0,0,0,21,3,0,0,1,0,0,0,0,0,1,0,0,8,0,0,0,0,7,1,0,0,8,0,0,0,0,7,1,0,0,2,0,0,0,0,2,0,0,0,2,0,0,0,0,2,0,0,0,0,0,0,0,0,0,0,0,0,1,0,0,0,0,1,0,0,0,2,0,0,0,0,2,0,0,0,1,1,0,0,0,0,0,0,0,0, ,0,0,0,0,0,0,0,0,No, ,No, ,Si,1,No, ,No, ,No, ,Si,1,Si,1,Si,1,No, ,Si,1,Si,2,Si,2,Si,16,25,0,No, ,Sí,2,11,11, , , , , , , , , , , , , , , , , , , , , , , , , , , , , , , , , , , , , , ,Ninguna, , , , , , , , , , , , , , , , , , ,-7.73572616,-79.30479798
0203,130206,06,RAZURI,De 5000 - 10000 Hab,Otros,CENTRO POBLADO, , , , , , , , , , , , , , , , , , , , , , , , , , , , , , , , , , , , , , , , , , , , , , , , , , , , , , , , , , , , , , , , , , , , , , , , , , , , , , ,15,2,0,0,0,12,1,0,0,1,0,0,0,0,0,1,0,0,4,0,0,0,0,4,0,0,0,4,0,0,0,0,4,0,0,0,1,0,0,0,0,1,0,0,0,0,0,0,0,0,0,0,0,0,0,0,0,0,0,0,0,0,0,2,0,0,0,0,2,0,0,0,1,0,0,0,0,1,0,0,0,2,2,0,0,0,0,0,0,0,0, ,0,0,0,0,0,0,0,0,No, ,No, ,Si,1,No, ,Si,1,No, ,Si,1,Si,2,No, ,No, ,No, ,No, ,Si,1,Si,9,15,0,No, ,No, , , , , , , , , , , , , , , , , , , , , , , , , , , , , , , , , , , , , , , , , , , , , , , , , , , , , , , , , , , , ,-7.70096697,-79.43761769
0204,130207,07,SANTIAGO DE CAO,De 10001 - 20000 Hab,Otros,CENTRO POBLADO, , , , , , , , , , , , , , , , , , , , , , , , , , , , , , , , , , , , , , , , , , , , , , , , , , , , , , , , , , , , , , , , , , , , , , , , , , , , , , ,20,1,0,0,0,16,3,0,0,2,0,0,0,0,0,2,0,0,8,0,0,0,0,8,0,0,0,0,0,0,0,0,0,0,0,0,2,0,0,0,0,2,0,0,0,1,0,0,0,0,1,0,0,0,1,0,0,0,0,0,1,0,0,1,0,0,0,0,1,0,0,0,4,0,0,0,0,4,0,0,0,1,1,0,0,0,0,0,0,0,0, ,0,0,0,0,0,0,0,0,No, ,No, ,Si,1,No, ,No, ,No, ,No, ,Si,2,Si,1,No, ,No, ,No, ,Si,3,Si,13,20,1,No, ,No, , , , , , , , , , , , , , , , , , , , , , , , , , , , , , , , , , , , , , , , , , , , , , , , , , , , , , , , , , , , ,-7.88662234,-79.22040829
0205,130207,07,SANTIAGO DE CAO,Menos de 5000 Hab,Distrital, , , , , , , , , , , , , , , , , , , , , , , , , , , , ,1,13,2,7,Si,No, , , , , , , , , , , , , , , , , , , , , , , , , , , , , , , , , , , , , , , , , , , , , ,14,1,0,0,0,12,1,0,0,1,0,0,0,0,0,1,0,0,6,0,0,0,0,6,0,0,0,2,0,0,0,0,2,0,0,0,1,0,0,0,0,1,0,0,0,1,0,0,0,0,1,0,0,0,0,0,0,0,0,0,0,0,0,1,0,0,0,0,1,0,0,0,1,0,0,0,0,1,0,0,0,1,1,0,0,0,0,0,0,0,0, ,0,0,0,0,0,0,0,0,No, ,No, ,No, ,No, ,No, ,Si,1,Si,2,Si,1,Si,1,No, ,No, ,No, ,Si,3,Si,6,14,1,No, ,No, , , , , , , , , , , , , , , , , , , , , , , , , , , , , , , , , , , , , , , , , , , , , , , , , , , , , , , , , , , , ,-7.96016994,-79.23903258
0206,130208,08,CASA GRANDE,De 40001 - 80000 Hab,Distrital, , , , , , , , , , , , , , , , , , , , , , , , , , , , ,1,13,2,8,No,Si, , , , , , , , , , , , , , , , , , , , , , , , , , , , , , , , , , , , , , , , , , , , , ,26,1,0,0,0,22,3,0,0,3,0,0,0,0,2,1,0,0,6,0,0,0,0,6,0,0,0,5,0,0,0,0,5,0,0,0,4,0,0,0,0,4,0,0,0,2,0,0,0,0,2,0,0,0,2,0,0,0,0,1,1,0,0,1,0,0,0,0,0,1,0,0,2,0,0,0,0,2,0,0,0,1,1,0,0,0,0,0,0,0,0, ,0,0,0,0,0,0,0,0,No, ,No, ,Si,1,No, ,No, ,No, ,Si,1,Si,1,Si,2,No, ,No, ,Si,1,Si,3,Si,17,26,0,No, ,No, , , , , , , , , , , , , , , , , , , , , , , , , , , , , , , , , , , , , , , , , , , , , , , , , , , , , , , , , , , , ,-7.74503147,-79.1884337
0207,130208,08,CASA GRANDE,Menos de 5000 Hab,Otros,CENTRO POBLADO, , , , , , , , , , , , , , , , , , , , , , , , , , , , , , , , , , , , , , , , , , , , , , , , , , , , , , , , , , , , , , , , , , , , , , , , , , , , , , ,13,1,0,0,0,10,2,0,0,1,0,0,0,0,1,0,0,0,3,0,0,0,0,3,0,0,0,2,0,0,0,0,2,0,0,0,2,0,0,0,0,2,0,0,0,0,0,0,0,0,0,0,0,0,0,0,0,0,0,0,0,0,0,2,0,0,0,0,0,2,0,0,2,0,0,0,0,2,0,0,0,1,1,0,0,0,0,0,0,0,0, ,0,0,0,0,0,0,0,0,No, ,No, ,No, ,No, ,Si,1,No, ,No, ,Si,1,Si,1,Si,1,No, ,No, ,Si,4,Si,5,13,0,No, ,Sí,2,5,5, , , , , , , , , , , , , , , , , , , , , , , , , , , , , , , , , , , , , , ,Ninguna, , , , , , , , , , , , , , , , , , ,-7.76497355,-79.14651689
0209,130305,05,UCHUMARCA,De 10001 - 20000 Hab,Distrital, , , , , , , , , , , , , , , , , , , , , , , , , , , , ,2,13,3,5,Si,No,13,3,4,Si,No, , , , , , , , , , , , , , , , , , , , , , , , , , , , , , , , , , , , , , , , ,9,0,0,0,0,9,0,0,0,1,0,0,0,0,1,0,0,0,3,0,0,0,0,3,0,0,0,1,0,0,0,0,1,0,0,0,0,0,0,0,0,0,0,0,0,1,0,0,0,0,1,0,0,0,0,0,0,0,0,0,0,0,0,1,0,0,0,0,1,0,0,0,1,0,0,0,0,1,0,0,0,1,0,0,0,0,1,0,0,0,0, ,0,0,0,0,0,0,0,0,No, ,No, ,No, ,No, ,No, ,No, ,No, ,Si,1,No, ,Si,1,Si,1,No, ,No, ,Si,6,9,0,No, ,Sí,1,4, , , , , , , , , , , , , , , , , , , , , , , , , , , , , , , , , , , , , , , ,Almenos una,1,Si,Si,Si,Si,No,No,No,Si,Si,Si,No,Si,No,No,Si,No, ,-7.04656457,-77.80563249
0210,130401,01,CHEPEN,De 40001 - 80000 Hab,Distrital, , , , , , , , , , , , , , , , , , , , , , , , , , , , ,3,13,4,1,Si,No,13,4,2,No,Si,13,4,3,No,Si, , , , , , , , , , , , , , , , , , , , , , , , , , , , , , , , , , , ,58,2,0,0,0,50,6,0,0,4,1,0,0,0,3,0,0,0,33,0,0,0,0,31,2,0,0,0,0,0,0,0,0,0,0,0,4,0,0,0,0,4,0,0,0,2,0,0,0,0,2,0,0,0,2,0,0,0,0,0,2,0,0,1,0,0,0,0,1,0,0,0,11,0,0,0,0,9,2,0,0,1,1,0,0,0,0,0,0,0,0, ,0,0,0,0,0,0,0,0,No, ,Si,1,Si,1,No, ,No, ,No, ,Si,5,Si,5,Si,5,Si,4,No, ,No, ,Si,7,Si,30,58,1,No, ,No, , , , , , , , , , , , , , , , , , , , , , , , , , , , , , , , , , , , , , , , , , , , , , , , , , , , , , , , , , , , ,-7.23189556,-79.42438745
0211,130401,01,CHEPEN,De 10001 - 20000 Hab,Otros,CENTRO POBLADO, , , , , , , , , , , , , , , , , , , , , , , , , , , , , , , , , , , , , , , , , , , , , , , , , , , , , , , , , , , , , , , , , , , , , , , , , , , , , , ,14,0,1,0,0,12,0,1,0,3,0,0,0,0,3,0,0,0,4,0,0,0,0,3,0,1,0,0,0,0,0,0,0,0,0,0,1,0,0,0,0,1,0,0,0,1,0,0,0,0,1,0,0,0,0,0,0,0,0,0,0,0,0,1,0,0,0,0,1,0,0,0,3,0,0,0,0,3,0,0,0,1,0,1,0,0,0,0,0,0,0, ,0,0,0,0,0,0,0,0,No, ,No, ,No, ,No, ,Si,1,No, ,No, ,Si,5,No, ,No, ,No, ,Si,1,Si,5,Si,2,14,1,Sí,2,Sí,1,15, , , , , , , , , , , , , , , , , , , , , , , , , , , , , , , , , , , , , , , ,Ninguna, , , , , , , , , , , , , , , , , , ,-7.24177556,-79.39861511
0212,130402,02,PACANGA,De 10001 - 20000 Hab,Otros,CENTRO POBLADO, , , , , , , , , , , , , , , , , , , , , , , , , , , , , , , , , , , , , , , , , , , , , , , , , , , , , , , , , , , , , , , , , , , , , , , , , , , , , , ,10,0,0,0,0,10,0,0,0,1,0,0,0,0,1,0,0,0,3,0,0,0,0,3,0,0,0,0,0,0,0,0,0,0,0,0,1,0,0,0,0,1,0,0,0,1,0,0,0,0,1,0,0,0,1,0,0,0,0,1,0,0,0,1,0,0,0,0,1,0,0,0,1,0,0,0,0,1,0,0,0,1,0,0,0,0,1,0,0,0,0, ,0,0,0,0,0,0,0,0,No, ,No, ,No, ,No, ,No, ,No, ,No, ,Si,1,Si,3,Si,1,No, ,No, ,No, ,Si,5,10,0,No, ,No, , , , , , , , , , , , , , , , , , , , , , , , , , , , , , , , , , , , , , , , , , , , , , , , , , , , , , , , , , , , ,-7.17092864,-79.48575176
0213,130402,02,PACANGA,De 10001 - 20000 Hab,Otros,CENTRO POBLADO, , , , , , , , , , , , , , , , , , , , , , , , , , , , , , , , , , , , , , , , , , , , , , , , , , , , , , , , , , , , , , , , , , , , , , , , , , , , , , ,12,1,0,0,0,8,3,0,0,1,0,0,0,0,0,1,0,0,3,0,0,0,0,3,0,0,0,0,0,0,0,0,0,0,0,0,2,0,0,0,0,2,0,0,0,1,0,0,0,0,1,0,0,0,1,0,0,0,0,0,1,0,0,1,0,0,0,0,0,1,0,0,2,0,0,0,0,2,0,0,0,1,1,0,0,0,0,0,0,0,0, ,0,0,0,0,0,0,0,0,No, ,No, ,No, ,Si,1,No, ,No, ,Si,1,Si,2,Si,2,Si,1,No, ,No, ,Si,1,Si,4,12,1,No, ,Sí,1,11, , , , , , , , , , , , , , , , , , , , , , , , , , , , , , , , , , , , , , , ,Ninguna, , , , , , , , , , , , , , , , , , ,-7.15907317,-79.44387505
0214,130403,03,PUEBLO NUEVO,De 10001 - 20000 Hab,Distrital, , , , , , , , , , , , , , , , , , , , , , , , , , , , ,1,13,4,3,Si,No, , , , , , , , , , , , , , , , , , , , , , , , , , , , , , , , , , , , , , , , , , , , , ,17,0,0,0,0,16,1,0,0,1,0,0,0,0,0,1,0,0,4,0,0,0,0,4,0,0,0,5,0,0,0,0,5,0,0,0,1,0,0,0,0,1,0,0,0,1,0,0,0,0,1,0,0,0,1,0,0,0,0,1,0,0,0,1,0,0,0,0,1,0,0,0,1,0,0,0,0,1,0,0,0,2,0,0,0,0,2,0,0,0,0, ,0,0,0,0,0,0,0,0,No, ,No, ,No, ,No, ,No, ,No, ,Si,2,Si,2,Si,3,Si,1,Si,1,Si,1,Si,1,Si,6,17,0,No, ,No, , , , , , , , , , , , , , , , , , , , , , , , , , , , , , , , , , , , , , , , , , , , , , , , , , , , , , , , , , , , ,-7.18827516,-79.51493434
0215,130501,01,JULCAN,De 20001 - 40000 Hab,Distrital, , , , , , , , , , , , , , , , , , , , , , , , , , , , ,1,13,5,1,No,Si, , , , , , , , , , , , , , , , , , , , , , , , , , , , , , , , , , , , , , , , , , , , , ,16,1,0,0,0,15,0,0,0,2,0,0,0,0,2,0,0,0,8,0,0,0,0,8,0,0,0,0,0,0,0,0,0,0,0,0,2,0,0,0,0,2,0,0,0,0,0,0,0,0,0,0,0,0,0,0,0,0,0,0,0,0,0,1,0,0,0,0,1,0,0,0,2,0,0,0,0,2,0,0,0,1,1,0,0,0,0,0,0,0,0, ,0,0,0,0,0,0,0,0,No, ,No, ,No, ,Si,1,No, ,No, ,Si,1,No, ,Si,1,Si,1,Si,1,No, ,Si,3,Si,8,16,0,No, ,No, , , , , , , , , , , , , , , , , , , , , , , , , , , , , , , , , , , , , , , , , , , , , , , , , , , , , , , , , , , , ,-8.04276771,-78.48697972
0216,130503,03,CARABAMBA,De 10001 - 20000 Hab,Distrital, , , , , , , , , , , , , , , , , , , , , , , , , , , , ,1,13,5,3,Si,No, , , , , , , , , , , , , , , , , , , , , , , , , , , , , , , , , , , , , , , , , , , , , ,8,0,0,0,0,8,0,0,0,1,0,0,0,0,1,0,0,0,0,0,0,0,0,0,0,0,0,2,0,0,0,0,2,0,0,0,2,0,0,0,0,2,0,0,0,0,0,0,0,0,0,0,0,0,0,0,0,0,0,0,0,0,0,1,0,0,0,0,1,0,0,0,1,0,0,0,0,1,0,0,0,1,0,0,0,0,1,0,0,0,0, ,0,0,0,0,0,0,0,0,No, ,No, ,No, ,No, ,No, ,No, ,Si,1,No, ,Si,1,Si,1,Si,5,No, ,No, ,No, ,8,0,No, ,No, , , , , , , , , , , , , , , , , , , , , , , , , , , , , , , , , , , , , , , , , , , , , , , , , , , , , , , , , , , , ,-8.11083481,-78.60633377
0217,130601,01,OTUZCO,De 20001 - 40000 Hab,Provincial, , , , , , , ,1,13,6, , , , , , , , , , , , , , , , , , , , , , , , , , , , , , , , , , , , , , , , , , , , , , , , , , , , , , , , , , , , , , , , , , , , , ,27,1,0,0,0,22,4,0,0,2,0,0,0,0,0,2,0,0,12,0,0,0,0,12,0,0,0,3,0,0,0,0,3,0,0,0,1,0,0,0,0,1,0,0,0,1,0,0,0,0,1,0,0,0,1,0,0,0,0,1,0,0,0,2,0,0,0,0,0,2,0,0,4,0,0,0,0,4,0,0,0,1,1,0,0,0,0,0,0,0,0, ,0,0,0,0,0,0,0,0,No, ,Si,1,No, ,No, ,No, ,No, ,Si,2,Si,2,Si,3,Si,1,No, ,No, ,No, ,Si,18,27,0,No, ,No, , , , , , , , , , , , , , , , , , , , , , , , , , , , , , , , , , , , , , , , , , , , , , , , , , , , , , , , , , , , ,-7.90523735,-78.56511557
0218,130602,02,AGALLPAMPA,De 10001 - 20000 Hab,Distrital, , , , , , , , , , , , , , , , , , , , , , , , , , , , ,1,13,6,2,Si,No, , , , , , , , , , , , , , , , , , , , , , , , , , , , , , , , , , , , , , , , , , , , , ,10,1,0,0,0,9,0,0,0,1,0,0,0,0,1,0,0,0,3,0,0,0,0,3,0,0,0,1,0,0,0,0,1,0,0,0,1,0,0,0,0,1,0,0,0,1,0,0,0,0,1,0,0,0,0,0,0,0,0,0,0,0,0,1,0,0,0,0,1,0,0,0,1,0,0,0,0,1,0,0,0,1,1,0,0,0,0,0,0,0,0, ,0,0,0,0,0,0,0,0,No, ,No, ,No, ,No, ,No, ,Si,1,No, ,Si,1,Si,1,No, ,Si,1,No, ,Si,1,Si,5,10,0,No, ,No, , , , , , , , , , , , , , , , , , , , , , , , , , , , , , , , , , , , , , , , , , , , , , , , , , , , , , , , , , , , ,-7.98198121,-78.54630922
0219,130604,04,CHARAT,Menos de 5000 Hab,Distrital, , , , , , , , , , , , , , , , , , , , , , , , , , , , ,1,13,6,4,No,Si, , , , , , , , , , , , , , , , , , , , , , , , , , , , , , , , , , , , , , , , , , , , , ,9,0,0,0,0,9,0,0,0,1,0,0,0,0,1,0,0,0,1,0,0,0,0,1,0,0,0,1,0,0,0,0,1,0,0,0,1,0,0,0,0,1,0,0,0,1,0,0,0,0,1,0,0,0,1,0,0,0,0,1,0,0,0,1,0,0,0,0,1,0,0,0,1,0,0,0,0,1,0,0,0,1,0,0,0,0,1,0,0,0,0, ,0,0,0,0,0,0,0,0,No, ,No, ,No, ,No, ,No, ,No, ,Si,1,No, ,No, ,Si,1,Si,1,Si,1,No, ,Si,5,9,0,No, ,Sí,2,4,4, , , , , , , , , , , , , , , , , , , , , , , , , , , , , , , , , , , , , , ,Ninguna, , , , , , , , , , , , , , , , , , ,-7.82320096,-78.44832824
0220,130605,05,HUARANCHAL,De 5000 - 10000 Hab,Distrital, , , , , , , , , , , , , , , , , , , , , , , , , , , , ,1,13,6,5,Si,No, , , , , , , , , , , , , , , , , , , , , , , , , , , , , , , , , , , , , , , , , , , , , ,10,0,0,0,0,8,2,0,0,1,0,0,0,0,0,1,0,0,2,0,0,0,0,2,0,0,0,2,0,0,0,0,2,0,0,0,1,0,0,0,0,1,0,0,0,1,0,0,0,0,1,0,0,0,0,0,0,0,0,0,0,0,0,1,0,0,0,0,0,1,0,0,1,0,0,0,0,1,0,0,0,1,0,0,0,0,1,0,0,0,0, ,0,0,0,0,0,0,0,0,No, ,No, ,No, ,No, ,No, ,No, ,Si,1,No, ,Si,1,Si,1,No, ,No, ,Si,1,Si,6,10,0,No, ,No, , , , , , , , , , , , , , , , , , , , , , , , , , , , , , , , , , , , , , , , , , , , , , , , , , , , , , , , , , , , ,-7.68953672,-78.44251219
0221,130608,08,MACHE,De 10001 - 20000 Hab,Distrital, , , , , , , , , , , , , , , , , , , , , , , , , , , , ,1,13,6,8,Si,No, , , , , , , , , , , , , , , , , , , , , , , , , , , , , , , , , , , , , , , , , , , , , ,12,0,0,0,0,11,1,0,0,2,0,0,0,0,1,1,0,0,2,0,0,0,0,2,0,0,0,2,0,0,0,0,2,0,0,0,2,0,0,0,0,2,0,0,0,0,0,0,0,0,0,0,0,0,1,0,0,0,0,1,0,0,0,0,0,0,0,0,0,0,0,0,2,0,0,0,0,2,0,0,0,1,0,0,0,0,1,0,0,0,0, ,0,0,0,0,0,0,0,0,No, ,No, ,No, ,No, ,No, ,No, ,Si,1,Si,1,No, ,Si,1,No, ,No, ,Si,1,Si,8,12,0,No, ,No, , , , , , , , , , , , , , , , , , , , , , , , , , , , , , , , , , , , , , , , , , , , , , , , , , , , , , , , , , , , ,-8.03081371,-78.53407491
0222,130611,11,SALPO,Menos de 5000 Hab,Distrital, , , , , , , , , , , , , , , , , , , , , , , , , , , , ,1,13,6,11,Si,No, , , , , , , , , , , , , , , , , , , , , , , , , , , , , , , , , , , , , , , , , , , , , ,9,0,0,0,0,9,0,0,0,2,0,0,0,0,2,0,0,0,0,0,0,0,0,0,0,0,0,1,0,0,0,0,1,0,0,0,1,0,0,0,0,1,0,0,0,1,0,0,0,0,1,0,0,0,1,0,0,0,0,1,0,0,0,0,0,0,0,0,0,0,0,0,2,0,0,0,0,2,0,0,0,1,0,0,0,0,1,0,0,0,0, ,0,0,0,0,0,0,0,0,No, ,No, ,No, ,No, ,No, ,No, ,Si,1,No, ,Si,1,No, ,No, ,Si,1,Si,1,Si,5,9,0,No, ,No, , , , , , , , , , , , , , , , , , , , , , , , , , , , , , , , , , , , , , , , , , , , , , , , , , , , , , , , , , , , ,-8.00264489,-78.59812552
0223,130613,13,SINSICAP,De 20001 - 40000 Hab,Distrital, , , , , , , , , , , , , , , , , , , , , , , , , , , , ,1,13,6,13,No,Si, , , , , , , , , , , , , , , , , , , , , , , , , , , , , , , , , , , , , , , , , , , , , ,9,0,0,0,0,9,0,0,0,1,0,0,0,0,1,0,0,0,2,0,0,0,0,2,0,0,0,1,0,0,0,0,1,0,0,0,2,0,0,0,0,2,0,0,0,0,0,0,0,0,0,0,0,0,0,0,0,0,0,0,0,0,0,0,0,0,0,0,0,0,0,0,2,0,0,0,0,2,0,0,0,1,0,0,0,0,1,0,0,0,0, ,0,0,0,0,0,0,0,0,No, ,No, ,No, ,No, ,No, ,No, ,Si,1,Si,1,No, ,No, ,No, ,No, ,Si,2,Si,5,9,0,No, ,No, , , , , , , , , , , , , , , , , , , , , , , , , , , , , , , , , , , , , , , , , , , , , , , , , , , , , , , , , , , , ,-7.85155915,-78.75449365
0224,130614,14,USQUIL,De 20001 - 40000 Hab,Distrital, , , , , , , , , , , , , , , , , , , , , , , , , , , , ,1,13,6,14,No,Si, , , , , , , , , , , , , , , , , , , , , , , , , , , , , , , , , , , , , , , , , , , , , ,10,1,0,0,0,8,1,0,0,1,0,0,0,0,0,1,0,0,2,0,0,0,0,2,0,0,0,1,0,0,0,0,1,0,0,0,2,0,0,0,0,2,0,0,0,0,0,0,0,0,0,0,0,0,0,0,0,0,0,0,0,0,0,2,0,0,0,0,2,0,0,0,1,0,0,0,0,1,0,0,0,1,1,0,0,0,0,0,0,0,0, ,0,0,0,0,0,0,0,0,No, ,No, ,No, ,No, ,Si,1,No, ,No, ,Si,2,No, ,No, ,No, ,Si,1,Si,1,Si,5,10,0,No, ,No, , , , , , , , , , , , , , , , , , , , , , , , , , , , , , , , , , , , , , , , , , , , , , , , , , , , , , , , , , , , ,-7.81644964,-78.41734861
0225,130601,01,OTUZCO,Menos de 5000 Hab,Otros,CENTRO POBLADO, , , , , , , , , , , , , , , , , , , , , , , , , , , , , , , , , , , , , , , , , , , , , , , , , , , , , , , , , , , , , , , , , , , , , , , , , , , , , , ,10,0,0,0,0,10,0,0,0,2,0,0,0,0,2,0,0,0,2,0,0,0,0,2,0,0,0,0,0,0,0,0,0,0,0,0,0,0,0,0,0,0,0,0,0,0,0,0,0,0,0,0,0,0,0,0,0,0,0,0,0,0,0,1,0,0,0,0,1,0,0,0,0,0,0,0,0,0,0,0,0,3,0,0,0,0,3,0,0,0,2,CHOFER,0,0,0,0,2,0,0,0,No, ,No, ,No, ,No, ,No, ,No, ,Si,2,No, ,Si,1,Si,1,Si,1,No, ,Si,1,Si,4,10,0,No, ,No, , , , , , , , , , , , , , , , , , , , , , , , , , , , , , , , , , , , , , , , , , , , , , , , , , , , , , , , , , , , ,-7.99523203,-78.68319098
0226,130701,01,SAN PEDRO DE LLOC,De 10001 - 20000 Hab,Distrital, , , , , , , , , , , , , , , , , , , , , , , , , , , , ,1,13,7,1,Si,No, , , , , , , , , , , , , , , , , , , , , , , , , , , , , , , , , , , , , , , , , , , , , ,20,1,0,0,0,17,2,0,0,1,0,0,0,0,0,1,0,0,10,0,0,0,0,10,0,0,0,0,0,0,0,0,0,0,0,0,1,0,0,0,0,1,0,0,0,1,0,0,0,0,1,0,0,0,2,0,0,0,0,2,0,0,0,2,0,0,0,0,1,1,0,0,2,0,0,0,0,2,0,0,0,1,1,0,0,0,0,0,0,0,0, ,0,0,0,0,0,0,0,0,No, ,Si,1,No, ,No, ,No, ,No, ,Si,2,Si,1,Si,1,Si,1,Si,12,Si,1,Si,1,No, ,20,0,No, ,No, , , , , , , , , , , , , , , , , , , , , , , , , , , , , , , , , , , , , , , , , , , , , , , , , , , , , , , , , , , , ,-7.42460358,-79.5029164
0227,130702,02,GUADALUPE,De 5000 - 10000 Hab,Distrital, , , , , , , , , , , , , , , , , , , , , , , , , , , , ,1,13,7,2,Si,No, , , , , , , , , , , , , , , , , , , , , , , , , , , , , , , , , , , , , , , , , , , , , ,27,1,0,0,0,24,2,0,0,3,0,0,0,0,2,1,0,0,15,0,0,0,0,15,0,0,0,2,0,0,0,0,2,0,0,0,1,0,0,0,0,1,0,0,0,1,0,0,0,0,1,0,0,0,1,0,0,0,0,1,0,0,0,1,0,0,0,0,0,1,0,0,2,0,0,0,0,2,0,0,0,1,1,0,0,0,0,0,0,0,0, ,0,0,0,0,0,0,0,0,No, ,No, ,Si,1,No, ,No, ,No, ,Si,2,Si,6,Si,6,No, ,Si,1,No, ,Si,2,Si,9,27,0,No, ,No, , , , , , , , , , , , , , , , , , , , , , , , , , , , , , , , , , , , , , , , , , , , , , , , , , , , , , , , , , , , ,-7.247909,-79.47643877
0228,130702,02,GUADALUPE,De 20001 - 40000 Hab,Otros,CENTRO POBLADO, , , , , , , , , , , , , , , , , , , , , , , , , , , , , , , , , , , , , , , , , , , , , , , , , , , , , , , , , , , , , , , , , , , , , , , , , , , , , , ,21,1,0,0,0,19,1,0,0,1,0,0,0,0,0,1,0,0,7,0,0,0,0,7,0,0,0,0,0,0,0,0,0,0,0,0,2,0,0,0,0,2,0,0,0,1,0,0,0,0,1,0,0,0,1,0,0,0,0,1,0,0,0,1,0,0,0,0,1,0,0,0,7,0,0,0,0,7,0,0,0,1,1,0,0,0,0,0,0,0,0, ,0,0,0,0,0,0,0,0,No, ,No, ,Si,1,No, ,No, ,No, ,Si,2,Si,2,Si,1,Si,1,No, ,Si,2,Si,2,Si,10,21,0,No, ,No, , , , , , , , , , , , , , , , , , , , , , , , , , , , , , , , , , , , , , , , , , , , , , , , , , , , , , , , , , , , ,-7.30376549,-79.48014159
0229,130703,03,JEQUETEPEQUE,Menos de 5000 Hab,Distrital, , , , , , , , , , , , , , , , , , , , , , , , , , , , ,1,13,7,3,Si,No, , , , , , , , , , , , , , , , , , , , , , , , , , , , , , , , , , , , , , , , , , , , , ,10,0,1,0,0,7,2,0,0,1,0,0,0,0,1,0,0,0,2,0,0,0,0,2,0,0,0,1,0,0,0,0,0,1,0,0,1,0,0,0,0,1,0,0,0,1,0,0,0,0,1,0,0,0,0,0,0,0,0,0,0,0,0,1,0,0,0,0,0,1,0,0,2,0,0,0,0,2,0,0,0,1,0,1,0,0,0,0,0,0,0, ,0,0,0,0,0,0,0,0,No, ,No, ,No, ,No, ,Si,1,No, ,No, ,Si,1,No, ,No, ,No, ,Si,1,Si,1,Si,6,10,0,No, ,No, , , , , , , , , , , , , , , , , , , , , , , , , , , , , , , , , , , , , , , , , , , , , , , , , , , , , , , , , , , , ,-7.33745788,-79.5639038
0230,130704,04,PACASMAYO,De 20001 - 40000 Hab,Distrital, , , , , , , , , , , , , , , , , , , , , , , , , , , , ,1,13,7,4,Si,No, , , , , , , , , , , , , , , , , , , , , , , , , , , , , , , , , , , , , , , , , , , , , ,27,1,0,0,0,21,5,0,0,1,0,0,0,0,1,0,0,0,12,0,0,0,0,10,2,0,0,0,0,0,0,0,0,0,0,0,4,0,0,0,0,3,1,0,0,1,0,0,0,0,1,0,0,0,1,0,0,0,0,0,1,0,0,1,0,0,0,0,0,1,0,0,6,0,0,0,0,6,0,0,0,1,1,0,0,0,0,0,0,0,0, ,0,0,0,0,0,0,0,0,No, ,Si,1,No, ,No, ,No, ,No, ,Si,4,Si,1,Si,2,No, ,Si,1,Si,1,Si,3,Si,14,27,1,No, ,No, , , , , , , , , , , , , , , , , , , , , , , , , , , , , , , , , , , , , , , , , , , , , , , , , , , , , , , , , , , , ,-7.39930027,-79.57121491
0231,130705,05,SAN JOSE,De 5000 - 10000 Hab,Distrital, , , , , , , , , , , , , , , , , , , , , , , , , , , , ,1,13,7,5,Si,No, , , , , , , , , , , , , , , , , , , , , , , , , , , , , , , , , , , , , , , , , , , , , ,10,1,0,0,0,8,1,0,0,1,0,0,0,0,1,0,0,0,3,0,0,0,0,3,0,0,0,1,0,0,0,0,1,0,0,0,0,0,0,0,0,0,0,0,0,1,0,0,0,0,1,0,0,0,0,0,0,0,0,0,0,0,0,1,0,0,0,0,0,1,0,0,2,0,0,0,0,2,0,0,0,1,1,0,0,0,0,0,0,0,0, ,0,0,0,0,0,0,0,0,No, ,No, ,No, ,Si,1,No, ,No, ,Si,1,Si,2,No, ,Si,1,No, ,No, ,Si,2,Si,3,10,0,No, ,No, , , , , , , , , , , , , , , , , , , , , , , , , , , , , , , , , , , , , , , , , , , , , , , , , , , , , , , , , , , , ,-7.34975886,-79.45638237
0232,130801,01,TAYABAMBA,De 40001 - 80000 Hab,Provincial, , , , , , , ,1,13,8, , , , , , , , , , , , , , , , , , , , , , , , , , , , , , , , , , , , , , , , , , , , , , , , , , , , , , , , , , , , , , , , , , , , , ,15,1,0,0,0,14,0,0,0,2,0,0,0,0,2,0,0,0,2,0,0,0,0,2,0,0,0,2,0,0,0,0,2,0,0,0,1,0,0,0,0,1,0,0,0,2,0,0,0,0,2,0,0,0,2,0,0,0,0,2,0,0,0,1,0,0,0,0,1,0,0,0,2,0,0,0,0,2,0,0,0,1,1,0,0,0,0,0,0,0,0, ,0,0,0,0,0,0,0,0,No, ,Si,1,No, ,No, ,No, ,No, ,No, ,No, ,No, ,No, ,No, ,No, ,No, ,Si,14,15,0,No, ,Sí,1,4, , , , , , , , , , , , , , , , , , , , , , , , , , , , , , , , , , , , , , , ,Ninguna, , , , , , , , , , , , , , , , , , ,-8.296243,-77.305127
0233,130808,08,PARCOY,De 5000 - 10000 Hab,Distrital, , , , , , , , , , , , , , , , , , , , , , , , , , , , ,1,13,8,8,Si,No, , , , , , , , , , , , , , , , , , , , , , , , , , , , , , , , , , , , , , , , , , , , , ,12,1,0,0,0,11,0,0,0,2,0,0,0,0,2,0,0,0,3,0,0,0,0,3,0,0,0,0,0,0,0,0,0,0,0,0,1,0,0,0,0,1,0,0,0,2,0,0,0,0,2,0,0,0,1,0,0,0,0,1,0,0,0,1,0,0,0,0,1,0,0,0,1,0,0,0,0,1,0,0,0,1,1,0,0,0,0,0,0,0,0, ,0,0,0,0,0,0,0,0,No, ,No, ,No, ,No, ,Si,1,No, ,Si,2,No, ,Si,1,Si,1,No, ,No, ,No, ,Si,7,12,0,No, ,No, , , , , , , , , , , , , , , , , , , , , , , , , , , , , , , , , , , , , , , , , , , , , , , , , , , , , , , , , , , , ,-8.02077735,-77.475623
0234,130809,09,PATAZ,De 5000 - 10000 Hab,Distrital, , , , , , , , , , , , , , , , , , , , , , , , , , , , ,1,13,8,9,No,Si, , , , , , , , , , , , , , , , , , , , , , , , , , , , , , , , , , , , , , , , , , , , , ,9,1,0,0,0,8,0,0,0,2,0,0,0,0,2,0,0,0,0,0,0,0,0,0,0,0,0,2,0,0,0,0,2,0,0,0,1,0,0,0,0,1,0,0,0,1,0,0,0,0,1,0,0,0,1,0,0,0,0,1,0,0,0,0,0,0,0,0,0,0,0,0,1,0,0,0,0,1,0,0,0,1,1,0,0,0,0,0,0,0,0, ,0,0,0,0,0,0,0,0,No, ,No, ,No, ,No, ,Si,1,No, ,No, ,No, ,Si,2,No, ,No, ,No, ,Si,1,Si,5,9,0,No, ,No, , , , , , , , , , , , , , , , , , , , , , , , , , , , , , , , , , , , , , , , , , , , , , , , , , , , , , , , , , , , ,-7.833162,-77.634778
0235,130809,09,PATAZ,Menos de 5000 Hab,Distrital, , , , , , , , , , , , , , , , , , , , , , , , , , , , ,1,13,8,9,No,Si, , , , , , , , , , , , , , , , , , , , , , , , , , , , , , , , , , , , , , , , , , , , , ,10,0,0,0,0,10,0,0,0,2,0,0,0,0,2,0,0,0,2,0,0,0,0,2,0,0,0,1,0,0,0,0,1,0,0,0,1,0,0,0,0,1,0,0,0,1,0,0,0,0,1,0,0,0,1,0,0,0,0,1,0,0,0,0,0,0,0,0,0,0,0,0,1,0,0,0,0,1,0,0,0,1,0,0,0,0,1,0,0,0,0, ,0,0,0,0,0,0,0,0,No, ,No, ,No, ,No, ,No, ,No, ,Si,1,No, ,No, ,Si,1,No, ,No, ,No, ,Si,8,10,0,No, ,No, , , , , , , , , , , , , , , , , , , , , , , , , , , , , , , , , , , , , , , , , , , , , , , , , , , , , , , , , , , , ,-7.72787177,-77.66352929
0236,130901,01,HUAMACHUCO,De 40001 - 80000 Hab,Distrital, , , , , , , , , , , , , , , , , , , , , , , , , , , , ,1,13,9,1,Si,No, , , , , , , , , , , , , , , , , , , , , , , , , , , , , , , , , , , , , , , , , , , , , ,26,1,0,0,0,25,0,0,0,2,0,0,0,0,2,0,0,0,9,0,0,0,0,9,0,0,0,4,0,0,0,0,4,0,0,0,2,0,0,0,0,2,0,0,0,1,0,0,0,0,1,0,0,0,2,0,0,0,0,2,0,0,0,1,0,0,0,0,1,0,0,0,4,0,0,0,0,4,0,0,0,1,1,0,0,0,0,0,0,0,0, ,0,0,0,0,0,0,0,0,No, ,Si,1,No, ,No, ,No, ,No, ,No, ,Si,1,Si,3,No, ,No, ,Si,1,Si,4,Si,16,26,0,No, ,No, , , , , , , , , , , , , , , , , , , , , , , , , , , , , , , , , , , , , , , , , , , , , , , , , , , , , , , , , , , , ,-7.8169462,-78.0423777
0237,130904,04,CURGOS,De 5000 - 10000 Hab,Distrital, , , , , , , , , , , , , , , , , , , , , , , , , , , , ,1,13,9,4,Si,No, , , , , , , , , , , , , , , , , , , , , , , , , , , , , , , , , , , , , , , , , , , , , ,9,0,0,0,0,8,1,0,0,1,0,0,0,0,0,1,0,0,0,0,0,0,0,0,0,0,0,3,0,0,0,0,3,0,0,0,1,0,0,0,0,1,0,0,0,0,0,0,0,0,0,0,0,0,0,0,0,0,0,0,0,0,0,1,0,0,0,0,1,0,0,0,2,0,0,0,0,2,0,0,0,1,0,0,0,0,1,0,0,0,0, ,0,0,0,0,0,0,0,0,No, ,No, ,No, ,No, ,No, ,No, ,No, ,No, ,Si,1,No, ,No, ,No, ,Si,2,Si,6,9,0,No, ,No, , , , , , , , , , , , , , , , , , , , , , , , , , , , , , , , , , , , , , , , , , , , , , , , , , , , , , , , , , , , ,-7.86177434,-77.94502023
0238,130907,07,SARIN,De 10001 - 20000 Hab,Distrital, , , , , , , , , , , , , , , , , , , , , , , , , , , , ,1,13,9,7,Si,No, , , , , , , , , , , , , , , , , , , , , , , , , , , , , , , , , , , , , , , , , , , , , ,10,1,0,0,0,9,0,0,0,2,0,0,0,0,2,0,0,0,2,0,0,0,0,2,0,0,0,0,0,0,0,0,0,0,0,0,2,0,0,0,0,2,0,0,0,0,0,0,0,0,0,0,0,0,0,0,0,0,0,0,0,0,0,1,0,0,0,0,1,0,0,0,2,0,0,0,0,2,0,0,0,1,1,0,0,0,0,0,0,0,0, ,0,0,0,0,0,0,0,0,No, ,No, ,No, ,No, ,Si,1,No, ,No, ,No, ,No, ,Si,1,No, ,No, ,Si,2,Si,6,10,0,No, ,Sí,1,4, , , , , , , , , , , , , , , , , , , , , , , , , , , , , , , , , , , , , , , ,Almenos una,1,Si,Si,No,No,No,No,No,No,Si,No,No,No,No,No,No,Si,PONCHO IMPERMEABLE,-7.90950445,-77.91009816
0239,131001,01,SANTIAGO DE CHUCO,De 40001 - 80000 Hab,Distrital, , , , , , , , , , , , , , , , , , , , , , , , , , , , ,1,13,10,1,No,Si, , , , , , , , , , , , , , , , , , , , , , , , , , , , , , , , , , , , , , , , , , , , , ,22,1,0,0,0,19,1,1,0,1,0,0,0,0,1,0,0,0,5,0,0,0,0,5,0,0,0,2,0,0,0,0,2,0,0,0,4,0,0,0,0,3,0,1,0,4,0,0,0,0,4,0,0,0,2,0,0,0,0,1,1,0,0,1,0,0,0,0,1,0,0,0,2,0,0,0,0,2,0,0,0,1,1,0,0,0,0,0,0,0,0, ,0,0,0,0,0,0,0,0,No, ,Si,1,No, ,No, ,No, ,No, ,Si,1,No, ,Si,1,Si,3,Si,13,No, ,Si,3,No, ,22,0,No, ,No, , , , , , , , , , , , , , , , , , , , , , , , , , , , , , , , , , , , , , , , , , , , , , , , , , , , , , , , , , , , ,-8.14538461,-78.1736834
0240,131006,06,QUIRUVILCA,De 20001 - 40000 Hab,Distrital, , , , , , , , , , , , , , , , , , , , , , , , , , , , ,1,13,10,6,No,Si, , , , , , , , , , , , , , , , , , , , , , , , , , , , , , , , , , , , , , , , , , , , , ,10,1,0,0,0,9,0,0,0,1,0,0,0,0,1,0,0,0,2,0,0,0,0,2,0,0,0,1,0,0,0,0,1,0,0,0,1,0,0,0,0,1,0,0,0,1,0,0,0,0,1,0,0,0,1,0,0,0,0,1,0,0,0,0,0,0,0,0,0,0,0,0,2,0,0,0,0,2,0,0,0,1,1,0,0,0,0,0,0,0,0, ,0,0,0,0,0,0,0,0,No, ,No, ,No, ,No, ,Si,1,No, ,No, ,Si,1,No, ,Si,1,No, ,No, ,Si,2,Si,5,10,0,No, ,No, , , , , , , , , , , , , , , , , , , , , , , , , , , , , , , , , , , , , , , , , , , , , , , , , , , , , , , , , , , , ,-8.01321277,-78.32646182
0241,131002,02,ANGASMARCA,De 40001 - 80000 Hab,Distrital, , , , , , , , , , , , , , , , , , , , , , , , , , , , ,1,13,10,2,No,Si, , , , , , , , , , , , , , , , , , , , , , , , , , , , , , , , , , , , , , , , , , , , , ,10,0,0,0,0,10,0,0,0,1,0,0,0,0,1,0,0,0,2,0,0,0,0,2,0,0,0,1,0,0,0,0,1,0,0,0,1,0,0,0,0,1,0,0,0,1,0,0,0,0,1,0,0,0,1,0,0,0,0,1,0,0,0,1,0,0,0,0,1,0,0,0,1,0,0,0,0,1,0,0,0,1,0,0,0,0,1,0,0,0,0, ,0,0,0,0,0,0,0,0,No, ,No, ,No, ,No, ,No, ,No, ,Si,1,No, ,Si,1,No, ,No, ,No, ,Si,1,Si,7,10,0,No, ,No, , , , , , , , , , , , , , , , , , , , , , , , , , , , , , , , , , , , , , , , , , , , , , , , , , , , , , , , , , , , ,-8.13358405,-78.05637313
0242,131003,03,CACHICADAN,De 20001 - 40000 Hab,Distrital, , , , , , , , , , , , , , , , , , , , , , , , , , , , ,1,13,10,3,No,Si, , , , , , , , , , , , , , , , , , , , , , , , , , , , , , , , , , , , , , , , , , , , , ,9,0,0,0,0,9,0,0,0,1,0,0,0,0,1,0,0,0,2,0,0,0,0,2,0,0,0,1,0,0,0,0,1,0,0,0,1,0,0,0,0,1,0,0,0,1,0,0,0,0,1,0,0,0,1,0,0,0,0,1,0,0,0,0,0,0,0,0,0,0,0,0,1,0,0,0,0,1,0,0,0,1,0,0,0,0,1,0,0,0,0, ,0,0,0,0,0,0,0,0,No, ,No, ,No, ,No, ,No, ,No, ,No, ,Si,1,Si,1,No, ,No, ,No, ,Si,2,Si,5,9,0,No, ,No, , , , , , , , , , , , , , , , , , , , , , , , , , , , , , , , , , , , , , , , , , , , , , , , , , , , , , , , , , , , ,-8.09395341,-78.14976394
0243,131006,06,QUIRUVILCA,De 20001 - 40000 Hab,Distrital, , , , , , , , , , , , , , , , , , , , , , , , , , , , ,1,13,10,6,No,Si, , , , , , , , , , , , , , , , , , , , , , , , , , , , , , , , , , , , , , , , , , , , , ,10,1,0,0,0,9,0,0,0,2,0,0,0,0,2,0,0,0,2,0,0,0,0,2,0,0,0,1,0,0,0,0,1,0,0,0,1,0,0,0,0,1,0,0,0,1,0,0,0,0,1,0,0,0,1,0,0,0,0,1,0,0,0,0,0,0,0,0,0,0,0,0,1,0,0,0,0,1,0,0,0,1,1,0,0,0,0,0,0,0,0, ,0,0,0,0,0,0,0,0,No, ,No, ,No, ,No, ,No, ,Si,1,Si,2,No, ,Si,1,No, ,No, ,No, ,No, ,Si,6,10,0,No, ,No, , , , , , , , , , , , , , , , , , , , , , , , , , , , , , , , , , , , , , , , , , , , , , , , , , , , , , , , , , , , ,-8.00056626,-78.30978371
0244,131101,01,CASCAS,De 20001 - 40000 Hab,Distrital, , , , , , , , , , , , , , , , , , , , , , , , , , , , ,4,13,11,1,Si,No,13,11,2,Si,No,13,11,3,Si,No,13,11,4,Si,No, , , , , , , , , , , , , , , , , , , , , , , , , , , , , , ,22,1,0,0,0,18,3,0,0,1,0,0,0,0,1,0,0,0,4,0,0,0,0,4,0,0,0,7,0,0,0,0,7,0,0,0,2,0,0,0,0,2,0,0,0,2,0,0,0,0,2,0,0,0,2,0,0,0,0,0,2,0,0,1,0,0,0,0,0,1,0,0,2,0,0,0,0,2,0,0,0,1,1,0,0,0,0,0,0,0,0, ,0,0,0,0,0,0,0,0,No, ,No, ,Si,1,No, ,No, ,No, ,Si,1,Si,1,Si,2,Si,2,No, ,Si,1,Si,1,Si,13,22,0,No, ,Sí,1,1, , , , , , , , , , , , , , , , , , , , , , , , , , , , , , , , , , , , , , , ,Ninguna, , , , , , , , , , , , , , , , , , ,-7.48066344,-78.8182063
0245,131101,01,CASCAS,Menos de 5000 Hab,Otros,CENTRO POBLADO, , , , , , , , , , , , , , , , , , , , , , , , , , , , , , , , , , , , , , , , , , , , , , , , , , , , , , , , , , , , , , , , , , , , , , , , , , , , , , ,11,1,0,0,0,10,0,0,0,2,0,0,0,0,2,0,0,0,1,0,0,0,0,1,0,0,0,1,0,0,0,0,1,0,0,0,0,0,0,0,0,0,0,0,0,2,0,0,0,0,2,0,0,0,0,0,0,0,0,0,0,0,0,2,0,0,0,0,2,0,0,0,2,0,0,0,0,2,0,0,0,1,1,0,0,0,0,0,0,0,0, ,0,0,0,0,0,0,0,0,No, ,No, ,No, ,No, ,Si,1,No, ,No, ,Si,2,Si,1,No, ,No, ,No, ,No, ,Si,7,11,0,No, ,Sí,2,5,5, , , , , , , , , , , , , , , , , , , , , , , , , , , , , , , , , , , , , , ,Ninguna, , , , , , , , , , , , , , , , , , ,-7.594582,-78.889628
0246,131102,02,LUCMA,Menos de 5000 Hab,Distrital, , , , , , , , , , , , , , , , , , , , , , , , , , , , ,1,13,11,2,Si,No, , , , , , , , , , , , , , , , , , , , , , , , , , , , , , , , , , , , , , , , , , , , , ,9,0,0,0,0,9,0,0,0,1,0,0,0,0,1,0,0,0,1,0,0,0,0,1,0,0,0,1,0,0,0,0,1,0,0,0,1,0,0,0,0,1,0,0,0,1,0,0,0,0,1,0,0,0,1,0,0,0,0,1,0,0,0,1,0,0,0,0,1,0,0,0,1,0,0,0,0,1,0,0,0,1,0,0,0,0,1,0,0,0,0, ,0,0,0,0,0,0,0,0,No, ,No, ,No, ,No, ,No, ,No, ,No, ,Si,1,No, ,No, ,No, ,Si,1,Si,2,Si,5,9,0,No, ,No, , , , , , , , , , , , , , , , , , , , , , , , , , , , , , , , , , , , , , , , , , , , , , , , , , , , , , , , , , , , ,-7.64069437,-78.55204719
0247,131103,03,MARMOT,Menos de 5000 Hab,Distrital, , , , , , , , , , , , , , , , , , , , , , , , , , , , ,1,13,11,3,Si,No, , , , , , , , , , , , , , , , , , , , , , , , , , , , , , , , , , , , , , , , , , , , , ,9,0,0,0,0,9,0,0,0,1,0,0,0,0,1,0,0,0,0,0,0,0,0,0,0,0,0,2,0,0,0,0,2,0,0,0,2,0,0,0,0,2,0,0,0,0,0,0,0,0,0,0,0,0,0,0,0,0,0,0,0,0,0,2,0,0,0,0,2,0,0,0,1,0,0,0,0,1,0,0,0,1,0,0,0,0,1,0,0,0,0, ,0,0,0,0,0,0,0,0,No, ,No, ,No, ,No, ,No, ,No, ,No, ,Si,1,Si,1,No, ,No, ,No, ,Si,1,Si,6,9,0,No, ,No, , , , , , , , , , , , , , , , , , , , , , , , , , , , , , , , , , , , , , , , , , , , , , , , , , , , , , , , , , , , ,-7.69818127,-78.62586619
0248,131104,04,SAYAPULLO,Menos de 5000 Hab,Distrital, , , , , , , , , , , , , , , , , , , , , , , , , , , , ,1,13,11,4,Si,No, , , , , , , , , , , , , , , , , , , , , , , , , , , , , , , , , , , , , , , , , , , , , ,9,0,0,0,0,9,0,0,0,1,0,0,0,0,1,0,0,0,1,0,0,0,0,1,0,0,0,1,0,0,0,0,1,0,0,0,2,0,0,0,0,2,0,0,0,0,0,0,0,0,0,0,0,0,0,0,0,0,0,0,0,0,0,2,0,0,0,0,2,0,0,0,1,0,0,0,0,1,0,0,0,1,0,0,0,0,1,0,0,0,0, ,0,0,0,0,0,0,0,0,No, ,No, ,No, ,No, ,No, ,No, ,Si,1,No, ,Si,1,No, ,No, ,No, ,No, ,Si,7,9,0,No, ,Sí,2,4,4, , , , , , , , , , , , , , , , , , , , , , , , , , , , , , , , , , , , , , ,Ninguna, , , , , , , , , , , , , , , , , , ,-7.5957274,-78.46623662
0249,131201,01,VIRU,De 40001 - 80000 Hab,Distrital, , , , , , , , , , , , , , , , , , , , , , , , , , , , ,1,13,12,1,Si,No, , , , , , , , , , , , , , , , , , , , , , , , , , , , , , , , , , , , , , , , , , , , , ,27,1,0,0,0,21,5,0,0,3,0,0,0,0,1,2,0,0,8,0,0,0,0,8,0,0,0,4,0,0,0,0,4,0,0,0,2,0,0,0,0,2,0,0,0,2,0,0,0,0,2,0,0,0,2,0,0,0,0,0,2,0,0,1,0,0,0,0,0,1,0,0,4,0,0,0,0,4,0,0,0,1,1,0,0,0,0,0,0,0,0, ,0,0,0,0,0,0,0,0,No, ,No, ,Si,1,No, ,No, ,No, ,Si,1,Si,2,No, ,Si,1,No, ,Si,1,Si,3,Si,18,27,0,No, ,Sí,3,4,4,4, , , , , , , , , , , , , , , , , , , , , , , , , , , , , , , , , , , , , ,Ninguna, , , , , , , , , , , , , , , , , , ,-8.41513317,-78.75496717
0250,131201,01,VIRU,De 20001 - 40000 Hab,Provincial, , , , , , , ,1,13,12, , , , , , , , , , , , , , , , , , , , , , , , , , , , , , , , , , , , , , , , , , , , , , , , , , , , , , , , , , , , , , , , , , , , , ,18,1,0,0,0,15,2,0,0,2,0,0,0,0,0,2,0,0,6,0,0,0,0,6,0,0,0,2,0,0,0,0,2,0,0,0,2,0,0,0,0,2,0,0,0,1,0,0,0,0,1,0,0,0,1,0,0,0,0,1,0,0,0,1,0,0,0,0,1,0,0,0,2,0,0,0,0,2,0,0,0,1,1,0,0,0,0,0,0,0,0, ,0,0,0,0,0,0,0,0,No, ,No, ,Si,1,No, ,No, ,No, ,No, ,Si,2,Si,1,Si,1,No, ,No, ,Si,1,Si,12,18,0,No, ,No, , , , , , , , , , , , , , , , , , , , , , , , , , , , , , , , , , , , , , , , , , , , , , , , , , , , , , , , , , , , ,-8.40465276,-78.82218269
0251,131202,02,CHAO,De 20001 - 40000 Hab,Distrital, , , , , , , , , , , , , , , , , , , , , , , , , , , , ,1,13,12,2,Si,No, , , , , , , , , , , , , , , , , , , , , , , , , , , , , , , , , , , , , , , , , , , , , ,25,1,0,0,0,23,1,0,0,1,0,0,0,0,1,0,0,0,5,0,0,0,0,5,0,0,0,4,0,0,0,0,4,0,0,0,2,0,0,0,0,2,0,0,0,2,0,0,0,0,2,0,0,0,1,0,0,0,0,1,0,0,0,1,0,0,0,0,0,1,0,0,4,0,0,0,0,4,0,0,0,1,1,0,0,0,0,0,0,0,4,PUESTO DE RESPUESTA INMEDIATA,0,0,0,0,4,0,0,0,No, ,No, ,No, ,Si,1,No, ,No, ,Si,1,No, ,Si,2,No, ,No, ,Si,2,Si,3,Si,16,25,0,No, ,Sí,4,4,4,4,4, , , , , , , , , , , , , , , , , , , , , , , , , , , , , , , , , , , , ,Ninguna, , , , , , , , , , , , , , , , , , ,-8.53748051,-78.67918484
0252,131203,03,GUADALUPITO,De 5000 - 10000 Hab,Distrital, , , , , , , , , , , , , , , , , , , , , , , , , , , , ,1,13,12,3,Si,No, , , , , , , , , , , , , , , , , , , , , , , , , , , , , , , , , , , , , , , , , , , , , ,15,1,0,0,0,12,2,0,0,2,0,0,0,0,2,0,0,0,2,0,0,0,0,2,0,0,0,0,0,0,0,0,0,0,0,0,0,0,0,0,0,0,0,0,0,2,0,0,0,0,2,0,0,0,2,0,0,0,0,1,1,0,0,2,0,0,0,0,2,0,0,0,4,0,0,0,0,3,1,0,0,1,1,0,0,0,0,0,0,0,0, ,0,0,0,0,0,0,0,0,No, ,No, ,No, ,No, ,No, ,Si,1,No, ,No, ,No, ,Si,1,No, ,No, ,Si,4,Si,9,15,0,Sí,1,Sí,2,5,5, , , , , , , , , , , , , , , , , , , , , , , , , , , , , , , , , , , , , , ,Ninguna, , , , , , , , , , , , , , , , , , ,-8.95126213,-78.62422098
0253,010101,01,CHACHAPOYAS,De 20001 - 40000 Hab,Distrital, , , , , , , , , , , , , , , , , , , , , , , , , , , , ,3,1,1,1,Si,No,1,1,11,Si,No,1,1,8,Si,No, , , , , , , , , , , , , , , , , , , , , , , , , , , , , , , , , , , ,65,1,0,0,0,57,7,0,0,7,0,0,0,0,4,3,0,0,8,0,0,0,0,8,0,0,0,20,0,0,0,0,20,0,0,0,11,0,0,0,0,9,2,0,0,0,0,0,0,0,0,0,0,0,0,0,0,0,0,0,0,0,0,4,0,0,0,0,2,2,0,0,6,0,0,0,0,6,0,0,0,1,1,0,0,0,0,0,0,0,8,VACACIONES Y OTRAS ACTIVIDADES,0,0,0,0,8,0,0,0,No, ,Si,1,No, ,No, ,No, ,No, ,Si,2,Si,2,Si,3,No, ,No, ,Si,2,Si,7,Si,48,65,0,Sí,1,Sí,2,15,15, , , , , , , , , , , , , , , , , , , , , , , , , , , , , , , , , , , , , , ,Ninguna, , , , , , , , , , , , , , , , , , ,-6.22990258,-77.87494524
0254,010103,03,BALSAS,Menos de 5000 Hab,Distrital, , , , , , , , , , , , , , , , , , , , , , , , , , , , ,1,1,1,3,Si,No, , , , , , , , , , , , , , , , , , , , , , , , , , , , , , , , , , , , , , , , , , , , , ,5,0,0,0,0,5,0,0,0,1,0,0,0,0,1,0,0,0,1,0,0,0,0,1,0,0,0,0,0,0,0,0,0,0,0,0,0,0,0,0,0,0,0,0,0,0,0,0,0,0,0,0,0,0,0,0,0,0,0,0,0,0,0,1,0,0,0,0,1,0,0,0,1,0,0,0,0,1,0,0,0,1,0,0,0,0,1,0,0,0,0, ,0,0,0,0,0,0,0,0,No, ,No, ,No, ,No, ,No, ,No, ,No, ,No, ,Si,2,No, ,No, ,No, ,Si,2,Si,1,5,0,No, ,No, , , , , , , , , , , , , , , , , , , , , , , , , , , , , , , , , , , , , , , , , , , , , , , , , , , , , , , , , , , , ,-6.844915,-78.02924
0255,010106,06,CHUQUIBAMBA,Menos de 5000 Hab,Distrital, , , , , , , , , , , , , , , , , , , , , , , , , , , , ,1,1,1,6,Si,No, , , , , , , , , , , , , , , , , , , , , , , , , , , , , , , , , , , , , , , , , , , , , ,5,0,0,0,0,5,0,0,0,1,0,0,0,0,1,0,0,0,0,0,0,0,0,0,0,0,0,1,0,0,0,0,1,0,0,0,0,0,0,0,0,0,0,0,0,0,0,0,0,0,0,0,0,0,0,0,0,0,0,0,0,0,0,1,0,0,0,0,1,0,0,0,1,0,0,0,0,1,0,0,0,1,0,0,0,0,1,0,0,0,0, ,0,0,0,0,0,0,0,0,No, ,No, ,No, ,No, ,No, ,No, ,Si,1,No, ,Si,1,Si,1,Si,1,No, ,No, ,Si,1,5,0,Sí,1,No, , , , , , , , , , , , , , , , , , , , , , , , , , , , , , , , , , , , , , , , , , , , , , , , , , , , , , , , , , , , ,-6.93554118,-77.85428867
0256,010107,07,GRANADA,De 20001 - 40000 Hab,Distrital, , , , , , , , , , , , , , , , , , , , , , , , , , , , ,2,1,1,7,Si,No,1,1,16,Si,No, , , , , , , , , , , , , , , , , , , , , , , , , , , , , , , , , , , , , , , , ,4,0,0,0,0,4,0,0,0,1,0,0,0,0,1,0,0,0,0,0,0,0,0,0,0,0,0,1,0,0,0,0,1,0,0,0,0,0,0,0,0,0,0,0,0,0,0,0,0,0,0,0,0,0,0,0,0,0,0,0,0,0,0,1,0,0,0,0,1,0,0,0,0,0,0,0,0,0,0,0,0,1,0,0,0,0,1,0,0,0,0, ,0,0,0,0,0,0,0,0,No, ,No, ,No, ,No, ,No, ,No, ,No, ,Si,1,No, ,No, ,No, ,No, ,Si,1,Si,2,4,0,No, ,No, , , , , , , , , , , , , , , , , , , , , , , , , , , , , , , , , , , , , , , , , , , , , , , , , , , , , , , , , , , , ,-6.1069592,-77.62801035
0257,010109,09,LA JALCA,Menos de 5000 Hab,Distrital, , , , , , , , , , , , , , , , , , , , , , , , , , , , ,1,1,1,9,Si,No, , , , , , , , , , , , , , , , , , , , , , , , , , , , , , , , , , , , , , , , , , , , , ,6,0,0,0,0,6,0,0,0,1,0,0,0,0,1,0,0,0,2,0,0,0,0,2,0,0,0,0,0,0,0,0,0,0,0,0,0,0,0,0,0,0,0,0,0,0,0,0,0,0,0,0,0,0,0,0,0,0,0,0,0,0,0,1,0,0,0,0,1,0,0,0,1,0,0,0,0,1,0,0,0,1,0,0,0,0,1,0,0,0,0, ,0,0,0,0,0,0,0,0,No, ,No, ,No, ,No, ,No, ,No, ,No, ,Si,1,No, ,No, ,No, ,No, ,No, ,Si,5,6,6,Sí,4,No, , , , , , , , , , , , , , , , , , , , , , , , , , , , , , , , , , , , , , , , , , , , , , , , , , , , , , , , , , , , ,-6.48444205,-77.81498456
0258,010110,10,LEIMEBAMBA,De 5000 - 10000 Hab,Distrital, , , , , , , , , , , , , , , , , , , , , , , , , , , , ,2,1,1,10,Si,No,1,5,17,Si,No, , , , , , , , , , , , , , , , , , , , , , , , , , , , , , , , , , , , , , , , ,9,0,0,0,0,9,0,0,0,0,0,0,0,0,0,0,0,0,5,0,0,0,0,5,0,0,0,0,0,0,0,0,0,0,0,0,1,0,0,0,0,1,0,0,0,0,0,0,0,0,0,0,0,0,0,0,0,0,0,0,0,0,0,1,0,0,0,0,1,0,0,0,1,0,0,0,0,1,0,0,0,1,0,0,0,0,1,0,0,0,0, ,0,0,0,0,0,0,0,0,No, ,No, ,No, ,No, ,No, ,No, ,Si,1,Si,1,Si,1,Si,2,No, ,No, ,Si,2,Si,2,9,0,Sí,1,No, , , , , , , , , , , , , , , , , , , , , , , , , , , , , , , , , , , , , , , , , , , , , , , , , , , , , , , , , , , , ,-6.70773171,-77.80345723
0259,010113,13,MARISCAL CASTILLA,Menos de 5000 Hab,Distrital, , , , , , , , , , , , , , , , , , , , , , , , , , , , ,2,1,1,13,Si,No,1,1,15,Si,No, , , , , , , , , , , , , , , , , , , , , , , , , , , , , , , , , , , , , , , , ,9,0,0,0,0,9,0,0,0,1,0,0,0,0,1,0,0,0,0,0,0,0,0,0,0,0,0,2,0,0,0,0,2,0,0,0,1,0,0,0,0,1,0,0,0,1,0,0,0,0,1,0,0,0,1,0,0,0,0,1,0,0,0,1,0,0,0,0,1,0,0,0,1,0,0,0,0,1,0,0,0,1,0,0,0,0,1,0,0,0,0, ,0,0,0,0,0,0,0,0,No, ,No, ,No, ,No, ,No, ,No, ,Si,1,No, ,No, ,No, ,No, ,No, ,Si,1,Si,7,9,0,Sí,1,No, , , , , , , , , , , , , , , , , , , , , , , , , , , , , , , , , , , , , , , , , , , , , , , , , , , , , , , , , , , , ,-6.5934858,-77.80998696
0260,010114,14,MOLINOPAMPA,Menos de 5000 Hab,Distrital, , , , , , , , , , , , , , , , , , , , , , , , , , , , ,1,1,1,14,Si,No, , , , , , , , , , , , , , , , , , , , , , , , , , , , , , , , , , , , , , , , , , , , , ,6,0,0,0,0,6,0,0,0,1,0,0,0,0,1,0,0,0,2,0,0,0,0,2,0,0,0,0,0,0,0,0,0,0,0,0,0,0,0,0,0,0,0,0,0,0,0,0,0,0,0,0,0,0,0,0,0,0,0,0,0,0,0,1,0,0,0,0,1,0,0,0,1,0,0,0,0,1,0,0,0,1,0,0,0,0,1,0,0,0,0, ,0,0,0,0,0,0,0,0,No, ,No, ,No, ,No, ,No, ,No, ,No, ,Si,1,Si,1,No, ,No, ,No, ,No, ,Si,4,6,0,Sí,1,Sí,4,6,4,5,6, , , , , , , , , , , , , , , , , , , , , , , , , , , , , , , , , , , , ,Ninguna, , , , , , , , , , , , , , , , , , ,-6.20905191,-77.66858866
0261,010117,17,QUINJALCA,Menos de 5000 Hab,Distrital, , , , , , , , , , , , , , , , , , , , , , , , , , , , ,1,1,1,17,Si,No, , , , , , , , , , , , , , , , , , , , , , , , , , , , , , , , , , , , , , , , , , , , , ,4,0,0,0,0,4,0,0,0,1,0,0,0,0,1,0,0,0,0,0,0,0,0,0,0,0,0,1,0,0,0,0,1,0,0,0,0,0,0,0,0,0,0,0,0,0,0,0,0,0,0,0,0,0,0,0,0,0,0,0,0,0,0,1,0,0,0,0,1,0,0,0,0,0,0,0,0,0,0,0,0,1,0,0,0,0,1,0,0,0,0, ,0,0,0,0,0,0,0,0,No, ,No, ,No, ,No, ,No, ,No, ,No, ,Si,1,No, ,Si,1,No, ,No, ,Si,1,Si,1,4,0,No, ,No, , , , , , , , , , , , , , , , , , , , , , , , , , , , , , , , , , , , , , , , , , , , , , , , , , , , , , , , , , , , ,-6.09149759,-77.67858731
0262,010118,18,SAN FRANCISCO DE DAGUAS,Menos de 5000 Hab,Distrital, , , , , , , , , , , , , , , , , , , , , , , , , , , , ,5,1,1,5,Si,No,1,1,4,Si,No,1,1,21,Si,No,1,1,18,Si,No,1,1,20,Si,No, , , , , , , , , , , , , , , , , , , , , , , , , ,10,1,0,0,0,9,0,0,0,1,0,0,0,0,1,0,0,0,1,0,0,0,0,1,0,0,0,1,0,0,0,0,1,0,0,0,1,0,0,0,0,1,0,0,0,0,0,0,0,0,0,0,0,0,0,0,0,0,0,0,0,0,0,1,0,0,0,0,1,0,0,0,0,0,0,0,0,0,0,0,0,1,1,0,0,0,0,0,0,0,4,PUESTO DE AUXILIO RAPIDO,0,0,0,0,4,0,0,0,No, ,No, ,No, ,No, ,No, ,Si,1,No, ,No, ,No, ,No, ,No, ,No, ,Si,1,Si,8,10,1,No, ,No, , , , , , , , , , , , , , , , , , , , , , , , , , , , , , , , , , , , , , , , , , , , , , , , , , , , , , , , , , , , ,-6.22904092,-77.73290772
0263,010201,01,BAGUA,De 40001 - 80000 Hab,Provincial, , , , , , , ,1,1,2, , , , , , , , , , , , , , , , , , , , , , , , , , , , , , , , , , , , , , , , , , , , , , , , , , , , , , , , , , , , , , , , , , , , , ,62,1,0,0,0,48,13,0,0,9,0,0,0,0,3,6,0,0,8,0,0,0,0,8,0,0,0,0,0,0,0,0,0,0,0,0,9,0,0,0,0,9,0,0,0,10,0,0,0,0,9,1,0,0,3,0,0,0,0,2,1,0,0,2,0,0,0,0,0,2,0,0,12,0,0,0,0,10,2,0,0,1,1,0,0,0,0,0,0,0,8,INVESTIGACION CRIMINAL,0,0,0,0,7,1,0,0,No, ,No, ,Si,1,No, ,No, ,No, ,Si,7,Si,2,Si,5,Si,1,Si,2,Si,2,Si,8,Si,34,62,0,Sí,23,No, , , , , , , , , , , , , , , , , , , , , , , , , , , , , , , , , , , , , , , , , , , , , , , , , , , , , , , , , , , , ,-5.63892802,-78.53108771
0264,010206,06,LA PECA,De 10001 - 20000 Hab,Distrital, , , , , , , , , , , , , , , , , , , , , , , , , , , , ,1,1,2,6,Si,No, , , , , , , , , , , , , , , , , , , , , , , , , , , , , , , , , , , , , , , , , , , , , ,6,0,0,0,0,6,0,0,0,1,0,0,0,0,1,0,0,0,0,0,0,0,0,0,0,0,0,1,0,0,0,0,1,0,0,0,0,0,0,0,0,0,0,0,0,0,0,0,0,0,0,0,0,0,0,0,0,0,0,0,0,0,0,1,0,0,0,0,1,0,0,0,1,0,0,0,0,1,0,0,0,1,0,0,0,0,1,0,0,0,1,VACACIONES Y OTRAS ACTIVIDADES,0,0,0,0,1,0,0,0,No, ,No, ,No, ,No, ,No, ,No, ,No, ,Si,1,Si,4,No, ,No, ,No, ,Si,1,No, ,6,0,No, ,No, , , , , , , , , , , , , , , , , , , , , , , , , , , , , , , , , , , , , , , , , , , , , , , , , , , , , , , , , , , , ,-5.61252512,-78.43760201
0265,010202,02,ARAMANGO,De 10001 - 20000 Hab,Distrital, , , , , , , , , , , , , , , , , , , , , , , , , , , , ,1,1,2,2,No,Si, , , , , , , , , , , , , , , , , , , , , , , , , , , , , , , , , , , , , , , , , , , , , ,7,0,0,0,0,7,0,0,0,1,0,0,0,0,1,0,0,0,2,0,0,0,0,2,0,0,0,1,0,0,0,0,1,0,0,0,0,0,0,0,0,0,0,0,0,0,0,0,0,0,0,0,0,0,0,0,0,0,0,0,0,0,0,1,0,0,0,0,1,0,0,0,1,0,0,0,0,1,0,0,0,1,0,0,0,0,1,0,0,0,0, ,0,0,0,0,0,0,0,0,No, ,No, ,No, ,No, ,No, ,No, ,No, ,Si,1,Si,1,Si,2,No, ,No, ,Si,1,Si,2,7,0,No, ,No, , , , , , , , , , , , , , , , , , , , , , , , , , , , , , , , , , , , , , , , , , , , , , , , , , , , , , , , , , , , ,-5.42286444,-78.45216589
0266,010203,03,COPALLIN,De 5000 - 10000 Hab,Distrital, , , , , , , , , , , , , , , , , , , , , , , , , , , , ,1,1,2,3,Si,No, , , , , , , , , , , , , , , , , , , , , , , , , , , , , , , , , , , , , , , , , , , , , ,8,0,0,0,0,8,0,0,0,1,0,0,0,0,1,0,0,0,1,0,0,0,0,1,0,0,0,1,0,0,0,0,1,0,0,0,1,0,0,0,0,1,0,0,0,0,0,0,0,0,0,0,0,0,1,0,0,0,0,1,0,0,0,1,0,0,0,0,1,0,0,0,1,0,0,0,0,1,0,0,0,1,0,0,0,0,1,0,0,0,0, ,0,0,0,0,0,0,0,0,No, ,No, ,No, ,No, ,No, ,No, ,Si,1,No, ,Si,2,Si,1,No, ,No, ,Si,3,Si,1,8,0,Sí,1,No, , , , , , , , , , , , , , , , , , , , , , , , , , , , , , , , , , , , , , , , , , , , , , , , , , , , , , , , , , , , ,-5.67509296,-78.42387236
0267,010205,05,IMAZA,De 5000 - 10000 Hab,Distrital, , , , , , , , , , , , , , , , , , , , , , , , , , , , ,1,1,2,5,Si,No, , , , , , , , , , , , , , , , , , , , , , , , , , , , , , , , , , , , , , , , , , , , , ,7,0,0,0,0,6,1,0,0,1,0,0,0,0,0,1,0,0,1,0,0,0,0,1,0,0,0,1,0,0,0,0,1,0,0,0,0,0,0,0,0,0,0,0,0,1,0,0,0,0,1,0,0,0,0,0,0,0,0,0,0,0,0,1,0,0,0,0,1,0,0,0,1,0,0,0,0,1,0,0,0,1,0,0,0,0,1,0,0,0,0, ,0,0,0,0,0,0,0,0,No, ,No, ,No, ,No, ,No, ,No, ,Si,1,No, ,Si,1,No, ,No, ,No, ,Si,3,Si,2,7,0,Sí,1,No, , , , , , , , , , , , , , , , , , , , , , , , , , , , , , , , , , , , , , , , , , , , , , , , , , , , , , , , , , , , ,-5.16250168,-78.28710647
0268,010301,01,JUMBILLA,De 5000 - 10000 Hab,Distrital, , , , , , , , , , , , , , , , , , , , , , , , , , , , ,1,1,3,1,No,Si, , , , , , , , , , , , , , , , , , , , , , , , , , , , , , , , , , , , , , , , , , , , , ,10,0,0,0,0,9,1,0,0,1,0,0,0,0,0,1,0,0,2,0,0,0,0,2,0,0,0,1,0,0,0,0,1,0,0,0,1,0,0,0,0,1,0,0,0,1,0,0,0,0,1,0,0,0,1,0,0,0,0,1,0,0,0,1,0,0,0,0,1,0,0,0,1,0,0,0,0,1,0,0,0,1,0,0,0,0,1,0,0,0,0, ,0,0,0,0,0,0,0,0,No, ,No, ,No, ,No, ,No, ,No, ,No, ,Si,1,No, ,Si,1,No, ,Si,1,Si,2,Si,5,10,0,No, ,No, , , , , , , , , , , , , , , , , , , , , , , , , , , , , , , , , , , , , , , , , , , , , , , , , , , , , , , , , , , , ,-5.90337712,-77.79884048
0269,010306,06,FLORIDA,De 5000 - 10000 Hab,Distrital, , , , , , , , , , , , , , , , , , , , , , , , , , , , ,1,1,3,6,Si,No, , , , , , , , , , , , , , , , , , , , , , , , , , , , , , , , , , , , , , , , , , , , , ,11,1,0,0,0,9,1,0,0,1,0,0,0,0,0,1,0,0,1,0,0,0,0,1,0,0,0,2,0,0,0,0,2,0,0,0,2,0,0,0,0,2,0,0,0,1,0,0,0,0,1,0,0,0,1,0,0,0,0,1,0,0,0,1,0,0,0,0,1,0,0,0,1,0,0,0,0,1,0,0,0,1,1,0,0,0,0,0,0,0,0, ,0,0,0,0,0,0,0,0,No, ,No, ,No, ,Si,1,No, ,No, ,Si,2,No, ,No, ,Si,1,No, ,No, ,Si,1,Si,6,11,0,No, ,Sí,2,5,6, , , , , , , , , , , , , , , , , , , , , , , , , , , , , , , , , , , , , , ,Ninguna, , , , , , , , , , , , , , , , , , ,-5.82476139,-77.97147407
0270,010307,07,JAZAN,De 10001 - 20000 Hab,Provincial, , , , , , , ,1,1,3, , , , , , , , , , , , , , , , , , , , , , , , , , , , , , , , , , , , , , , , , , , , , , , , , , , , , , , , , , , , , , , , , , , , , ,32,1,0,0,0,29,0,2,0,4,0,0,0,0,3,0,1,0,5,0,0,0,0,5,0,0,0,6,0,0,0,0,6,0,0,0,3,0,0,0,0,3,0,0,0,3,0,0,0,0,3,0,0,0,2,0,0,0,0,2,0,0,0,1,0,0,0,0,1,0,0,0,6,0,0,0,0,6,0,0,0,1,1,0,0,0,0,0,0,0,1,SANIDAD,0,0,0,0,0,0,1,0,No, ,No, ,Si,1,No, ,No, ,No, ,Si,2,Si,1,Si,3,Si,2,Si,1,No, ,Si,5,Si,17,32,0,No, ,No, , , , , , , , , , , , , , , , , , , , , , , , , , , , , , , , , , , , , , , , , , , , , , , , , , , , , , , , , , , , ,-5.9432186,-77.97817037
0271,010312,12,YAMBRASBAMBA,De 5000 - 10000 Hab,Distrital, , , , , , , , , , , , , , , , , , , , , , , , , , , , ,1,1,3,12,Si,No, , , , , , , , , , , , , , , , , , , , , , , , , , , , , , , , , , , , , , , , , , , , , ,7,0,0,0,0,7,0,0,0,1,0,0,0,0,1,0,0,0,1,0,0,0,0,1,0,0,0,1,0,0,0,0,1,0,0,0,1,0,0,0,0,1,0,0,0,0,0,0,0,0,0,0,0,0,0,0,0,0,0,0,0,0,0,1,0,0,0,0,1,0,0,0,1,0,0,0,0,1,0,0,0,1,0,0,0,0,1,0,0,0,0, ,0,0,0,0,0,0,0,0,No, ,No, ,No, ,No, ,No, ,No, ,Si,1,No, ,Si,1,Si,2,No, ,No, ,Si,1,Si,2,7,0,No, ,No, , , , , , , , , , , , , , , , , , , , , , , , , , , , , , , , , , , , , , , , , , , , , , , , , , , , , , , , , , , , ,-5.73817003,-77.90666952
0272,010401,01,NIEVA,De 5000 - 10000 Hab,Distrital, , , , , , , , , , , , , , , , , , , , , , , , , , , , ,3,1,4,1,No,Si,1,4,2,No,Si,1,4,3,No,Si, , , , , , , , , , , , , , , , , , , , , , , , , , , , , , , , , , , ,16,1,0,0,0,15,0,0,0,1,0,0,0,0,1,0,0,0,0,0,0,0,0,0,0,0,0,4,0,0,0,0,4,0,0,0,2,0,0,0,0,2,0,0,0,2,0,0,0,0,2,0,0,0,2,0,0,0,0,2,0,0,0,1,0,0,0,0,1,0,0,0,3,0,0,0,0,3,0,0,0,1,1,0,0,0,0,0,0,0,0, ,0,0,0,0,0,0,0,0,No, ,No, ,Si,1,No, ,No, ,No, ,No, ,No, ,No, ,No, ,No, ,Si,1,Si,2,Si,12,16,0,Sí,5,Sí,2,5,5, , , , , , , , , , , , , , , , , , , , , , , , , , , , , , , , , , , , , , ,Ninguna, , , , , , , , , , , , , , , , , , ,-4.5922403,-77.86418229
0273,010501,01,LAMUD,De 5000 - 10000 Hab,Distrital, , , , , , , , , , , , , , , , , , , , , , , , , , , , ,5,1,5,20,Si,No,1,5,1,Si,No,1,5,16,Si,No,1,5,18,Si,No,1,5,10,Si,No, , , , , , , , , , , , , , , , , , , , , , , , , ,21,1,0,0,0,18,2,0,0,2,0,0,0,0,1,1,0,0,2,0,0,0,0,2,0,0,0,2,0,0,0,0,2,0,0,0,5,0,0,0,0,4,1,0,0,2,0,0,0,0,2,0,0,0,2,0,0,0,0,2,0,0,0,2,0,0,0,0,2,0,0,0,3,0,0,0,0,3,0,0,0,1,1,0,0,0,0,0,0,0,0, ,0,0,0,0,0,0,0,0,No, ,No, ,Si,1,No, ,No, ,No, ,Si,1,Si,1,No, ,No, ,No, ,Si,1,Si,2,Si,15,21,0,No, ,Sí,2,4,4, , , , , , , , , , , , , , , , , , , , , , , , , , , , , , , , , , , , , , ,Ninguna, , , , , , , , , , , , , , , , , , ,-6.13924963,-77.95217841
0274,010502,02,CAMPORREDONDO,De 5000 - 10000 Hab,Distrital, , , , , , , , , , , , , , , , , , , , , , , , , , , , ,1,1,5,2,Si,No, , , , , , , , , , , , , , , , , , , , , , , , , , , , , , , , , , , , , , , , , , , , , ,7,0,0,0,0,7,0,0,0,1,0,0,0,0,1,0,0,0,0,0,0,0,0,0,0,0,0,0,0,0,0,0,0,0,0,0,0,0,0,0,0,0,0,0,0,0,0,0,0,0,0,0,0,0,0,0,0,0,0,0,0,0,0,1,0,0,0,0,1,0,0,0,1,0,0,0,0,1,0,0,0,1,0,0,0,0,1,0,0,0,3,PUESTO DE AUXILIO RAPIDO,0,0,0,0,3,0,0,0,No, ,No, ,No, ,No, ,No, ,No, ,No, ,Si,1,Si,2,No, ,No, ,No, ,Si,3,Si,1,7,0,No, ,No, , , , , , , , , , , , , , , , , , , , , , , , , , , , , , , , , , , , , , , , , , , , , , , , , , , , , , , , , , , , ,-6.215327,-78.318862
0275,010503,03,COCABAMBA,Menos de 5000 Hab,Distrital, , , , , , , , , , , , , , , , , , , , , , , , , , , , ,1,1,5,3,Si,No, , , , , , , , , , , , , , , , , , , , , , , , , , , , , , , , , , , , , , , , , , , , , ,6,0,0,0,0,6,0,0,0,1,0,0,0,0,1,0,0,0,0,0,0,0,0,0,0,0,0,1,0,0,0,0,1,0,0,0,0,0,0,0,0,0,0,0,0,0,0,0,0,0,0,0,0,0,1,0,0,0,0,1,0,0,0,1,0,0,0,0,1,0,0,0,1,0,0,0,0,1,0,0,0,1,0,0,0,0,1,0,0,0,0, ,0,0,0,0,0,0,0,0,No, ,No, ,No, ,No, ,No, ,No, ,No, ,No, ,Si,1,Si,1,No, ,No, ,No, ,Si,4,6,0,Sí,2,No, , , , , , , , , , , , , , , , , , , , , , , , , , , , , , , , , , , , , , , , , , , , , , , , , , , , , , , , , , , , ,-6.61430418,-78.00481296
0276,010504,04,COLCAMAR,Menos de 5000 Hab,Distrital, , , , , , , , , , , , , , , , , , , , , , , , , , , , ,1,1,5,4,Si,No, , , , , , , , , , , , , , , , , , , , , , , , , , , , , , , , , , , , , , , , , , , , , ,7,0,0,0,0,7,0,0,0,1,0,0,0,0,1,0,0,0,0,0,0,0,0,0,0,0,0,2,0,0,0,0,2,0,0,0,1,0,0,0,0,1,0,0,0,0,0,0,0,0,0,0,0,0,0,0,0,0,0,0,0,0,0,1,0,0,0,0,1,0,0,0,1,0,0,0,0,1,0,0,0,1,0,0,0,0,1,0,0,0,0, ,0,0,0,0,0,0,0,0,No, ,No, ,No, ,No, ,No, ,No, ,Si,1,No, ,No, ,Si,1,No, ,No, ,Si,2,Si,3,7,7,Sí,1,Sí,1,7, , , , , , , , , , , , , , , , , , , , , , , , , , , , , , , , , , , , , , , ,Ninguna, , , , , , , , , , , , , , , , , , ,-6.29890537,-77.9729679
0277,010506,06,INGUILPATA,Menos de 5000 Hab,Distrital, , , , , , , , , , , , , , , , , , , , , , , , , , , , ,2,1,5,6,Si,No,1,5,8,Si,No, , , , , , , , , , , , , , , , , , , , , , , , , , , , , , , , , , , , , , , , ,4,0,0,0,0,4,0,0,0,1,0,0,0,0,1,0,0,0,1,0,0,0,0,1,0,0,0,1,0,0,0,0,1,0,0,0,0,0,0,0,0,0,0,0,0,0,0,0,0,0,0,0,0,0,0,0,0,0,0,0,0,0,0,1,0,0,0,0,1,0,0,0,0,0,0,0,0,0,0,0,0,0,0,0,0,0,0,0,0,0,0, ,0,0,0,0,0,0,0,0,No, ,No, ,No, ,No, ,No, ,No, ,No, ,No, ,Si,1,No, ,No, ,No, ,No, ,Si,3,4,4,Sí,2,No, , , , , , , , , , , , , , , , , , , , , , , , , , , , , , , , , , , , , , , , , , , , , , , , , , , , , , , , , , , , ,-6.24002345,-77.95358751
0278,010509,09,LUYA,Menos de 5000 Hab,Distrital, , , , , , , , , , , , , , , , , , , , , , , , , , , , ,2,1,5,5,Si,No,1,5,9,Si,No, , , , , , , , , , , , , , , , , , , , , , , , , , , , , , , , , , , , , , , , ,10,1,0,0,0,8,1,0,0,1,0,0,0,0,0,1,0,0,2,0,0,0,0,2,0,0,0,1,0,0,0,0,1,0,0,0,1,0,0,0,0,1,0,0,0,1,0,0,0,0,1,0,0,0,1,0,0,0,0,1,0,0,0,1,0,0,0,0,1,0,0,0,1,0,0,0,0,1,0,0,0,1,1,0,0,0,0,0,0,0,0, ,0,0,0,0,0,0,0,0,No, ,No, ,Si,1,No, ,No, ,No, ,No, ,Si,1,No, ,No, ,No, ,No, ,Si,2,Si,6,10,0,Sí,2,No, , , , , , , , , , , , , , , , , , , , , , , , , , , , , , , , , , , , , , , , , , , , , , , , , , , , , , , , , , , , ,-6.16336183,-77.9442939
0279,010522,22,TINGO,De 5000 - 10000 Hab,Distrital, , , , , , , , , , , , , , , , , , , , , , , , , , , , ,5,1,5,22,Si,No,1,5,11,Si,No,1,5,7,Si,No,1,1,12,Si,No,1,5,11,Si,No, , , , , , , , , , , , , , , , , , , , , , , , , ,10,1,0,0,0,8,1,0,0,1,0,0,0,0,1,0,0,0,4,0,0,0,0,4,0,0,0,0,0,0,0,0,0,0,0,0,2,0,0,0,0,2,0,0,0,0,0,0,0,0,0,0,0,0,0,0,0,0,0,0,0,0,0,1,0,0,0,0,0,1,0,0,1,0,0,0,0,1,0,0,0,1,1,0,0,0,0,0,0,0,0, ,0,0,0,0,0,0,0,0,No, ,No, ,No, ,No, ,Si,1,No, ,No, ,No, ,No, ,No, ,No, ,No, ,Si,5,Si,4,10,0,Sí,2,No, , , , , , , , , , , , , , , , , , , , , , , , , , , , , , , , , , , , , , , , , , , , , , , , , , , , , , , , , , , , ,-6.37988672,-77.90588086
0280,010512,12,OCALLI,Menos de 5000 Hab,Distrital, , , , , , , , , , , , , , , , , , , , , , , , , , , , ,1,1,5,12,Si,No, , , , , , , , , , , , , , , , , , , , , , , , , , , , , , , , , , , , , , , , , , , , , ,7,0,0,0,0,7,0,0,0,1,0,0,0,0,1,0,0,0,0,0,0,0,0,0,0,0,0,1,0,0,0,0,1,0,0,0,1,0,0,0,0,1,0,0,0,0,0,0,0,0,0,0,0,0,1,0,0,0,0,1,0,0,0,1,0,0,0,0,1,0,0,0,1,0,0,0,0,1,0,0,0,1,0,0,0,0,1,0,0,0,0, ,0,0,0,0,0,0,0,0,No, ,No, ,No, ,No, ,No, ,No, ,No, ,Si,1,Si,2,Si,2,No, ,No, ,Si,1,Si,1,7,0,No, ,No, , , , , , , , , , , , , , , , , , , , , , , , , , , , , , , , , , , , , , , , , , , , , , , , , , , , , , , , , , , , ,-6.23504819,-78.26561244
0281,010513,13,OCUMAL,De 5000 - 10000 Hab,Distrital, , , , , , , , , , , , , , , , , , , , , , , , , , , , ,1,1,5,13,Si,No, , , , , , , , , , , , , , , , , , , , , , , , , , , , , , , , , , , , , , , , , , , , , ,8,0,0,0,0,8,0,0,0,0,0,0,0,0,0,0,0,0,0,0,0,0,0,0,0,0,0,1,0,0,0,0,1,0,0,0,0,0,0,0,0,0,0,0,0,0,0,0,0,0,0,0,0,0,0,0,0,0,0,0,0,0,0,1,0,0,0,0,1,0,0,0,1,0,0,0,0,1,0,0,0,1,0,0,0,0,1,0,0,0,4,PUESTO DE AUXILIO RAPIDO,0,0,0,0,4,0,0,0,No, ,No, ,No, ,No, ,No, ,No, ,No, ,No, ,No, ,Si,2,Si,1,No, ,Si,2,Si,3,8,0,Sí,2,No, , , , , , , , , , , , , , , , , , , , , , , , , , , , , , , , , , , , , , , , , , , , , , , , , , , , , , , , , , , , ,-6.374932,-78.141297
0282,010513,13,OCUMAL,Menos de 5000 Hab,Distrital, , , , , , , , , , , , , , , , , , , , , , , , , , , , ,1,1,5,13,Si,No, , , , , , , , , , , , , , , , , , , , , , , , , , , , , , , , , , , , , , , , , , , , , ,10,0,0,0,0,10,0,0,0,1,0,0,0,0,1,0,0,0,1,0,0,0,0,1,0,0,0,1,0,0,0,0,1,0,0,0,0,0,0,0,0,0,0,0,0,0,0,0,0,0,0,0,0,0,0,0,0,0,0,0,0,0,0,1,0,0,0,0,1,0,0,0,1,0,0,0,0,1,0,0,0,1,0,0,0,0,1,0,0,0,4,PUESTO DE AUXILIO RAPIDO,0,0,0,0,4,0,0,0,No, ,No, ,No, ,No, ,No, ,No, ,Si,1,No, ,No, ,No, ,No, ,No, ,Si,3,Si,6,10,0,Sí,3,No, , , , , , , , , , , , , , , , , , , , , , , , , , , , , , , , , , , , , , , , , , , , , , , , , , , , , , , , , , , , ,-6.28043063,-78.21497393
0283,010521,21,SANTO TOMAS,De 5000 - 10000 Hab,Distrital, , , , , , , , , , , , , , , , , , , , , , , , , , , , ,2,1,5,21,Si,No,1,5,19,Si,No, , , , , , , , , , , , , , , , , , , , , , , , , , , , , , , , , , , , , , , , ,6,0,0,0,0,6,0,0,0,0,0,0,0,0,0,0,0,0,3,0,0,0,0,3,0,0,0,0,0,0,0,0,0,0,0,0,0,0,0,0,0,0,0,0,0,0,0,0,0,0,0,0,0,0,0,0,0,0,0,0,0,0,0,1,0,0,0,0,1,0,0,0,1,0,0,0,0,1,0,0,0,1,0,0,0,0,1,0,0,0,0, ,0,0,0,0,0,0,0,0,No, ,No, ,No, ,No, ,No, ,No, ,No, ,No, ,Si,1,No, ,No, ,Si,1,No, ,Si,4,6,0,Sí,2,No, , , , , , , , , , , , , , , , , , , , , , , , , , , , , , , , , , , , , , , , , , , , , , , , , , , , , , , , , , , , ,-6.57275637,-77.86555903
0284,010601,01,SAN NICOLAS,De 5000 - 10000 Hab,Distrital, , , , , , , , , , , , , , , , , , , , , , , , , , , , ,3,1,6,1,Si,No,1,6,7,Si,No,1,6,12,Si,No, , , , , , , , , , , , , , , , , , , , , , , , , , , , , , , , , , , ,30,1,1,0,0,18,10,0,0,3,0,0,0,0,1,2,0,0,4,0,0,0,0,4,0,0,0,8,0,0,0,0,7,1,0,0,5,0,0,0,0,3,2,0,0,1,0,0,0,0,1,0,0,0,3,0,0,0,0,0,3,0,0,3,0,1,0,0,0,2,0,0,2,0,0,0,0,2,0,0,0,1,1,0,0,0,0,0,0,0,0, ,0,0,0,0,0,0,0,0,No, ,Si,1,No, ,No, ,No, ,Si,1,Si,1,Si,2,Si,2,No, ,No, ,Si,2,Si,8,Si,13,30,0,Sí,4,Sí,2,6,6, , , , , , , , , , , , , , , , , , , , , , , , , , , , , , , , , , , , , , ,Ninguna, , , , , , , , , , , , , , , , , , ,-6.39475105,-77.48267488
0285,010604,04,HUAMBO,De 5000 - 10000 Hab,Distrital, , , , , , , , , , , , , , , , , , , , , , , , , , , , ,1,1,6,4,Si,No, , , , , , , , , , , , , , , , , , , , , , , , , , , , , , , , , , , , , , , , , , , , , ,6,0,0,0,0,6,0,0,0,1,0,0,0,0,1,0,0,0,1,0,0,0,0,1,0,0,0,1,0,0,0,0,1,0,0,0,0,0,0,0,0,0,0,0,0,0,0,0,0,0,0,0,0,0,0,0,0,0,0,0,0,0,0,1,0,0,0,0,1,0,0,0,1,0,0,0,0,1,0,0,0,1,0,0,0,0,1,0,0,0,0, ,0,0,0,0,0,0,0,0,No, ,No, ,No, ,No, ,No, ,No, ,No, ,Si,1,Si,1,No, ,No, ,Si,1,Si,2,Si,1,6,0,No, ,No, , , , , , , , , , , , , , , , , , , , , , , , , , , , , , , , , , , , , , , , , , , , , , , , , , , , , , , , , , , , ,-6.42871878,-77.538346
0286,010605,05,LIMABAMBA,De 5000 - 10000 Hab,Distrital, , , , , , , , , , , , , , , , , , , , , , , , , , , , ,3,1,6,5,Si,No,1,6,11,Si,No,1,6,2,Si,No, , , , , , , , , , , , , , , , , , , , , , , , , , , , , , , , , , , ,6,0,0,0,0,6,0,0,0,1,0,0,0,0,1,0,0,0,0,0,0,0,0,0,0,0,0,1,0,0,0,0,1,0,0,0,1,0,0,0,0,1,0,0,0,0,0,0,0,0,0,0,0,0,0,0,0,0,0,0,0,0,0,1,0,0,0,0,1,0,0,0,1,0,0,0,0,1,0,0,0,1,0,0,0,0,1,0,0,0,0, ,0,0,0,0,0,0,0,0,No, ,No, ,No, ,No, ,No, ,No, ,No, ,Si,1,No, ,Si,1,No, ,No, ,Si,3,Si,1,6,0,No, ,No, , , , , , , , , , , , , , , , , , , , , , , , , , , , , , , , , , , , , , , , , , , , , , , , , , , , , , , , , , , , ,-6.49786413,-77.49840373
0287,010606,06,LONGAR,Menos de 5000 Hab,Distrital, , , , , , , , , , , , , , , , , , , , , , , , , , , , ,3,1,6,6,Si,No,1,6,3,Si,No,1,6,7,No,Si, , , , , , , , , , , , , , , , , , , , , , , , , , , , , , , , , , , ,5,0,0,0,0,5,0,0,0,1,0,0,0,0,1,0,0,0,0,0,0,0,0,0,0,0,0,1,0,0,0,0,1,0,0,0,0,0,0,0,0,0,0,0,0,0,0,0,0,0,0,0,0,0,0,0,0,0,0,0,0,0,0,1,0,0,0,0,1,0,0,0,1,0,0,0,0,1,0,0,0,1,0,0,0,0,1,0,0,0,0, ,0,0,0,0,0,0,0,0,No, ,No, ,No, ,No, ,No, ,No, ,No, ,Si,1,Si,1,No, ,No, ,No, ,No, ,Si,3,5,0,No, ,No, , , , , , , , , , , , , , , , , , , , , , , , , , , , , , , , , , , , , , , , , , , , , , , , , , , , , , , , , , , , ,-6.38549182,-77.54599145
0288,010609,09,OMIA,Menos de 5000 Hab,Distrital, , , , , , , , , , , , , , , , , , , , , , , , , , , , ,2,1,6,9,Si,No,1,6,8,Si,No, , , , , , , , , , , , , , , , , , , , , , , , , , , , , , , , , , , , , , , , ,6,0,0,0,0,5,1,0,0,1,0,0,0,0,1,0,0,0,1,0,0,0,0,1,0,0,0,1,0,0,0,0,1,0,0,0,0,0,0,0,0,0,0,0,0,0,0,0,0,0,0,0,0,0,0,0,0,0,0,0,0,0,0,1,0,0,0,0,0,1,0,0,1,0,0,0,0,1,0,0,0,1,0,0,0,0,1,0,0,0,0, ,0,0,0,0,0,0,0,0,No, ,No, ,No, ,No, ,No, ,No, ,No, ,Si,1,Si,1,Si,1,Si,1,No, ,No, ,Si,2,6,0,Sí,1,No, , , , , , , , , , , , , , , , , , , , , , , , , , , , , , , , , , , , , , , , , , , , , , , , , , , , , , , , , , , , ,-6.46734824,-77.39559876
0289,010610,10,SANTA ROSA,Menos de 5000 Hab,Distrital, , , , , , , , , , , , , , , , , , , , , , , , , , , , ,1,1,6,10,Si,No, , , , , , , , , , , , , , , , , , , , , , , , , , , , , , , , , , , , , , , , , , , , , ,5,0,0,0,0,5,0,0,0,1,0,0,0,0,1,0,0,0,0,0,0,0,0,0,0,0,0,1,0,0,0,0,1,0,0,0,0,0,0,0,0,0,0,0,0,0,0,0,0,0,0,0,0,0,0,0,0,0,0,0,0,0,0,1,0,0,0,0,1,0,0,0,1,0,0,0,0,1,0,0,0,1,0,0,0,0,1,0,0,0,0, ,0,0,0,0,0,0,0,0,No, ,No, ,No, ,No, ,No, ,No, ,No, ,Si,1,No, ,Si,1,No, ,Si,2,No, ,Si,1,5,0,No, ,No, , , , , , , , , , , , , , , , , , , , , , , , , , , , , , , , , , , , , , , , , , , , , , , , , , , , , , , , , , , , ,-6.45296635,-77.45551948
0290,010701,01,BAGUA GRANDE,De 40001 - 80000 Hab,Distrital, , , , , , , , , , , , , , , , , , , , , , , , , , , , ,6,1,7,1,Si,No,1,7,2,Si,No,1,7,3,Si,No,1,7,4,Si,No,1,7,5,Si,No,1,7,6,Si,No, , , , , , , , , , , , , , , , , , , , ,64,2,0,0,0,45,16,1,0,14,0,0,0,0,6,7,1,0,8,0,0,0,0,8,0,0,0,10,0,0,0,0,10,0,0,0,10,0,0,0,0,8,2,0,0,0,0,0,0,0,0,0,0,0,6,0,0,0,0,1,5,0,0,4,0,0,0,0,2,2,0,0,5,0,0,0,0,5,0,0,0,2,2,0,0,0,0,0,0,0,5,VACACIONES Y OTRAS ACTIVIDADES,0,0,0,0,5,0,0,0,No, ,No, ,Si,1,No, ,No, ,Si,1,Si,1,Si,4,Si,4,Si,2,No, ,No, ,Si,7,Si,44,64,0,Sí,6,No, , , , , , , , , , , , , , , , , , , , , , , , , , , , , , , , , , , , , , , , , , , , , , , , , , , , , , , , , , , , ,-5.75719212,-78.44027261
0291,010703,03,CUMBA,Menos de 5000 Hab,Distrital, , , , , , , , , , , , , , , , , , , , , , , , , , , , ,1,1,7,3,No,Si, , , , , , , , , , , , , , , , , , , , , , , , , , , , , , , , , , , , , , , , , , , , , ,7,0,0,0,0,5,2,0,0,1,0,0,0,0,1,0,0,0,1,0,0,0,0,1,0,0,0,1,0,0,0,0,1,0,0,0,1,0,0,0,0,1,0,0,0,0,0,0,0,0,0,0,0,0,0,0,0,0,0,0,0,0,0,1,0,0,0,0,0,1,0,0,1,0,0,0,0,0,1,0,0,1,0,0,0,0,1,0,0,0,0, ,0,0,0,0,0,0,0,0,No, ,No, ,No, ,No, ,No, ,No, ,No, ,Si,1,Si,1,Si,1,No, ,No, ,No, ,Si,4,7,0,Sí,3,No, , , , , , , , , , , , , , , , , , , , , , , , , , , , , , , , , , , , , , , , , , , , , , , , , , , , , , , , , , , , ,-5.754138,-78.690373
0292,010702,02,CAJARURO,De 5000 - 10000 Hab,Distrital, , , , , , , , , , , , , , , , , , , , , , , , , , , , ,1,1,7,2,Si,No, , , , , , , , , , , , , , , , , , , , , , , , , , , , , , , , , , , , , , , , , , , , , ,8,0,0,0,0,8,0,0,0,1,0,0,0,0,1,0,0,0,1,0,0,0,0,1,0,0,0,0,0,0,0,0,0,0,0,0,1,0,0,0,0,1,0,0,0,0,0,0,0,0,0,0,0,0,2,0,0,0,0,2,0,0,0,1,0,0,0,0,1,0,0,0,1,0,0,0,0,1,0,0,0,1,0,0,0,0,1,0,0,0,0, ,0,0,0,0,0,0,0,0,No, ,No, ,No, ,No, ,No, ,No, ,Si,1,No, ,No, ,Si,2,No, ,No, ,Si,1,Si,4,8,0,No, ,No, , , , , , , , , , , , , , , , , , , , , , , , , , , , , , , , , , , , , , , , , , , , , , , , , , , , , , , , , , , , ,-5.73728821,-78.4296983
0293,010703,03,CUMBA,Menos de 5000 Hab,Distrital, , , , , , , , , , , , , , , , , , , , , , , , , , , , ,2,1,7,7,Si,No,1,7,3,Si,No, , , , , , , , , , , , , , , , , , , , , , , , , , , , , , , , , , , , , , , , ,8,0,0,0,0,8,0,0,0,1,0,0,0,0,1,0,0,0,0,0,0,0,0,0,0,0,0,2,0,0,0,0,2,0,0,0,1,0,0,0,0,1,0,0,0,1,0,0,0,0,1,0,0,0,0,0,0,0,0,0,0,0,0,1,0,0,0,0,1,0,0,0,1,0,0,0,0,1,0,0,0,1,0,0,0,0,1,0,0,0,0, ,0,0,0,0,0,0,0,0,No, ,No, ,No, ,No, ,No, ,No, ,Si,1,Si,1,Si,1,No, ,No, ,No, ,No, ,Si,5,8,0,No, ,No, , , , , , , , , , , , , , , , , , , , , , , , , , , , , , , , , , , , , , , , , , , , , , , , , , , , , , , , , , , , ,-5.93360773,-78.66517395
0294,010704,04,EL MILAGRO,Menos de 5000 Hab,Distrital, , , , , , , , , , , , , , , , , , , , , , , , , , , , ,1,1,7,4,Si,No, , , , , , , , , , , , , , , , , , , , , , , , , , , , , , , , , , , , , , , , , , , , , ,9,1,0,0,0,8,0,0,0,1,0,0,0,0,1,0,0,0,0,0,0,0,0,0,0,0,0,1,0,0,0,0,1,0,0,0,2,0,0,0,0,2,0,0,0,1,0,0,0,0,1,0,0,0,1,0,0,0,0,1,0,0,0,1,0,0,0,0,1,0,0,0,1,0,0,0,0,1,0,0,0,1,1,0,0,0,0,0,0,0,0, ,0,0,0,0,0,0,0,0,No, ,No, ,No, ,No, ,No, ,Si,1,No, ,No, ,No, ,Si,1,No, ,No, ,Si,1,Si,6,9,0,Sí,1,No, , , , , , , , , , , , , , , , , , , , , , , , , , , , , , , , , , , , , , , , , , , , , , , , , , , , , , , , , , , , ,-5.63752372,-78.55937942
0295,010705,05,JAMALCA,De 5000 - 10000 Hab,Distrital, , , , , , , , , , , , , , , , , , , , , , , , , , , , ,1,1,7,5,Si,No, , , , , , , , , , , , , , , , , , , , , , , , , , , , , , , , , , , , , , , , , , , , , ,6,0,0,0,0,6,0,0,0,1,0,0,0,0,1,0,0,0,1,0,0,0,0,1,0,0,0,1,0,0,0,0,1,0,0,0,0,0,0,0,0,0,0,0,0,0,0,0,0,0,0,0,0,0,0,0,0,0,0,0,0,0,0,1,0,0,0,0,1,0,0,0,1,0,0,0,0,1,0,0,0,1,0,0,0,0,1,0,0,0,0, ,0,0,0,0,0,0,0,0,No, ,No, ,No, ,No, ,No, ,No, ,No, ,Si,1,Si,1,Si,2,No, ,No, ,Si,1,Si,1,6,0,No, ,No, , , , , , , , , , , , , , , , , , , , , , , , , , , , , , , , , , , , , , , , , , , , , , , , , , , , , , , , , , , , ,-5.89438884,-78.23815598
0296,010706,06,LONYA GRANDE,De 10001 - 20000 Hab,Distrital, , , , , , , , , , , , , , , , , , , , , , , , , , , , ,1,1,7,6,Si,No, , , , , , , , , , , , , , , , , , , , , , , , , , , , , , , , , , , , , , , , , , , , , ,7,0,0,0,0,7,0,0,0,1,0,0,0,0,1,0,0,0,0,0,0,0,0,0,0,0,0,1,0,0,0,0,1,0,0,0,1,0,0,0,0,1,0,0,0,1,0,0,0,0,1,0,0,0,0,0,0,0,0,0,0,0,0,1,0,0,0,0,1,0,0,0,1,0,0,0,0,1,0,0,0,1,0,0,0,0,1,0,0,0,0, ,0,0,0,0,0,0,0,0,No, ,No, ,No, ,No, ,No, ,No, ,No, ,Si,1,Si,3,No, ,No, ,No, ,Si,1,Si,2,7,0,No, ,No, , , , , , , , , , , , , , , , , , , , , , , , , , , , , , , , , , , , , , , , , , , , , , , , , , , , , , , , , , , , ,-6.09656685,-78.42299791
0297,160201,01,YURIMAGUAS,De 40001 - 80000 Hab,Distrital, , , , , , , , , , , , , , , , , , , , , , , , , , , , ,1,16,2,1,Si,No, , , , , , , , , , , , , , , , , , , , , , , , , , , , , , , , , , , , , , , , , , , , , ,64,1,0,0,0,55,7,1,0,4,0,0,0,0,2,2,0,0,20,0,0,0,0,20,0,0,0,6,0,0,0,0,6,0,0,0,8,0,0,0,0,8,0,0,0,6,0,0,0,0,6,0,0,0,6,0,0,0,0,3,3,0,0,4,0,0,0,0,2,2,0,0,9,0,0,0,0,8,0,1,0,1,1,0,0,0,0,0,0,0,0, ,0,0,0,0,0,0,0,0,No, ,No, ,No, ,Si,1,No, ,No, ,Si,1,No, ,Si,3,Si,2,Si,1,Si,2,Si,10,Si,44,64,0,Sí,14,No, , , , , , , , , , , , , , , , , , , , , , , , , , , , , , , , , , , , , , , , , , , , , , , , , , , , , , , , , , , , ,-5.89719938,-76.114392
0298,160206,06,LAGUNAS,De 20001 - 40000 Hab,Distrital, , , , , , , , , , , , , , , , , , , , , , , , , , , , ,1,16,2,6,Si,No, , , , , , , , , , , , , , , , , , , , , , , , , , , , , , , , , , , , , , , , , , , , , ,14,0,0,0,0,14,0,0,0,1,0,0,0,0,1,0,0,0,2,0,0,0,0,2,0,0,0,2,0,0,0,0,2,0,0,0,1,0,0,0,0,1,0,0,0,1,0,0,0,0,1,0,0,0,1,0,0,0,0,1,0,0,0,1,0,0,0,0,1,0,0,0,4,0,0,0,0,4,0,0,0,1,0,0,0,0,1,0,0,0,0, ,0,0,0,0,0,0,0,0,No, ,No, ,No, ,No, ,No, ,No, ,No, ,No, ,No, ,No, ,Si,1,Si,1,Si,3,Si,9,14,0,Sí,3,No, , , , , , , , , , , , , , , , , , , , , , , , , , , , , , , , , , , , , , , , , , , , , , , , , , , , , , , , , , , , ,-5.22668855,-75.67885706
0299,160701,01,BARRANCA,De 20001 - 40000 Hab,Provincial, , , , , , , ,1,16,7, , , , , , , , , , , , , , , , , , , , , , , , , , , , , , , , , , , , , , , , , , , , , , , , , , , , , , , , , , , , , , , , , , , , , ,16,0,0,0,0,16,0,0,0,1,0,0,0,0,1,0,0,0,3,0,0,0,0,3,0,0,0,3,0,0,0,0,3,0,0,0,1,0,0,0,0,1,0,0,0,1,0,0,0,0,1,0,0,0,1,0,0,0,0,1,0,0,0,1,0,0,0,0,1,0,0,0,4,0,0,0,0,4,0,0,0,1,0,0,0,0,1,0,0,0,0, ,0,0,0,0,0,0,0,0,No, ,No, ,No, ,No, ,No, ,No, ,No, ,No, ,No, ,Si,1,No, ,No, ,Si,3,Si,12,16,0,No, ,No, , , , , , , , , , , , , , , , , , , , , , , , , , , , , , , , , , , , , , , , , , , , , , , , , , , , , , , , , , , , ,-4.83147641,-76.55503033
0300,220101,01,MOYOBAMBA,De 80001 a más Hab,Provincial, , , , , , , ,1,22,1, , , , , , , , , , , , , , , , , , , , , , , , , , , , , , , , , , , , , , , , , , , , , , , , , , , , , , , , , , , , , , , , , , , , , ,62,2,0,0,0,51,8,1,0,8,0,0,0,0,4,3,1,0,22,1,0,0,0,20,1,0,0,9,0,0,0,0,9,0,0,0,2,0,0,0,0,2,0,0,0,2,0,0,0,0,2,0,0,0,4,0,0,0,0,0,4,0,0,7,0,0,0,0,7,0,0,0,6,0,0,0,0,6,0,0,0,1,1,0,0,0,0,0,0,0,1,ATENCION AL PUBLICO,0,0,0,0,1,0,0,0,No, ,Si,1,No, ,No, ,No, ,Si,1,Si,3,Si,3,Si,5,Si,1,Si,1,Si,3,Si,4,Si,40,62,0,Sí,6,No, , , , , , , , , , , , , , , , , , , , , , , , , , , , , , , , , , , , , , , , , , , , , , , , , , , , , , , , , , , , ,-6.03455473,-76.97422804
0301,220101,01,MOYOBAMBA,De 40001 - 80000 Hab,Distrital, , , , , , , , , , , , , , , , , , , , , , , , , , , , ,1,22,1,1,Si,No, , , , , , , , , , , , , , , , , , , , , , , , , , , , , , , , , , , , , , , , , , , , , ,41,1,0,0,0,31,9,0,0,3,0,0,0,0,0,3,0,0,14,0,0,0,0,14,0,0,0,0,0,0,0,0,0,0,0,0,4,0,0,0,0,3,1,0,0,3,0,0,0,0,3,0,0,0,4,0,0,0,0,0,4,0,0,2,0,0,0,0,1,1,0,0,10,0,0,0,0,10,0,0,0,1,1,0,0,0,0,0,0,0,0, ,0,0,0,0,0,0,0,0,No, ,No, ,Si,1,No, ,No, ,No, ,No, ,Si,1,Si,3,Si,1,No, ,No, ,Si,4,Si,31,41,0,No, ,No, , , , , , , , , , , , , , , , , , , , , , , , , , , , , , , , , , , , , , , , , , , , , , , , , , , , , , , , , , , , ,-6.04768144,-76.97175824
0302,220104,04,JEPELACIO,Menos de 5000 Hab,Distrital, , , , , , , , , , , , , , , , , , , , , , , , , , , , ,1,22,1,4,No,Si, , , , , , , , , , , , , , , , , , , , , , , , , , , , , , , , , , , , , , , , , , , , , ,13,0,0,0,0,13,0,0,0,1,0,0,0,0,1,0,0,0,2,0,0,0,0,2,0,0,0,0,0,0,0,0,0,0,0,0,2,0,0,0,0,2,0,0,0,2,0,0,0,0,2,0,0,0,1,0,0,0,0,1,0,0,0,1,0,0,0,0,1,0,0,0,2,0,0,0,0,2,0,0,0,1,0,0,0,0,1,0,0,0,1,VACACIONES Y OTRAS ACTIVIDADES,0,0,0,0,1,0,0,0,No, ,No, ,No, ,No, ,No, ,No, ,Si,1,No, ,Si,1,Si,1,No, ,No, ,Si,4,Si,6,13,0,No, ,No, , , , , , , , , , , , , , , , , , , , , , , , , , , , , , , , , , , , , , , , , , , , , , , , , , , , , , , , , , , , ,-6.212735,-76.915293
0303,220102,02,CALZADA,De 5000 - 10000 Hab,Distrital, , , , , , , , , , , , , , , , , , , , , , , , , , , , ,1,22,1,2,Si,No, , , , , , , , , , , , , , , , , , , , , , , , , , , , , , , , , , , , , , , , , , , , , ,13,1,0,0,0,9,3,0,0,1,0,0,0,0,0,1,0,0,2,0,0,0,0,2,0,0,0,0,0,0,0,0,0,0,0,0,2,0,0,0,0,2,0,0,0,2,0,0,0,0,2,0,0,0,2,0,0,0,0,0,2,0,0,1,0,0,0,0,1,0,0,0,2,0,0,0,0,2,0,0,0,1,1,0,0,0,0,0,0,0,0, ,0,0,0,0,0,0,0,0,No, ,No, ,No, ,No, ,Si,1,No, ,No, ,Si,1,Si,1,Si,1,No, ,No, ,Si,1,Si,8,13,0,No, ,No, , , , , , , , , , , , , , , , , , , , , , , , , , , , , , , , , , , , , , , , , , , , , , , , , , , , , , , , , , , , ,-6.03055237,-77.06670831
0304,220104,04,JEPELACIO,De 20001 - 40000 Hab,Distrital, , , , , , , , , , , , , , , , , , , , , , , , , , , , ,1,22,1,4,No,Si, , , , , , , , , , , , , , , , , , , , , , , , , , , , , , , , , , , , , , , , , , , , , ,13,0,0,0,0,11,2,0,0,2,0,0,0,0,1,1,0,0,2,0,0,0,0,2,0,0,0,0,0,0,0,0,0,0,0,0,2,0,0,0,0,2,0,0,0,2,0,0,0,0,2,0,0,0,2,0,0,0,0,1,1,0,0,1,0,0,0,0,1,0,0,0,1,0,0,0,0,1,0,0,0,1,0,0,0,0,1,0,0,0,0, ,0,0,0,0,0,0,0,0,No, ,No, ,No, ,No, ,No, ,No, ,No, ,Si,1,No, ,No, ,No, ,No, ,Si,5,Si,7,13,1,No, ,No, , , , , , , , , , , , , , , , , , , , , , , , , , , , , , , , , , , , , , , , , , , , , , , , , , , , , , , , , , , , ,-6.10809122,-76.91530741
0305,220105,05,SORITOR,De 20001 - 40000 Hab,Distrital, , , , , , , , , , , , , , , , , , , , , , , , , , , , ,1,22,1,5,Si,No, , , , , , , , , , , , , , , , , , , , , , , , , , , , , , , , , , , , , , , , , , , , , ,17,1,0,0,0,14,2,0,0,3,0,0,0,0,1,2,0,0,3,0,0,0,0,3,0,0,0,0,0,0,0,0,0,0,0,0,2,0,0,0,0,2,0,0,0,1,0,0,0,0,1,0,0,0,2,0,0,0,0,2,0,0,0,3,0,0,0,0,3,0,0,0,2,0,0,0,0,2,0,0,0,1,1,0,0,0,0,0,0,0,0, ,0,0,0,0,0,0,0,0,No, ,No, ,No, ,No, ,No, ,Si,1,No, ,Si,1,Si,3,No, ,Si,1,Si,1,Si,2,Si,8,17,0,No, ,No, , , , , , , , , , , , , , , , , , , , , , , , , , , , , , , , , , , , , , , , , , , , , , , , , , , , , , , , , , , , ,-6.13485303,-77.10071496
0306,220106,06,YANTALO,De 5000 - 10000 Hab,Distrital, , , , , , , , , , , , , , , , , , , , , , , , , , , , ,1,22,1,6,Si,No, , , , , , , , , , , , , , , , , , , , , , , , , , , , , , , , , , , , , , , , , , , , , ,14,0,0,0,0,12,2,0,0,2,0,0,0,0,0,2,0,0,2,0,0,0,0,2,0,0,0,0,0,0,0,0,0,0,0,0,2,0,0,0,0,2,0,0,0,2,0,0,0,0,2,0,0,0,2,0,0,0,0,2,0,0,0,1,0,0,0,0,1,0,0,0,2,0,0,0,0,2,0,0,0,1,0,0,0,0,1,0,0,0,0, ,0,0,0,0,0,0,0,0,No, ,No, ,No, ,No, ,No, ,No, ,No, ,Si,1,No, ,Si,1,Si,2,No, ,Si,4,Si,6,14,0,Sí,4,No, , , , , , , , , , , , , , , , , , , , , , , , , , , , , , , , , , , , , , , , , , , , , , , , , , , , , , , , , , , , ,-5.97423624,-77.02084252
0307,220201,01,BELLAVISTA,Menos de 5000 Hab,Distrital, , , , , , , , , , , , , , , , , , , , , , , , , , , , ,1,22,2,1,Si,No, , , , , , , , , , , , , , , , , , , , , , , , , , , , , , , , , , , , , , , , , , , , , ,35,1,0,0,0,31,3,0,0,1,0,0,0,0,0,1,0,0,12,0,0,0,0,12,0,0,0,4,0,0,0,0,4,0,0,0,4,0,0,0,0,4,0,0,0,2,0,0,0,0,2,0,0,0,2,0,0,0,0,2,0,0,0,1,0,0,0,0,1,0,0,0,8,0,0,0,0,6,2,0,0,1,1,0,0,0,0,0,0,0,0, ,0,0,0,0,0,0,0,0,No, ,No, ,Si,1,No, ,No, ,No, ,No, ,No, ,Si,1,Si,1,Si,1,Si,3,Si,4,Si,24,35,0,Sí,8,Sí,1,10, , , , , , , , , , , , , , , , , , , , , , , , , , , , , , , , , , , , , , , ,Ninguna, , , , , , , , , , , , , , , , , , ,-7.06645999,-76.5846397
0308,220203,03,BAJO BIAVO,De 10001 - 20000 Hab,Distrital, , , , , , , , , , , , , , , , , , , , , , , , , , , , ,2,22,2,3,Si,No,22,2,2,Si,No, , , , , , , , , , , , , , , , , , , , , , , , , , , , , , , , , , , , , , , , ,16,0,0,0,0,16,0,0,0,1,0,0,0,0,1,0,0,0,4,0,0,0,0,4,0,0,0,2,0,0,0,0,2,0,0,0,2,0,0,0,0,2,0,0,0,2,0,0,0,0,2,0,0,0,0,0,0,0,0,0,0,0,0,2,0,0,0,0,2,0,0,0,0,0,0,0,0,0,0,0,0,3,0,0,0,0,3,0,0,0,0, ,0,0,0,0,0,0,0,0,No, ,No, ,No, ,No, ,No, ,No, ,No, ,No, ,No, ,Si,1,No, ,No, ,No, ,Si,15,16,0,Sí,5,No, , , , , , , , , , , , , , , , , , , , , , , , , , , , , , , , , , , , , , , , , , , , , , , , , , , , , , , , , , , , ,-7.09925232,-76.47200832
0309,220205,05,SAN PABLO,De 5000 - 10000 Hab,Distrital, , , , , , , , , , , , , , , , , , , , , , , , , , , , ,1,22,2,5,Si,No, , , , , , , , , , , , , , , , , , , , , , , , , , , , , , , , , , , , , , , , , , , , , ,17,0,0,0,0,17,0,0,0,1,0,0,0,0,1,0,0,0,2,0,0,0,0,2,0,0,0,4,0,0,0,0,4,0,0,0,2,0,0,0,0,2,0,0,0,1,0,0,0,0,1,0,0,0,0,0,0,0,0,0,0,0,0,1,0,0,0,0,1,0,0,0,5,0,0,0,0,5,0,0,0,1,0,0,0,0,1,0,0,0,0, ,0,0,0,0,0,0,0,0,No, ,No, ,No, ,No, ,No, ,No, ,Si,1,No, ,No, ,No, ,Si,1,Si,1,Si,1,Si,13,17,0,No, ,Sí,1,8, , , , , , , , , , , , , , , , , , , , , , , , , , , , , , , , , , , , , , , ,Ninguna, , , , , , , , , , , , , , , , , , ,-6.81261968,-76.57677851
0310,220301,01,SAN JOSE DE SISA,De 40001 - 80000 Hab,Distrital, , , , , , , , , , , , , , , , , , , , , , , , , , , , ,3,22,3,4,Si,No,22,3,1,Si,No,22,3,2,Si,No, , , , , , , , , , , , , , , , , , , , , , , , , , , , , , , , , , , ,26,1,0,0,0,23,2,0,0,2,0,0,0,0,1,1,0,0,4,0,0,0,0,4,0,0,0,0,0,0,0,0,0,0,0,0,4,0,0,0,0,4,0,0,0,4,0,0,0,0,4,0,0,0,4,0,0,0,0,3,1,0,0,1,0,0,0,0,1,0,0,0,5,0,0,0,0,5,0,0,0,2,1,0,0,0,1,0,0,0,0, ,0,0,0,0,0,0,0,0,No, ,No, ,No, ,No, ,Si,1,No, ,No, ,Si,2,No, ,No, ,No, ,Si,2,Si,1,Si,20,26,0,No, ,No, , , , , , , , , , , , , , , , , , , , , , , , , , , , , , , , , , , , , , , , , , , , , , , , , , , , , , , , , , , , ,-6.61420942,-76.69466118
0311,220401,01,SAPOSOA,De 20001 - 40000 Hab,Distrital, , , , , , , , , , , , , , , , , , , , , , , , , , , , ,4,22,4,1,Si,No,22,4,2,Si,No,22,4,3,Si,No,22,4,4,Si,No, , , , , , , , , , , , , , , , , , , , , , , , , , , , , , ,31,1,0,0,0,27,3,0,0,2,0,0,0,0,2,0,0,0,4,0,0,0,0,4,0,0,0,7,0,0,0,0,7,0,0,0,4,0,0,0,0,4,0,0,0,2,0,0,0,0,2,0,0,0,3,0,0,0,0,0,3,0,0,2,0,0,0,0,2,0,0,0,6,0,0,0,0,6,0,0,0,1,1,0,0,0,0,0,0,0,0, ,0,0,0,0,0,0,0,0,No, ,No, ,No, ,No, ,Si,1,No, ,No, ,Si,1,No, ,Si,1,Si,6,No, ,Si,2,Si,20,31,0,Sí,4,Sí,1,11, , , , , , , , , , , , , , , , , , , , , , , , , , , , , , , , , , , , , , , ,Ninguna, , , , , , , , , , , , , , , , , , ,-6.93626814,-76.77148808
0312,220405,05,SACANCHE,De 5000 - 10000 Hab,Distrital, , , , , , , , , , , , , , , , , , , , , , , , , , , , ,2,22,4,5,Si,No,22,4,6,Si,No, , , , , , , , , , , , , , , , , , , , , , , , , , , , , , , , , , , , , , , , ,18,0,0,0,0,17,1,0,0,1,0,0,0,0,0,1,0,0,6,0,0,0,0,6,0,0,0,0,0,0,0,0,0,0,0,0,1,0,0,0,0,1,0,0,0,1,0,0,0,0,1,0,0,0,0,0,0,0,0,0,0,0,0,2,0,0,0,0,2,0,0,0,6,0,0,0,0,6,0,0,0,1,0,0,0,0,1,0,0,0,0, ,0,0,0,0,0,0,0,0,No, ,No, ,No, ,No, ,No, ,No, ,No, ,Si,1,No, ,No, ,Si,1,No, ,Si,2,Si,14,18,0,No, ,Sí,1,16, , , , , , , , , , , , , , , , , , , , , , , , , , , , , , , , , , , , , , , ,Ninguna, , , , , , , , , , , , , , , , , , ,-7.07004351,-76.71357916
0313,220501,01,LAMAS,De 40001 - 80000 Hab,Distrital, , , , , , , , , , , , , , , , , , , , , , , , , , , , ,5,22,5,1,Si,No,22,5,5,Si,No,22,5,7,Si,No,22,5,8,Si,No,22,5,11,Si,No, , , , , , , , , , , , , , , , , , , , , , , , , ,30,1,0,0,0,25,4,0,0,2,0,0,0,0,1,1,0,0,9,0,0,0,0,9,0,0,0,4,0,0,0,0,4,0,0,0,2,0,0,0,0,2,0,0,0,2,0,0,0,0,2,0,0,0,2,0,0,0,0,0,2,0,0,3,0,0,0,0,3,0,0,0,4,0,0,0,0,3,1,0,0,2,1,0,0,0,1,0,0,0,0, ,0,0,0,0,0,0,0,0,No, ,No, ,Si,1,No, ,No, ,No, ,No, ,Si,1,Si,1,Si,1,Si,2,No, ,Si,7,Si,17,30,0,Sí,1,No, , , , , , , , , , , , , , , , , , , , , , , , , , , , , , , , , , , , , , , , , , , , , , , , , , , , , , , , , , , , ,-6.42224305,-76.51732191
0314,220504,04,CAYNARACHI,De 5000 - 10000 Hab,Distrital, , , , , , , , , , , , , , , , , , , , , , , , , , , , ,2,22,5,4,Si,No,22,5,4,Si,No, , , , , , , , , , , , , , , , , , , , , , , , , , , , , , , , , , , , , , , , ,18,1,0,0,0,17,0,0,0,1,0,0,0,0,1,0,0,0,4,0,0,0,0,4,0,0,0,2,0,0,0,0,2,0,0,0,2,0,0,0,0,2,0,0,0,2,0,0,0,0,2,0,0,0,2,0,0,0,0,2,0,0,0,2,0,0,0,0,2,0,0,0,2,0,0,0,0,2,0,0,0,1,1,0,0,0,0,0,0,0,0, ,0,0,0,0,0,0,0,0,No, ,No, ,No, ,No, ,No, ,Si,1,No, ,Si,1,No, ,Si,2,Si,2,No, ,Si,2,Si,10,18,0,No, ,No, , , , , , , , , , , , , , , , , , , , , , , , , , , , , , , , , , , , , , , , , , , , , , , , , , , , , , , , , , , , ,-6.33448577,-76.29056387
0315,220504,04,CAYNARACHI,De 10001 - 20000 Hab,Distrital, , , , , , , , , , , , , , , , , , , , , , , , , , , , ,1,22,5,4,No,Si, , , , , , , , , , , , , , , , , , , , , , , , , , , , , , , , , , , , , , , , , , , , , ,20,1,0,0,0,16,3,0,0,3,0,0,0,0,2,1,0,0,4,0,0,0,0,4,0,0,0,0,0,0,0,0,0,0,0,0,2,0,0,0,0,2,0,0,0,2,0,0,0,0,2,0,0,0,4,0,0,0,0,2,2,0,0,2,0,0,0,0,2,0,0,0,2,0,0,0,0,2,0,0,0,1,1,0,0,0,0,0,0,0,0, ,0,0,0,0,0,0,0,0,No, ,No, ,No, ,Si,1,No, ,No, ,Si,1,No, ,No, ,Si,2,Si,2,Si,1,Si,1,Si,12,20,0,No, ,No, , , , , , , , , , , , , , , , , , , , , , , , , , , , , , , , , , , , , , , , , , , , , , , , , , , , , , , , , , , , ,-6.11533173,-76.27590261
0316,220502,02,ALONSO DE ALVARADO,De 10001 - 20000 Hab,Distrital, , , , , , , , , , , , , , , , , , , , , , , , , , , , ,2,22,5,2,No,Si,22,1,4,No,Si, , , , , , , , , , , , , , , , , , , , , , , , , , , , , , , , , , , , , , , , ,23,0,0,0,0,21,2,0,0,2,0,0,0,0,2,0,0,0,4,0,0,0,0,4,0,0,0,3,0,0,0,0,3,0,0,0,2,0,0,0,0,2,0,0,0,2,0,0,0,0,2,0,0,0,2,0,0,0,0,1,1,0,0,2,0,0,0,0,2,0,0,0,5,0,0,0,0,4,1,0,0,1,0,0,0,0,1,0,0,0,0, ,0,0,0,0,0,0,0,0,No, ,No, ,No, ,No, ,No, ,No, ,Si,1,No, ,No, ,No, ,No, ,Si,1,Si,3,Si,18,23,1,No, ,No, , , , , , , , , , , , , , , , , , , , , , , , , , , , , , , , , , , , , , , , , , , , , , , , , , , , , , , , , , , , ,-6.27183211,-76.77346498
0317,220510,10,TABALOSOS,De 10001 - 20000 Hab,Distrital, , , , , , , , , , , , , , , , , , , , , , , , , , , , ,3,22,5,10,Si,No,22,5,6,Si,No,22,5,9,Si,No, , , , , , , , , , , , , , , , , , , , , , , , , , , , , , , , , , , ,27,1,0,0,0,24,2,0,0,2,0,0,0,0,2,0,0,0,4,0,0,0,0,4,0,0,0,8,0,0,0,0,8,0,0,0,3,0,0,0,0,3,0,0,0,3,0,0,0,0,3,0,0,0,3,0,0,0,0,1,2,0,0,1,0,0,0,0,1,0,0,0,2,0,0,0,0,2,0,0,0,1,1,0,0,0,0,0,0,0,0, ,0,0,0,0,0,0,0,0,No, ,No, ,No, ,No, ,No, ,Si,1,No, ,Si,2,Si,1,Si,1,Si,1,No, ,Si,2,Si,19,27,0,No, ,No, , , , , , , , , , , , , , , , , , , , , , , , , , , , , , , , , , , , , , , , , , , , , , , , , , , , , , , , , , , , ,-6.38736488,-76.62995863
0318,220601,01,JUANJUI,De 40001 - 80000 Hab,Distrital, , , , , , , , , , , , , , , , , , , , , , , , , , , , ,4,22,6,1,Si,No,22,6,3,Si,No,22,6,4,Si,No,22,6,5,Si,No, , , , , , , , , , , , , , , , , , , , , , , , , , , , , , ,95,1,0,0,0,76,18,0,0,6,0,0,0,0,2,4,0,0,20,0,0,0,0,19,1,0,0,42,0,0,0,0,34,8,0,0,2,0,0,0,0,2,0,0,0,4,0,0,0,0,4,0,0,0,3,0,0,0,0,1,2,0,0,3,0,0,0,0,1,2,0,0,8,0,0,0,0,8,0,0,0,6,1,0,0,0,4,1,0,0,1,SANIDAD,0,0,0,0,1,0,0,0,No, ,Si,1,No, ,No, ,No, ,No, ,No, ,No, ,No, ,Si,4,Si,2,Si,3,Si,7,Si,78,95,0,Sí,25,No, , , , , , , , , , , , , , , , , , , , , , , , , , , , , , , , , , , , , , , , , , , , , , , , , , , , , , , , , , , , ,-7.17983529,-76.72650323
0319,220701,01,PICOTA,De 20001 - 40000 Hab,Distrital, , , , , , , , , , , , , , , , , , , , , , , , , , , , ,5,22,7,1,Si,No,22,7,8,Si,No,22,7,10,Si,No,22,7,2,Si,No,22,7,5,Si,No, , , , , , , , , , , , , , , , , , , , , , , , , ,25,1,0,0,0,22,2,0,0,1,0,0,0,0,1,0,0,0,11,0,0,0,0,11,0,0,0,2,0,0,0,0,1,1,0,0,2,0,0,0,0,2,0,0,0,2,0,0,0,0,2,0,0,0,2,0,0,0,0,1,1,0,0,2,0,0,0,0,2,0,0,0,2,0,0,0,0,2,0,0,0,1,1,0,0,0,0,0,0,0,0, ,0,0,0,0,0,0,0,0,No, ,No, ,Si,1,No, ,No, ,No, ,Si,1,No, ,Si,2,Si,2,Si,1,Si,1,No, ,Si,17,25,0,Sí,7,No, , , , , , , , , , , , , , , , , , , , , , , , , , , , , , , , , , , , , , , , , , , , , , , , , , , , , , , , , , , , ,-6.91893774,-76.33229063
0320,220707,07,SAN HILARION,De 5000 - 10000 Hab,Distrital, , , , , , , , , , , , , , , , , , , , , , , , , , , , ,3,22,7,7,Si,No,22,7,3,Si,No,22,7,6,Si,No, , , , , , , , , , , , , , , , , , , , , , , , , , , , , , , , , , , ,22,1,0,0,0,21,0,0,0,1,0,0,0,0,1,0,0,0,4,0,0,0,0,4,0,0,0,2,0,0,0,0,2,0,0,0,2,0,0,0,0,2,0,0,0,2,0,0,0,0,2,0,0,0,2,0,0,0,0,2,0,0,0,2,0,0,0,0,2,0,0,0,6,0,0,0,0,6,0,0,0,1,1,0,0,0,0,0,0,0,0, ,0,0,0,0,0,0,0,0,No, ,No, ,No, ,Si,1,No, ,No, ,No, ,No, ,Si,2,No, ,Si,3,No, ,Si,2,Si,14,22,0,Sí,2,Sí,2,10,9, , , , , , , , , , , , , , , , , , , , , , , , , , , , , , , , , , , , , , ,Ninguna, , , , , , , , , , , , , , , , , , ,-6.99986724,-76.44499632
0321,220801,01,RIOJA,De 40001 - 80000 Hab,Distrital, , , , , , , , , , , , , , , , , , , , , , , , , , , , ,3,22,8,1,Si,No,22,8,8,Si,No,22,8,9,Si,No, , , , , , , , , , , , , , , , , , , , , , , , , , , , , , , , , , , ,45,1,0,0,0,38,6,0,0,5,0,0,0,0,3,2,0,0,14,0,0,0,0,14,0,0,0,7,0,0,0,0,7,0,0,0,8,0,0,0,0,7,1,0,0,3,0,0,0,0,3,0,0,0,2,0,0,0,0,0,2,0,0,2,0,0,0,0,1,1,0,0,3,0,0,0,0,3,0,0,0,1,1,0,0,0,0,0,0,0,0, ,0,0,0,0,0,0,0,0,No, ,No, ,No, ,Si,1,No, ,No, ,No, ,Si,5,Si,1,Si,3,Si,1,No, ,Si,10,Si,24,45,0,Sí,7,No, , , , , , , , , , , , , , , , , , , , , , , , , , , , , , , , , , , , , , , , , , , , , , , , , , , , , , , , , , , , ,-6.06376252,-77.16790762
0322,220804,04,NUEVA CAJAMARCA,De 40001 - 80000 Hab,Distrital, , , , , , , , , , , , , , , , , , , , , , , , , , , , ,3,22,8,4,Si,No,22,8,7,Si,No,22,8,2,Si,No, , , , , , , , , , , , , , , , , , , , , , , , , , , , , , , , , , , ,49,1,0,0,0,46,2,0,0,2,0,0,0,0,1,1,0,0,21,0,0,0,0,21,0,0,0,4,0,0,0,0,4,0,0,0,4,0,0,0,0,4,0,0,0,3,0,0,0,0,3,0,0,0,3,0,0,0,0,2,1,0,0,1,0,0,0,0,1,0,0,0,9,0,0,0,0,9,0,0,0,2,1,0,0,0,1,0,0,0,0, ,0,0,0,0,0,0,0,0,No, ,No, ,Si,1,No, ,No, ,No, ,Si,1,Si,2,Si,1,Si,2,No, ,Si,2,Si,4,Si,36,49,0,No, ,No, , , , , , , , , , , , , , , , , , , , , , , , , , , , , , , , , , , , , , , , , , , , , , , , , , , , , , , , , , , , ,-5.94294394,-77.30622535
0323,220805,05,PARDO MIGUEL,De 10001 - 20000 Hab,Distrital, , , , , , , , , , , , , , , , , , , , , , , , , , , , ,1,22,8,5,Si,No, , , , , , , , , , , , , , , , , , , , , , , , , , , , , , , , , , , , , , , , , , , , , ,19,1,0,0,0,16,2,0,0,2,0,0,0,0,0,2,0,0,4,0,0,0,0,4,0,0,0,0,0,0,0,0,0,0,0,0,2,0,0,0,0,2,0,0,0,1,0,0,0,0,1,0,0,0,4,0,0,0,0,4,0,0,0,2,0,0,0,0,2,0,0,0,2,0,0,0,0,2,0,0,0,1,1,0,0,0,0,0,0,0,1,PUESTO DE AUXILIO RAPIDO,0,0,0,0,1,0,0,0,No, ,No, ,No, ,No, ,No, ,Si,1,No, ,Si,2,No, ,Si,1,No, ,No, ,Si,1,Si,14,19,0,No, ,No, , , , , , , , , , , , , , , , , , , , , , , , , , , , , , , , , , , , , , , , , , , , , , , , , , , , , , , , , , , , ,-5.74034369,-77.50381017
0324,220809,09,YURACYACU,De 10001 - 20000 Hab,Distrital, , , , , , , , , , , , , , , , , , , , , , , , , , , , ,1,22,8,9,Si,No, , , , , , , , , , , , , , , , , , , , , , , , , , , , , , , , , , , , , , , , , , , , , ,15,1,0,0,0,14,0,0,0,1,0,0,0,0,1,0,0,0,2,0,0,0,0,2,0,0,0,0,0,0,0,0,0,0,0,0,2,0,0,0,0,2,0,0,0,2,0,0,0,0,2,0,0,0,2,0,0,0,0,2,0,0,0,1,0,0,0,0,1,0,0,0,4,0,0,0,0,4,0,0,0,1,1,0,0,0,0,0,0,0,0, ,0,0,0,0,0,0,0,0,No, ,No, ,No, ,No, ,No, ,Si,1,No, ,No, ,Si,1,No, ,No, ,No, ,Si,8,Si,5,15,0,No, ,No, , , , , , , , , , , , , , , , , , , , , , , , , , , , , , , , , , , , , , , , , , , , , , , , , , , , , , , , , , , , ,-5.92817219,-77.2272368
0325,220901,01,TARAPOTO,Menos de 5000 Hab,Otros,LOCAL, , , , , , , , , , , , , , , , , , , , , , , , , , , , , , , , , , , , , , , , , , , , , , , , , , , , , , , , , , , , , , , , , , , , , , , , , , , , , , ,23,0,1,0,0,15,7,0,0,3,0,0,0,0,1,2,0,0,0,0,0,0,0,0,0,0,0,15,0,0,0,0,10,5,0,0,0,0,0,0,0,0,0,0,0,0,0,0,0,0,0,0,0,0,0,0,0,0,0,0,0,0,0,0,0,0,0,0,0,0,0,0,4,0,0,0,0,4,0,0,0,1,0,1,0,0,0,0,0,0,0, ,0,0,0,0,0,0,0,0,No, ,No, ,No, ,Si,1,No, ,No, ,No, ,Si,1,Si,1,No, ,No, ,No, ,Si,3,Si,17,23,0,No, ,No, , , , , , , , , , , , , , , , , , , , , , , , , , , , , , , , , , , , , , , , , , , , , , , , , , , , , , , , , , , , ,-6.51107793,-76.36905623
0326,220901,01,TARAPOTO,De 80001 a más Hab,Distrital, , , , , , , , , , , , , , , , , , , , , , , , , , , , ,1,22,9,1,No,Si, , , , , , , , , , , , , , , , , , , , , , , , , , , , , , , , , , , , , , , , , , , , , ,32,0,0,0,0,10,22,0,0,10,0,0,0,0,2,8,0,0,4,0,0,0,0,4,0,0,0,0,0,0,0,0,0,0,0,0,0,0,0,0,0,0,0,0,0,0,0,0,0,0,0,0,0,0,14,0,0,0,0,1,13,0,0,1,0,0,0,0,0,1,0,0,0,0,0,0,0,0,0,0,0,3,0,0,0,0,3,0,0,0,0, ,0,0,0,0,0,0,0,0,No, ,No, ,No, ,No, ,No, ,No, ,No, ,Si,2,No, ,No, ,Si,1,No, ,Si,7,Si,22,32,0,No, ,No, , , , , , , , , , , , , , , , , , , , , , , , , , , , , , , , , , , , , , , , , , , , , , , , , , , , , , , , , , , , ,-6.486383,-76.373637
0327,220901,01,TARAPOTO,De 80001 a más Hab,Distrital, , , , , , , , , , , , , , , , , , , , , , , , , , , , ,1,22,9,1,Si,No, , , , , , , , , , , , , , , , , , , , , , , , , , , , , , , , , , , , , , , , , , , , , ,80,3,0,0,0,64,13,0,0,8,0,0,0,0,5,3,0,0,40,0,0,0,0,40,0,0,0,10,0,0,0,0,7,3,0,0,5,0,0,0,0,3,2,0,0,5,0,0,0,0,4,1,0,0,0,0,0,0,0,0,0,0,0,2,0,0,0,0,0,2,0,0,7,0,0,0,0,5,2,0,0,3,3,0,0,0,0,0,0,0,0, ,0,0,0,0,0,0,0,0,No, ,Si,1,No, ,No, ,Si,1,Si,1,Si,1,Si,1,Si,3,Si,2,Si,1,No, ,Si,9,Si,60,80,0,No, ,No, , , , , , , , , , , , , , , , , , , , , , , , , , , , , , , , , , , , , , , , , , , , , , , , , , , , , , , , , , , , ,-6.48671258,-76.35915687
0328,220904,04,CHAZUTA,De 5000 - 10000 Hab,Distrital, , , , , , , , , , , , , , , , , , , , , , , , , , , , ,2,22,9,4,Si,No,22,9,7,Si,No, , , , , , , , , , , , , , , , , , , , , , , , , , , , , , , , , , , , , , , , ,18,1,0,0,0,17,0,0,0,1,0,0,0,0,1,0,0,0,6,0,0,0,0,6,0,0,0,0,0,0,0,0,0,0,0,0,2,0,0,0,0,2,0,0,0,2,0,0,0,0,2,0,0,0,2,0,0,0,0,2,0,0,0,2,0,0,0,0,2,0,0,0,2,0,0,0,0,2,0,0,0,1,1,0,0,0,0,0,0,0,0, ,0,0,0,0,0,0,0,0,No, ,No, ,No, ,No, ,No, ,Si,1,No, ,No, ,No, ,No, ,No, ,Si,1,Si,1,Si,15,18,0,Sí,1,No, , , , , , , , , , , , , , , , , , , , , , , , , , , , , , , , , , , , , , , , , , , , , , , , , , , , , , , , , , , , ,-6.57383596,-76.13727744
0329,220906,06,EL PORVENIR,De 5000 - 10000 Hab,Distrital, , , , , , , , , , , , , , , , , , , , , , , , , , , , ,2,22,9,6,Si,No,22,9,11,Si,No, , , , , , , , , , , , , , , , , , , , , , , , , , , , , , , , , , , , , , , , ,18,1,0,0,0,17,0,0,0,1,0,0,0,0,1,0,0,0,5,0,0,0,0,5,0,0,0,2,0,0,0,0,2,0,0,0,2,0,0,0,0,2,0,0,0,1,0,0,0,0,1,0,0,0,2,0,0,0,0,2,0,0,0,1,0,0,0,0,1,0,0,0,1,0,0,0,0,1,0,0,0,3,1,0,0,0,2,0,0,0,0, ,0,0,0,0,0,0,0,0,No, ,No, ,No, ,No, ,No, ,Si,1,No, ,No, ,No, ,No, ,Si,1,Si,2,Si,1,Si,13,18,0,Sí,4,No, , , , , , , , , , , , , , , , , , , , , , , , , , , , , , , , , , , , , , , , , , , , , , , , , , , , , , , , , , , , ,-6.21408914,-75.80080774
0330,220909,09,LA BANDA DE SHILCAYO,De 80001 a más Hab,Distrital, , , , , , , , , , , , , , , , , , , , , , , , , , , , ,2,22,9,9,Si,No,22,9,8,Si,No, , , , , , , , , , , , , , , , , , , , , , , , , , , , , , , , , , , , , , , , ,72,1,0,0,0,57,14,0,0,6,0,0,0,0,1,5,0,0,14,0,0,0,0,14,0,0,0,37,0,0,0,0,30,7,0,0,4,0,0,0,0,4,0,0,0,2,0,0,0,0,2,0,0,0,4,0,0,0,0,2,2,0,0,2,0,0,0,0,2,0,0,0,2,0,0,0,0,2,0,0,0,1,1,0,0,0,0,0,0,0,0, ,0,0,0,0,0,0,0,0,No, ,No, ,No, ,Si,1,No, ,No, ,No, ,Si,3,Si,2,Si,1,Si,1,Si,1,Si,8,Si,55,72,0,Sí,3,No, , , , , , , , , , , , , , , , , , , , , , , , , , , , , , , , , , , , , , , , , , , , , , , , , , , , , , , , , , , , ,-6.49071847,-76.35405159
0331,220910,10,MORALES,De 10001 - 20000 Hab,Distrital, , , , , , , , , , , , , , , , , , , , , , , , , , , , ,3,22,9,10,Si,No,22,9,3,Si,No,22,9,12,Si,No, , , , , , , , , , , , , , , , , , , , , , , , , , , , , , , , , , , ,69,2,0,0,0,57,10,0,0,5,1,0,0,0,0,4,0,0,12,0,0,0,0,12,0,0,0,40,0,0,0,0,37,3,0,0,3,0,0,0,0,3,0,0,0,2,0,0,0,0,1,1,0,0,2,0,0,0,0,0,2,0,0,2,0,0,0,0,2,0,0,0,2,0,0,0,0,2,0,0,0,1,1,0,0,0,0,0,0,0,0, ,0,0,0,0,0,0,0,0,No, ,No, ,Si,1,No, ,No, ,Si,1,Si,2,No, ,No, ,Si,2,No, ,Si,3,Si,7,Si,53,69,0,Sí,3,No, , , , , , , , , , , , , , , , , , , , , , , , , , , , , , , , , , , , , , , , , , , , , , , , , , , , , , , , , , , , ,-6.47937892,-76.38290349
0332,220913,13,SAUCE,De 10001 - 20000 Hab,Distrital, , , , , , , , , , , , , , , , , , , , , , , , , , , , ,1,22,9,13,Si,No, , , , , , , , , , , , , , , , , , , , , , , , , , , , , , , , , , , , , , , , , , , , , ,21,1,0,0,0,20,0,0,0,1,0,0,0,0,1,0,0,0,5,0,0,0,0,5,0,0,0,4,0,0,0,0,4,0,0,0,2,0,0,0,0,2,0,0,0,2,0,0,0,0,2,0,0,0,2,0,0,0,0,2,0,0,0,2,0,0,0,0,2,0,0,0,2,0,0,0,0,2,0,0,0,1,1,0,0,0,0,0,0,0,0, ,0,0,0,0,0,0,0,0,No, ,No, ,No, ,No, ,No, ,Si,1,No, ,No, ,No, ,Si,1,No, ,Si,1,Si,2,Si,16,21,0,Sí,3,No, , , , , , , , , , , , , , , , , , , , , , , , , , , , , , , , , , , , , , , , , , , , , , , , , , , , , , , , , , , , ,-6.69127337,-76.21455222
0333,220914,14,SHAPAJA,De 20001 - 40000 Hab,Distrital, , , , , , , , , , , , , , , , , , , , , , , , , , , , ,1,22,9,14,Si,No, , , , , , , , , , , , , , , , , , , , , , , , , , , , , , , , , , , , , , , , , , , , , ,17,1,0,0,0,14,2,0,0,2,0,0,0,0,0,2,0,0,4,0,0,0,0,4,0,0,0,4,0,0,0,0,4,0,0,0,1,0,0,0,0,1,0,0,0,1,0,0,0,0,1,0,0,0,1,0,0,0,0,1,0,0,0,1,0,0,0,0,1,0,0,0,2,0,0,0,0,2,0,0,0,1,1,0,0,0,0,0,0,0,0, ,0,0,0,0,0,0,0,0,No, ,No, ,No, ,No, ,No, ,Si,1,No, ,Si,1,Si,1,No, ,Si,1,Si,2,Si,4,Si,7,17,0,No, ,No, , , , , , , , , , , , , , , , , , , , , , , , , , , , , , , , , , , , , , , , , , , , , , , , , , , , , , , , , , , , ,-6.57813325,-76.26630041
0334,050101,01,AYACUCHO,De 80001 a más Hab,Distrital, , , , , , , , , , , , , , , , , , , , , , , , , , , , ,6,5,1,1,Si,No,5,1,11,Si,No,5,1,9,Si,No,5,1,16,Si,No,5,1,15,Si,No,5,1,12,Si,No, , , , , , , , , , , , , , , , , , , , ,135,5,0,0,0,114,16,0,0,10,0,0,0,0,2,8,0,0,50,0,0,0,0,47,3,0,0,39,0,0,0,0,35,4,0,0,10,0,0,0,0,10,0,0,0,4,0,0,0,0,4,0,0,0,0,0,0,0,0,0,0,0,0,3,0,0,0,0,2,1,0,0,14,0,0,0,0,14,0,0,0,5,5,0,0,0,0,0,0,0,0, ,0,0,0,0,0,0,0,0,No, ,Si,1,No, ,No, ,No, ,Si,4,Si,3,Si,7,Si,6,Si,8,Si,6,Si,13,Si,61,Si,26,135,1,No, ,No, , , , , , , , , , , , , , , , , , , , , , , , , , , , , , , , , , , , , , , , , , , , , , , , , , , , , , , , , , , , ,-13.16395253,-74.2271635
0335,050115,15,JESUS NAZARENO,De 5000 - 10000 Hab,Distrital, , , , , , , , , , , , , , , , , , , , , , , , , , , , ,1,5,1,15,No,Si, , , , , , , , , , , , , , , , , , , , , , , , , , , , , , , , , , , , , , , , , , , , , ,12,1,0,0,0,11,0,0,0,2,0,0,0,0,2,0,0,0,3,0,0,0,0,3,0,0,0,2,0,0,0,0,2,0,0,0,0,0,0,0,0,0,0,0,0,2,0,0,0,0,2,0,0,0,0,0,0,0,0,0,0,0,0,1,0,0,0,0,1,0,0,0,1,0,0,0,0,1,0,0,0,1,1,0,0,0,0,0,0,0,0, ,0,0,0,0,0,0,0,0,No, ,No, ,No, ,No, ,No, ,Si,1,No, ,Si,2,No, ,No, ,Si,1,No, ,Si,8,No, ,12,0,No, ,No, , , , , , , , , , , , , , , , , , , , , , , , , , , , , , , , , , , , , , , , , , , , , , , , , , , , , , , , , , , , ,-13.098302,-74.206797
0336,050110,10,SAN JUAN BAUTISTA,De 80001 a más Hab,Provincial, , , , , , , ,1,5,1, , , , , , , , , , , , , , , , , , , , , , , , , , , , , , , , , , , , , , , , , , , , , , , , , , , , , , , , , , , , , , , , , , , , , ,39,0,1,0,0,20,18,0,0,7,0,0,0,0,2,5,0,0,0,0,0,0,0,0,0,0,0,0,0,0,0,0,0,0,0,0,0,0,0,0,0,0,0,0,0,0,0,0,0,0,0,0,0,0,19,0,0,0,0,9,10,0,0,0,0,0,0,0,0,0,0,0,3,0,0,0,0,2,1,0,0,1,0,1,0,0,0,0,0,0,9,GARANTIAS PERSONALES,0,0,0,0,7,2,0,0,No, ,No, ,No, ,No, ,No, ,Si,1,Si,5,Si,4,Si,2,Si,1,Si,1,Si,6,Si,14,Si,5,39,0,Sí,1,Sí,1,10, , , , , , , , , , , , , , , , , , , , , , , , , , , , , , , , , , , , , , , ,Ninguna, , , , , , , , , , , , , , , , , , ,-13.17180695,-74.2036677
0337,050103,03,ACOS VINCHOS,De 10001 - 20000 Hab,Distrital, , , , , , , , , , , , , , , , , , , , , , , , , , , , ,3,5,5,4,Si,No,5,5,6,Si,No,5,1,3,Si,No, , , , , , , , , , , , , , , , , , , , , , , , , , , , , , , , , , , ,12,1,0,0,0,10,1,0,0,1,0,0,0,0,1,0,0,0,1,0,0,0,0,1,0,0,0,1,0,0,0,0,1,0,0,0,0,0,0,0,0,0,0,0,0,3,0,0,0,0,3,0,0,0,2,0,0,0,0,2,0,0,0,1,0,0,0,0,0,1,0,0,2,0,0,0,0,2,0,0,0,1,1,0,0,0,0,0,0,0,0, ,0,0,0,0,0,0,0,0,No, ,No, ,No, ,No, ,Si,1,No, ,No, ,No, ,Si,1,No, ,Si,1,Si,1,Si,7,Si,1,12,0,No, ,Sí,1,1, , , , , , , , , , , , , , , , , , , , , , , , , , , , , , , , , , , , , , , ,Ninguna, , , , , , , , , , , , , , , , , , ,-13.11291379,-74.09946411
0338,050104,04,CARMEN ALTO,De 20001 - 40000 Hab,Distrital, , , , , , , , , , , , , , , , , , , , , , , , , , , , ,4,5,1,4,Si,No,5,1,5,Si,No,5,1,13,Si,No,5,1,2,Si,No, , , , , , , , , , , , , , , , , , , , , , , , , , , , , , ,46,2,0,0,0,37,7,0,0,8,0,0,0,0,3,5,0,0,13,0,0,0,0,13,0,0,0,0,0,0,0,0,0,0,0,0,6,0,0,0,0,6,0,0,0,3,0,0,0,0,3,0,0,0,4,0,0,0,0,3,1,0,0,2,0,0,0,0,1,1,0,0,2,0,0,0,0,2,0,0,0,2,2,0,0,0,0,0,0,0,6,CHOFER,0,0,0,0,6,0,0,0,No, ,No, ,Si,1,No, ,No, ,Si,1,Si,1,Si,3,Si,5,Si,1,Si,1,Si,7,Si,21,Si,5,46,0,No, ,Sí,2,8,8, , , , , , , , , , , , , , , , , , , , , , , , , , , , , , , , , , , , , , ,Almenos una,2,Si,Si,Si,No,Si,Si,No,Si,Si,Si,Si,Si,Si,Si,No,No, ,-13.17693848,-74.22136675
0339,050106,06,OCROS,De 5000 - 10000 Hab,Distrital, , , , , , , , , , , , , , , , , , , , , , , , , , , , ,1,5,1,6,Si,No, , , , , , , , , , , , , , , , , , , , , , , , , , , , , , , , , , , , , , , , , , , , , ,10,0,0,0,0,9,1,0,0,2,0,0,0,0,2,0,0,0,2,0,0,0,0,2,0,0,0,0,0,0,0,0,0,0,0,0,1,0,0,0,0,1,0,0,0,1,0,0,0,0,1,0,0,0,1,0,0,0,0,1,0,0,0,1,0,0,0,0,0,1,0,0,1,0,0,0,0,1,0,0,0,1,0,0,0,0,1,0,0,0,0, ,0,0,0,0,0,0,0,0,No, ,No, ,No, ,No, ,No, ,No, ,Si,1,Si,2,No, ,No, ,No, ,Si,2,Si,5,No, ,10,0,Sí,3,Sí,1,8, , , , , , , , , , , , , , , , , , , , , , , , , , , , , , , , , , , , , , , ,Ninguna, , , , , , , , , , , , , , , , , , ,-13.39106392,-73.91469657
0340,050108,08,QUINUA,De 5000 - 10000 Hab,Distrital, , , , , , , , , , , , , , , , , , , , , , , , , , , , ,1,5,1,8,Si,No, , , , , , , , , , , , , , , , , , , , , , , , , , , , , , , , , , , , , , , , , , , , , ,10,1,0,0,0,9,0,0,0,1,0,0,0,0,1,0,0,0,2,0,0,0,0,2,0,0,0,0,0,0,0,0,0,0,0,0,1,0,0,0,0,1,0,0,0,1,0,0,0,0,1,0,0,0,1,0,0,0,0,1,0,0,0,2,0,0,0,0,2,0,0,0,1,0,0,0,0,1,0,0,0,1,1,0,0,0,0,0,0,0,0, ,0,0,0,0,0,0,0,0,No, ,No, ,No, ,Si,1,No, ,No, ,No, ,Si,2,No, ,Si,1,No, ,No, ,Si,6,No, ,10,0,No, ,Sí,1,10, , , , , , , , , , , , , , , , , , , , , , , , , , , , , , , , , , , , , , , ,Ninguna, , , , , , , , , , , , , , , , , , ,-13.04899679,-74.13909963
0341,050114,14,VINCHOS,De 5000 - 10000 Hab,Distrital, , , , , , , , , , , , , , , , , , , , , , , , , , , , ,1,5,1,14,Si,No, , , , , , , , , , , , , , , , , , , , , , , , , , , , , , , , , , , , , , , , , , , , , ,11,0,0,0,0,10,1,0,0,2,0,0,0,0,1,1,0,0,4,0,0,0,0,4,0,0,0,0,0,0,0,0,0,0,0,0,0,0,0,0,0,0,0,0,0,1,0,0,0,0,1,0,0,0,1,0,0,0,0,1,0,0,0,1,0,0,0,0,1,0,0,0,1,0,0,0,0,1,0,0,0,1,0,0,0,0,1,0,0,0,0, ,0,0,0,0,0,0,0,0,No, ,No, ,No, ,No, ,No, ,No, ,Si,1,Si,1,Si,2,Si,1,Si,1,Si,1,Si,4,No, ,11,0,No, ,No, , , , , , , , , , , , , , , , , , , , , , , , , , , , , , , , , , , , , , , , , , , , , , , , , , , , , , , , , , , , ,-13.24167893,-74.35453862
0342,050201,01,CANGALLO,De 10001 - 20000 Hab,Provincial, , , , , , , ,1,5,2, , , , , , , , , , , , , , , , , , , , , , , , , , , , , , , , , , , , , , , , , , , , , , , , , , , , , , , , , , , , , , , , , , , , , ,11,1,0,0,0,9,1,0,0,1,0,0,0,0,1,0,0,0,4,0,0,0,0,4,0,0,0,0,0,0,0,0,0,0,0,0,1,0,0,0,0,0,1,0,0,1,0,0,0,0,1,0,0,0,1,0,0,0,0,1,0,0,0,1,0,0,0,0,1,0,0,0,1,0,0,0,0,1,0,0,0,1,1,0,0,0,0,0,0,0,0, ,0,0,0,0,0,0,0,0,No, ,No, ,Si,1,No, ,No, ,No, ,No, ,Si,1,Si,1,Si,2,No, ,Si,3,Si,1,Si,2,11,0,No, ,No, , , , , , , , , , , , , , , , , , , , , , , , , , , , , , , , , , , , , , , , , , , , , , , , , , , , , , , , , , , , ,-13.6289683,-74.14362756
0343,050202,02,CHUSCHI,De 5000 - 10000 Hab,Distrital, , , , , , , , , , , , , , , , , , , , , , , , , , , , ,1,5,2,2,Si,No, , , , , , , , , , , , , , , , , , , , , , , , , , , , , , , , , , , , , , , , , , , , , ,9,0,0,0,0,7,2,0,0,1,0,0,0,0,1,0,0,0,2,0,0,0,0,2,0,0,0,0,0,0,0,0,0,0,0,0,1,0,0,0,0,1,0,0,0,1,0,0,0,0,1,0,0,0,1,0,0,0,0,0,1,0,0,1,0,0,0,0,0,1,0,0,1,0,0,0,0,1,0,0,0,1,0,0,0,0,1,0,0,0,0, ,0,0,0,0,0,0,0,0,No, ,No, ,No, ,No, ,No, ,No, ,No, ,Si,1,Si,1,Si,4,Si,3,No, ,No, ,No, ,9,0,No, ,Sí,2,4,5, , , , , , , , , , , , , , , , , , , , , , , , , , , , , , , , , , , , , , ,Ninguna, , , , , , , , , , , , , , , , , , ,-13.58527019,-74.35212216
0344,050205,05,PARAS,Menos de 5000 Hab,Distrital, , , , , , , , , , , , , , , , , , , , , , , , , , , , ,1,5,2,5,Si,No, , , , , , , , , , , , , , , , , , , , , , , , , , , , , , , , , , , , , , , , , , , , , ,8,0,0,0,0,8,0,0,0,1,0,0,0,0,1,0,0,0,2,0,0,0,0,2,0,0,0,0,0,0,0,0,0,0,0,0,1,0,0,0,0,1,0,0,0,1,0,0,0,0,1,0,0,0,0,0,0,0,0,0,0,0,0,1,0,0,0,0,1,0,0,0,1,0,0,0,0,1,0,0,0,1,0,0,0,0,1,0,0,0,0, ,0,0,0,0,0,0,0,0,No, ,No, ,No, ,No, ,No, ,No, ,Si,1,No, ,Si,1,No, ,No, ,Si,2,Si,3,Si,1,8,0,No, ,Sí,1,8, , , , , , , , , , , , , , , , , , , , , , , , , , , , , , , , , , , , , , , ,Ninguna, , , , , , , , , , , , , , , , , , ,-13.55284227,-74.6271972
0345,050301,01,SANCOS,De 5000 - 10000 Hab,Provincial, , , , , , , ,1,5,3, , , , , , , , , , , , , , , , , , , , , , , , , , , , , , , , , , , , , , , , , , , , , , , , , , , , , , , , , , , , , , , , , , , , , ,10,0,0,0,0,8,2,0,0,1,0,0,0,0,1,0,0,0,1,0,0,0,0,1,0,0,0,1,0,0,0,0,1,0,0,0,1,0,0,0,0,1,0,0,0,1,0,0,0,0,1,0,0,0,1,0,0,0,0,0,1,0,0,1,0,0,0,0,0,1,0,0,2,0,0,0,0,2,0,0,0,1,0,0,0,0,1,0,0,0,0, ,0,0,0,0,0,0,0,0,No, ,No, ,No, ,No, ,No, ,No, ,Si,1,No, ,Si,2,Si,1,No, ,Si,1,Si,4,Si,1,10,0,No, ,No, , , , , , , , , , , , , , , , , , , , , , , , , , , , , , , , , , , , , , , , , , , , , , , , , , , , , , , , , , , , ,-13.91990817,-74.33418147
0346,050601,01,PUQUIO,De 10001 - 20000 Hab,Provincial, , , , , , , ,1,5,6, , , , , , , , , , , , , , , , , , , , , , , , , , , , , , , , , , , , , , , , , , , , , , , , , , , , , , , , , , , , , , , , , , , , , ,30,1,0,0,0,27,2,0,0,6,0,0,0,0,5,1,0,0,4,0,0,0,0,4,0,0,0,4,0,0,0,0,4,0,0,0,5,0,0,0,0,5,0,0,0,2,0,0,0,0,2,0,0,0,4,0,0,0,0,4,0,0,0,2,0,0,0,0,1,1,0,0,2,0,0,0,0,2,0,0,0,1,1,0,0,0,0,0,0,0,0, ,0,0,0,0,0,0,0,0,No, ,Si,1,No, ,No, ,No, ,No, ,No, ,Si,3,Si,4,Si,4,Si,2,Si,3,Si,8,Si,5,30,0,No, ,No, , , , , , , , , , , , , , , , , , , , , , , , , , , , , , , , , , , , , , , , , , , , , , , , , , , , , , , , , , , , ,-14.6937357,-74.12811458
0347,050602,02,AUCARA,De 5000 - 10000 Hab,Provincial, , , , , , , ,1,5,6, , , , , , , , , , , , , , , , , , , , , , , , , , , , , , , , , , , , , , , , , , , , , , , , , , , , , , , , , , , , , , , , , , , , , ,4,0,0,0,0,4,0,0,0,1,0,0,0,0,1,0,0,0,1,0,0,0,0,1,0,0,0,0,0,0,0,0,0,0,0,0,0,0,0,0,0,0,0,0,0,0,0,0,0,0,0,0,0,0,0,0,0,0,0,0,0,0,0,1,0,0,0,0,1,0,0,0,0,0,0,0,0,0,0,0,0,1,0,0,0,0,1,0,0,0,0, ,0,0,0,0,0,0,0,0,No, ,No, ,No, ,No, ,No, ,No, ,No, ,Si,1,Si,1,Si,1,Si,1,No, ,No, ,No, ,4,0,No, ,No, , , , , , , , , , , , , , , , , , , , , , , , , , , , , , , , , , , , , , , , , , , , , , , , , , , , , , , , , , , , ,-14.28075007,-73.97468043
0348,050603,03,CABANA,De 5000 - 10000 Hab,Distrital, , , , , , , , , , , , , , , , , , , , , , , , , , , , ,1,5,6,3,Si,No, , , , , , , , , , , , , , , , , , , , , , , , , , , , , , , , , , , , , , , , , , , , , ,6,0,0,0,0,6,0,0,0,0,0,0,0,0,0,0,0,0,1,0,0,0,0,1,0,0,0,1,0,0,0,0,1,0,0,0,1,0,0,0,0,1,0,0,0,0,0,0,0,0,0,0,0,0,0,0,0,0,0,0,0,0,0,1,0,0,0,0,1,0,0,0,1,0,0,0,0,1,0,0,0,1,0,0,0,0,1,0,0,0,0, ,0,0,0,0,0,0,0,0,No, ,No, ,No, ,No, ,No, ,No, ,No, ,No, ,Si,2,Si,2,No, ,No, ,Si,1,Si,1,6,0,No, ,No, , , , , , , , , , , , , , , , , , , , , , , , , , , , , , , , , , , , , , , , , , , , , , , , , , , , , , , , , , , , ,-14.2888762,-73.96726007
0349,050604,04,CARMEN SALCEDO,De 5000 - 10000 Hab,Distrital, , , , , , , , , , , , , , , , , , , , , , , , , , , , ,1,5,6,4,Si,No, , , , , , , , , , , , , , , , , , , , , , , , , , , , , , , , , , , , , , , , , , , , , ,6,0,0,0,0,6,0,0,0,1,0,0,0,0,1,0,0,0,1,0,0,0,0,1,0,0,0,0,0,0,0,0,0,0,0,0,0,0,0,0,0,0,0,0,0,1,0,0,0,0,1,0,0,0,0,0,0,0,0,0,0,0,0,1,0,0,0,0,1,0,0,0,1,0,0,0,0,1,0,0,0,1,0,0,0,0,1,0,0,0,0, ,0,0,0,0,0,0,0,0,No, ,No, ,No, ,No, ,No, ,No, ,No, ,No, ,No, ,Si,1,Si,1,Si,1,Si,2,Si,1,6,0,No, ,No, , , , , , , , , , , , , , , , , , , , , , , , , , , , , , , , , , , , , , , , , , , , , , , , , , , , , , , , , , , , ,-14.38721606,-73.96269256
0350,050606,06,CHIPAO,Menos de 5000 Hab,Distrital, , , , , , , , , , , , , , , , , , , , , , , , , , , , ,1,5,6,6,Si,No, , , , , , , , , , , , , , , , , , , , , , , , , , , , , , , , , , , , , , , , , , , , , ,8,0,0,0,0,8,0,0,0,1,0,0,0,0,1,0,0,0,2,0,0,0,0,2,0,0,0,0,0,0,0,0,0,0,0,0,1,0,0,0,0,1,0,0,0,1,0,0,0,0,1,0,0,0,0,0,0,0,0,0,0,0,0,1,0,0,0,0,1,0,0,0,1,0,0,0,0,1,0,0,0,1,0,0,0,0,1,0,0,0,0, ,0,0,0,0,0,0,0,0,No, ,No, ,No, ,No, ,No, ,No, ,No, ,Si,1,Si,1,No, ,No, ,No, ,Si,4,Si,2,8,0,No, ,No, , , , , , , , , , , , , , , , , , , , , , , , , , , , , , , , , , , , , , , , , , , , , , , , , , , , , , , , , , , , ,-14.36609459,-73.8785362
0351,050701,01,CORACORA,De 20001 - 40000 Hab,Distrital, , , , , , , , , , , , , , , , , , , , , , , , , , , , ,8,5,7,1,Si,No,5,7,2,Si,No,5,7,6,No,Si,5,7,4,No,Si,5,7,8,Si,No,5,7,3,Si,No,5,7,7,No,Si,5,7,5,Si,No, , , , , , , , , , ,12,2,0,0,0,8,2,0,0,2,1,0,0,0,0,1,0,0,2,0,0,0,0,2,0,0,0,1,0,0,0,0,1,0,0,0,1,0,0,0,0,1,0,0,0,2,0,0,0,0,2,0,0,0,1,0,0,0,0,0,1,0,0,1,0,0,0,0,1,0,0,0,1,0,0,0,0,1,0,0,0,1,1,0,0,0,0,0,0,0,0, ,0,0,0,0,0,0,0,0,No, ,No, ,Si,1,No, ,No, ,Si,1,No, ,No, ,Si,2,No, ,Si,1,No, ,Si,6,Si,1,12,0,No, ,No, , , , , , , , , , , , , , , , , , , , , , , , , , , , , , , , , , , , , , , , , , , , , , , , , , , , , , , , , , , , ,-15.01692809,-73.7818462
0352,050801,01,PAUSA,De 10001 - 20000 Hab,Distrital, , , , , , , , , , , , , , , , , , , , , , , , , , , , ,4,5,8,1,Si,No,5,8,4,Si,No,5,8,7,Si,No,5,8,10,Si,No, , , , , , , , , , , , , , , , , , , , , , , , , , , , , , ,14,1,0,0,0,10,3,0,0,2,0,0,0,0,1,1,0,0,0,0,0,0,0,0,0,0,0,4,0,0,0,0,4,0,0,0,2,0,0,0,0,2,0,0,0,1,0,0,0,0,1,0,0,0,1,0,0,0,0,0,1,0,0,1,0,0,0,0,0,1,0,0,2,0,0,0,0,2,0,0,0,1,1,0,0,0,0,0,0,0,0, ,0,0,0,0,0,0,0,0,No, ,No, ,Si,1,No, ,No, ,No, ,Si,1,Si,1,Si,1,Si,1,No, ,Si,3,Si,5,Si,1,14,0,No, ,No, , , , , , , , , , , , , , , , , , , , , , , , , , , , , , , , , , , , , , , , , , , , , , , , , , , , , , , , , , , , ,-15.27854674,-73.34442303
0353,050901,01,QUEROBAMBA,De 5000 - 10000 Hab,Distrital, , , , , , , , , , , , , , , , , , , , , , , , , , , , ,7,5,9,1,Si,No,5,9,9,Si,No,5,9,4,Si,No,5,9,3,Si,No,5,9,2,Si,No,5,9,6,Si,No,5,9,5,Si,No, , , , , , , , , , , , , , , ,10,0,0,0,0,10,0,0,0,1,0,0,0,0,1,0,0,0,2,0,0,0,0,2,0,0,0,0,0,0,0,0,0,0,0,0,1,0,0,0,0,1,0,0,0,1,0,0,0,0,1,0,0,0,2,0,0,0,0,2,0,0,0,1,0,0,0,0,1,0,0,0,1,0,0,0,0,1,0,0,0,1,0,0,0,0,1,0,0,0,0, ,0,0,0,0,0,0,0,0,No, ,No, ,No, ,No, ,No, ,No, ,Si,1,No, ,No, ,Si,2,No, ,Si,1,Si,5,Si,1,10,0,No, ,Sí,1,1, , , , , , , , , , , , , , , , , , , , , , , , , , , , , , , , , , , , , , , ,Ninguna, , , , , , , , , , , , , , , , , , ,-14.01208008,-73.8386
0354,051001,01,HUANCAPI,De 10001 - 20000 Hab,Provincial, , , , , , , ,1,5,10, , , , , , , , , , , , , , , , , , , , , , , , , , , , , , , , , , , , , , , , , , , , , , , , , , , , , , , , , , , , , , , , , , , , , ,8,0,0,0,0,8,0,0,0,1,0,0,0,0,1,0,0,0,2,0,0,0,0,2,0,0,0,0,0,0,0,0,0,0,0,0,1,0,0,0,0,1,0,0,0,1,0,0,0,0,1,0,0,0,0,0,0,0,0,0,0,0,0,1,0,0,0,0,1,0,0,0,1,0,0,0,0,1,0,0,0,1,0,0,0,0,1,0,0,0,0, ,0,0,0,0,0,0,0,0,No, ,No, ,No, ,No, ,No, ,No, ,Si,1,No, ,No, ,No, ,No, ,Si,1,Si,5,Si,1,8,0,No, ,Sí,1,8, , , , , , , , , , , , , , , , , , , , , , , , , , , , , , , , , , , , , , , ,Ninguna, , , , , , , , , , , , , , , , , , ,-13.75155958,-74.06588018
0355,051005,05,CANARIA,De 5000 - 10000 Hab,Distrital, , , , , , , , , , , , , , , , , , , , , , , , , , , , ,1,5,10,5,No,Si, , , , , , , , , , , , , , , , , , , , , , , , , , , , , , , , , , , , , , , , , , , , , ,8,0,0,0,0,7,1,0,0,1,0,0,0,0,1,0,0,0,2,0,0,0,0,2,0,0,0,0,0,0,0,0,0,0,0,0,0,0,0,0,0,0,0,0,0,0,0,0,0,0,0,0,0,0,1,0,0,0,0,1,0,0,0,1,0,0,0,0,0,1,0,0,2,0,0,0,0,2,0,0,0,1,0,0,0,0,1,0,0,0,0, ,0,0,0,0,0,0,0,0,No, ,No, ,No, ,No, ,No, ,No, ,Si,1,No, ,No, ,Si,2,No, ,Si,2,Si,3,No, ,8,0,No, ,No, , , , , , , , , , , , , , , , , , , , , , , , , , , , , , , , , , , , , , , , , , , , , , , , , , , , , , , , , , , , ,-13.92344511,-73.9051856
0356,051101,01,VILCAS HUAMAN,De 10001 - 20000 Hab,Provincial, , , , , , , ,1,5,11, , , , , , , , , , , , , , , , , , , , , , , , , , , , , , , , , , , , , , , , , , , , , , , , , , , , , , , , , , , , , , , , , , , , , ,9,1,0,0,0,7,1,0,0,1,0,0,0,0,0,1,0,0,2,0,0,0,0,2,0,0,0,0,0,0,0,0,0,0,0,0,1,0,0,0,0,1,0,0,0,1,0,0,0,0,1,0,0,0,1,0,0,0,0,1,0,0,0,1,0,0,0,0,1,0,0,0,1,0,0,0,0,1,0,0,0,1,1,0,0,0,0,0,0,0,0, ,0,0,0,0,0,0,0,0,No, ,No, ,No, ,No, ,No, ,Si,1,Si,1,No, ,No, ,No, ,No, ,Si,2,Si,4,Si,1,9,0,No, ,Sí,1,9, , , , , , , , , , , , , , , , , , , , , , , , , , , , , , , , , , , , , , , ,Ninguna, , , , , , , , , , , , , , , , , , ,-13.65262181,-73.95384017
0357,051103,03,CARHUANCA,De 5000 - 10000 Hab,Distrital, , , , , , , , , , , , , , , , , , , , , , , , , , , , ,2,5,11,7,Si,No,5,11,3,Si,No, , , , , , , , , , , , , , , , , , , , , , , , , , , , , , , , , , , , , , , , ,8,0,0,0,0,8,0,0,0,1,0,0,0,0,1,0,0,0,2,0,0,0,0,2,0,0,0,0,0,0,0,0,0,0,0,0,1,0,0,0,0,1,0,0,0,0,0,0,0,0,0,0,0,0,1,0,0,0,0,1,0,0,0,1,0,0,0,0,1,0,0,0,1,0,0,0,0,1,0,0,0,1,0,0,0,0,1,0,0,0,0, ,0,0,0,0,0,0,0,0,No, ,No, ,No, ,No, ,No, ,No, ,Si,1,No, ,Si,1,No, ,No, ,Si,1,Si,3,Si,2,8,0,No, ,No, , , , , , , , , , , , , , , , , , , , , , , , , , , , , , , , , , , , , , , , , , , , , , , , , , , , , , , , , , , , ,-13.74237566,-73.78711592
0358,051104,04,CONCEPCION,De 5000 - 10000 Hab,Distrital, , , , , , , , , , , , , , , , , , , , , , , , , , , , ,1,5,11,4,Si,No, , , , , , , , , , , , , , , , , , , , , , , , , , , , , , , , , , , , , , , , , , , , , ,8,0,0,0,0,8,0,0,0,1,0,0,0,0,1,0,0,0,2,0,0,0,0,2,0,0,0,0,0,0,0,0,0,0,0,0,0,0,0,0,0,0,0,0,0,1,0,0,0,0,1,0,0,0,1,0,0,0,0,1,0,0,0,1,0,0,0,0,1,0,0,0,1,0,0,0,0,1,0,0,0,1,0,0,0,0,1,0,0,0,0, ,0,0,0,0,0,0,0,0,No, ,No, ,No, ,No, ,No, ,No, ,Si,1,No, ,No, ,Si,1,Si,1,Si,2,Si,3,No, ,8,0,No, ,No, , , , , , , , , , , , , , , , , , , , , , , , , , , , , , , , , , , , , , , , , , , , , , , , , , , , , , , , , , , , ,-13.53279884,-73.87474579
0359,160101,01,IQUITOS,De 80001 a más Hab,Distrital, , , , , , , , , , , , , , , , , , , , , , , , , , , , ,1,16,1,1,Si,No, , , , , , , , , , , , , , , , , , , , , , , , , , , , , , , , , , , , , , , , , , , , , ,165,2,0,0,0,144,19,0,0,14,0,0,0,0,7,7,0,0,62,0,0,0,0,62,0,0,0,0,0,0,0,0,0,0,0,0,10,0,0,0,0,10,0,0,0,6,0,0,0,0,5,1,0,0,8,0,0,0,0,2,6,0,0,4,0,0,0,0,2,2,0,0,14,0,0,0,0,13,1,0,0,5,2,0,0,0,3,0,0,0,42,PUESTO DE AUXILIO RAPIDO,0,0,0,0,40,2,0,0,No, ,Si,1,No, ,No, ,No, ,Si,1,Si,3,Si,2,Si,4,Si,2,Si,4,Si,5,Si,17,Si,126,165,0,Sí,15,No, , , , , , , , , , , , , , , , , , , , , , , , , , , , , , , , , , , , , , , , , , , , , , , , , , , , , , , , , , , , ,-3.75448239,-73.24565676
0360,160101,01,IQUITOS,De 80001 a más Hab,Distrital, , , , , , , , , , , , , , , , , , , , , , , , , , , , ,2,16,1,8,No,Si,16,1,1,No,Si, , , , , , , , , , , , , , , , , , , , , , , , , , , , , , , , , , , , , , , , ,113,1,0,0,0,91,21,0,0,20,0,0,0,0,13,7,0,0,44,0,0,0,0,39,5,0,0,0,0,0,0,0,0,0,0,0,8,0,0,0,0,8,0,0,0,8,0,0,0,0,2,6,0,0,0,0,0,0,0,0,0,0,0,5,0,0,0,0,2,3,0,0,15,0,0,0,0,15,0,0,0,1,1,0,0,0,0,0,0,0,12,PUESTO DE AUXILIO RAPIDO,0,0,0,0,12,0,0,0,No, ,Si,1,No, ,No, ,No, ,No, ,Si,3,Si,5,Si,2,Si,2,Si,7,Si,7,Si,12,Si,74,113,0,Sí,10,Sí,1,12, , , , , , , , , , , , , , , , , , , , , , , , , , , , , , , , , , , , , , , ,Ninguna, , , , , , , , , , , , , , , , , , ,-3.7452395,-73.26495653
0361,160102,02,ALTO NANAY,Menos de 5000 Hab,Distrital, , , , , , , , , , , , , , , , , , , , , , , , , , , , ,1,16,1,2,Si,No, , , , , , , , , , , , , , , , , , , , , , , , , , , , , , , , , , , , , , , , , , , , , ,5,0,0,0,0,5,0,0,0,1,0,0,0,0,1,0,0,0,1,0,0,0,0,1,0,0,0,0,0,0,0,0,0,0,0,0,1,0,0,0,0,1,0,0,0,0,0,0,0,0,0,0,0,0,0,0,0,0,0,0,0,0,0,1,0,0,0,0,1,0,0,0,0,0,0,0,0,0,0,0,0,1,0,0,0,0,1,0,0,0,0, ,0,0,0,0,0,0,0,0,No, ,No, ,No, ,No, ,No, ,No, ,No, ,No, ,Si,1,No, ,No, ,No, ,Si,2,Si,2,5,0,No, ,No, , , , , , , , , , , , , , , , , , , , , , , , , , , , , , , , , , , , , , , , , , , , , , , , , , , , , , , , , , , , ,-3.88873512,-73.69630896
0362,160103,03,FERNANDO LORES,Menos de 5000 Hab,Distrital, , , , , , , , , , , , , , , , , , , , , , , , , , , , ,1,16,1,3,Si,No, , , , , , , , , , , , , , , , , , , , , , , , , , , , , , , , , , , , , , , , , , , , , ,12,0,0,0,0,10,2,0,0,1,0,0,0,0,1,0,0,0,1,0,0,0,0,1,0,0,0,1,0,0,0,0,1,0,0,0,2,0,0,0,0,2,0,0,0,2,0,0,0,0,2,0,0,0,2,0,0,0,0,0,2,0,0,1,0,0,0,0,1,0,0,0,1,0,0,0,0,1,0,0,0,1,0,0,0,0,1,0,0,0,0, ,0,0,0,0,0,0,0,0,No, ,No, ,No, ,No, ,No, ,No, ,Si,1,Si,1,No, ,No, ,Si,1,No, ,Si,2,Si,7,12,0,No, ,No, , , , , , , , , , , , , , , , , , , , , , , , , , , , , , , , , , , , , , , , , , , , , , , , , , , , , , , , , , , , ,-4.00249073,-73.15970779
0363,160103,03,FERNANDO LORES,Menos de 5000 Hab,Distrital, , , , , , , , , , , , , , , , , , , , , , , , , , , , ,1,16,1,3,No,Si, , , , , , , , , , , , , , , , , , , , , , , , , , , , , , , , , , , , , , , , , , , , , ,6,0,0,0,0,6,0,0,0,1,0,0,0,0,1,0,0,0,1,0,0,0,0,1,0,0,0,0,0,0,0,0,0,0,0,0,1,0,0,0,0,1,0,0,0,0,0,0,0,0,0,0,0,0,0,0,0,0,0,0,0,0,0,0,0,0,0,0,0,0,0,0,2,0,0,0,0,2,0,0,0,1,0,0,0,0,1,0,0,0,0, ,0,0,0,0,0,0,0,0,No, ,No, ,No, ,No, ,No, ,No, ,No, ,Si,1,No, ,No, ,No, ,Si,1,No, ,Si,4,6,0,No, ,Sí,1,6, , , , , , , , , , , , , , , , , , , , , , , , , , , , , , , , , , , , , , , ,Ninguna, , , , , , , , , , , , , , , , , , ,-4.159909,-72.937347
0364,160103,03,FERNANDO LORES,Menos de 5000 Hab,Distrital, , , , , , , , , , , , , , , , , , , , , , , , , , , , ,1,16,1,3,No,Si, , , , , , , , , , , , , , , , , , , , , , , , , , , , , , , , , , , , , , , , , , , , , ,5,0,0,0,0,5,0,0,0,1,0,0,0,0,1,0,0,0,0,0,0,0,0,0,0,0,0,1,0,0,0,0,1,0,0,0,1,0,0,0,0,1,0,0,0,0,0,0,0,0,0,0,0,0,0,0,0,0,0,0,0,0,0,1,0,0,0,0,1,0,0,0,0,0,0,0,0,0,0,0,0,1,0,0,0,0,1,0,0,0,0, ,0,0,0,0,0,0,0,0,No, ,No, ,No, ,No, ,No, ,No, ,No, ,No, ,Si,1,No, ,No, ,No, ,Si,2,Si,2,5,0,No, ,No, , , , , , , , , , , , , , , , , , , , , , , , , , , , , , , , , , , , , , , , , , , , , , , , , , , , , , , , , , , , ,-4.290084,-73.198421
0365,160104,04,INDIANA,Menos de 5000 Hab,Distrital, , , , , , , , , , , , , , , , , , , , , , , , , , , , ,1,16,1,4,Si,No, , , , , , , , , , , , , , , , , , , , , , , , , , , , , , , , , , , , , , , , , , , , , ,11,0,0,0,0,10,1,0,0,1,0,0,0,0,0,1,0,0,2,0,0,0,0,2,0,0,0,0,0,0,0,0,0,0,0,0,2,0,0,0,0,2,0,0,0,2,0,0,0,0,2,0,0,0,1,0,0,0,0,1,0,0,0,1,0,0,0,0,1,0,0,0,1,0,0,0,0,1,0,0,0,1,0,0,0,0,1,0,0,0,0, ,0,0,0,0,0,0,0,0,No, ,No, ,No, ,No, ,No, ,No, ,No, ,No, ,Si,1,No, ,No, ,Si,1,Si,1,Si,8,11,0,No, ,No, , , , , , , , , , , , , , , , , , , , , , , , , , , , , , , , , , , , , , , , , , , , , , , , , , , , , , , , , , , , ,-3.49963141,-73.04205161
0366,160105,05,LAS AMAZONAS,Menos de 5000 Hab,Distrital, , , , , , , , , , , , , , , , , , , , , , , , , , , , ,1,16,1,5,No,Si, , , , , , , , , , , , , , , , , , , , , , , , , , , , , , , , , , , , , , , , , , , , , ,9,0,0,0,0,9,0,0,0,1,0,0,0,0,1,0,0,0,1,0,0,0,0,1,0,0,0,1,0,0,0,0,1,0,0,0,2,0,0,0,0,2,0,0,0,0,0,0,0,0,0,0,0,0,1,0,0,0,0,1,0,0,0,1,0,0,0,0,1,0,0,0,1,0,0,0,0,1,0,0,0,1,0,0,0,0,1,0,0,0,0, ,0,0,0,0,0,0,0,0,No, ,No, ,No, ,No, ,No, ,No, ,No, ,Si,1,No, ,No, ,Si,1,Si,1,Si,1,Si,5,9,0,No, ,Sí,2,4,4, , , , , , , , , , , , , , , , , , , , , , , , , , , , , , , , , , , , , , ,Ninguna, , , , , , , , , , , , , , , , , , ,-3.42231011,-72.76464481
0367,160105,05,LAS AMAZONAS,Menos de 5000 Hab,Distrital, , , , , , , , , , , , , , , , , , , , , , , , , , , , ,1,16,1,5,Si,No, , , , , , , , , , , , , , , , , , , , , , , , , , , , , , , , , , , , , , , , , , , , , ,7,0,0,0,0,7,0,0,0,1,0,0,0,0,1,0,0,0,1,0,0,0,0,1,0,0,0,1,0,0,0,0,1,0,0,0,1,0,0,0,0,1,0,0,0,0,0,0,0,0,0,0,0,0,0,0,0,0,0,0,0,0,0,1,0,0,0,0,1,0,0,0,1,0,0,0,0,1,0,0,0,1,0,0,0,0,1,0,0,0,0, ,0,0,0,0,0,0,0,0,No, ,No, ,No, ,No, ,No, ,No, ,Si,1,No, ,No, ,No, ,No, ,Si,1,Si,2,Si,3,7,0,No, ,No, , , , , , , , , , , , , , , , , , , , , , , , , , , , , , , , , , , , , , , , , , , , , , , , , , , , , , , , , , , , ,-3.58743437,-72.25546661
0368,160106,06,MAZAN,De 5000 - 10000 Hab,Distrital, , , , , , , , , , , , , , , , , , , , , , , , , , , , ,1,16,1,6,Si,No, , , , , , , , , , , , , , , , , , , , , , , , , , , , , , , , , , , , , , , , , , , , , ,19,1,0,0,0,16,2,0,0,2,0,0,0,0,0,2,0,0,4,0,0,0,0,4,0,0,0,7,0,0,0,0,7,0,0,0,2,0,0,0,0,2,0,0,0,0,0,0,0,0,0,0,0,0,0,0,0,0,0,0,0,0,0,1,0,0,0,0,1,0,0,0,2,0,0,0,0,2,0,0,0,1,1,0,0,0,0,0,0,0,0, ,0,0,0,0,0,0,0,0,No, ,No, ,Si,1,No, ,No, ,No, ,No, ,No, ,Si,1,No, ,Si,1,No, ,Si,5,Si,11,19,0,Sí,1,No, , , , , , , , , , , , , , , , , , , , , , , , , , , , , , , , , , , , , , , , , , , , , , , , , , , , , , , , , , , , ,-3.49893179,-73.09097002
0369,160107,07,NAPO,De 5000 - 10000 Hab,Distrital, , , , , , , , , , , , , , , , , , , , , , , , , , , , ,1,16,1,7,Si,No, , , , , , , , , , , , , , , , , , , , , , , , , , , , , , , , , , , , , , , , , , , , , ,9,0,0,0,0,9,0,0,0,1,0,0,0,0,1,0,0,0,2,0,0,0,0,2,0,0,0,2,0,0,0,0,2,0,0,0,1,0,0,0,0,1,0,0,0,0,0,0,0,0,0,0,0,0,0,0,0,0,0,0,0,0,0,1,0,0,0,0,1,0,0,0,1,0,0,0,0,1,0,0,0,1,0,0,0,0,1,0,0,0,0, ,0,0,0,0,0,0,0,0,No, ,No, ,No, ,No, ,No, ,No, ,Si,1,Si,1,No, ,No, ,No, ,Si,1,Si,1,Si,5,9,0,No, ,Sí,1,5, , , , , , , , , , , , , , , , , , , , , , , , , , , , , , , , , , , , , , , ,Ninguna, , , , , , , , , , , , , , , , , , ,-2.48951472,-73.67565278
0370,160108,08,PUNCHANA,De 80001 a más Hab,Distrital, , , , , , , , , , , , , , , , , , , , , , , , , , , , ,1,16,1,8,Si,No, , , , , , , , , , , , , , , , , , , , , , , , , , , , , , , , , , , , , , , , , , , , , ,102,2,0,0,0,68,32,0,0,37,0,0,0,0,27,10,0,0,17,0,0,0,0,17,0,0,0,0,0,0,0,0,0,0,0,0,6,0,0,0,0,6,0,0,0,9,0,0,0,0,3,6,0,0,11,0,0,0,0,0,11,0,0,3,0,0,0,0,0,3,0,0,14,0,0,0,0,12,2,0,0,5,2,0,0,0,3,0,0,0,0, ,0,0,0,0,0,0,0,0,No, ,Si,1,No, ,No, ,No, ,Si,1,Si,2,Si,1,Si,2,Si,4,Si,4,Si,2,Si,7,Si,78,102,0,No, ,No, , , , , , , , , , , , , , , , , , , , , , , , , , , , , , , , , , , , , , , , , , , , , , , , , , , , , , , , , , , , ,-3.72922918,-73.24080278
0371,160110,10,TORRES CAUSANA,Menos de 5000 Hab,Distrital, , , , , , , , , , , , , , , , , , , , , , , , , , , , ,1,16,1,10,Si,No, , , , , , , , , , , , , , , , , , , , , , , , , , , , , , , , , , , , , , , , , , , , , ,9,0,0,0,0,9,0,0,0,1,0,0,0,0,1,0,0,0,2,0,0,0,0,2,0,0,0,2,0,0,0,0,2,0,0,0,1,0,0,0,0,1,0,0,0,0,0,0,0,0,0,0,0,0,0,0,0,0,0,0,0,0,0,1,0,0,0,0,1,0,0,0,1,0,0,0,0,1,0,0,0,1,0,0,0,0,1,0,0,0,0, ,0,0,0,0,0,0,0,0,No, ,No, ,No, ,No, ,No, ,No, ,Si,1,No, ,No, ,No, ,Si,1,No, ,Si,1,Si,6,9,0,Sí,2,No, , , , , , , , , , , , , , , , , , , , , , , , , , , , , , , , , , , , , , , , , , , , , , , , , , , , , , , , , , , , ,-0.97055224,-75.17503743
0372,160112,12,BELEN,De 80001 a más Hab,Distrital, , , , , , , , , , , , , , , , , , , , , , , , , , , , ,2,16,1,12,No,Si,16,1,13,Si,No, , , , , , , , , , , , , , , , , , , , , , , , , , , , , , , , , , , , , , , , ,158,2,0,0,0,121,35,0,0,25,0,0,0,0,19,6,0,0,28,0,0,0,0,25,3,0,0,16,0,0,0,0,10,6,0,0,15,0,0,0,0,10,5,0,0,13,0,0,0,0,12,1,0,0,12,0,0,0,0,3,9,0,0,17,0,0,0,0,17,0,0,0,15,0,0,0,0,15,0,0,0,2,2,0,0,0,0,0,0,0,15,PUESTO DE AUXILIO RAPIDO,0,0,0,0,10,5,0,0,No, ,Si,1,No, ,No, ,No, ,Si,1,Si,1,Si,1,Si,5,Si,3,Si,7,Si,9,Si,14,Si,116,158,0,Sí,13,No, , , , , , , , , , , , , , , , , , , , , , , , , , , , , , , , , , , , , , , , , , , , , , , , , , , , , , , , , , , , ,-3.76625968,-73.2611055
0373,160112,12,BELEN,De 40001 - 80000 Hab,Distrital, , , , , , , , , , , , , , , , , , , , , , , , , , , , ,1,16,1,12,Si,No, , , , , , , , , , , , , , , , , , , , , , , , , , , , , , , , , , , , , , , , , , , , , ,89,3,0,0,0,69,17,0,0,11,0,0,0,0,6,5,0,0,9,0,0,0,0,9,0,0,0,31,0,0,0,0,28,3,0,0,10,0,0,0,0,9,1,0,0,3,0,0,0,0,2,1,0,0,7,0,0,0,0,2,5,0,0,5,0,0,0,0,3,2,0,0,10,0,0,0,0,10,0,0,0,3,3,0,0,0,0,0,0,0,0, ,0,0,0,0,0,0,0,0,No, ,No, ,Si,1,No, ,No, ,Si,2,Si,1,Si,1,Si,2,No, ,Si,4,Si,1,Si,13,Si,64,89,0,No, ,No, , , , , , , , , , , , , , , , , , , , , , , , , , , , , , , , , , , , , , , , , , , , , , , , , , , , , , , , , , , , ,-3.76099487,-73.24919339
0374,160113,13,SAN JUAN BAUTISTA,Menos de 5000 Hab,Distrital, , , , , , , , , , , , , , , , , , , , , , , , , , , , ,1,16,1,13,Si,No, , , , , , , , , , , , , , , , , , , , , , , , , , , , , , , , , , , , , , , , , , , , , ,25,1,0,0,0,17,7,0,0,3,0,0,0,0,0,3,0,0,4,0,0,0,0,4,0,0,0,13,0,0,0,0,11,2,0,0,0,0,0,0,0,0,0,0,0,0,0,0,0,0,0,0,0,0,0,0,0,0,0,0,0,0,0,0,0,0,0,0,0,0,0,0,4,0,0,0,0,2,2,0,0,1,1,0,0,0,0,0,0,0,0, ,0,0,0,0,0,0,0,0,No, ,No, ,No, ,No, ,No, ,Si,1,No, ,No, ,No, ,No, ,Si,1,No, ,Si,1,Si,22,25,0,Sí,1,No, , , , , , , , , , , , , , , , , , , , , , , , , , , , , , , , , , , , , , , , , , , , , , , , , , , , , , , , , , , , ,-3.784407,-73.302564
0375,160301,01,NAUTA,De 40001 - 80000 Hab,Distrital, , , , , , , , , , , , , , , , , , , , , , , , , , , , ,1,16,3,1,Si,No, , , , , , , , , , , , , , , , , , , , , , , , , , , , , , , , , , , , , , , , , , , , , ,44,1,0,0,0,40,3,0,0,5,0,0,0,0,5,0,0,0,11,0,0,0,0,11,0,0,0,5,0,0,0,0,5,0,0,0,3,0,0,0,0,3,0,0,0,2,0,0,0,0,2,0,0,0,2,0,0,0,0,0,2,0,0,2,0,0,0,0,1,1,0,0,10,0,0,0,0,10,0,0,0,2,1,0,0,0,1,0,0,0,2,PUESTO DE AUXILIO RAPIDO,0,0,0,0,2,0,0,0,No, ,No, ,Si,1,No, ,No, ,No, ,Si,1,Si,2,Si,1,Si,1,Si,3,Si,3,Si,5,Si,27,44,0,Sí,13,No, , , , , , , , , , , , , , , , , , , , , , , , , , , , , , , , , , , , , , , , , , , , , , , , , , , , , , , , , , , , ,-4.50676725,-73.57563444
0376,160301,01,NAUTA,Menos de 5000 Hab,Distrital, , , , , , , , , , , , , , , , , , , , , , , , , , , , ,1,16,3,1,Si,No, , , , , , , , , , , , , , , , , , , , , , , , , , , , , , , , , , , , , , , , , , , , , ,6,0,0,0,0,6,0,0,0,0,0,0,0,0,0,0,0,0,1,0,0,0,0,1,0,0,0,1,0,0,0,0,1,0,0,0,1,0,0,0,0,1,0,0,0,0,0,0,0,0,0,0,0,0,0,0,0,0,0,0,0,0,0,1,0,0,0,0,1,0,0,0,1,0,0,0,0,1,0,0,0,1,0,0,0,0,1,0,0,0,0, ,0,0,0,0,0,0,0,0,No, ,No, ,No, ,No, ,No, ,No, ,Si,1,No, ,No, ,No, ,No, ,Si,1,Si,2,Si,2,6,0,No, ,Sí,1,4, , , , , , , , , , , , , , , , , , , , , , , , , , , , , , , , , , , , , , , ,Ninguna, , , , , , , , , , , , , , , , , , ,-4.51270471,-73.90544311
0377,160302,02,PARINARI,Menos de 5000 Hab,Distrital, , , , , , , , , , , , , , , , , , , , , , , , , , , , ,1,16,3,2,Si,No, , , , , , , , , , , , , , , , , , , , , , , , , , , , , , , , , , , , , , , , , , , , , ,6,0,0,0,0,6,0,0,0,0,0,0,0,0,0,0,0,0,1,0,0,0,0,1,0,0,0,1,0,0,0,0,1,0,0,0,1,0,0,0,0,1,0,0,0,0,0,0,0,0,0,0,0,0,0,0,0,0,0,0,0,0,0,1,0,0,0,0,1,0,0,0,1,0,0,0,0,1,0,0,0,1,0,0,0,0,1,0,0,0,0, ,0,0,0,0,0,0,0,0,No, ,No, ,No, ,No, ,No, ,No, ,No, ,Si,1,No, ,No, ,No, ,No, ,Si,2,Si,3,6,0,No, ,No, , , , , , , , , , , , , , , , , , , , , , , , , , , , , , , , , , , , , , , , , , , , , , , , , , , , , , , , , , , , ,-4.59159679,-74.37955394
0378,160305,05,URARINAS,De 5000 - 10000 Hab,Distrital, , , , , , , , , , , , , , , , , , , , , , , , , , , , ,1,16,3,5,Si,No, , , , , , , , , , , , , , , , , , , , , , , , , , , , , , , , , , , , , , , , , , , , , ,10,0,0,0,0,10,0,0,0,1,0,0,0,0,1,0,0,0,0,0,0,0,0,0,0,0,0,4,0,0,0,0,4,0,0,0,2,0,0,0,0,2,0,0,0,0,0,0,0,0,0,0,0,0,0,0,0,0,0,0,0,0,0,1,0,0,0,0,1,0,0,0,1,0,0,0,0,1,0,0,0,1,0,0,0,0,1,0,0,0,0, ,0,0,0,0,0,0,0,0,No, ,No, ,No, ,No, ,No, ,No, ,Si,1,No, ,No, ,Si,1,No, ,Si,1,Si,1,Si,6,10,0,No, ,No, , , , , , , , , , , , , , , , , , , , , , , , , , , , , , , , , , , , , , , , , , , , , , , , , , , , , , , , , , , , ,-4.82982448,-75.12068006
0379,160303,03,TIGRE,Menos de 5000 Hab,Distrital, , , , , , , , , , , , , , , , , , , , , , , , , , , , ,1,16,3,3,Si,No, , , , , , , , , , , , , , , , , , , , , , , , , , , , , , , , , , , , , , , , , , , , , ,9,0,0,0,0,9,0,0,0,1,0,0,0,0,1,0,0,0,1,0,0,0,0,1,0,0,0,1,0,0,0,0,1,0,0,0,1,0,0,0,0,1,0,0,0,1,0,0,0,0,1,0,0,0,0,0,0,0,0,0,0,0,0,1,0,0,0,0,1,0,0,0,2,0,0,0,0,2,0,0,0,1,0,0,0,0,1,0,0,0,0, ,0,0,0,0,0,0,0,0,No, ,No, ,No, ,No, ,No, ,No, ,No, ,Si,1,No, ,No, ,Si,1,No, ,Si,2,Si,5,9,0,No, ,No, , , , , , , , , , , , , , , , , , , , , , , , , , , , , , , , , , , , , , , , , , , , , , , , , , , , , , , , , , , , ,-3.48933068,-74.78167878
0380,160304,04,TROMPETEROS,Menos de 5000 Hab,Distrital, , , , , , , , , , , , , , , , , , , , , , , , , , , , ,1,16,3,4,Si,No, , , , , , , , , , , , , , , , , , , , , , , , , , , , , , , , , , , , , , , , , , , , , ,9,0,0,0,0,8,1,0,0,1,0,0,0,0,1,0,0,0,2,0,0,0,0,2,0,0,0,1,0,0,0,0,1,0,0,0,1,0,0,0,0,1,0,0,0,1,0,0,0,0,0,1,0,0,0,0,0,0,0,0,0,0,0,1,0,0,0,0,1,0,0,0,1,0,0,0,0,1,0,0,0,1,0,0,0,0,1,0,0,0,0, ,0,0,0,0,0,0,0,0,No, ,No, ,No, ,No, ,No, ,No, ,No, ,Si,1,No, ,Si,1,No, ,No, ,Si,1,Si,6,9,0,No, ,Sí,1,5, , , , , , , , , , , , , , , , , , , , , , , , , , , , , , , , , , , , , , , ,Ninguna, , , , , , , , , , , , , , , , , , ,-3.80678532,-75.06040585
0381,160401,01,RAMON CASTILLA,De 40001 - 80000 Hab,Provincial, , , , , , , ,1,16,4, , , , , , , , , , , , , , , , , , , , , , , , , , , , , , , , , , , , , , , , , , , , , , , , , , , , , , , , , , , , , , , , , , , , , ,20,1,0,0,0,17,2,0,0,2,0,0,0,0,2,0,0,0,6,0,0,0,0,6,0,0,0,6,0,0,0,0,4,2,0,0,2,0,0,0,0,2,0,0,0,0,0,0,0,0,0,0,0,0,0,0,0,0,0,0,0,0,0,1,0,0,0,0,1,0,0,0,2,0,0,0,0,2,0,0,0,1,1,0,0,0,0,0,0,0,0, ,0,0,0,0,0,0,0,0,No, ,No, ,Si,1,No, ,No, ,No, ,Si,1,Si,2,Si,1,Si,1,Si,2,Si,1,No, ,Si,11,20,0,No, ,No, , , , , , , , , , , , , , , , , , , , , , , , , , , , , , , , , , , , , , , , , , , , , , , , , , , , , , , , , , , , ,-3.90539562,-70.51613807
0382,160401,01,RAMON CASTILLA,Menos de 5000 Hab,Distrital, , , , , , , , , , , , , , , , , , , , , , , , , , , , ,1,16,4,1,Si,No, , , , , , , , , , , , , , , , , , , , , , , , , , , , , , , , , , , , , , , , , , , , , ,6,0,0,0,0,6,0,0,0,1,0,0,0,0,1,0,0,0,1,0,0,0,0,1,0,0,0,1,0,0,0,0,1,0,0,0,0,0,0,0,0,0,0,0,0,0,0,0,0,0,0,0,0,0,0,0,0,0,0,0,0,0,0,1,0,0,0,0,1,0,0,0,1,0,0,0,0,1,0,0,0,1,0,0,0,0,1,0,0,0,0, ,0,0,0,0,0,0,0,0,No, ,No, ,No, ,No, ,No, ,No, ,Si,1,No, ,Si,1,No, ,No, ,Si,1,No, ,Si,3,6,0,No, ,No, , , , , , , , , , , , , , , , , , , , , , , , , , , , , , , , , , , , , , , , , , , , , , , , , , , , , , , , , , , , ,-3.929604,-70.779137
0383,160402,02,PEBAS,De 10001 - 20000 Hab,Distrital, , , , , , , , , , , , , , , , , , , , , , , , , , , , ,1,16,4,2,Si,No, , , , , , , , , , , , , , , , , , , , , , , , , , , , , , , , , , , , , , , , , , , , , ,7,0,0,0,0,7,0,0,0,1,0,0,0,0,1,0,0,0,0,0,0,0,0,0,0,0,0,1,0,0,0,0,1,0,0,0,1,0,0,0,0,1,0,0,0,0,0,0,0,0,0,0,0,0,0,0,0,0,0,0,0,0,0,1,0,0,0,0,1,0,0,0,2,0,0,0,0,2,0,0,0,1,0,0,0,0,1,0,0,0,0, ,0,0,0,0,0,0,0,0,No, ,No, ,No, ,No, ,No, ,No, ,Si,1,No, ,Si,1,No, ,Si,1,No, ,Si,1,Si,3,7,0,No, ,No, , , , , , , , , , , , , , , , , , , , , , , , , , , , , , , , , , , , , , , , , , , , , , , , , , , , , , , , , , , , ,-3.32087658,-71.86111841
0384,160404,04,SAN PABLO,De 20001 - 40000 Hab,Distrital, , , , , , , , , , , , , , , , , , , , , , , , , , , , ,1,16,4,4,Si,No, , , , , , , , , , , , , , , , , , , , , , , , , , , , , , , , , , , , , , , , , , , , , ,11,0,0,0,0,11,0,0,0,1,0,0,0,0,1,0,0,0,1,0,0,0,0,1,0,0,0,1,0,0,0,0,1,0,0,0,0,0,0,0,0,0,0,0,0,1,0,0,0,0,1,0,0,0,0,0,0,0,0,0,0,0,0,1,0,0,0,0,1,0,0,0,5,0,0,0,0,5,0,0,0,1,0,0,0,0,1,0,0,0,0, ,0,0,0,0,0,0,0,0,No, ,No, ,No, ,No, ,No, ,No, ,Si,1,Si,1,Si,1,No, ,Si,2,No, ,Si,2,Si,4,11,0,No, ,No, , , , , , , , , , , , , , , , , , , , , , , , , , , , , , , , , , , , , , , , , , , , , , , , , , , , , , , , , , , , ,-4.01871149,-71.10150309
0385,160501,01,REQUENA,De 40001 - 80000 Hab,Distrital, , , , , , , , , , , , , , , , , , , , , , , , , , , , ,1,16,5,1,Si,No, , , , , , , , , , , , , , , , , , , , , , , , , , , , , , , , , , , , , , , , , , , , , ,28,1,0,0,0,23,4,0,0,5,0,0,0,0,3,2,0,0,8,0,0,0,0,8,0,0,0,0,0,0,0,0,0,0,0,0,2,0,0,0,0,2,0,0,0,1,0,0,0,0,1,0,0,0,1,0,0,0,0,1,0,0,0,2,0,0,0,0,0,2,0,0,8,0,0,0,0,8,0,0,0,1,1,0,0,0,0,0,0,0,0, ,0,0,0,0,0,0,0,0,No, ,No, ,Si,1,No, ,No, ,No, ,No, ,Si,2,Si,1,Si,1,Si,3,Si,1,Si,4,Si,15,28,0,No, ,No, , , , , , , , , , , , , , , , , , , , , , , , , , , , , , , , , , , , , , , , , , , , , , , , , , , , , , , , , , , , ,-5.063555,-73.85653547
0386,160502,02,ALTO TAPICHE,Menos de 5000 Hab,Distrital, , , , , , , , , , , , , , , , , , , , , , , , , , , , ,1,16,5,2,No,Si, , , , , , , , , , , , , , , , , , , , , , , , , , , , , , , , , , , , , , , , , , , , , ,6,0,0,0,0,6,0,0,0,0,0,0,0,0,0,0,0,0,1,0,0,0,0,1,0,0,0,2,0,0,0,0,2,0,0,0,1,0,0,0,0,1,0,0,0,0,0,0,0,0,0,0,0,0,0,0,0,0,0,0,0,0,0,1,0,0,0,0,1,0,0,0,0,0,0,0,0,0,0,0,0,1,0,0,0,0,1,0,0,0,0, ,0,0,0,0,0,0,0,0,No, ,No, ,No, ,No, ,No, ,No, ,No, ,Si,1,No, ,No, ,No, ,No, ,Si,1,Si,4,6,0,No, ,No, , , , , , , , , , , , , , , , , , , , , , , , , , , , , , , , , , , , , , , , , , , , , , , , , , , , , , , , , , , , ,-6.02586671,-74.09381425
0387,160503,03,CAPELO,De 5000 - 10000 Hab,Distrital, , , , , , , , , , , , , , , , , , , , , , , , , , , , ,1,16,5,3,Si,No, , , , , , , , , , , , , , , , , , , , , , , , , , , , , , , , , , , , , , , , , , , , , ,6,0,0,0,0,6,0,0,0,1,0,0,0,0,1,0,0,0,1,0,0,0,0,1,0,0,0,0,0,0,0,0,0,0,0,0,1,0,0,0,0,1,0,0,0,1,0,0,0,0,1,0,0,0,0,0,0,0,0,0,0,0,0,1,0,0,0,0,1,0,0,0,0,0,0,0,0,0,0,0,0,1,0,0,0,0,1,0,0,0,0, ,0,0,0,0,0,0,0,0,No, ,No, ,No, ,No, ,No, ,No, ,No, ,No, ,No, ,Si,1,Si,2,No, ,No, ,Si,3,6,0,No, ,No, , , , , , , , , , , , , , , , , , , , , , , , , , , , , , , , , , , , , , , , , , , , , , , , , , , , , , , , , , , , ,-5.40526603,-74.15800243
0388,160504,04,EMILIO SAN MARTIN,De 5000 - 10000 Hab,Distrital, , , , , , , , , , , , , , , , , , , , , , , , , , , , ,1,16,5,4,Si,No, , , , , , , , , , , , , , , , , , , , , , , , , , , , , , , , , , , , , , , , , , , , , ,10,0,0,0,0,10,0,0,0,1,0,0,0,0,1,0,0,0,1,0,0,0,0,1,0,0,0,1,0,0,0,0,1,0,0,0,1,0,0,0,0,1,0,0,0,0,0,0,0,0,0,0,0,0,1,0,0,0,0,1,0,0,0,1,0,0,0,0,1,0,0,0,3,0,0,0,0,3,0,0,0,1,0,0,0,0,1,0,0,0,0, ,0,0,0,0,0,0,0,0,No, ,No, ,No, ,No, ,No, ,No, ,No, ,No, ,No, ,Si,1,No, ,Si,1,Si,1,Si,7,10,0,No, ,No, , , , , , , , , , , , , , , , , , , , , , , , , , , , , , , , , , , , , , , , , , , , , , , , , , , , , , , , , , , , ,-5.79413683,-74.28297073
0389,160506,06,PUINAHUA,Menos de 5000 Hab,Distrital, , , , , , , , , , , , , , , , , , , , , , , , , , , , ,1,16,5,6,Si,No, , , , , , , , , , , , , , , , , , , , , , , , , , , , , , , , , , , , , , , , , , , , , ,8,0,0,0,0,7,1,0,0,1,0,0,0,0,0,1,0,0,1,0,0,0,0,1,0,0,0,0,0,0,0,0,0,0,0,0,1,0,0,0,0,1,0,0,0,1,0,0,0,0,1,0,0,0,1,0,0,0,0,1,0,0,0,1,0,0,0,0,1,0,0,0,1,0,0,0,0,1,0,0,0,1,0,0,0,0,1,0,0,0,0, ,0,0,0,0,0,0,0,0,No, ,No, ,No, ,No, ,No, ,No, ,No, ,No, ,No, ,Si,1,No, ,Si,1,Si,2,Si,4,8,0,No, ,No, , , , , , , , , , , , , , , , , , , , , , , , , , , , , , , , , , , , , , , , , , , , , , , , , , , , , , , , , , , , ,-5.25618879,-74.34581483
0390,160507,07,SAQUENA,Menos de 5000 Hab,Distrital, , , , , , , , , , , , , , , , , , , , , , , , , , , , ,1,16,5,7,Si,No, , , , , , , , , , , , , , , , , , , , , , , , , , , , , , , , , , , , , , , , , , , , , ,7,0,0,0,0,7,0,0,0,1,0,0,0,0,1,0,0,0,1,0,0,0,0,1,0,0,0,0,0,0,0,0,0,0,0,0,1,0,0,0,0,1,0,0,0,1,0,0,0,0,1,0,0,0,1,0,0,0,0,1,0,0,0,1,0,0,0,0,1,0,0,0,0,0,0,0,0,0,0,0,0,1,0,0,0,0,1,0,0,0,0, ,0,0,0,0,0,0,0,0,No, ,No, ,No, ,No, ,No, ,No, ,No, ,No, ,Si,1,No, ,No, ,Si,1,No, ,Si,5,7,0,No, ,No, , , , , , , , , , , , , , , , , , , , , , , , , , , , , , , , , , , , , , , , , , , , , , , , , , , , , , , , , , , , ,-4.724885,-73.532243
0391,160507,07,SAQUENA,Menos de 5000 Hab,Distrital, , , , , , , , , , , , , , , , , , , , , , , , , , , , ,1,16,5,7,No,Si, , , , , , , , , , , , , , , , , , , , , , , , , , , , , , , , , , , , , , , , , , , , , ,6,0,0,0,0,6,0,0,0,1,0,0,0,0,1,0,0,0,0,0,0,0,0,0,0,0,0,1,0,0,0,0,1,0,0,0,1,0,0,0,0,1,0,0,0,0,0,0,0,0,0,0,0,0,0,0,0,0,0,0,0,0,0,1,0,0,0,0,1,0,0,0,1,0,0,0,0,1,0,0,0,1,0,0,0,0,1,0,0,0,0, ,0,0,0,0,0,0,0,0,No, ,No, ,No, ,No, ,No, ,No, ,No, ,Si,1,No, ,No, ,Si,1,No, ,Si,1,Si,3,6,0,No, ,No, , , , , , , , , , , , , , , , , , , , , , , , , , , , , , , , , , , , , , , , , , , , , , , , , , , , , , , , , , , , ,-4.551817,-73.504557
0392,160508,08,SOPLIN,Menos de 5000 Hab,Distrital, , , , , , , , , , , , , , , , , , , , , , , , , , , , ,1,16,5,8,Si,No, , , , , , , , , , , , , , , , , , , , , , , , , , , , , , , , , , , , , , , , , , , , , ,6,0,0,0,0,6,0,0,0,1,0,0,0,0,1,0,0,0,0,0,0,0,0,0,0,0,0,1,0,0,0,0,1,0,0,0,0,0,0,0,0,0,0,0,0,0,0,0,0,0,0,0,0,0,1,0,0,0,0,1,0,0,0,1,0,0,0,0,1,0,0,0,0,0,0,0,0,0,0,0,0,1,0,0,0,0,1,0,0,0,1,SECCION DE INVESTIGACION CRIMINAL,0,0,0,0,1,0,0,0,No, ,No, ,No, ,No, ,No, ,No, ,No, ,No, ,No, ,Si,1,Si,1,No, ,Si,1,Si,3,6,0,No, ,Sí,1,6, , , , , , , , , , , , , , , , , , , , , , , , , , , , , , , , , , , , , , , ,Ninguna, , , , , , , , , , , , , , , , , , ,-6.00673248,-73.69173163
0393,160509,09,TAPICHE,Menos de 5000 Hab,Distrital, , , , , , , , , , , , , , , , , , , , , , , , , , , , ,1,16,5,9,Si,No, , , , , , , , , , , , , , , , , , , , , , , , , , , , , , , , , , , , , , , , , , , , , ,7,0,0,0,0,7,0,0,0,1,0,0,0,0,1,0,0,0,1,0,0,0,0,1,0,0,0,1,0,0,0,0,1,0,0,0,1,0,0,0,0,1,0,0,0,0,0,0,0,0,0,0,0,0,1,0,0,0,0,1,0,0,0,1,0,0,0,0,1,0,0,0,0,0,0,0,0,0,0,0,0,1,0,0,0,0,1,0,0,0,0, ,0,0,0,0,0,0,0,0,No, ,No, ,No, ,No, ,No, ,No, ,No, ,Si,1,No, ,No, ,No, ,No, ,No, ,Si,6,7,0,No, ,No, , , , , , , , , , , , , , , , , , , , , , , , , , , , , , , , , , , , , , , , , , , , , , , , , , , , , , , , , , , , ,-5.69331917,-74.13795412
0394,160510,10,JENARO HERRERA,Menos de 5000 Hab,Distrital, , , , , , , , , , , , , , , , , , , , , , , , , , , , ,1,16,5,10,Si,No, , , , , , , , , , , , , , , , , , , , , , , , , , , , , , , , , , , , , , , , , , , , , ,7,0,0,0,0,7,0,0,0,2,0,0,0,0,2,0,0,0,2,0,0,0,0,2,0,0,0,0,0,0,0,0,0,0,0,0,1,0,0,0,0,1,0,0,0,0,0,0,0,0,0,0,0,0,0,0,0,0,0,0,0,0,0,1,0,0,0,0,1,0,0,0,0,0,0,0,0,0,0,0,0,1,0,0,0,0,1,0,0,0,0, ,0,0,0,0,0,0,0,0,No, ,No, ,No, ,No, ,No, ,No, ,Si,1,No, ,No, ,No, ,Si,1,No, ,Si,1,Si,4,7,0,No, ,No, , , , , , , , , , , , , , , , , , , , , , , , , , , , , , , , , , , , , , , , , , , , , , , , , , , , , , , , , , , , ,-4.90277408,-73.67160168
0395,160601,01,CONTAMANA,De 20001 - 40000 Hab,Provincial, , , , , , , ,1,16,6, , , , , , , , , , , , , , , , , , , , , , , , , , , , , , , , , , , , , , , , , , , , , , , , , , , , , , , , , , , , , , , , , , , , , ,22,1,0,0,0,19,2,0,0,1,0,0,0,0,1,0,0,0,6,0,0,0,0,6,0,0,0,0,0,0,0,0,0,0,0,0,2,0,0,0,0,2,0,0,0,2,0,0,0,0,2,0,0,0,2,0,0,0,0,0,2,0,0,1,0,0,0,0,1,0,0,0,5,0,0,0,0,5,0,0,0,3,1,0,0,0,2,0,0,0,0, ,0,0,0,0,0,0,0,0,No, ,No, ,No, ,Si,1,No, ,No, ,No, ,No, ,Si,2,No, ,No, ,Si,3,Si,4,Si,12,22,0,No, ,Sí,1,4, , , , , , , , , , , , , , , , , , , , , , , , , , , , , , , , , , , , , , , ,Ninguna, , , , , , , , , , , , , , , , , , ,-7.34976148,-75.00832957
0396,100901,01,PUERTO INCA,De 40001 - 80000 Hab,Provincial, , , , , , , ,1,10,9, , , , , , , , , , , , , , , , , , , , , , , , , , , , , , , , , , , , , , , , , , , , , , , , , , , , , , , , , , , , , , , , , , , , , ,50,1,0,0,0,46,3,0,0,9,0,0,0,0,7,2,0,0,10,0,0,0,0,10,0,0,0,4,0,0,0,0,4,0,0,0,4,0,0,0,0,4,0,0,0,2,0,0,0,0,2,0,0,0,2,0,0,0,0,1,1,0,0,1,0,0,0,0,1,0,0,0,8,0,0,0,0,8,0,0,0,1,1,0,0,0,0,0,0,0,9,ARMERO,0,0,0,0,9,0,0,0,No, ,Si,1,No, ,No, ,No, ,No, ,Si,2,Si,1,Si,1,Si,2,Si,1,Si,7,Si,27,Si,8,50,0,Sí,1,No, , , , , , , , , , , , , , , , , , , , , , , , , , , , , , , , , , , , , , , , , , , , , , , , , , , , , , , , , , , , ,-9.37882579,-74.96695008
0397,250101,01,CALLERIA,De 80001 a más Hab,Provincial, , , , , , , ,1,25,1, , , , , , , , , , , , , , , , , , , , , , , , , , , , , , , , , , , , , , , , , , , , , , , , , , , , , , , , , , , , , , , , , , , , , ,143,1,0,0,0,121,21,0,0,5,0,0,0,0,0,5,0,0,69,0,0,0,0,69,0,0,0,17,0,0,0,0,17,0,0,0,14,0,0,0,0,13,1,0,0,4,0,0,0,0,0,4,0,0,10,0,0,0,0,3,7,0,0,11,0,0,0,0,8,3,0,0,6,0,0,0,0,6,0,0,0,3,1,0,0,0,2,0,0,0,4,SERVICIOS EMERGENCIA HOSPITAL,0,0,0,0,3,1,0,0,No, ,Si,1,No, ,No, ,No, ,No, ,Si,2,Si,2,Si,11,Si,10,Si,1,Si,7,Si,19,Si,90,143,0,No, ,Sí,6,2,2,2,2,2,2, , , , , , , , , , , , , , , , , , , , , , , , , , , , , , , , , , ,Ninguna, , , , , , , , , , , , , , , , , , ,-8.38179797,-74.53205265
0398,250102,02,CAMPOVERDE,De 10001 - 20000 Hab,Distrital, , , , , , , , , , , , , , , , , , , , , , , , , , , , ,1,25,1,2,Si,No, , , , , , , , , , , , , , , , , , , , , , , , , , , , , , , , , , , , , , , , , , , , , ,30,1,0,0,0,26,3,0,0,2,0,0,0,0,0,2,0,0,8,0,0,0,0,8,0,0,0,4,0,0,0,0,4,0,0,0,2,0,0,0,0,2,0,0,0,2,0,0,0,0,2,0,0,0,2,0,0,0,0,1,1,0,0,7,0,0,0,0,7,0,0,0,2,0,0,0,0,2,0,0,0,1,1,0,0,0,0,0,0,0,0, ,0,0,0,0,0,0,0,0,No, ,No, ,Si,1,No, ,No, ,No, ,Si,1,Si,4,Si,3,Si,1,Si,1,Si,3,Si,4,Si,12,30,0,No, ,Sí,4,2,2,2,2, , , , , , , , , , , , , , , , , , , , , , , , , , , , , , , , , , , , ,Ninguna, , , , , , , , , , , , , , , , , , ,-8.474155,-74.804098
0399,250105,05,YARINACOCHA,De 80001 a más Hab,Distrital, , , , , , , , , , , , , , , , , , , , , , , , , , , , ,1,25,1,5,Si,No, , , , , , , , , , , , , , , , , , , , , , , , , , , , , , , , , , , , , , , , , , , , , ,114,1,0,0,0,94,19,0,0,11,0,0,0,0,3,8,0,0,21,0,0,0,0,21,0,0,0,11,0,0,0,0,7,4,0,0,10,0,0,0,0,10,0,0,0,4,0,0,0,0,4,0,0,0,7,0,0,0,0,5,2,0,0,4,0,0,0,0,3,1,0,0,45,0,0,0,0,41,4,0,0,1,1,0,0,0,0,0,0,0,0, ,0,0,0,0,0,0,0,0,No, ,Si,1,No, ,No, ,No, ,No, ,Si,1,Si,8,Si,8,Si,2,Si,2,Si,3,Si,18,Si,71,114,0,Sí,14,Sí,4,25,25,25,25, , , , , , , , , , , , , , , , , , , , , , , , , , , , , , , , , , , , ,Almenos una,1,Si,Si,No,No,No,No,No,Si,Si,Si,No,No,No,No,No,No, ,-8.35511685,-74.57641171
0400,250105,05,YARINACOCHA,Menos de 5000 Hab,Otros,LOCAL, , , , , , , , , , , , , , , , , , , , , , , , , , , , , , , , , , , , , , , , , , , , , , , , , , , , , , , , , , , , , , , , , , , , , , , , , , , , , , ,13,0,0,0,0,7,6,0,0,1,0,0,0,0,0,1,0,0,0,0,0,0,0,0,0,0,0,0,0,0,0,0,0,0,0,0,0,0,0,0,0,0,0,0,0,0,0,0,0,0,0,0,0,0,0,0,0,0,0,0,0,0,0,0,0,0,0,0,0,0,0,0,0,0,0,0,0,0,0,0,0,1,0,0,0,0,1,0,0,0,11,GARANTIAS PERSONALES,0,0,0,0,6,5,0,0,No, ,No, ,No, ,No, ,No, ,No, ,Si,1,No, ,No, ,Si,2,Si,1,No, ,Si,1,Si,8,13,0,No, ,No, , , , , , , , , , , , , , , , , , , , , , , , , , , , , , , , , , , , , , , , , , , , , , , , , , , , , , , , , , , , ,-8.38556565,-74.57222974
0401,250106,06,NUEVA REQUENA,De 5000 - 10000 Hab,Distrital, , , , , , , , , , , , , , , , , , , , , , , , , , , , ,1,25,1,6,Si,No, , , , , , , , , , , , , , , , , , , , , , , , , , , , , , , , , , , , , , , , , , , , , ,12,0,0,0,0,12,0,0,0,2,0,0,0,0,2,0,0,0,0,0,0,0,0,0,0,0,0,2,0,0,0,0,2,0,0,0,2,0,0,0,0,2,0,0,0,2,0,0,0,0,2,0,0,0,1,0,0,0,0,1,0,0,0,1,0,0,0,0,1,0,0,0,1,0,0,0,0,1,0,0,0,1,0,0,0,0,1,0,0,0,0, ,0,0,0,0,0,0,0,0,No, ,No, ,No, ,No, ,No, ,No, ,Si,1,Si,1,No, ,Si,1,Si,1,No, ,Si,3,Si,5,12,0,No, ,Sí,2,5,5, , , , , , , , , , , , , , , , , , , , , , , , , , , , , , , , , , , , , , ,Ninguna, , , , , , , , , , , , , , , , , , ,-8.31041549,-74.86320221
0402,250107,07,MANANTAY,De 40001 - 80000 Hab,Distrital, , , , , , , , , , , , , , , , , , , , , , , , , , , , ,2,25,1,7,Si,No,25,1,4,Si,No, , , , , , , , , , , , , , , , , , , , , , , , , , , , , , , , , , , , , , , , ,118,1,0,0,0,102,15,0,0,22,0,0,0,0,17,5,0,0,32,0,0,0,0,32,0,0,0,16,0,0,0,0,16,0,0,0,16,0,0,0,0,12,4,0,0,4,0,0,0,0,4,0,0,0,6,0,0,0,0,3,3,0,0,5,0,0,0,0,4,1,0,0,16,0,0,0,0,14,2,0,0,1,1,0,0,0,0,0,0,0,0, ,0,0,0,0,0,0,0,0,No, ,Si,1,No, ,No, ,No, ,No, ,Si,1,Si,4,Si,5,Si,3,Si,2,Si,2,Si,14,Si,86,118,0,Sí,20,Sí,1,13, , , , , , , , , , , , , , , , , , , , , , , , , , , , , , , , , , , , , , , ,Almenos una,1,No,No,No,No,No,No,No,No,No,No,No,No,No,No,No,Si,SILVATOS,-8.39780766,-74.53673981
0403,250201,01,RAYMONDI,De 10001 - 20000 Hab,Distrital, , , , , , , , , , , , , , , , , , , , , , , , , , , , ,1,25,2,1,Si,No, , , , , , , , , , , , , , , , , , , , , , , , , , , , , , , , , , , , , , , , , , , , , ,20,1,0,0,0,19,0,0,0,1,0,0,0,0,1,0,0,0,7,0,0,0,0,7,0,0,0,0,0,0,0,0,0,0,0,0,4,0,0,0,0,4,0,0,0,2,0,0,0,0,2,0,0,0,2,0,0,0,0,2,0,0,0,1,0,0,0,0,1,0,0,0,2,0,0,0,0,2,0,0,0,1,1,0,0,0,0,0,0,0,0, ,0,0,0,0,0,0,0,0,No, ,No, ,Si,1,No, ,No, ,No, ,No, ,No, ,Si,1,Si,1,No, ,Si,1,Si,10,Si,6,20,0,No, ,No, , , , , , , , , , , , , , , , , , , , , , , , , , , , , , , , , , , , , , , , , , , , , , , , , , , , , , , , , , , , ,-10.73237648,-73.7505627
0404,250401,01,PURUS,De 10001 - 20000 Hab,Distrital, , , , , , , , , , , , , , , , , , , , , , , , , , , , ,1,25,4,1,Si,No, , , , , , , , , , , , , , , , , , , , , , , , , , , , , , , , , , , , , , , , , , , , , ,10,0,0,0,0,10,0,0,0,1,0,0,0,0,1,0,0,0,2,0,0,0,0,2,0,0,0,1,0,0,0,0,1,0,0,0,1,0,0,0,0,1,0,0,0,1,0,0,0,0,1,0,0,0,1,0,0,0,0,1,0,0,0,1,0,0,0,0,1,0,0,0,1,0,0,0,0,1,0,0,0,1,0,0,0,0,1,0,0,0,0, ,0,0,0,0,0,0,0,0,No, ,No, ,No, ,No, ,No, ,No, ,Si,1,No, ,No, ,No, ,No, ,No, ,Si,2,Si,7,10,0,No, ,No, , , , , , , , , , , , , , , , , , , , , , , , , , , , , , , , , , , , , , , , , , , , , , , , , , , , , , , , , , , , ,-9.77232179,-70.71072398
0405,150101,01,LIMA,De 20001 - 40000 Hab,Distrital, , , , , , , , , , , , , , , , , , , , , , , , , , , , ,1,15,1,1,No,Si, , , , , , , , , , , , , , , , , , , , , , , , , , , , , , , , , , , , , , , , , , , , , ,93,5,1,0,0,79,8,0,0,2,0,0,0,0,2,0,0,0,32,0,0,0,0,32,0,0,0,17,0,0,0,0,12,5,0,0,12,0,0,0,0,11,1,0,0,3,0,0,0,0,3,0,0,0,2,0,0,0,0,2,0,0,0,3,0,0,0,0,2,1,0,0,16,0,0,0,0,15,1,0,0,6,5,1,0,0,0,0,0,0,0, ,0,0,0,0,0,0,0,0,No, ,Si,1,No, ,No, ,No, ,Si,5,Si,15,Si,18,Si,12,Si,3,Si,4,Si,2,Si,9,Si,24,93,8,No, ,Sí,5,10,10,10,10,10, , , , , , , , , , , , , , , , , , , , , , , , , , , , , , , , , , , ,Ninguna, , , , , , , , , , , , , , , , , , ,-12.057295,-77.041423
0406,150101,01,LIMA,De 20001 - 40000 Hab,Distrital, , , , , , , , , , , , , , , , , , , , , , , , , , , , ,1,15,1,1,No,Si, , , , , , , , , , , , , , , , , , , , , , , , , , , , , , , , , , , , , , , , , , , , , ,68,6,0,0,0,57,4,1,0,6,0,0,0,0,6,0,0,0,37,0,0,0,0,36,0,1,0,0,0,0,0,0,0,0,0,0,6,0,0,0,0,6,0,0,0,1,0,0,0,0,1,0,0,0,3,0,0,0,0,0,3,0,0,2,0,0,0,0,1,1,0,0,7,0,0,0,0,7,0,0,0,6,6,0,0,0,0,0,0,0,0, ,0,0,0,0,0,0,0,0,No, ,Si,1,No, ,Si,1,No, ,Si,4,Si,8,Si,8,Si,7,Si,6,Si,3,Si,2,Si,3,Si,25,68,6,No, ,No, , , , , , , , , , , , , , , , , , , , , , , , , , , , , , , , , , , , , , , , , , , , , , , , , , , , , , , , , , , , ,-12.03840667,-77.053255
0407,150101,01,LIMA,De 80001 a más Hab,Distrital, , , , , , , , , , , , , , , , , , , , , , , , , , , , ,1,15,1,1,No,Si, , , , , , , , , , , , , , , , , , , , , , , , , , , , , , , , , , , , , , , , , , , , , ,96,6,1,0,0,83,3,2,1,10,1,0,0,0,6,2,0,1,42,2,0,0,0,38,0,2,0,17,0,0,0,0,16,1,0,0,9,0,0,0,0,9,0,0,0,2,0,0,0,0,2,0,0,0,0,0,0,0,0,0,0,0,0,3,0,1,0,0,2,0,0,0,12,2,0,0,0,10,0,0,0,1,1,0,0,0,0,0,0,0,0, ,0,0,0,0,0,0,0,0,No, ,Si,1,Si,1,Si,1,No, ,Si,4,Si,15,Si,19,Si,16,Si,8,Si,4,Si,1,Si,6,Si,20,96,4,Sí,1,Sí,8,11,11,11,11,11,11,9,9, , , , , , , , , , , , , , , , , , , , , , , , , , , , , , , , ,Ninguna, , , , , , , , , , , , , , , , , , ,-12.05819812,-77.03422714
0408,150101,01,LIMA,De 40001 - 80000 Hab,Distrital, , , , , , , , , , , , , , , , , , , , , , , , , , , , ,1,15,1,1,Si,No, , , , , , , , , , , , , , , , , , , , , , , , , , , , , , , , , , , , , , , , , , , , , ,64,5,2,0,0,49,6,2,0,8,1,1,0,0,5,1,0,0,23,0,0,0,0,21,0,2,0,8,0,0,0,0,5,3,0,0,10,2,0,0,0,8,0,0,0,2,0,0,0,0,2,0,0,0,4,0,1,0,0,2,1,0,0,3,0,0,0,0,2,1,0,0,5,1,0,0,0,4,0,0,0,1,1,0,0,0,0,0,0,0,0, ,0,0,0,0,0,0,0,0,No, ,No, ,Si,1,Si,1,Si,1,Si,4,Si,10,Si,7,Si,4,Si,1,No, ,Si,4,Si,6,Si,25,64,6,No, ,Sí,1,4, , , , , , , , , , , , , , , , , , , , , , , , , , , , , , , , , , , , , , , ,Ninguna, , , , , , , , , , , , , , , , , , ,-12.05120429,-77.06746387
0409,150101,01,LIMA,De 20001 - 40000 Hab,Distrital, , , , , , , , , , , , , , , , , , , , , , , , , , , , ,1,15,1,1,No,Si, , , , , , , , , , , , , , , , , , , , , , , , , , , , , , , , , , , , , , , , , , , , , ,70,4,1,0,0,54,8,2,1,2,0,0,0,0,2,0,0,0,20,0,0,0,0,18,0,2,0,16,0,0,0,0,11,5,0,0,6,0,0,0,0,6,0,0,0,2,0,0,0,0,2,0,0,0,3,0,0,0,0,0,3,0,0,4,0,0,0,0,3,0,0,1,12,0,0,0,0,12,0,0,0,5,4,1,0,0,0,0,0,0,0, ,0,0,0,0,0,0,0,0,No, ,No, ,Si,1,No, ,Si,2,Si,2,Si,15,Si,13,Si,6,Si,3,Si,2,Si,3,Si,5,Si,18,70,6,No, ,Sí,2,10,10, , , , , , , , , , , , , , , , , , , , , , , , , , , , , , , , , , , , , , ,Ninguna, , , , , , , , , , , , , , , , , , ,-12.03661355,-77.07561594
0410,150101,01,LIMA,De 40001 - 80000 Hab,Distrital, , , , , , , , , , , , , , , , , , , , , , , , , , , , ,1,15,1,1,No,Si, , , , , , , , , , , , , , , , , , , , , , , , , , , , , , , , , , , , , , , , , , , , , ,120,6,0,0,0,44,4,61,5,10,0,0,0,0,5,0,4,1,46,2,0,0,0,0,0,44,0,27,0,0,0,0,16,0,10,1,11,1,0,0,0,4,2,3,1,2,0,0,0,0,2,0,0,0,4,0,0,0,0,3,1,0,0,5,0,0,0,0,2,1,0,2,14,2,0,0,0,12,0,0,0,1,1,0,0,0,0,0,0,0,0, ,0,0,0,0,0,0,0,0,No, ,Si,1,Si,1,No, ,No, ,Si,4,Si,27,Si,22,Si,15,Si,8,Si,4,Si,4,Si,6,Si,28,120,4,No, ,Sí,2,10,10, , , , , , , , , , , , , , , , , , , , , , , , , , , , , , , , , , , , , , ,Ninguna, , , , , , , , , , , , , , , , , , ,-12.04128801,-77.03920235
0411,150101,01,LIMA,De 20001 - 40000 Hab,Distrital, , , , , , , , , , , , , , , , , , , , , , , , , , , , ,1,15,1,1,No,Si, , , , , , , , , , , , , , , , , , , , , , , , , , , , , , , , , , , , , , , , , , , , , ,75,6,0,0,0,58,7,4,0,13,0,0,0,0,9,2,2,0,10,0,0,0,0,8,0,2,0,24,0,0,0,0,22,2,0,0,6,0,0,0,0,6,0,0,0,3,0,0,0,0,3,0,0,0,2,0,0,0,0,0,2,0,0,3,0,0,0,0,2,1,0,0,8,0,0,0,0,8,0,0,0,6,6,0,0,0,0,0,0,0,0, ,0,0,0,0,0,0,0,0,No, ,No, ,Si,1,Si,1,No, ,Si,4,Si,10,Si,14,Si,9,Si,4,Si,3,Si,2,Si,8,Si,19,75,5,No, ,Sí,2,6,6, , , , , , , , , , , , , , , , , , , , , , , , , , , , , , , , , , , , , , ,Ninguna, , , , , , , , , , , , , , , , , , ,-12.06010681,-77.07251405
0412,150101,01,LIMA,De 20001 - 40000 Hab,Distrital, , , , , , , , , , , , , , , , , , , , , , , , , , , , ,1,15,1,1,Si,No, , , , , , , , , , , , , , , , , , , , , , , , , , , , , , , , , , , , , , , , , , , , , ,72,7,1,0,0,60,3,1,0,5,0,0,0,0,4,0,1,0,30,3,0,0,0,27,0,0,0,6,0,0,0,0,6,0,0,0,7,1,0,0,0,6,0,0,0,4,0,0,0,0,4,0,0,0,2,0,0,0,0,0,2,0,0,4,0,1,0,0,2,1,0,0,13,2,0,0,0,11,0,0,0,1,1,0,0,0,0,0,0,0,0, ,0,0,0,0,0,0,0,0,No, ,Si,1,Si,1,Si,1,Si,1,Si,4,Si,10,Si,9,Si,7,Si,2,Si,1,Si,1,Si,6,Si,28,72,6,No, ,Sí,1,8, , , , , , , , , , , , , , , , , , , , , , , , , , , , , , , , , , , , , , , ,Ninguna, , , , , , , , , , , , , , , , , , ,-12.06880996,-77.03553837
0413,150101,01,LIMA,De 80001 a más Hab,Distrital, , , , , , , , , , , , , , , , , , , , , , , , , , , , ,1,15,1,1,No,Si, , , , , , , , , , , , , , , , , , , , , , , , , , , , , , , , , , , , , , , , , , , , , ,120,8,0,0,0,99,10,3,0,8,0,0,0,0,5,1,2,0,40,0,0,0,0,40,0,0,0,18,0,0,0,0,14,4,0,0,13,0,0,0,0,13,0,0,0,7,1,0,0,0,6,0,0,0,6,0,0,0,0,3,3,0,0,8,1,0,0,0,4,2,1,0,17,3,0,0,0,14,0,0,0,3,3,0,0,0,0,0,0,0,0, ,0,0,0,0,0,0,0,0,No, ,Si,1,Si,2,No, ,No, ,Si,5,Si,24,Si,13,Si,19,Si,5,Si,2,Si,1,Si,4,Si,44,120,6,No, ,No, , , , , , , , , , , , , , , , , , , , , , , , , , , , , , , , , , , , , , , , , , , , , , , , , , , , , , , , , , , , ,-12.05097458,-77.02351775
0414,150101,01,LIMA,De 40001 - 80000 Hab,Distrital, , , , , , , , , , , , , , , , , , , , , , , , , , , , ,1,15,1,1,No,Si, , , , , , , , , , , , , , , , , , , , , , , , , , , , , , , , , , , , , , , , , , , , , ,75,5,0,0,0,58,10,1,1,6,0,0,0,0,2,3,1,0,35,0,0,0,0,33,2,0,0,0,0,0,0,0,0,0,0,0,10,0,0,0,0,9,1,0,0,2,0,0,0,0,2,0,0,0,3,0,0,0,0,0,3,0,0,4,0,0,0,0,2,1,0,1,10,0,0,0,0,10,0,0,0,5,5,0,0,0,0,0,0,0,0, ,0,0,0,0,0,0,0,0,No, ,No, ,Si,1,Si,1,No, ,Si,3,Si,11,Si,9,Si,7,Si,7,Si,4,Si,3,Si,10,Si,19,75,5,No, ,No, , , , , , , , , , , , , , , , , , , , , , , , , , , , , , , , , , , , , , , , , , , , , , , , , , , , , , , , , , , , ,-12.05140138,-77.0818641
0415,150102,02,ANCON,De 40001 - 80000 Hab,Distrital, , , , , , , , , , , , , , , , , , , , , , , , , , , , ,1,15,1,2,No,Si, , , , , , , , , , , , , , , , , , , , , , , , , , , , , , , , , , , , , , , , , , , , , ,80,6,0,0,0,64,10,0,0,9,2,0,0,0,1,6,0,0,37,1,0,0,0,36,0,0,0,6,0,0,0,0,6,0,0,0,7,0,0,0,0,6,1,0,0,2,0,0,0,0,2,0,0,0,4,0,0,0,0,1,3,0,0,4,0,0,0,0,4,0,0,0,10,2,0,0,0,8,0,0,0,1,1,0,0,0,0,0,0,0,0, ,0,0,0,0,0,0,0,0,No, ,No, ,Si,1,Si,1,Si,1,Si,3,Si,4,Si,8,Si,7,Si,5,Si,2,Si,5,Si,18,Si,25,80,5,No, ,No, , , , , , , , , , , , , , , , , , , , , , , , , , , , , , , , , , , , , , , , , , , , , , , , , , , , , , , , , , , , ,-11.77603959,-77.1692574
0416,150103,03,ATE,De 40001 - 80000 Hab,Distrital, , , , , , , , , , , , , , , , , , , , , , , , , , , , ,1,15,1,3,No,Si, , , , , , , , , , , , , , , , , , , , , , , , , , , , , , , , , , , , , , , , , , , , , ,95,6,0,0,0,83,4,2,0,5,0,0,0,0,5,0,0,0,36,0,0,0,0,35,0,1,0,4,0,0,0,0,4,0,0,0,10,0,0,0,0,9,1,0,0,2,0,0,0,0,2,0,0,0,4,0,0,0,0,3,1,0,0,3,0,0,0,0,1,1,1,0,8,0,0,0,0,8,0,0,0,12,6,0,0,0,6,0,0,0,11,LABORES MIXTAS,0,0,0,0,10,1,0,0,No, ,Si,1,Si,1,Si,1,No, ,Si,3,Si,8,Si,19,Si,10,Si,6,Si,5,Si,5,Si,8,Si,28,95,4,No, ,No, , , , , , , , , , , , , , , , , , , , , , , , , , , , , , , , , , , , , , , , , , , , , , , , , , , , , , , , , , , , ,-12.07557927,-76.98894095
0417,150103,03,ATE,De 80001 a más Hab,Otros,LOCALIDAD (PARTE DEL DISTRITO), , , , , , , , , , , , , , , , , , , , , , , , , , , , , , , , , , , , , , , , , , , , , , , , , , , , , , , , , , , , , , , , , , , , , , , , , , , , , , ,82,4,0,0,0,62,15,1,0,5,1,0,0,0,4,0,0,0,30,1,0,0,0,28,0,1,0,8,0,0,0,0,6,2,0,0,14,1,0,0,0,8,5,0,0,4,0,0,0,0,3,1,0,0,8,0,0,0,0,6,2,0,0,4,0,0,0,0,3,1,0,0,8,0,0,0,0,4,4,0,0,1,1,0,0,0,0,0,0,0,0, ,0,0,0,0,0,0,0,0,No, ,No, ,Si,1,No, ,No, ,Si,3,Si,8,Si,14,Si,10,Si,5,Si,3,Si,7,Si,12,Si,19,82,5,No, ,No, , , , , , , , , , , , , , , , , , , , , , , , , , , , , , , , , , , , , , , , , , , , , , , , , , , , , , , , , , , , ,-12.01686528,-76.88429241
0418,150103,03,ATE,De 20001 - 40000 Hab,Distrital, , , , , , , , , , , , , , , , , , , , , , , , , , , , ,1,15,1,3,Si,No, , , , , , , , , , , , , , , , , , , , , , , , , , , , , , , , , , , , , , , , , , , , , ,110,4,2,0,0,91,13,0,0,2,0,0,0,0,0,2,0,0,33,0,0,0,0,31,2,0,0,21,0,0,0,0,20,1,0,0,22,0,0,0,0,21,1,0,0,5,0,0,0,0,4,1,0,0,7,0,0,0,0,4,3,0,0,7,0,0,0,0,4,3,0,0,7,0,0,0,0,7,0,0,0,6,4,2,0,0,0,0,0,0,0, ,0,0,0,0,0,0,0,0,No, ,Si,1,Si,1,No, ,Si,1,Si,3,Si,12,Si,20,Si,16,Si,10,Si,3,Si,7,Si,14,Si,22,110,4,No, ,No, , , , , , , , , , , , , , , , , , , , , , , , , , , , , , , , , , , , , , , , , , , , , , , , , , , , , , , , , , , , ,-12.02603843,-76.91956512
0419,150103,03,ATE,De 80001 a más Hab,Distrital, , , , , , , , , , , , , , , , , , , , , , , , , , , , ,1,15,1,3,No,Si, , , , , , , , , , , , , , , , , , , , , , , , , , , , , , , , , , , , , , , , , , , , , ,84,5,0,0,0,67,9,3,0,5,0,0,0,0,2,2,1,0,26,0,0,0,0,24,0,2,0,16,0,0,0,0,15,1,0,0,12,0,0,0,0,12,0,0,0,2,0,0,0,0,2,0,0,0,7,0,0,0,0,1,6,0,0,3,0,0,0,0,3,0,0,0,10,2,0,0,0,8,0,0,0,3,3,0,0,0,0,0,0,0,0, ,0,0,0,0,0,0,0,0,No, ,Si,1,Si,1,Si,1,No, ,Si,2,Si,9,Si,7,Si,9,Si,5,Si,5,Si,4,Si,11,Si,29,84,7,No, ,Sí,2,5,5, , , , , , , , , , , , , , , , , , , , , , , , , , , , , , , , , , , , , , ,Almenos una,2,Si,Si,Si,Si,Si,Si,Si,Si,Si,Si,Si,Si,Si,No,No,No, ,-12.01234598,-76.82721294
0420,150104,04,BARRANCO,De 20001 - 40000 Hab,Distrital, , , , , , , , , , , , , , , , , , , , , , , , , , , , ,1,15,1,4,Si,No, , , , , , , , , , , , , , , , , , , , , , , , , , , , , , , , , , , , , , , , , , , , , ,75,5,1,0,0,63,5,1,0,5,0,0,0,0,2,3,0,0,25,2,0,0,0,22,0,1,0,16,0,0,0,0,15,1,0,0,10,0,1,0,0,9,0,0,0,4,1,0,0,0,3,0,0,0,3,0,0,0,0,2,1,0,0,2,0,0,0,0,2,0,0,0,8,0,0,0,0,8,0,0,0,2,2,0,0,0,0,0,0,0,0, ,0,0,0,0,0,0,0,0,No, ,Si,1,Si,1,No, ,No, ,Si,4,Si,5,Si,14,Si,9,Si,5,Si,2,Si,3,Si,8,Si,23,75,6,No, ,Sí,1,12, , , , , , , , , , , , , , , , , , , , , , , , , , , , , , , , , , , , , , , ,Ninguna, , , , , , , , , , , , , , , , , , ,-12.14658635,-77.02231204
0421,150105,05,BREÑA,De 80001 a más Hab,Distrital, , , , , , , , , , , , , , , , , , , , , , , , , , , , ,1,15,1,5,No,Si, , , , , , , , , , , , , , , , , , , , , , , , , , , , , , , , , , , , , , , , , , , , , ,115,4,2,0,0,96,7,6,0,4,0,0,0,0,4,0,0,0,54,0,0,0,0,49,0,5,0,15,0,0,0,0,14,1,0,0,10,0,0,0,0,10,0,0,0,4,0,0,0,0,4,0,0,0,6,0,0,0,0,2,4,0,0,5,0,0,0,0,4,1,0,0,10,0,0,0,0,9,1,0,0,6,4,2,0,0,0,0,0,0,1,CONSERVADOR DE AMBIENTE,0,0,0,0,0,0,1,0,No, ,Si,1,No, ,No, ,Si,2,Si,3,Si,13,Si,11,Si,21,Si,9,Si,4,Si,4,Si,16,Si,31,115,7,No, ,Sí,8,7,7,7,7,7,7,7,7, , , , , , , , , , , , , , , , , , , , , , , , , , , , , , , , ,Almenos una,2,No,No,Si,No,No,No,No,No,Si,No,Si,No,No,No,No,No, ,-12.06736168,-77.05304721
0422,150106,06,CARABAYLLO,De 80001 a más Hab,Distrital, , , , , , , , , , , , , , , , , , , , , , , , , , , , ,2,15,1,6,No,Si,15,1,10,No,Si, , , , , , , , , , , , , , , , , , , , , , , , , , , , , , , , , , , , , , , , ,104,3,2,0,0,75,24,0,0,8,0,0,0,0,3,5,0,0,46,0,0,0,0,43,3,0,0,3,0,0,0,0,3,0,0,0,17,0,0,0,0,11,6,0,0,3,0,0,0,0,3,0,0,0,10,0,0,0,0,2,8,0,0,3,0,0,0,0,1,2,0,0,9,0,0,0,0,9,0,0,0,5,3,2,0,0,0,0,0,0,0, ,0,0,0,0,0,0,0,0,No, ,Si,1,No, ,No, ,Si,1,Si,3,Si,10,Si,10,Si,13,Si,11,Si,6,Si,4,Si,11,Si,34,104,7,No, ,No, , , , , , , , , , , , , , , , , , , , , , , , , , , , , , , , , , , , , , , , , , , , , , , , , , , , , , , , , , , , ,-11.90163842,-77.03236349
0423,150106,06,CARABAYLLO,De 80001 a más Hab,Distrital, , , , , , , , , , , , , , , , , , , , , , , , , , , , ,1,15,1,6,No,Si, , , , , , , , , , , , , , , , , , , , , , , , , , , , , , , , , , , , , , , , , , , , , ,79,6,0,0,0,63,8,2,0,5,0,0,0,0,4,1,0,0,31,0,0,0,0,29,0,2,0,5,0,0,0,0,5,0,0,0,12,0,0,0,0,10,2,0,0,4,0,0,0,0,3,1,0,0,5,0,0,0,0,2,3,0,0,3,0,0,0,0,2,1,0,0,8,0,0,0,0,8,0,0,0,6,6,0,0,0,0,0,0,0,0, ,0,0,0,0,0,0,0,0,No, ,Si,1,Si,1,Si,1,No, ,Si,3,Si,6,Si,9,Si,9,Si,7,Si,6,Si,5,Si,11,Si,20,79,6,No, ,Sí,6,2,2,2,2,2,2, , , , , , , , , , , , , , , , , , , , , , , , , , , , , , , , , , ,Ninguna, , , , , , , , , , , , , , , , , , ,-11.87452233,-77.01590523
0424,150106,06,CARABAYLLO,De 40001 - 80000 Hab,Distrital, , , , , , , , , , , , , , , , , , , , , , , , , , , , ,1,15,1,6,No,Si, , , , , , , , , , , , , , , , , , , , , , , , , , , , , , , , , , , , , , , , , , , , , ,88,5,1,0,0,64,16,2,0,9,0,0,0,0,3,6,0,0,35,0,0,0,0,32,2,1,0,2,0,0,0,0,2,0,0,0,9,0,0,0,0,8,1,0,0,2,0,0,0,0,2,0,0,0,8,0,0,0,0,2,6,0,0,3,0,0,0,0,1,1,1,0,11,2,0,0,0,9,0,0,0,4,3,1,0,0,0,0,0,0,5,PUESTO DE AUXILIO RAPIDO,0,0,0,0,5,0,0,0,No, ,Si,1,No, ,No, ,Si,1,Si,4,Si,11,Si,9,Si,7,Si,4,Si,8,Si,4,Si,10,Si,29,88,7,No, ,No, , , , , , , , , , , , , , , , , , , , , , , , , , , , , , , , , , , , , , , , , , , , , , , , , , , , , , , , , , , , ,-11.85399005,-77.03802779
0425,150107,07,CHACLACAYO,De 40001 - 80000 Hab,Distrital, , , , , , , , , , , , , , , , , , , , , , , , , , , , ,2,15,1,18,No,Si,15,1,7,Si,No, , , , , , , , , , , , , , , , , , , , , , , , , , , , , , , , , , , , , , , , ,69,6,0,0,0,53,8,2,0,6,1,0,0,0,3,2,0,0,17,1,0,0,0,16,0,0,0,15,0,0,0,0,14,1,0,0,9,1,0,0,0,8,0,0,0,2,0,0,0,0,2,0,0,0,4,1,0,0,0,2,1,0,0,2,0,0,0,0,1,1,0,0,6,0,0,0,0,5,1,0,0,1,1,0,0,0,0,0,0,0,7,PUESTO DE AUXILIO RAPIDO,1,0,0,0,2,2,2,0,No, ,Si,1,Si,1,Si,1,No, ,Si,3,Si,7,Si,7,Si,13,Si,10,Si,2,Si,5,Si,7,Si,12,69,8,No, ,Sí,2,7,8, , , , , , , , , , , , , , , , , , , , , , , , , , , , , , , , , , , , , , ,Almenos una,2,Si,Si,Si,Si,Si,Si,Si,Si,Si,Si,Si,Si,Si,Si,Si,No, ,-11.97706158,-76.76559959
0426,150108,08,CHORRILLOS,De 40001 - 80000 Hab,Distrital, , , , , , , , , , , , , , , , , , , , , , , , , , , , ,1,15,1,8,No,Si, , , , , , , , , , , , , , , , , , , , , , , , , , , , , , , , , , , , , , , , , , , , , ,69,3,1,0,0,57,4,4,0,5,0,0,0,0,3,2,0,0,31,0,0,0,0,28,0,3,0,7,0,0,0,0,7,0,0,0,6,0,0,0,0,6,0,0,0,2,0,0,0,0,2,0,0,0,6,0,0,0,0,4,2,0,0,2,0,0,0,0,1,0,1,0,6,0,0,0,0,6,0,0,0,4,3,1,0,0,0,0,0,0,0, ,0,0,0,0,0,0,0,0,No, ,No, ,Si,1,No, ,No, ,Si,3,Si,8,Si,13,Si,7,Si,1,Si,4,Si,1,Si,6,Si,25,69,4,No, ,Sí,5,5,5,5,5,5, , , , , , , , , , , , , , , , , , , , , , , , , , , , , , , , , , , ,Ninguna, , , , , , , , , , , , , , , , , , ,-12.19443849,-77.02054826
0427,150108,08,CHORRILLOS,De 80001 a más Hab,Distrital, , , , , , , , , , , , , , , , , , , , , , , , , , , , ,3,15,1,8,No,Si,15,1,40,No,Si,15,1,42,No,Si, , , , , , , , , , , , , , , , , , , , , , , , , , , , , , , , , , , ,103,5,1,0,0,86,9,1,1,6,0,0,0,0,5,1,0,0,42,0,0,0,0,39,2,1,0,13,0,0,0,0,12,1,0,0,12,0,0,0,0,11,0,0,1,6,0,0,0,0,5,1,0,0,7,0,0,0,0,4,3,0,0,2,0,0,0,0,1,1,0,0,9,0,0,0,0,9,0,0,0,6,5,1,0,0,0,0,0,0,0, ,0,0,0,0,0,0,0,0,No, ,No, ,Si,1,Si,1,Si,1,Si,3,Si,11,Si,14,Si,4,Si,8,Si,2,Si,4,Si,6,Si,48,103,7,Sí,6,No, , , , , , , , , , , , , , , , , , , , , , , , , , , , , , , , , , , , , , , , , , , , , , , , , , , , , , , , , , , , ,-12.18580597,-77.00795844
0428,150108,08,CHORRILLOS,De 80001 a más Hab,Distrital, , , , , , , , , , , , , , , , , , , , , , , , , , , , ,3,15,1,8,No,Si,15,1,33,No,Si,15,1,40,No,Si, , , , , , , , , , , , , , , , , , , , , , , , , , , , , , , , , , , ,97,5,0,0,0,82,6,4,0,7,0,0,0,0,5,2,0,0,44,1,0,0,0,39,0,4,0,8,0,0,0,0,7,1,0,0,8,0,0,0,0,7,1,0,0,4,0,0,0,0,3,1,0,0,3,0,0,0,0,2,1,0,0,2,0,0,0,0,2,0,0,0,14,2,0,0,0,12,0,0,0,1,1,0,0,0,0,0,0,0,6,DESTACADOS,1,0,0,0,5,0,0,0,No, ,No, ,Si,1,No, ,Si,1,Si,3,Si,10,Si,8,Si,14,Si,13,No, ,Si,2,Si,12,Si,33,97,6,No, ,Sí,2,12,12, , , , , , , , , , , , , , , , , , , , , , , , , , , , , , , , , , , , , , ,Ninguna, , , , , , , , , , , , , , , , , , ,-12.19189428,-76.98013832
0429,150108,08,CHORRILLOS,De 80001 a más Hab,Distrital, , , , , , , , , , , , , , , , , , , , , , , , , , , , ,1,15,1,8,No,Si, , , , , , , , , , , , , , , , , , , , , , , , , , , , , , , , , , , , , , , , , , , , , ,136,5,1,0,0,108,16,6,0,17,0,0,0,0,9,8,0,0,35,0,0,0,0,30,0,5,0,43,0,0,0,0,40,3,0,0,10,0,0,0,0,9,1,0,0,5,0,0,0,0,4,1,0,0,5,0,0,0,0,3,2,0,0,3,0,0,0,0,2,1,0,0,12,0,0,0,0,11,0,1,0,6,5,1,0,0,0,0,0,0,0, ,0,0,0,0,0,0,0,0,No, ,Si,1,Si,1,No, ,No, ,Si,4,Si,15,Si,10,Si,11,Si,17,Si,5,Si,3,Si,14,Si,55,136,8,No, ,Sí,5,20,20,20,20,20, , , , , , , , , , , , , , , , , , , , , , , , , , , , , , , , , , , ,Almenos una,5,Si,Si,Si,No,No,No,No,No,Si,Si,Si,Si,No,No,No,No, ,-12.17025615,-77.02320216
0430,150109,09,CIENEGUILLA,De 20001 - 40000 Hab,Distrital, , , , , , , , , , , , , , , , , , , , , , , , , , , , ,3,15,1,9,Si,No,15,7,2,Si,No,15,1,23,No,Si, , , , , , , , , , , , , , , , , , , , , , , , , , , , , , , , , , , ,63,5,0,0,0,54,4,0,0,5,1,0,0,0,3,1,0,0,24,2,0,0,0,22,0,0,0,13,0,0,0,0,13,0,0,0,7,1,0,0,0,6,0,0,0,3,0,0,0,0,3,0,0,0,2,0,0,0,0,1,1,0,0,3,0,0,0,0,1,2,0,0,5,0,0,0,0,5,0,0,0,1,1,0,0,0,0,0,0,0,0, ,0,0,0,0,0,0,0,0,No, ,Si,1,Si,1,Si,1,No, ,Si,2,Si,2,Si,8,Si,1,Si,5,Si,4,Si,4,Si,8,Si,26,63,5,No, ,Sí,5,5,5,5,5,5, , , , , , , , , , , , , , , , , , , , , , , , , , , , , , , , , , , ,Ninguna, , , , , , , , , , , , , , , , , , ,-12.115782,-76.81287
0431,150110,10,COMAS,De 40001 - 80000 Hab,Distrital, , , , , , , , , , , , , , , , , , , , , , , , , , , , ,1,15,1,10,No,Si, , , , , , , , , , , , , , , , , , , , , , , , , , , , , , , , , , , , , , , , , , , , , ,72,4,1,0,0,50,14,3,0,10,0,0,0,0,3,5,2,0,24,0,0,0,0,23,0,1,0,5,0,0,0,0,3,2,0,0,7,0,0,0,0,6,1,0,0,4,0,0,0,0,3,1,0,0,0,0,0,0,0,0,0,0,0,3,0,0,0,0,0,3,0,0,12,0,0,0,0,10,2,0,0,5,4,1,0,0,0,0,0,0,2,SERVICIOS EMERGENCIA HOSPITAL,0,0,0,0,2,0,0,0,No, ,Si,1,No, ,Si,1,No, ,Si,3,Si,5,Si,6,Si,8,Si,9,Si,3,Si,5,Si,6,Si,25,72,7,No, ,Sí,2,5,5, , , , , , , , , , , , , , , , , , , , , , , , , , , , , , , , , , , , , , ,Almenos una,2,No,No,No,No,No,No,No,No,Si,No,No,No,No,No,No,No, ,-11.9129026,-77.01633608
0432,150110,10,COMAS,De 40001 - 80000 Hab,Distrital, , , , , , , , , , , , , , , , , , , , , , , , , , , , ,1,15,1,10,Si,No, , , , , , , , , , , , , , , , , , , , , , , , , , , , , , , , , , , , , , , , , , , , , ,84,5,0,0,0,63,14,1,1,15,1,0,0,0,7,5,1,1,38,2,0,0,0,36,0,0,0,4,0,0,0,0,4,0,0,0,12,1,0,0,0,9,2,0,0,2,0,0,0,0,2,0,0,0,6,0,0,0,0,0,6,0,0,2,0,0,0,0,1,1,0,0,4,0,0,0,0,4,0,0,0,1,1,0,0,0,0,0,0,0,0, ,0,0,0,0,0,0,0,0,No, ,No, ,Si,1,No, ,Si,1,Si,3,Si,11,Si,9,Si,9,Si,7,Si,6,Si,4,Si,10,Si,23,84,5,Sí,4,Sí,2,10,10, , , , , , , , , , , , , , , , , , , , , , , , , , , , , , , , , , , , , , ,Almenos una,2,No,No,No,No,No,No,No,No,Si,No,No,No,No,No,No,No, ,-11.935053,-77.045882
0433,150110,10,COMAS,De 40001 - 80000 Hab,Distrital, , , , , , , , , , , , , , , , , , , , , , , , , , , , ,2,15,1,10,No,Si,15,1,35,No,Si, , , , , , , , , , , , , , , , , , , , , , , , , , , , , , , , , , , , , , , , ,120,6,0,0,0,98,16,0,0,7,0,0,0,0,4,3,0,0,57,4,0,0,0,51,2,0,0,16,1,0,0,0,7,8,0,0,15,0,0,0,0,15,0,0,0,3,0,0,0,0,3,0,0,0,3,0,0,0,0,2,1,0,0,3,0,0,0,0,1,2,0,0,15,0,0,0,0,15,0,0,0,1,1,0,0,0,0,0,0,0,0, ,0,0,0,0,0,0,0,0,No, ,Si,1,Si,1,Si,1,Si,1,Si,2,Si,10,Si,31,Si,12,Si,11,Si,6,Si,4,Si,10,Si,30,120,6,Sí,1,Sí,1,20, , , , , , , , , , , , , , , , , , , , , , , , , , , , , , , , , , , , , , , ,Almenos una,1,Si,No,No,No,No,No,No,No,Si,No,No,No,No,No,No,No, ,-11.94440517,-77.06649677
0434,150110,10,COMAS,De 40001 - 80000 Hab,Distrital, , , , , , , , , , , , , , , , , , , , , , , , , , , , ,1,15,1,10,No,Si, , , , , , , , , , , , , , , , , , , , , , , , , , , , , , , , , , , , , , , , , , , , , ,85,2,3,0,0,67,11,0,2,6,0,0,0,0,4,0,0,2,28,0,0,0,0,28,0,0,0,14,0,0,0,0,9,5,0,0,6,0,0,0,0,5,1,0,0,3,0,0,0,0,2,1,0,0,3,0,0,0,0,0,3,0,0,2,0,0,0,0,1,1,0,0,22,1,3,0,0,18,0,0,0,1,1,0,0,0,0,0,0,0,0, ,0,0,0,0,0,0,0,0,No, ,No, ,Si,1,Si,1,No, ,Si,3,Si,6,Si,12,Si,12,Si,11,Si,5,Si,5,Si,8,Si,21,85,8,Sí,4,Sí,2,20,20, , , , , , , , , , , , , , , , , , , , , , , , , , , , , , , , , , , , , , ,Almenos una,1,No,No,No,No,No,No,No,No,Si,No,No,No,No,Si,No,No, ,-11.94739082,-77.06015053
0435,150110,10,COMAS,De 80001 a más Hab,Distrital, , , , , , , , , , , , , , , , , , , , , , , , , , , , ,1,15,1,10,No,Si, , , , , , , , , , , , , , , , , , , , , , , , , , , , , , , , , , , , , , , , , , , , , ,91,6,0,0,0,79,5,1,0,4,0,0,0,0,4,0,0,0,43,0,0,0,0,42,0,1,0,0,0,0,0,0,0,0,0,0,12,0,0,0,0,10,2,0,0,3,0,0,0,0,3,0,0,0,9,0,0,0,0,6,3,0,0,2,0,0,0,0,2,0,0,0,12,0,0,0,0,12,0,0,0,6,6,0,0,0,0,0,0,0,0, ,0,0,0,0,0,0,0,0,No, ,Si,1,No, ,No, ,Si,2,Si,3,Si,11,Si,10,Si,12,Si,5,Si,1,Si,3,Si,7,Si,36,91,6,No, ,No, , , , , , , , , , , , , , , , , , , , , , , , , , , , , , , , , , , , , , , , , , , , , , , , , , , , , , , , , , , , ,-11.95528863,-77.0525028
0436,150111,11,EL AGUSTINO,De 10001 - 20000 Hab,Distrital, , , , , , , , , , , , , , , , , , , , , , , , , , , , ,2,15,1,11,No,Si,15,1,1,No,Si, , , , , , , , , , , , , , , , , , , , , , , , , , , , , , , , , , , , , , , , ,63,4,1,0,0,53,4,1,0,4,1,0,0,0,2,0,1,0,31,1,0,0,0,30,0,0,0,6,0,0,0,0,3,3,0,0,5,0,0,0,0,4,1,0,0,2,0,0,0,0,2,0,0,0,2,0,0,0,0,2,0,0,0,2,0,0,0,0,2,0,0,0,10,1,1,0,0,8,0,0,0,1,1,0,0,0,0,0,0,0,0, ,0,0,0,0,0,0,0,0,No, ,No, ,Si,1,Si,1,Si,1,Si,2,Si,6,Si,6,Si,7,Si,5,Si,2,Si,3,Si,5,Si,24,63,6,No, ,Sí,2,6,6, , , , , , , , , , , , , , , , , , , , , , , , , , , , , , , , , , , , , , ,Ninguna, , , , , , , , , , , , , , , , , , ,-12.05675151,-77.00802869
0437,150111,11,EL AGUSTINO,De 40001 - 80000 Hab,Distrital, , , , , , , , , , , , , , , , , , , , , , , , , , , , ,1,15,1,11,No,Si, , , , , , , , , , , , , , , , , , , , , , , , , , , , , , , , , , , , , , , , , , , , , ,42,3,0,0,0,38,0,1,0,4,1,0,0,0,3,0,0,0,18,0,0,0,0,17,0,1,0,5,0,0,0,0,5,0,0,0,5,1,0,0,0,4,0,0,0,2,0,0,0,0,2,0,0,0,2,0,0,0,0,2,0,0,0,1,0,0,0,0,1,0,0,0,4,0,0,0,0,4,0,0,0,1,1,0,0,0,0,0,0,0,0, ,0,0,0,0,0,0,0,0,No, ,No, ,Si,1,No, ,No, ,Si,2,Si,3,Si,3,Si,5,Si,4,No, ,Si,2,Si,1,Si,21,42,6,No, ,Sí,2,2,2, , , , , , , , , , , , , , , , , , , , , , , , , , , , , , , , , , , , , , ,Ninguna, , , , , , , , , , , , , , , , , , ,-12.0598343,-77.00288169
0438,150111,11,EL AGUSTINO,De 40001 - 80000 Hab,Distrital, , , , , , , , , , , , , , , , , , , , , , , , , , , , ,2,15,1,1,No,Si,15,1,11,No,Si, , , , , , , , , , , , , , , , , , , , , , , , , , , , , , , , , , , , , , , , ,61,5,0,0,0,52,2,2,0,2,1,0,0,0,1,0,0,0,28,1,0,0,0,25,0,2,0,9,0,0,0,0,9,0,0,0,9,1,0,0,0,8,0,0,0,2,0,0,0,0,2,0,0,0,3,0,0,0,0,1,2,0,0,1,0,0,0,0,1,0,0,0,6,1,0,0,0,5,0,0,0,1,1,0,0,0,0,0,0,0,0, ,0,0,0,0,0,0,0,0,No, ,No, ,Si,1,No, ,No, ,Si,4,Si,6,Si,4,Si,14,Si,7,No, ,Si,4,Si,6,Si,15,61,6,Sí,13,No, , , , , , , , , , , , , , , , , , , , , , , , , , , , , , , , , , , , , , , , , , , , , , , , , , , , , , , , , , , , ,-12.05100189,-77.00874323
0439,150111,11,EL AGUSTINO,De 20001 - 40000 Hab,Distrital, , , , , , , , , , , , , , , , , , , , , , , , , , , , ,2,15,1,11,No,Si,15,1,37,No,Si, , , , , , , , , , , , , , , , , , , , , , , , , , , , , , , , , , , , , , , , ,64,4,0,0,0,50,7,3,0,10,0,0,0,0,9,0,1,0,18,0,0,0,0,15,1,2,0,13,1,0,0,0,12,0,0,0,10,1,0,0,0,8,1,0,0,2,0,0,0,0,2,0,0,0,3,0,0,0,0,0,3,0,0,5,0,0,0,0,4,1,0,0,2,2,0,0,0,0,0,0,0,1,0,0,0,0,0,1,0,0,0, ,0,0,0,0,0,0,0,0,No, ,No, ,No, ,Si,1,Si,1,Si,2,Si,1,Si,6,Si,12,Si,3,Si,6,Si,3,Si,8,Si,21,64,7,No, ,No, , , , , , , , , , , , , , , , , , , , , , , , , , , , , , , , , , , , , , , , , , , , , , , , , , , , , , , , , , , , ,-12.04136003,-76.98862576
0440,150111,11,EL AGUSTINO,De 80001 a más Hab,Distrital, , , , , , , , , , , , , , , , , , , , , , , , , , , , ,1,15,1,11,No,Si, , , , , , , , , , , , , , , , , , , , , , , , , , , , , , , , , , , , , , , , , , , , , ,110,5,1,0,0,94,9,1,0,13,0,0,0,0,12,1,0,0,50,0,0,0,0,45,4,1,0,10,0,0,0,0,10,0,0,0,13,0,0,0,0,12,1,0,0,3,0,0,0,0,3,0,0,0,4,0,0,0,0,3,1,0,0,3,0,0,0,0,1,2,0,0,8,0,0,0,0,8,0,0,0,6,5,1,0,0,0,0,0,0,0, ,0,0,0,0,0,0,0,0,No, ,Si,1,No, ,Si,2,No, ,Si,3,Si,15,Si,10,Si,15,Si,3,Si,4,Si,4,Si,10,Si,43,110,7,Sí,18,Sí,4,12,12,12,12, , , , , , , , , , , , , , , , , , , , , , , , , , , , , , , , , , , , ,Ninguna, , , , , , , , , , , , , , , , , , ,-12.04931883,-76.99766037
0441,150115,15,LA VICTORIA,De 40001 - 80000 Hab,Distrital, , , , , , , , , , , , , , , , , , , , , , , , , , , , ,1,15,1,15,No,Si, , , , , , , , , , , , , , , , , , , , , , , , , , , , , , , , , , , , , , , , , , , , , ,57,5,0,0,0,47,1,2,2,3,1,0,0,0,0,0,0,2,36,1,0,0,0,33,0,2,0,0,0,0,0,0,0,0,0,0,6,1,0,0,0,5,0,0,0,3,1,0,0,0,2,0,0,0,1,0,0,0,0,0,1,0,0,2,0,0,0,0,2,0,0,0,5,0,0,0,0,5,0,0,0,1,1,0,0,0,0,0,0,0,0, ,0,0,0,0,0,0,0,0,No, ,No, ,Si,1,No, ,Si,1,Si,3,Si,2,Si,4,Si,9,Si,6,Si,2,No, ,Si,11,Si,18,57,6,No, ,Sí,2,8,8, , , , , , , , , , , , , , , , , , , , , , , , , , , , , , , , , , , , , , ,Ninguna, , , , , , , , , , , , , , , , , , ,-12.06447203,-77.00771981
0442,150112,12,INDEPENDENCIA,De 80001 a más Hab,Distrital, , , , , , , , , , , , , , , , , , , , , , , , , , , , ,1,15,1,12,Si,No, , , , , , , , , , , , , , , , , , , , , , , , , , , , , , , , , , , , , , , , , , , , , ,121,6,0,0,0,100,12,2,1,5,0,0,0,0,3,1,0,1,50,5,0,0,0,43,0,2,0,21,0,0,0,0,18,3,0,0,21,1,0,0,0,19,1,0,0,4,0,0,0,0,4,0,0,0,4,0,0,0,0,0,4,0,0,5,0,0,0,0,3,2,0,0,6,0,0,0,0,6,0,0,0,2,0,0,0,0,2,0,0,0,3,COPIAS CERTIFICADAS Y SEGURIDAD DE LAS INSTALACIONES DEL COMPLEJO,0,0,0,0,2,1,0,0,No, ,Si,1,No, ,Si,1,No, ,Si,4,Si,16,Si,23,Si,11,Si,13,Si,3,Si,3,Si,13,Si,33,121,9,Sí,6,Sí,4,25,25,20,20, , , , , , , , , , , , , , , , , , , , , , , , , , , , , , , , , , , , ,Ninguna, , , , , , , , , , , , , , , , , , ,-11.996222,-77.054767
0443,150112,12,INDEPENDENCIA,De 80001 a más Hab,Distrital, , , , , , , , , , , , , , , , , , , , , , , , , , , , ,1,15,1,12,No,Si, , , , , , , , , , , , , , , , , , , , , , , , , , , , , , , , , , , , , , , , , , , , , ,63,4,0,0,0,46,12,1,0,7,0,0,0,0,3,4,0,0,29,0,0,0,0,29,0,0,0,2,0,0,0,0,0,2,0,0,3,0,0,0,0,3,0,0,0,2,0,0,0,0,2,0,0,0,4,0,0,0,0,1,3,0,0,4,0,0,0,0,1,3,0,0,8,0,0,0,0,7,0,1,0,4,4,0,0,0,0,0,0,0,0, ,0,0,0,0,0,0,0,0,No, ,No, ,Si,1,No, ,No, ,Si,3,Si,5,Si,11,Si,6,Si,4,Si,3,Si,3,Si,9,Si,18,63,6,Sí,2,No, , , , , , , , , , , , , , , , , , , , , , , , , , , , , , , , , , , , , , , , , , , , , , , , , , , , , , , , , , , , ,-11.97199902,-77.04362776
0444,150112,12,INDEPENDENCIA,De 80001 a más Hab,Distrital, , , , , , , , , , , , , , , , , , , , , , , , , , , , ,1,15,1,12,No,Si, , , , , , , , , , , , , , , , , , , , , , , , , , , , , , , , , , , , , , , , , , , , , ,69,4,0,0,0,52,12,1,0,8,0,0,0,0,3,5,0,0,30,0,0,0,0,29,0,1,0,0,0,0,0,0,0,0,0,0,6,0,0,0,0,6,0,0,0,3,0,0,0,0,3,0,0,0,6,0,0,0,0,1,5,0,0,3,0,0,0,0,1,2,0,0,9,0,0,0,0,9,0,0,0,4,4,0,0,0,0,0,0,0,0, ,0,0,0,0,0,0,0,0,No, ,No, ,Si,1,No, ,No, ,Si,3,Si,13,Si,11,Si,9,Si,6,Si,3,Si,3,Si,4,Si,16,69,7,No, ,Sí,5,2,2,2,2,2, , , , , , , , , , , , , , , , , , , , , , , , , , , , , , , , , , , ,Almenos una,2,No,No,No,No,No,No,No,No,Si,No,No,No,No,No,No,Si,ESCALERA,-11.98045559,-77.04887443
0445,150128,28,RIMAC,De 20001 - 40000 Hab,Distrital, , , , , , , , , , , , , , , , , , , , , , , , , , , , ,2,15,1,12,No,Si,15,1,28,No,Si, , , , , , , , , , , , , , , , , , , , , , , , , , , , , , , , , , , , , , , , ,59,4,1,0,0,47,6,1,0,23,1,1,0,0,16,5,0,0,18,0,0,0,0,17,1,0,0,1,0,0,0,0,1,0,0,0,5,0,0,0,0,5,0,0,0,2,0,0,0,0,2,0,0,0,2,0,0,0,0,2,0,0,0,3,0,0,0,0,2,0,1,0,2,0,0,0,0,2,0,0,0,3,3,0,0,0,0,0,0,0,0, ,0,0,0,0,0,0,0,0,No, ,No, ,No, ,Si,1,Si,1,Si,3,Si,6,Si,6,Si,6,Si,3,Si,2,Si,8,Si,4,Si,19,59,3,Sí,4,No, , , , , , , , , , , , , , , , , , , , , , , , , , , , , , , , , , , , , , , , , , , , , , , , , , , , , , , , , , , , ,-12.0138325,-77.04922217
0446,150113,13,JESUS MARIA,De 80001 a más Hab,Distrital, , , , , , , , , , , , , , , , , , , , , , , , , , , , ,1,15,1,13,Si,No, , , , , , , , , , , , , , , , , , , , , , , , , , , , , , , , , , , , , , , , , , , , , ,96,4,1,0,0,83,6,2,0,11,0,0,0,0,8,3,0,0,35,1,0,0,0,32,0,2,0,14,0,0,0,0,14,0,0,0,9,1,0,0,0,8,0,0,0,5,1,0,0,0,4,0,0,0,4,0,0,0,0,4,0,0,0,5,0,1,0,0,3,1,0,0,12,0,0,0,0,10,2,0,0,1,1,0,0,0,0,0,0,0,0, ,0,0,0,0,0,0,0,0,No, ,Si,1,No, ,Si,1,No, ,Si,3,Si,13,Si,15,Si,12,Si,11,Si,4,Si,2,Si,10,Si,24,96,8,Sí,14,Sí,6,10,10,10,10,10,10, , , , , , , , , , , , , , , , , , , , , , , , , , , , , , , , , , ,Ninguna, , , , , , , , , , , , , , , , , , ,-12.07114607,-77.04753564
0447,150114,14,LA MOLINA,De 40001 - 80000 Hab,Distrital, , , , , , , , , , , , , , , , , , , , , , , , , , , , ,1,15,1,14,No,Si, , , , , , , , , , , , , , , , , , , , , , , , , , , , , , , , , , , , , , , , , , , , , ,60,4,1,0,0,48,7,0,0,10,0,0,0,0,8,2,0,0,29,0,0,0,0,27,2,0,0,0,0,0,0,0,0,0,0,0,5,0,0,0,0,5,0,0,0,2,0,0,0,0,2,0,0,0,2,0,0,0,0,0,2,0,0,2,0,0,0,0,1,1,0,0,9,3,1,0,0,5,0,0,0,1,1,0,0,0,0,0,0,0,0, ,0,0,0,0,0,0,0,0,No, ,Si,1,No, ,No, ,Si,1,Si,3,Si,5,Si,7,Si,9,Si,5,Si,3,Si,2,Si,4,Si,20,60,1,No, ,No, , , , , , , , , , , , , , , , , , , , , , , , , , , , , , , , , , , , , , , , , , , , , , , , , , , , , , , , , , , , ,-12.07730338,-76.91649741
0448,150114,14,LA MOLINA,De 40001 - 80000 Hab,Distrital, , , , , , , , , , , , , , , , , , , , , , , , , , , , ,1,15,1,14,No,Si, , , , , , , , , , , , , , , , , , , , , , , , , , , , , , , , , , , , , , , , , , , , , ,86,4,2,0,0,65,8,3,4,10,0,1,0,0,1,1,3,4,31,2,0,0,0,29,0,0,0,10,0,0,0,0,9,1,0,0,6,0,0,0,0,5,1,0,0,6,0,0,0,0,6,0,0,0,3,0,0,0,0,0,3,0,0,3,0,0,0,0,2,1,0,0,13,1,1,0,0,11,0,0,0,1,1,0,0,0,0,0,0,0,3,MINISTERIO PUBLICO,0,0,0,0,2,1,0,0,No, ,Si,1,No, ,Si,1,No, ,Si,4,Si,10,Si,11,Si,15,Si,4,Si,3,Si,4,Si,6,Si,27,86,0,No, ,No, , , , , , , , , , , , , , , , , , , , , , , , , , , , , , , , , , , , , , , , , , , , , , , , , , , , , , , , , , , , ,-12.07226816,-76.95531367
0449,150115,15,LA VICTORIA,De 10001 - 20000 Hab,Distrital, , , , , , , , , , , , , , , , , , , , , , , , , , , , ,1,15,1,15,No,Si, , , , , , , , , , , , , , , , , , , , , , , , , , , , , , , , , , , , , , , , , , , , , ,124,8,0,0,0,109,7,0,0,7,1,0,0,0,6,0,0,0,60,1,0,0,0,59,0,0,0,2,0,0,0,0,2,0,0,0,23,1,0,0,0,20,2,0,0,3,0,0,0,0,3,0,0,0,5,0,0,0,0,2,3,0,0,2,0,0,0,0,0,2,0,0,17,2,0,0,0,15,0,0,0,3,3,0,0,0,0,0,0,0,2,MINISTERIO PUBLICO,0,0,0,0,2,0,0,0,No, ,Si,1,Si,1,Si,1,Si,1,Si,4,Si,16,Si,12,Si,17,Si,12,Si,4,Si,5,Si,15,Si,35,124,8,No, ,Sí,2,1,1, , , , , , , , , , , , , , , , , , , , , , , , , , , , , , , , , , , , , , ,Ninguna, , , , , , , , , , , , , , , , , , ,-12.07138158,-77.00985548
0450,150115,15,LA VICTORIA,De 40001 - 80000 Hab,Distrital, , , , , , , , , , , , , , , , , , , , , , , , , , , , ,1,15,1,15,No,Si, , , , , , , , , , , , , , , , , , , , , , , , , , , , , , , , , , , , , , , , , , , , , ,161,9,1,0,0,138,8,5,0,7,1,0,0,0,5,0,1,0,63,2,0,0,0,57,0,4,0,43,0,0,0,0,38,5,0,0,20,3,0,0,0,17,0,0,0,5,0,0,0,0,5,0,0,0,6,0,1,0,0,4,1,0,0,5,1,0,0,0,2,2,0,0,10,0,0,0,0,10,0,0,0,2,2,0,0,0,0,0,0,0,0, ,0,0,0,0,0,0,0,0,No, ,Si,1,Si,1,Si,2,Si,1,Si,5,Si,17,Si,25,Si,22,Si,10,Si,4,Si,8,Si,18,Si,47,161,6,No, ,Sí,7,5,5,5,5,5,5,5, , , , , , , , , , , , , , , , , , , , , , , , , , , , , , , , , ,Ninguna, , , , , , , , , , , , , , , , , , ,-12.063003,-77.025787
0451,150116,16,LINCE,De 40001 - 80000 Hab,Distrital, , , , , , , , , , , , , , , , , , , , , , , , , , , , ,1,15,1,16,Si,No, , , , , , , , , , , , , , , , , , , , , , , , , , , , , , , , , , , , , , , , , , , , , ,96,7,0,0,0,84,2,3,0,8,2,0,0,0,4,2,0,0,64,4,0,0,0,57,0,3,0,0,0,0,0,0,0,0,0,0,10,1,0,0,0,9,0,0,0,4,0,0,0,0,4,0,0,0,4,0,0,0,0,4,0,0,0,1,0,0,0,0,1,0,0,0,4,0,0,0,0,4,0,0,0,1,0,0,0,0,1,0,0,0,0, ,0,0,0,0,0,0,0,0,No, ,Si,1,Si,1,Si,1,No, ,Si,4,Si,8,Si,9,Si,17,Si,3,Si,3,Si,7,Si,12,Si,30,96,2,Sí,2,No, , , , , , , , , , , , , , , , , , , , , , , , , , , , , , , , , , , , , , , , , , , , , , , , , , , , , , , , , , , , ,-12.08351269,-77.02715234
0452,150117,17,LOS OLIVOS,De 40001 - 80000 Hab,Distrital, , , , , , , , , , , , , , , , , , , , , , , , , , , , ,2,15,1,17,No,Si,15,1,35,No,Si, , , , , , , , , , , , , , , , , , , , , , , , , , , , , , , , , , , , , , , , ,145,6,1,0,0,106,30,1,1,11,0,0,0,0,5,4,1,1,50,0,0,0,0,48,2,0,0,35,0,0,0,0,26,9,0,0,14,0,0,0,0,12,2,0,0,3,0,0,0,0,3,0,0,0,7,0,0,0,0,0,7,0,0,4,0,0,0,0,2,2,0,0,11,0,0,0,0,9,2,0,0,7,6,1,0,0,0,0,0,0,3,MINISTERIO PUBLICO,0,0,0,0,1,2,0,0,No, ,No, ,Si,1,Si,2,No, ,Si,4,Si,21,Si,17,Si,26,Si,12,Si,9,Si,4,Si,12,Si,37,145,6,No, ,No, , , , , , , , , , , , , , , , , , , , , , , , , , , , , , , , , , , , , , , , , , , , , , , , , , , , , , , , , , , , ,-11.97069793,-77.07806262
0453,150117,17,LOS OLIVOS,De 80001 a más Hab,Distrital, , , , , , , , , , , , , , , , , , , , , , , , , , , , ,2,15,1,17,No,Si,15,1,35,No,Si, , , , , , , , , , , , , , , , , , , , , , , , , , , , , , , , , , , , , , , , ,151,5,0,0,0,123,19,3,1,9,0,0,0,0,3,3,2,1,52,0,0,0,0,51,0,1,0,29,0,0,0,0,23,6,0,0,16,0,0,0,0,13,3,0,0,3,0,0,0,0,3,0,0,0,5,0,0,0,0,3,2,0,0,7,0,0,0,0,2,5,0,0,11,0,0,0,0,11,0,0,0,5,5,0,0,0,0,0,0,0,14,LABORES MIXTAS,0,0,0,0,14,0,0,0,No, ,Si,1,Si,1,No, ,No, ,Si,3,Si,25,Si,28,Si,13,Si,11,Si,7,Si,7,Si,13,Si,42,151,6,No, ,Sí,1,8, , , , , , , , , , , , , , , , , , , , , , , , , , , , , , , , , , , , , , , ,Almenos una,1,Si,Si,No,No,No,No,No,No,Si,No,Si,Si,No,Si,No,No, ,-11.93449439,-77.07755751
0454,150117,17,LOS OLIVOS,De 80001 a más Hab,Distrital, , , , , , , , , , , , , , , , , , , , , , , , , , , , ,3,15,1,17,No,Si,15,1,35,No,Si,7,1,1,No,Si, , , , , , , , , , , , , , , , , , , , , , , , , , , , , , , , , , , ,152,5,1,0,0,127,19,0,0,8,0,0,0,0,5,3,0,0,47,2,0,0,0,45,0,0,0,3,0,0,0,0,2,1,0,0,30,1,1,0,0,28,0,0,0,8,0,0,0,0,8,0,0,0,12,0,0,0,0,5,7,0,0,6,0,0,0,0,3,3,0,0,20,1,0,0,0,18,1,0,0,1,1,0,0,0,0,0,0,0,17,PUESTO DE AUXILIO RAPIDO,0,0,0,0,13,4,0,0,No, ,Si,1,Si,2,No, ,Si,1,Si,2,Si,27,Si,22,Si,28,Si,7,Si,4,Si,3,Si,10,Si,45,152,8,No, ,No, , , , , , , , , , , , , , , , , , , , , , , , , , , , , , , , , , , , , , , , , , , , , , , , , , , , , , , , , , , , ,-11.99761419,-77.06390802
0455,150118,18,LURIGANCHO,De 80001 a más Hab,Distrital, , , , , , , , , , , , , , , , , , , , , , , , , , , , ,1,15,1,18,No,Si, , , , , , , , , , , , , , , , , , , , , , , , , , , , , , , , , , , , , , , , , , , , , ,65,5,0,0,0,55,5,0,0,4,0,0,0,0,4,0,0,0,20,0,0,0,0,20,0,0,0,4,0,0,0,0,4,0,0,0,11,1,0,0,0,10,0,0,0,2,0,0,0,0,2,0,0,0,6,0,0,0,0,4,2,0,0,3,0,0,0,0,1,2,0,0,14,3,0,0,0,10,1,0,0,1,1,0,0,0,0,0,0,0,0, ,0,0,0,0,0,0,0,0,No, ,Si,1,Si,1,Si,1,Si,1,Si,1,Si,3,Si,3,Si,13,Si,12,Si,7,Si,6,Si,7,Si,9,65,5,No, ,Sí,1,12, , , , , , , , , , , , , , , , , , , , , , , , , , , , , , , , , , , , , , , ,Almenos una,1,No,No,No,No,No,No,No,No,Si,No,Si,No,Si,No,No,Si,CARPA,-11.93871425,-76.69674957
0456,150118,18,LURIGANCHO,De 40001 - 80000 Hab,Distrital, , , , , , , , , , , , , , , , , , , , , , , , , , , , ,1,15,1,18,No,Si, , , , , , , , , , , , , , , , , , , , , , , , , , , , , , , , , , , , , , , , , , , , , ,63,3,0,0,0,55,3,2,0,4,1,0,0,0,2,1,0,0,25,1,0,0,0,22,1,1,0,7,0,0,0,0,7,0,0,0,10,0,0,0,0,10,0,0,0,2,0,0,0,0,2,0,0,0,4,0,0,0,0,3,1,0,0,2,0,0,0,0,1,0,1,0,8,0,0,0,0,8,0,0,0,1,1,0,0,0,0,0,0,0,0, ,0,0,0,0,0,0,0,0,No, ,Si,1,No, ,No, ,No, ,Si,2,Si,5,Si,6,Si,11,Si,8,Si,4,Si,1,Si,7,Si,18,63,5,No, ,Sí,2,5,5, , , , , , , , , , , , , , , , , , , , , , , , , , , , , , , , , , , , , , ,Ninguna, , , , , , , , , , , , , , , , , , ,-11.98092243,-76.94387302
0457,150118,18,LURIGANCHO,De 20001 - 40000 Hab,Distrital, , , , , , , , , , , , , , , , , , , , , , , , , , , , ,1,15,1,18,No,Si, , , , , , , , , , , , , , , , , , , , , , , , , , , , , , , , , , , , , , , , , , , , , ,74,7,0,0,0,58,9,0,0,6,0,0,0,0,5,1,0,0,17,2,0,0,0,15,0,0,0,16,1,0,0,0,15,0,0,0,8,0,0,0,0,5,3,0,0,10,2,0,0,0,5,3,0,0,6,1,0,0,0,4,1,0,0,5,0,0,0,0,4,1,0,0,5,0,0,0,0,5,0,0,0,1,1,0,0,0,0,0,0,0,0, ,0,0,0,0,0,0,0,0,No, ,No, ,Si,1,Si,1,Si,3,Si,2,Si,7,Si,5,Si,10,Si,4,Si,7,Si,4,Si,12,Si,18,74,1,Sí,12,No, , , , , , , , , , , , , , , , , , , , , , , , , , , , , , , , , , , , , , , , , , , , , , , , , , , , , , , , , , , , ,-12.01460396,-76.93746973
0458,150143,43,VILLA MARIA DEL TRIUNFO,De 20001 - 40000 Hab,Distrital, , , , , , , , , , , , , , , , , , , , , , , , , , , , ,3,15,1,19,No,Si,15,1,23,No,Si,15,1,43,No,Si, , , , , , , , , , , , , , , , , , , , , , , , , , , , , , , , , , , ,49,5,0,0,0,40,4,0,0,2,0,0,0,0,2,0,0,0,17,0,0,0,0,17,0,0,0,5,0,0,0,0,5,0,0,0,2,0,0,0,0,2,0,0,0,2,0,0,0,0,2,0,0,0,4,0,0,0,0,1,3,0,0,2,0,0,0,0,1,1,0,0,10,0,0,0,0,10,0,0,0,5,5,0,0,0,0,0,0,0,0, ,0,0,0,0,0,0,0,0,No, ,Si,1,No, ,Si,1,No, ,Si,3,Si,6,Si,6,Si,5,Si,2,Si,1,Si,2,Si,4,Si,18,49,3,No, ,No, , , , , , , , , , , , , , , , , , , , , , , , , , , , , , , , , , , , , , , , , , , , , , , , , , , , , , , , , , , , ,-12.23393049,-76.9075196
0459,150143,43,VILLA MARIA DEL TRIUNFO,De 40001 - 80000 Hab,Otros,LOCALIDAD (PARTE DEL DISTRITO), , , , , , , , , , , , , , , , , , , , , , , , , , , , , , , , , , , , , , , , , , , , , , , , , , , , , , , , , , , , , , , , , , , , , , , , , , , , , , ,66,4,0,0,0,56,6,0,0,6,1,0,0,0,3,2,0,0,23,0,0,0,0,23,0,0,0,11,0,0,0,0,11,0,0,0,5,0,0,0,0,4,1,0,0,3,0,0,0,0,3,0,0,0,3,0,0,0,0,2,1,0,0,4,1,0,0,0,2,1,0,0,9,0,0,0,0,8,1,0,0,2,2,0,0,0,0,0,0,0,0, ,0,0,0,0,0,0,0,0,No, ,No, ,Si,1,No, ,Si,1,Si,2,Si,4,Si,8,Si,11,Si,4,Si,2,Si,5,Si,9,Si,19,66,6,No, ,Sí,2,6,6, , , , , , , , , , , , , , , , , , , , , , , , , , , , , , , , , , , , , , ,Ninguna, , , , , , , , , , , , , , , , , , ,-12.20000096,-76.92815728
0460,150119,19,LURIN,De 80001 a más Hab,Distrital, , , , , , , , , , , , , , , , , , , , , , , , , , , , ,1,15,1,19,No,Si, , , , , , , , , , , , , , , , , , , , , , , , , , , , , , , , , , , , , , , , , , , , , ,71,5,1,0,0,63,1,0,1,6,0,0,0,0,5,0,0,1,24,0,0,0,0,24,0,0,0,12,0,0,0,0,12,0,0,0,5,0,0,0,0,5,0,0,0,5,0,0,0,0,5,0,0,0,3,0,0,0,0,2,1,0,0,3,0,0,0,0,3,0,0,0,5,0,0,0,0,5,0,0,0,6,5,1,0,0,0,0,0,0,2,LABORES DE MONITOREO EN PATRULLAJE,0,0,0,0,2,0,0,0,No, ,Si,1,No, ,Si,1,Si,1,Si,3,Si,3,Si,8,Si,6,Si,4,Si,1,Si,4,Si,3,Si,36,71,6,No, ,Sí,5,3,3,3,3,3, , , , , , , , , , , , , , , , , , , , , , , , , , , , , , , , , , , ,Almenos una,5,Si,Si,No,No,No,No,No,No,Si,Si,Si,Si,No,Si,No,No, ,-12.27352953,-76.86920704
0461,150120,20,MAGDALENA DEL MAR,De 80001 a más Hab,Distrital, , , , , , , , , , , , , , , , , , , , , , , , , , , , ,1,15,1,20,Si,No, , , , , , , , , , , , , , , , , , , , , , , , , , , , , , , , , , , , , , , , , , , , , ,91,4,3,0,0,60,10,14,0,11,1,0,0,0,4,5,1,0,31,1,0,0,0,26,1,3,0,10,0,0,0,0,0,0,10,0,10,0,1,0,0,9,0,0,0,6,1,0,0,0,5,0,0,0,8,0,1,0,0,3,4,0,0,4,0,1,0,0,3,0,0,0,10,0,0,0,0,10,0,0,0,1,1,0,0,0,0,0,0,0,0, ,0,0,0,0,0,0,0,0,No, ,Si,1,Si,1,No, ,Si,1,Si,4,Si,11,Si,8,Si,6,Si,5,Si,6,Si,3,Si,9,Si,36,91,6,No, ,Sí,5,6,6,6,8,52, , , , , , , , , , , , , , , , , , , , , , , , , , , , , , , , , , , ,Ninguna, , , , , , , , , , , , , , , , , , ,-12.08805984,-77.07327657
0462,150121,21,PUEBLO LIBRE,De 80001 a más Hab,Distrital, , , , , , , , , , , , , , , , , , , , , , , , , , , , ,1,15,1,21,Si,No, , , , , , , , , , , , , , , , , , , , , , , , , , , , , , , , , , , , , , , , , , , , , ,89,6,0,0,0,74,5,3,1,7,0,0,0,0,6,0,1,0,29,2,0,0,0,26,0,1,0,19,1,0,0,0,17,1,0,0,10,1,0,0,0,9,0,0,0,3,0,0,0,0,3,0,0,0,6,1,0,0,0,3,1,0,1,3,0,0,0,0,1,1,1,0,9,0,0,0,0,7,2,0,0,1,1,0,0,0,0,0,0,0,2,ARMERO,0,0,0,0,2,0,0,0,No, ,Si,1,Si,1,No, ,Si,1,Si,3,Si,12,Si,16,Si,16,Si,6,Si,6,No, ,Si,10,Si,17,89,6,No, ,No, , , , , , , , , , , , , , , , , , , , , , , , , , , , , , , , , , , , , , , , , , , , , , , , , , , , , , , , , , , , ,-12.07708639,-77.06524187
0463,150122,22,MIRAFLORES,De 40001 - 80000 Hab,Distrital, , , , , , , , , , , , , , , , , , , , , , , , , , , , ,1,15,1,22,No,Si, , , , , , , , , , , , , , , , , , , , , , , , , , , , , , , , , , , , , , , , , , , , , ,105,4,3,0,0,92,4,1,1,12,2,2,0,0,6,0,1,1,61,0,0,0,0,58,3,0,0,0,0,0,0,0,0,0,0,0,8,0,0,0,0,8,0,0,0,6,0,0,0,0,5,1,0,0,4,0,0,0,0,4,0,0,0,2,0,0,0,0,2,0,0,0,9,0,0,0,0,9,0,0,0,3,2,1,0,0,0,0,0,0,0, ,0,0,0,0,0,0,0,0,No, ,Si,1,Si,1,No, ,Si,1,Si,4,Si,13,Si,17,Si,15,Si,8,Si,2,Si,5,Si,7,Si,31,105,6,No, ,Sí,3,6,6,6, , , , , , , , , , , , , , , , , , , , , , , , , , , , , , , , , , , , , ,Almenos una,2,Si,No,No,No,No,No,No,No,Si,No,Si,Si,No,No,No,Si,SILLA DE RUEDAS,-12.11454767,-77.02815585
0464,150122,22,MIRAFLORES,De 20001 - 40000 Hab,Distrital, , , , , , , , , , , , , , , , , , , , , , , , , , , , ,1,15,1,22,No,Si, , , , , , , , , , , , , , , , , , , , , , , , , , , , , , , , , , , , , , , , , , , , , ,59,5,0,0,0,50,2,1,1,4,0,0,0,0,3,0,0,1,32,3,0,0,0,28,0,1,0,3,0,0,0,0,3,0,0,0,5,1,0,0,0,4,0,0,0,3,0,0,0,0,3,0,0,0,1,0,0,0,0,0,1,0,0,1,0,0,0,0,0,1,0,0,9,0,0,0,0,9,0,0,0,1,1,0,0,0,0,0,0,0,0, ,0,0,0,0,0,0,0,0,No, ,No, ,Si,1,Si,1,No, ,Si,3,Si,11,Si,10,Si,10,Si,1,Si,2,Si,1,Si,6,Si,13,59,5,No, ,No, , , , , , , , , , , , , , , , , , , , , , , , , , , , , , , , , , , , , , , , , , , , , , , , , , , , , , , , , , , , ,-12.11488523,-77.0107812
0465,150123,23,PACHACAMAC,De 40001 - 80000 Hab,Distrital, , , , , , , , , , , , , , , , , , , , , , , , , , , , ,1,15,1,23,Si,No, , , , , , , , , , , , , , , , , , , , , , , , , , , , , , , , , , , , , , , , , , , , , ,52,4,0,0,0,45,2,0,1,6,1,0,0,0,3,1,0,1,25,1,0,0,0,24,0,0,0,0,0,0,0,0,0,0,0,0,7,1,0,0,0,6,0,0,0,2,0,0,0,0,2,0,0,0,3,0,0,0,0,2,1,0,0,2,0,0,0,0,2,0,0,0,6,0,0,0,0,6,0,0,0,1,1,0,0,0,0,0,0,0,0, ,0,0,0,0,0,0,0,0,No, ,No, ,Si,1,No, ,No, ,Si,3,Si,1,Si,5,Si,7,Si,3,Si,4,Si,10,Si,6,Si,12,52,4,No, ,Sí,5,4,4,4,8,14, , , , , , , , , , , , , , , , , , , , , , , , , , , , , , , , , , , ,Ninguna, , , , , , , , , , , , , , , , , , ,-12.11603,-76.870088
0466,150123,23,PACHACAMAC,De 40001 - 80000 Hab,Distrital, , , , , , , , , , , , , , , , , , , , , , , , , , , , ,1,15,1,23,No,Si, , , , , , , , , , , , , , , , , , , , , , , , , , , , , , , , , , , , , , , , , , , , , ,68,3,0,0,0,59,6,0,0,3,0,0,0,0,2,1,0,0,46,0,0,0,0,43,3,0,0,0,0,0,0,0,0,0,0,0,6,0,0,0,0,6,0,0,0,2,0,0,0,0,2,0,0,0,2,0,0,0,0,1,1,0,0,2,0,0,0,0,1,1,0,0,4,0,0,0,0,4,0,0,0,3,3,0,0,0,0,0,0,0,0, ,0,0,0,0,0,0,0,0,No, ,Si,1,No, ,No, ,No, ,Si,2,Si,5,Si,6,Si,7,Si,4,Si,2,No, ,Si,7,Si,34,68,6,No, ,Sí,4,6,6,6,6, , , , , , , , , , , , , , , , , , , , , , , , , , , , , , , , , , , , ,Ninguna, , , , , , , , , , , , , , , , , , ,-12.22788531,-76.85840222
0467,150124,24,PUCUSANA,De 5000 - 10000 Hab,Distrital, , , , , , , , , , , , , , , , , , , , , , , , , , , , ,1,15,1,24,Si,No, , , , , , , , , , , , , , , , , , , , , , , , , , , , , , , , , , , , , , , , , , , , , ,35,3,0,0,0,31,1,0,0,4,1,0,0,0,2,1,0,0,16,1,0,0,0,15,0,0,0,2,0,0,0,0,2,0,0,0,1,0,0,0,0,1,0,0,0,2,0,0,0,0,2,0,0,0,1,0,0,0,0,1,0,0,0,1,0,0,0,0,1,0,0,0,3,0,0,0,0,3,0,0,0,1,1,0,0,0,0,0,0,0,4,PUESTO DE AUXILIO RAPIDO,0,0,0,0,4,0,0,0,No, ,Si,1,No, ,No, ,No, ,Si,2,Si,1,Si,7,Si,5,Si,1,Si,1,Si,1,Si,5,Si,11,35,2,No, ,Sí,5,2,2,4,8,2, , , , , , , , , , , , , , , , , , , , , , , , , , , , , , , , , , , ,Ninguna, , , , , , , , , , , , , , , , , , ,-12.48262926,-76.79641867
0468,150125,25,PUENTE PIEDRA,De 80001 a más Hab,Distrital, , , , , , , , , , , , , , , , , , , , , , , , , , , , ,1,15,1,25,No,Si, , , , , , , , , , , , , , , , , , , , , , , , , , , , , , , , , , , , , , , , , , , , , ,147,8,1,0,0,119,19,0,0,12,2,0,0,0,5,5,0,0,51,1,0,0,0,49,1,0,0,11,0,0,0,0,9,2,0,0,31,2,0,0,0,28,1,0,0,4,0,0,0,0,4,0,0,0,9,0,0,0,0,5,4,0,0,8,0,0,0,0,3,5,0,0,19,1,1,0,0,16,1,0,0,2,2,0,0,0,0,0,0,0,0, ,0,0,0,0,0,0,0,0,No, ,Si,1,Si,2,No, ,Si,3,Si,3,Si,30,Si,17,Si,20,Si,8,Si,7,Si,2,Si,16,Si,38,147,8,No, ,No, , , , , , , , , , , , , , , , , , , , , , , , , , , , , , , , , , , , , , , , , , , , , , , , , , , , , , , , , , , , ,-11.8660332,-77.07767123
0469,150125,25,PUENTE PIEDRA,De 40001 - 80000 Hab,Distrital, , , , , , , , , , , , , , , , , , , , , , , , , , , , ,1,15,1,25,No,Si, , , , , , , , , , , , , , , , , , , , , , , , , , , , , , , , , , , , , , , , , , , , , ,99,5,1,0,0,81,12,0,0,8,1,1,0,0,4,2,0,0,37,0,0,0,0,37,0,0,0,16,0,0,0,0,13,3,0,0,8,0,0,0,0,7,1,0,0,4,0,0,0,0,3,1,0,0,6,0,0,0,0,3,3,0,0,4,1,0,0,0,1,2,0,0,15,2,0,0,0,13,0,0,0,1,1,0,0,0,0,0,0,0,0, ,0,0,0,0,0,0,0,0,No, ,No, ,Si,1,Si,1,No, ,Si,4,Si,14,Si,7,Si,11,Si,10,Si,4,Si,6,Si,10,Si,31,99,9,No, ,No, , , , , , , , , , , , , , , , , , , , , , , , , , , , , , , , , , , , , , , , , , , , , , , , , , , , , , , , , , , , ,-11.82773064,-77.11760296
0470,150125,25,PUENTE PIEDRA,De 40001 - 80000 Hab,Distrital, , , , , , , , , , , , , , , , , , , , , , , , , , , , ,1,15,1,25,No,Si, , , , , , , , , , , , , , , , , , , , , , , , , , , , , , , , , , , , , , , , , , , , , ,80,5,0,0,0,59,16,0,0,4,0,0,0,0,3,1,0,0,39,0,0,0,0,32,7,0,0,10,0,0,0,0,10,0,0,0,4,0,0,0,0,3,1,0,0,2,0,0,0,0,2,0,0,0,4,0,0,0,0,1,3,0,0,4,0,0,0,0,1,3,0,0,8,0,0,0,0,7,1,0,0,5,5,0,0,0,0,0,0,0,0, ,0,0,0,0,0,0,0,0,No, ,No, ,Si,1,No, ,No, ,Si,4,Si,10,Si,5,Si,5,Si,7,Si,5,Si,6,Si,9,Si,28,80,7,Sí,3,Sí,1,10, , , , , , , , , , , , , , , , , , , , , , , , , , , , , , , , , , , , , , , ,Ninguna, , , , , , , , , , , , , , , , , , ,-11.935893,-77.094277
0471,150126,26,PUNTA HERMOSA,De 5000 - 10000 Hab,Distrital, , , , , , , , , , , , , , , , , , , , , , , , , , , , ,1,15,1,26,Si,No, , , , , , , , , , , , , , , , , , , , , , , , , , , , , , , , , , , , , , , , , , , , , ,56,3,1,0,0,47,5,0,0,5,1,0,0,0,3,1,0,0,10,0,0,0,0,10,0,0,0,21,0,0,0,0,20,1,0,0,4,0,0,0,0,4,0,0,0,2,0,0,0,0,2,0,0,0,2,0,0,0,0,0,2,0,0,3,0,0,0,0,2,1,0,0,6,0,0,0,0,6,0,0,0,3,2,1,0,0,0,0,0,0,0, ,0,0,0,0,0,0,0,0,No, ,No, ,Si,1,Si,1,No, ,Si,2,Si,4,Si,7,Si,7,Si,6,Si,1,Si,2,Si,5,Si,20,56,4,No, ,Sí,2,8,8, , , , , , , , , , , , , , , , , , , , , , , , , , , , , , , , , , , , , , ,Ninguna, , , , , , , , , , , , , , , , , , ,-12.31224383,-76.83720326
0472,150127,27,PUNTA NEGRA,De 5000 - 10000 Hab,Distrital, , , , , , , , , , , , , , , , , , , , , , , , , , , , ,1,15,1,27,Si,No, , , , , , , , , , , , , , , , , , , , , , , , , , , , , , , , , , , , , , , , , , , , , ,43,4,0,0,0,36,2,1,0,4,0,0,0,0,2,1,1,0,16,0,0,0,0,16,0,0,0,3,0,0,0,0,3,0,0,0,2,0,0,0,0,2,0,0,0,1,0,0,0,0,1,0,0,0,1,0,0,0,0,1,0,0,0,1,0,0,0,0,0,1,0,0,11,0,0,0,0,11,0,0,0,4,4,0,0,0,0,0,0,0,0, ,0,0,0,0,0,0,0,0,No, ,No, ,Si,1,Si,1,No, ,Si,2,Si,2,Si,7,Si,5,Si,2,Si,4,No, ,Si,3,Si,16,43,2,No, ,No, , , , , , , , , , , , , , , , , , , , , , , , , , , , , , , , , , , , , , , , , , , , , , , , , , , , , , , , , , , , ,-12.36411052,-76.79564456
0473,150128,28,RIMAC,De 20001 - 40000 Hab,Distrital, , , , , , , , , , , , , , , , , , , , , , , , , , , , ,1,15,1,28,No,Si, , , , , , , , , , , , , , , , , , , , , , , , , , , , , , , , , , , , , , , , , , , , , ,76,5,1,0,0,57,8,5,0,9,2,0,0,0,2,2,3,0,24,0,0,0,0,23,0,1,0,15,0,0,0,0,13,2,0,0,5,0,0,0,0,4,1,0,0,2,0,0,0,0,2,0,0,0,5,0,0,0,0,3,2,0,0,4,0,0,0,0,2,1,1,0,11,2,1,0,0,8,0,0,0,1,1,0,0,0,0,0,0,0,0, ,0,0,0,0,0,0,0,0,No, ,No, ,Si,1,Si,1,Si,1,Si,3,Si,9,Si,11,Si,2,Si,5,Si,2,Si,1,Si,12,Si,28,76,5,No, ,Sí,3,6,6,6, , , , , , , , , , , , , , , , , , , , , , , , , , , , , , , , , , , , , ,Ninguna, , , , , , , , , , , , , , , , , , ,-12.02433757,-77.02812481
0474,150128,28,RIMAC,De 20001 - 40000 Hab,Distrital, , , , , , , , , , , , , , , , , , , , , , , , , , , , ,1,15,1,28,No,Si, , , , , , , , , , , , , , , , , , , , , , , , , , , , , , , , , , , , , , , , , , , , , ,52,3,0,0,0,44,5,0,0,4,1,0,0,0,2,1,0,0,18,0,0,0,0,18,0,0,0,10,0,0,0,0,10,0,0,0,6,0,0,0,0,6,0,0,0,2,0,0,0,0,2,0,0,0,2,0,0,0,0,0,2,0,0,2,0,0,0,0,0,2,0,0,7,1,0,0,0,6,0,0,0,1,1,0,0,0,0,0,0,0,0, ,0,0,0,0,0,0,0,0,No, ,No, ,Si,1,No, ,No, ,Si,2,Si,10,Si,9,Si,2,Si,5,Si,2,Si,4,Si,3,Si,14,52,4,No, ,Sí,2,12,12, , , , , , , , , , , , , , , , , , , , , , , , , , , , , , , , , , , , , , ,Ninguna, , , , , , , , , , , , , , , , , , ,-12.03973854,-77.01766903
0475,150128,28,RIMAC,De 40001 - 80000 Hab,Distrital, , , , , , , , , , , , , , , , , , , , , , , , , , , , ,1,15,1,28,No,Si, , , , , , , , , , , , , , , , , , , , , , , , , , , , , , , , , , , , , , , , , , , , , ,108,8,0,0,0,90,9,1,0,7,2,0,0,0,4,1,0,0,30,0,0,0,0,29,0,1,0,37,0,0,0,0,30,7,0,0,11,1,0,0,0,10,0,0,0,3,0,0,0,0,3,0,0,0,3,0,0,0,0,3,0,0,0,3,1,0,0,0,1,1,0,0,12,2,0,0,0,10,0,0,0,2,2,0,0,0,0,0,0,0,0, ,0,0,0,0,0,0,0,0,No, ,Si,1,Si,1,Si,1,Si,1,Si,4,Si,13,Si,10,Si,8,Si,6,Si,5,Si,5,Si,7,Si,46,108,7,No, ,Sí,4,14,14,14,14, , , , , , , , , , , , , , , , , , , , , , , , , , , , , , , , , , , , ,Ninguna, , , , , , , , , , , , , , , , , , ,-12.03971182,-77.02809137
0476,150129,29,SAN BARTOLO,De 5000 - 10000 Hab,Distrital, , , , , , , , , , , , , , , , , , , , , , , , , , , , ,1,15,1,29,Si,No, , , , , , , , , , , , , , , , , , , , , , , , , , , , , , , , , , , , , , , , , , , , , ,43,4,0,0,0,37,2,0,0,3,0,0,0,0,1,2,0,0,20,0,0,0,0,20,0,0,0,8,0,0,0,0,8,0,0,0,1,0,0,0,0,1,0,0,0,1,0,0,0,0,1,0,0,0,1,0,0,0,0,1,0,0,0,1,0,0,0,0,1,0,0,0,4,0,0,0,0,4,0,0,0,4,4,0,0,0,0,0,0,0,0, ,0,0,0,0,0,0,0,0,No, ,Si,1,No, ,Si,2,No, ,Si,1,Si,1,Si,2,Si,4,Si,1,No, ,Si,4,Si,2,Si,25,43,4,No, ,No, , , , , , , , , , , , , , , , , , , , , , , , , , , , , , , , , , , , , , , , , , , , , , , , , , , , , , , , , , , , ,-12.38765815,-76.77745406
0477,150130,30,SAN BORJA,De 80001 a más Hab,Distrital, , , , , , , , , , , , , , , , , , , , , , , , , , , , ,1,15,1,30,No,Si, , , , , , , , , , , , , , , , , , , , , , , , , , , , , , , , , , , , , , , , , , , , , ,101,7,0,0,0,87,4,3,0,5,0,0,0,0,4,0,1,0,40,0,0,0,0,38,0,2,0,17,0,0,0,0,17,0,0,0,9,0,0,0,0,8,1,0,0,4,0,0,0,0,4,0,0,0,4,0,0,0,0,1,3,0,0,3,0,0,0,0,3,0,0,0,14,2,0,0,0,12,0,0,0,5,5,0,0,0,0,0,0,0,0, ,0,0,0,0,0,0,0,0,No, ,Si,1,Si,1,Si,1,No, ,Si,4,Si,22,Si,17,Si,10,Si,8,Si,2,Si,2,Si,7,Si,26,101,1,No, ,Sí,10,6,6,6,6,6,6,6,6,6,6, , , , , , , , , , , , , , , , , , , , , , , , , , , , , , ,Ninguna, , , , , , , , , , , , , , , , , , ,-12.10570697,-76.99905404
0478,150131,31,SAN ISIDRO,De 10001 - 20000 Hab,Distrital, , , , , , , , , , , , , , , , , , , , , , , , , , , , ,1,15,1,31,No,Si, , , , , , , , , , , , , , , , , , , , , , , , , , , , , , , , , , , , , , , , , , , , , ,74,4,2,0,0,65,3,0,0,6,1,0,0,0,4,1,0,0,36,0,2,0,0,33,1,0,0,8,0,0,0,0,8,0,0,0,4,0,0,0,0,4,0,0,0,3,0,0,0,0,3,0,0,0,2,0,0,0,0,2,0,0,0,1,0,0,0,0,1,0,0,0,12,1,0,0,0,10,1,0,0,2,2,0,0,0,0,0,0,0,0, ,0,0,0,0,0,0,0,0,No, ,Si,1,No, ,Si,1,Si,1,Si,3,Si,11,Si,11,Si,9,Si,6,Si,3,No, ,Si,7,Si,21,74,3,No, ,Sí,5,16,16,16,24,18, , , , , , , , , , , , , , , , , , , , , , , , , , , , , , , , , , , ,Ninguna, , , , , , , , , , , , , , , , , , ,-12.10446403,-77.05704576
0479,150131,31,SAN ISIDRO,De 40001 - 80000 Hab,Distrital, , , , , , , , , , , , , , , , , , , , , , , , , , , , ,1,15,1,31,No,Si, , , , , , , , , , , , , , , , , , , , , , , , , , , , , , , , , , , , , , , , , , , , , ,112,7,0,0,0,100,3,2,0,8,1,0,0,0,5,1,1,0,71,2,0,0,0,68,0,1,0,0,0,0,0,0,0,0,0,0,11,1,0,0,0,10,0,0,0,5,0,0,0,0,4,1,0,0,1,0,0,0,0,0,1,0,0,2,0,0,0,0,2,0,0,0,13,2,0,0,0,11,0,0,0,1,1,0,0,0,0,0,0,0,0, ,0,0,0,0,0,0,0,0,No, ,Si,1,No, ,Si,2,No, ,Si,4,Si,7,Si,25,Si,19,Si,7,Si,3,Si,6,Si,15,Si,23,112,9,Sí,5,Sí,2,15,15, , , , , , , , , , , , , , , , , , , , , , , , , , , , , , , , , , , , , , ,Ninguna, , , , , , , , , , , , , , , , , , ,-12.09486137,-77.0323633
0480,150132,32,SAN JUAN DE LURIGANCHO,De 40001 - 80000 Hab,Distrital, , , , , , , , , , , , , , , , , , , , , , , , , , , , ,1,15,1,32,No,Si, , , , , , , , , , , , , , , , , , , , , , , , , , , , , , , , , , , , , , , , , , , , , ,95,4,0,0,0,72,17,2,0,4,0,0,0,0,4,0,0,0,53,0,0,0,0,51,0,2,0,10,0,0,0,0,0,10,0,0,7,0,0,0,0,6,1,0,0,2,0,0,0,0,2,0,0,0,4,0,0,0,0,0,4,0,0,4,0,0,0,0,2,2,0,0,7,0,0,0,0,7,0,0,0,4,4,0,0,0,0,0,0,0,0, ,0,0,0,0,0,0,0,0,No, ,No, ,Si,1,No, ,No, ,Si,3,Si,3,Si,5,Si,4,Si,5,Si,3,Si,3,Si,8,Si,60,95,5,Sí,28,No, , , , , , , , , , , , , , , , , , , , , , , , , , , , , , , , , , , , , , , , , , , , , , , , , , , , , , , , , , , , ,-11.9523082,-76.99164797
0481,150132,32,SAN JUAN DE LURIGANCHO,De 80001 a más Hab,Distrital, , , , , , , , , , , , , , , , , , , , , , , , , , , , ,1,15,1,32,No,Si, , , , , , , , , , , , , , , , , , , , , , , , , , , , , , , , , , , , , , , , , , , , , ,139,5,0,0,0,98,36,0,0,5,0,0,0,0,3,2,0,0,30,0,0,0,0,30,0,0,0,63,0,0,0,0,40,23,0,0,8,0,0,0,0,6,2,0,0,2,0,0,0,0,2,0,0,0,5,0,0,0,0,1,4,0,0,3,0,0,0,0,0,3,0,0,12,0,0,0,0,12,0,0,0,5,5,0,0,0,0,0,0,0,6,MINISTERIO PUBLICO,0,0,0,0,4,2,0,0,No, ,No, ,Si,1,Si,1,No, ,Si,3,Si,8,Si,4,Si,10,Si,8,Si,5,Si,3,Si,5,Si,91,139,5,Sí,60,No, , , , , , , , , , , , , , , , , , , , , , , , , , , , , , , , , , , , , , , , , , , , , , , , , , , , , , , , , , , , ,-12.0257495,-77.01566889
0482,150132,32,SAN JUAN DE LURIGANCHO,De 80001 a más Hab,Distrital, , , , , , , , , , , , , , , , , , , , , , , , , , , , ,1,15,1,32,No,Si, , , , , , , , , , , , , , , , , , , , , , , , , , , , , , , , , , , , , , , , , , , , , ,177,4,0,0,0,130,36,7,0,3,0,0,0,0,2,0,1,0,65,0,0,0,0,59,0,6,0,55,0,0,0,0,34,21,0,0,14,0,0,0,0,11,3,0,0,4,0,0,0,0,3,1,0,0,11,0,0,0,0,4,7,0,0,4,0,0,0,0,2,2,0,0,12,0,0,0,0,10,2,0,0,4,4,0,0,0,0,0,0,0,5,MINISTERIO PUBLICO,0,0,0,0,5,0,0,0,No, ,No, ,Si,1,Si,1,No, ,Si,2,Si,10,Si,10,Si,10,Si,11,Si,4,Si,3,Si,11,Si,114,177,5,No, ,No, , , , , , , , , , , , , , , , , , , , , , , , , , , , , , , , , , , , , , , , , , , , , , , , , , , , , , , , , , , , ,-11.975538,-76.99587
0483,150132,32,SAN JUAN DE LURIGANCHO,De 80001 a más Hab,Distrital, , , , , , , , , , , , , , , , , , , , , , , , , , , , ,1,15,1,32,No,Si, , , , , , , , , , , , , , , , , , , , , , , , , , , , , , , , , , , , , , , , , , , , , ,127,4,0,0,0,86,35,2,0,5,0,0,0,0,4,1,0,0,54,0,0,0,0,52,0,2,0,28,0,0,0,0,13,15,0,0,11,0,0,0,0,5,6,0,0,3,0,0,0,0,3,0,0,0,8,0,0,0,0,2,6,0,0,4,0,0,0,0,1,3,0,0,10,0,0,0,0,6,4,0,0,4,4,0,0,0,0,0,0,0,0, ,0,0,0,0,0,0,0,0,No, ,No, ,Si,1,Si,1,No, ,Si,2,Si,10,Si,6,Si,12,Si,2,Si,2,Si,6,Si,4,Si,81,127,5,No, ,No, , , , , , , , , , , , , , , , , , , , , , , , , , , , , , , , , , , , , , , , , , , , , , , , , , , , , , , , , , , , ,-11.94477041,-76.9884
0484,150132,32,SAN JUAN DE LURIGANCHO,De 40001 - 80000 Hab,Distrital, , , , , , , , , , , , , , , , , , , , , , , , , , , , ,1,15,1,32,No,Si, , , , , , , , , , , , , , , , , , , , , , , , , , , , , , , , , , , , , , , , , , , , , ,196,5,2,0,0,142,45,2,0,12,0,1,0,0,5,5,1,0,87,1,0,0,0,85,0,1,0,36,0,0,0,0,16,20,0,0,15,0,0,0,0,13,2,0,0,5,0,0,0,0,3,2,0,0,9,0,0,0,0,0,9,0,0,4,0,0,0,0,1,3,0,0,12,1,0,0,0,9,2,0,0,4,3,1,0,0,0,0,0,0,12,PUESTO DE AUXILIO RAPIDO,0,0,0,0,10,2,0,0,No, ,No, ,Si,1,Si,1,Si,1,Si,4,Si,11,Si,11,Si,10,Si,8,Si,4,Si,12,Si,12,Si,121,196,7,Sí,77,Sí,2,90,90, , , , , , , , , , , , , , , , , , , , , , , , , , , , , , , , , , , , , , ,Ninguna, , , , , , , , , , , , , , , , , , ,-11.99419966,-77.00694287
0485,150132,32,SAN JUAN DE LURIGANCHO,De 80001 a más Hab,Distrital, , , , , , , , , , , , , , , , , , , , , , , , , , , , ,1,15,1,32,No,Si, , , , , , , , , , , , , , , , , , , , , , , , , , , , , , , , , , , , , , , , , , , , , ,127,5,0,0,0,79,42,1,0,9,0,0,0,0,3,6,0,0,38,0,0,0,0,34,3,1,0,44,0,0,0,0,20,24,0,0,8,0,0,0,0,8,0,0,0,3,0,0,0,0,3,0,0,0,6,0,0,0,0,0,6,0,0,2,0,0,0,0,0,2,0,0,10,0,0,0,0,10,0,0,0,5,5,0,0,0,0,0,0,0,2,APOYO A LA JUSTICIA,0,0,0,0,1,1,0,0,No, ,No, ,Si,1,Si,1,No, ,Si,3,Si,7,Si,8,Si,3,Si,3,Si,3,Si,3,Si,10,Si,85,127,5,Sí,60,Sí,5,8,8,4,16,16, , , , , , , , , , , , , , , , , , , , , , , , , , , , , , , , , , , ,Ninguna, , , , , , , , , , , , , , , , , , ,-11.94912868,-76.98107137
0486,150132,32,SAN JUAN DE LURIGANCHO,De 40001 - 80000 Hab,Distrital, , , , , , , , , , , , , , , , , , , , , , , , , , , , ,1,15,1,32,Si,No, , , , , , , , , , , , , , , , , , , , , , , , , , , , , , , , , , , , , , , , , , , , , ,259,6,1,0,0,208,42,2,0,21,0,0,0,0,12,9,0,0,129,2,0,0,0,125,0,2,0,64,0,0,0,0,44,20,0,0,12,0,0,0,0,10,2,0,0,2,0,0,0,0,2,0,0,0,6,0,0,0,0,3,3,0,0,8,0,0,0,0,4,4,0,0,16,3,1,0,0,8,4,0,0,1,1,0,0,0,0,0,0,0,0, ,0,0,0,0,0,0,0,0,No, ,Si,1,Si,1,Si,1,No, ,Si,4,Si,7,Si,18,Si,15,Si,8,Si,2,Si,6,Si,12,Si,184,259,5,No, ,Sí,4,10,50,10,10, , , , , , , , , , , , , , , , , , , , , , , , , , , , , , , , , , , , ,Ninguna, , , , , , , , , , , , , , , , , , ,-11.98417601,-77.01541387
0487,150132,32,SAN JUAN DE LURIGANCHO,De 80001 a más Hab,Distrital, , , , , , , , , , , , , , , , , , , , , , , , , , , , ,1,15,1,32,No,Si, , , , , , , , , , , , , , , , , , , , , , , , , , , , , , , , , , , , , , , , , , , , , ,191,6,1,0,0,122,60,2,0,27,0,0,0,0,5,21,1,0,36,0,0,0,0,35,0,1,0,62,0,0,0,0,34,28,0,0,13,0,0,0,0,11,2,0,0,3,0,0,0,0,3,0,0,0,8,0,0,0,0,0,8,0,0,2,0,0,0,0,1,1,0,0,17,0,0,0,0,17,0,0,0,7,6,1,0,0,0,0,0,0,16,PUESTO DE AUXILIO RAPIDO,0,0,0,0,16,0,0,0,No, ,Si,1,Si,1,Si,1,Si,1,Si,3,Si,10,Si,25,Si,6,Si,5,Si,7,Si,4,Si,11,Si,116,191,7,No, ,No, , , , , , , , , , , , , , , , , , , , , , , , , , , , , , , , , , , , , , , , , , , , , , , , , , , , , , , , , , , , ,-12.02701797,-77.00137199
0488,150133,33,SAN JUAN DE MIRAFLORES,De 80001 a más Hab,Distrital, , , , , , , , , , , , , , , , , , , , , , , , , , , , ,2,15,1,33,No,Si,15,1,42,No,Si, , , , , , , , , , , , , , , , , , , , , , , , , , , , , , , , , , , , , , , , ,77,4,0,0,0,58,13,2,0,4,0,0,0,0,1,3,0,0,37,0,0,0,0,33,2,2,0,0,0,0,0,0,0,0,0,0,9,0,0,0,0,9,0,0,0,2,0,0,0,0,2,0,0,0,7,0,0,0,0,4,3,0,0,3,0,0,0,0,1,2,0,0,11,0,0,0,0,8,3,0,0,4,4,0,0,0,0,0,0,0,0, ,0,0,0,0,0,0,0,0,No, ,No, ,Si,1,No, ,No, ,Si,3,Si,7,Si,13,Si,3,Si,11,Si,2,Si,5,Si,4,Si,28,77,6,No, ,Sí,5,10,10,10,10,10, , , , , , , , , , , , , , , , , , , , , , , , , , , , , , , , , , , ,Ninguna, , , , , , , , , , , , , , , , , , ,-12.19056274,-76.95763854
0489,150133,33,SAN JUAN DE MIRAFLORES,De 20001 - 40000 Hab,Distrital, , , , , , , , , , , , , , , , , , , , , , , , , , , , ,1,15,1,33,No,Si, , , , , , , , , , , , , , , , , , , , , , , , , , , , , , , , , , , , , , , , , , , , , ,57,4,0,0,0,42,7,4,0,6,0,0,0,0,3,2,1,0,12,0,0,0,0,9,1,2,0,10,0,0,0,0,9,0,1,0,8,0,0,0,0,8,0,0,0,2,0,0,0,0,2,0,0,0,2,0,0,0,0,0,2,0,0,4,0,0,0,0,2,2,0,0,9,0,0,0,0,9,0,0,0,4,4,0,0,0,0,0,0,0,0, ,0,0,0,0,0,0,0,0,No, ,No, ,Si,1,No, ,No, ,Si,3,Si,2,Si,6,Si,6,Si,3,Si,3,Si,3,Si,7,Si,23,57,5,Sí,6,Sí,3,10,10,10, , , , , , , , , , , , , , , , , , , , , , , , , , , , , , , , , , , , , ,Almenos una,3,Si,Si,No,No,No,No,No,Si,Si,Si,Si,No,No,Si,No,Si,FERULAS,-12.13108023,-76.95801514
0490,150133,33,SAN JUAN DE MIRAFLORES,De 80001 a más Hab,Distrital, , , , , , , , , , , , , , , , , , , , , , , , , , , , ,1,15,1,33,No,Si, , , , , , , , , , , , , , , , , , , , , , , , , , , , , , , , , , , , , , , , , , , , , ,90,2,2,0,0,72,9,5,0,4,0,0,0,0,0,2,2,0,39,1,0,0,0,35,0,3,0,6,0,0,0,0,6,0,0,0,14,0,1,0,0,13,0,0,0,3,0,0,0,0,2,1,0,0,4,0,0,0,0,0,4,0,0,3,0,1,0,0,0,2,0,0,11,0,0,0,0,11,0,0,0,1,1,0,0,0,0,0,0,0,5,MONITOREO DE CAMARAS,0,0,0,0,5,0,0,0,No, ,No, ,Si,1,No, ,No, ,Si,3,Si,9,Si,10,Si,11,Si,5,Si,5,Si,4,Si,9,Si,33,90,6,No, ,Sí,1,45, , , , , , , , , , , , , , , , , , , , , , , , , , , , , , , , , , , , , , , ,Ninguna, , , , , , , , , , , , , , , , , , ,-12.14795514,-76.96599107
0491,150133,33,SAN JUAN DE MIRAFLORES,De 40001 - 80000 Hab,Distrital, , , , , , , , , , , , , , , , , , , , , , , , , , , , ,1,15,1,33,No,Si, , , , , , , , , , , , , , , , , , , , , , , , , , , , , , , , , , , , , , , , , , , , , ,97,5,1,0,0,83,6,2,0,7,1,0,0,0,5,1,0,0,49,1,0,0,0,44,2,2,0,12,0,0,0,0,12,0,0,0,12,0,0,0,0,11,1,0,0,2,0,0,0,0,2,0,0,0,1,0,0,0,0,0,1,0,0,2,0,1,0,0,0,1,0,0,11,2,0,0,0,9,0,0,0,1,1,0,0,0,0,0,0,0,0, ,0,0,0,0,0,0,0,0,No, ,Si,1,No, ,Si,1,No, ,Si,4,Si,12,Si,18,Si,9,Si,5,Si,5,Si,2,Si,13,Si,27,97,7,Sí,3,Sí,4,6,6,6,6, , , , , , , , , , , , , , , , , , , , , , , , , , , , , , , , , , , , ,Ninguna, , , , , , , , , , , , , , , , , , ,-12.15802944,-76.9751705
0492,150134,34,SAN LUIS,De 40001 - 80000 Hab,Distrital, , , , , , , , , , , , , , , , , , , , , , , , , , , , ,1,15,1,34,No,Si, , , , , , , , , , , , , , , , , , , , , , , , , , , , , , , , , , , , , , , , , , , , , ,68,5,0,0,0,55,8,0,0,7,1,0,0,0,4,2,0,0,30,2,0,0,0,28,0,0,0,4,0,0,0,0,4,0,0,0,6,0,0,0,0,6,0,0,0,2,0,0,0,0,2,0,0,0,5,0,0,0,0,0,5,0,0,4,1,0,0,0,2,1,0,0,9,0,0,0,0,9,0,0,0,1,1,0,0,0,0,0,0,0,0, ,0,0,0,0,0,0,0,0,No, ,Si,1,Si,1,No, ,No, ,Si,3,Si,6,Si,14,Si,4,Si,8,Si,4,No, ,Si,10,Si,17,68,5,No, ,Sí,5,4,4,4,4,4, , , , , , , , , , , , , , , , , , , , , , , , , , , , , , , , , , , ,Ninguna, , , , , , , , , , , , , , , , , , ,-12.0732406,-76.99961492
0493,150134,34,SAN LUIS,De 20001 - 40000 Hab,Distrital, , , , , , , , , , , , , , , , , , , , , , , , , , , , ,4,15,1,3,No,Si,15,1,34,No,Si,15,1,15,No,Si,15,1,11,No,Si, , , , , , , , , , , , , , , , , , , , , , , , , , , , , , ,80,5,1,0,0,62,7,4,1,4,0,0,0,0,3,0,0,1,12,0,0,0,0,10,1,1,0,10,0,0,0,0,10,0,0,0,19,0,0,0,0,17,2,0,0,2,0,0,0,0,0,0,2,0,15,0,0,0,0,14,1,0,0,5,0,0,0,0,4,1,0,0,7,0,0,0,0,4,2,1,0,6,5,1,0,0,0,0,0,0,0, ,0,0,0,0,0,0,0,0,No, ,No, ,Si,1,Si,1,Si,2,Si,2,Si,6,Si,16,Si,11,Si,4,Si,2,Si,5,Si,9,Si,21,80,3,Sí,2,No, , , , , , , , , , , , , , , , , , , , , , , , , , , , , , , , , , , , , , , , , , , , , , , , , , , , , , , , , , , , ,-12.06465446,-76.9974254
0494,150135,35,SAN MARTIN DE PORRES,De 40001 - 80000 Hab,Distrital, , , , , , , , , , , , , , , , , , , , , , , , , , , , ,1,15,1,35,No,Si, , , , , , , , , , , , , , , , , , , , , , , , , , , , , , , , , , , , , , , , , , , , , ,108,5,0,0,0,77,19,3,4,22,0,0,0,0,11,7,0,4,37,0,0,0,0,35,0,2,0,4,0,0,0,0,1,3,0,0,12,0,0,0,0,12,0,0,0,4,0,0,0,0,4,0,0,0,6,0,0,0,0,0,6,0,0,5,0,0,0,0,2,3,0,0,16,4,0,0,0,12,0,0,0,1,1,0,0,0,0,0,0,0,1,LABORES DE CAPACITACION,0,0,0,0,0,0,1,0,No, ,No, ,Si,1,Si,1,Si,1,Si,2,Si,13,Si,12,Si,8,Si,9,Si,8,Si,6,Si,11,Si,36,108,7,No, ,No, , , , , , , , , , , , , , , , , , , , , , , , , , , , , , , , , , , , , , , , , , , , , , , , , , , , , , , , , , , , ,-12.03078692,-77.07000165
0495,150135,35,SAN MARTIN DE PORRES,De 40001 - 80000 Hab,Distrital, , , , , , , , , , , , , , , , , , , , , , , , , , , , ,2,15,1,35,No,Si,7,1,1,No,Si, , , , , , , , , , , , , , , , , , , , , , , , , , , , , , , , , , , , , , , , ,106,31,5,0,0,53,13,3,1,16,5,2,0,0,4,3,2,0,23,8,0,0,0,14,0,1,0,20,5,0,0,0,14,1,0,0,18,2,2,0,0,14,0,0,0,2,1,0,0,0,1,0,0,0,6,0,1,0,0,0,4,0,1,4,2,0,0,0,0,2,0,0,14,5,0,0,0,6,3,0,0,3,3,0,0,0,0,0,0,0,0, ,0,0,0,0,0,0,0,0,No, ,Si,2,No, ,Si,2,Si,14,Si,18,Si,16,Si,16,Si,9,Si,4,Si,6,Si,3,Si,8,Si,8,106,6,No, ,Sí,2,30,30, , , , , , , , , , , , , , , , , , , , , , , , , , , , , , , , , , , , , , ,Ninguna, , , , , , , , , , , , , , , , , , ,-12.02053845,-77.08558043
0496,150135,35,SAN MARTIN DE PORRES,De 80001 a más Hab,Distrital, , , , , , , , , , , , , , , , , , , , , , , , , , , , ,1,15,1,35,No,Si, , , , , , , , , , , , , , , , , , , , , , , , , , , , , , , , , , , , , , , , , , , , , ,151,7,1,0,0,116,19,6,2,22,1,0,0,0,13,3,3,2,41,0,0,0,0,38,0,3,0,37,1,0,0,0,31,5,0,0,23,0,0,0,0,17,6,0,0,4,0,0,0,0,4,0,0,0,5,0,1,0,0,1,3,0,0,4,1,0,0,0,1,2,0,0,14,3,0,0,0,11,0,0,0,1,1,0,0,0,0,0,0,0,0, ,0,0,0,0,0,0,0,0,No, ,Si,2,Si,1,Si,1,Si,1,Si,3,Si,20,Si,27,Si,13,Si,14,Si,3,Si,5,Si,25,Si,36,151,7,No, ,No, , , , , , , , , , , , , , , , , , , , , , , , , , , , , , , , , , , , , , , , , , , , , , , , , , , , , , , , , , , , ,-12.02570548,-77.05568808
0497,150136,36,SAN MIGUEL,De 40001 - 80000 Hab,Distrital, , , , , , , , , , , , , , , , , , , , , , , , , , , , ,1,15,1,36,Si,No, , , , , , , , , , , , , , , , , , , , , , , , , , , , , , , , , , , , , , , , , , , , , ,132,4,1,0,0,120,4,2,1,5,0,0,0,0,4,0,0,1,97,0,0,0,0,95,0,2,0,0,0,0,0,0,0,0,0,0,6,0,0,0,0,6,0,0,0,2,0,0,0,0,2,0,0,0,3,0,0,0,0,1,2,0,0,3,0,0,0,0,1,2,0,0,11,0,0,0,0,11,0,0,0,5,4,1,0,0,0,0,0,0,0, ,0,0,0,0,0,0,0,0,No, ,Si,1,No, ,Si,1,No, ,Si,3,Si,14,Si,17,Si,16,Si,3,Si,5,Si,3,Si,10,Si,59,132,5,No, ,Sí,3,15,15,15, , , , , , , , , , , , , , , , , , , , , , , , , , , , , , , , , , , , , ,Ninguna, , , , , , , , , , , , , , , , , , ,-12.06987954,-77.09254625
0498,150136,36,SAN MIGUEL,De 40001 - 80000 Hab,Distrital, , , , , , , , , , , , , , , , , , , , , , , , , , , , ,1,15,1,36,Si,No, , , , , , , , , , , , , , , , , , , , , , , , , , , , , , , , , , , , , , , , , , , , , ,140,3,2,0,0,119,8,5,3,10,0,1,0,0,3,4,0,2,90,1,0,0,0,86,0,3,0,0,0,0,0,0,0,0,0,0,9,0,0,0,0,8,0,0,1,5,1,0,0,0,4,0,0,0,4,0,1,0,0,0,3,0,0,4,0,0,0,0,3,1,0,0,17,0,0,0,0,15,0,2,0,1,1,0,0,0,0,0,0,0,0, ,0,0,0,0,0,0,0,0,No, ,No, ,Si,1,No, ,Si,1,Si,3,Si,16,Si,11,Si,8,Si,7,Si,1,Si,5,Si,13,Si,74,140,6,No, ,Sí,5,6,6,8,6,8, , , , , , , , , , , , , , , , , , , , , , , , , , , , , , , , , , , ,Ninguna, , , , , , , , , , , , , , , , , , ,-12.08955592,-77.08782562
0499,150137,37,SANTA ANITA,De 80001 a más Hab,Distrital, , , , , , , , , , , , , , , , , , , , , , , , , , , , ,1,15,1,37,Si,No, , , , , , , , , , , , , , , , , , , , , , , , , , , , , , , , , , , , , , , , , , , , , ,146,7,0,0,0,119,17,2,1,6,1,0,0,0,4,1,0,0,38,0,0,0,0,36,0,2,0,11,0,0,0,0,11,0,0,0,24,1,0,0,0,23,0,0,0,4,0,0,0,0,3,0,0,1,15,1,0,0,0,5,9,0,0,6,1,0,0,0,3,2,0,0,14,2,0,0,0,10,2,0,0,1,1,0,0,0,0,0,0,0,27,ARMERO,0,0,0,0,24,3,0,0,No, ,Si,1,Si,1,Si,1,Si,1,Si,3,Si,19,Si,13,Si,15,Si,10,Si,4,Si,8,Si,10,Si,60,146,7,Sí,40,Sí,5,8,8,8,8,18, , , , , , , , , , , , , , , , , , , , , , , , , , , , , , , , , , , ,Ninguna, , , , , , , , , , , , , , , , , , ,-12.04480111,-76.97670807
0500,150138,38,SANTA MARIA DEL MAR,Menos de 5000 Hab,Distrital, , , , , , , , , , , , , , , , , , , , , , , , , , , , ,1,15,1,38,Si,No, , , , , , , , , , , , , , , , , , , , , , , , , , , , , , , , , , , , , , , , , , , , , ,30,4,0,0,0,23,3,0,0,4,1,0,0,0,2,1,0,0,11,1,0,0,0,10,0,0,0,6,0,0,0,0,5,1,0,0,2,1,0,0,0,1,0,0,0,1,0,0,0,0,1,0,0,0,0,0,0,0,0,0,0,0,0,1,0,0,0,0,0,1,0,0,4,0,0,0,0,4,0,0,0,1,1,0,0,0,0,0,0,0,0, ,0,0,0,0,0,0,0,0,No, ,Si,1,Si,1,No, ,No, ,Si,2,Si,3,Si,5,Si,4,Si,3,Si,1,Si,4,Si,2,Si,4,30,3,No, ,Sí,2,4,4, , , , , , , , , , , , , , , , , , , , , , , , , , , , , , , , , , , , , , ,Ninguna, , , , , , , , , , , , , , , , , , ,-12.39979895,-76.7729812
0501,150139,39,SANTA ROSA,De 20001 - 40000 Hab,Distrital, , , , , , , , , , , , , , , , , , , , , , , , , , , , ,1,15,1,39,Si,No, , , , , , , , , , , , , , , , , , , , , , , , , , , , , , , , , , , , , , , , , , , , , ,55,4,0,0,0,43,8,0,0,7,2,0,0,0,2,3,0,0,21,0,0,0,0,21,0,0,0,5,0,0,0,0,5,0,0,0,4,1,0,0,0,3,0,0,0,2,0,0,0,0,2,0,0,0,3,0,0,0,0,1,2,0,0,4,0,0,0,0,3,1,0,0,8,0,0,0,0,6,2,0,0,1,1,0,0,0,0,0,0,0,0, ,0,0,0,0,0,0,0,0,No, ,No, ,Si,1,No, ,No, ,Si,3,Si,5,Si,4,Si,2,Si,8,Si,6,Si,4,Si,8,Si,14,55,4,Sí,1,Sí,5,10,8,9,8,10, , , , , , , , , , , , , , , , , , , , , , , , , , , , , , , , , , , ,Ninguna, , , , , , , , , , , , , , , , , , ,-11.79661039,-77.17096732
0502,150130,30,SAN BORJA,De 40001 - 80000 Hab,Distrital, , , , , , , , , , , , , , , , , , , , , , , , , , , , ,2,15,1,30,No,Si,15,1,40,No,Si, , , , , , , , , , , , , , , , , , , , , , , , , , , , , , , , , , , , , , , , ,69,5,0,0,0,61,3,0,0,9,0,0,0,0,9,0,0,0,26,0,0,0,0,26,0,0,0,4,0,0,0,0,4,0,0,0,6,0,0,0,0,6,0,0,0,3,0,0,0,0,3,0,0,0,3,0,0,0,0,1,2,0,0,3,0,0,0,0,2,1,0,0,10,0,0,0,0,10,0,0,0,5,5,0,0,0,0,0,0,0,0, ,0,0,0,0,0,0,0,0,No, ,Si,1,Si,1,No, ,Si,1,Si,2,Si,8,Si,11,Si,5,Si,5,Si,2,Si,4,Si,8,Si,21,69,7,No, ,No, , , , , , , , , , , , , , , , , , , , , , , , , , , , , , , , , , , , , , , , , , , , , , , , , , , , , , , , , , , , ,-12.10847195,-76.98354323
0503,150140,40,SANTIAGO DE SURCO,De 80001 a más Hab,Distrital, , , , , , , , , , , , , , , , , , , , , , , , , , , , ,1,15,1,40,No,Si, , , , , , , , , , , , , , , , , , , , , , , , , , , , , , , , , , , , , , , , , , , , , ,101,6,2,0,0,88,3,1,1,14,0,2,0,0,10,1,0,1,42,0,0,0,0,41,0,1,0,0,0,0,0,0,0,0,0,0,11,0,0,0,0,11,0,0,0,8,0,0,0,0,8,0,0,0,6,0,0,0,0,4,2,0,0,3,0,0,0,0,3,0,0,0,3,0,0,0,0,3,0,0,0,6,6,0,0,0,0,0,0,0,8,SERVICIO INTEGRADO APOYO A SERENAZGO,0,0,0,0,8,0,0,0,No, ,Si,1,Si,1,No, ,No, ,Si,6,Si,11,Si,15,Si,18,Si,6,Si,1,Si,8,Si,13,Si,21,101,5,No, ,Sí,6,4,2,4,4,2,3, , , , , , , , , , , , , , , , , , , , , , , , , , , , , , , , , , ,Ninguna, , , , , , , , , , , , , , , , , , ,-12.094745,-76.973352
0504,150140,40,SANTIAGO DE SURCO,De 80001 a más Hab,Distrital, , , , , , , , , , , , , , , , , , , , , , , , , , , , ,1,15,1,40,No,Si, , , , , , , , , , , , , , , , , , , , , , , , , , , , , , , , , , , , , , , , , , , , , ,105,5,2,0,0,83,11,3,1,18,0,0,0,0,9,7,1,1,43,0,0,0,0,42,0,1,0,5,0,0,0,0,4,1,0,0,10,0,0,0,0,10,0,0,0,4,0,0,0,0,3,0,1,0,6,0,0,0,0,3,3,0,0,2,0,0,0,0,2,0,0,0,10,0,0,0,0,10,0,0,0,7,5,2,0,0,0,0,0,0,0, ,0,0,0,0,0,0,0,0,No, ,Si,1,Si,1,Si,1,No, ,Si,4,Si,9,Si,11,Si,11,Si,9,Si,6,Si,9,Si,8,Si,35,105,5,No, ,Sí,1,8, , , , , , , , , , , , , , , , , , , , , , , , , , , , , , , , , , , , , , , ,Ninguna, , , , , , , , , , , , , , , , , , ,-12.14522885,-77.00294502
0505,150141,41,SURQUILLO,De 20001 - 40000 Hab,Distrital, , , , , , , , , , , , , , , , , , , , , , , , , , , , ,1,15,1,41,Si,No, , , , , , , , , , , , , , , , , , , , , , , , , , , , , , , , , , , , , , , , , , , , , ,118,8,0,0,0,101,4,5,0,6,0,0,0,0,6,0,0,0,44,0,0,0,0,41,0,3,0,20,0,0,0,0,20,0,0,0,11,0,0,0,0,10,1,0,0,4,0,0,0,0,4,0,0,0,4,0,0,0,0,4,0,0,0,3,0,0,0,0,2,1,0,0,14,0,0,0,0,12,2,0,0,8,8,0,0,0,0,0,0,0,4,CONSERVADOR DE AMBIENTE,0,0,0,0,2,0,2,0,No, ,Si,1,No, ,Si,1,Si,2,Si,4,Si,21,Si,10,Si,9,Si,6,Si,2,Si,2,Si,12,Si,48,118,6,No, ,No, , , , , , , , , , , , , , , , , , , , , , , , , , , , , , , , , , , , , , , , , , , , , , , , , , , , , , , , , , , , ,-12.11873841,-77.02235588
0506,150142,42,VILLA EL SALVADOR,De 40001 - 80000 Hab,Distrital, , , , , , , , , , , , , , , , , , , , , , , , , , , , ,2,15,1,42,No,Si,15,1,19,No,Si, , , , , , , , , , , , , , , , , , , , , , , , , , , , , , , , , , , , , , , , ,97,5,1,0,0,76,11,4,0,5,0,0,0,0,2,3,0,0,28,0,0,0,0,24,0,4,0,18,0,0,0,0,16,2,0,0,15,0,0,0,0,15,0,0,0,2,0,0,0,0,2,0,0,0,9,0,0,0,0,3,6,0,0,3,0,0,0,0,3,0,0,0,8,0,0,0,0,8,0,0,0,7,5,1,0,0,1,0,0,0,2,SERVICIOS EMERGENCIA HOSPITAL,0,0,0,0,2,0,0,0,No, ,No, ,Si,1,Si,1,No, ,Si,4,Si,4,Si,14,Si,12,Si,6,Si,6,Si,2,Si,12,Si,35,97,6,No, ,Sí,3,15,15,15, , , , , , , , , , , , , , , , , , , , , , , , , , , , , , , , , , , , , ,Ninguna, , , , , , , , , , , , , , , , , , ,-12.23017502,-76.92321897
0507,150142,42,VILLA EL SALVADOR,De 80001 a más Hab,Distrital, , , , , , , , , , , , , , , , , , , , , , , , , , , , ,1,15,1,42,No,Si, , , , , , , , , , , , , , , , , , , , , , , , , , , , , , , , , , , , , , , , , , , , , ,103,7,0,0,0,83,11,2,0,6,0,0,0,0,3,2,1,0,36,0,0,0,0,32,3,1,0,22,0,0,0,0,19,3,0,0,12,0,0,0,0,10,2,0,0,4,0,0,0,0,3,1,0,0,0,0,0,0,0,0,0,0,0,3,0,0,0,0,3,0,0,0,13,0,0,0,0,13,0,0,0,7,7,0,0,0,0,0,0,0,0, ,0,0,0,0,0,0,0,0,No, ,Si,1,Si,2,No, ,No, ,Si,4,Si,6,Si,21,Si,9,Si,8,Si,5,Si,4,Si,9,Si,34,103,8,Sí,2,No, , , , , , , , , , , , , , , , , , , , , , , , , , , , , , , , , , , , , , , , , , , , , , , , , , , , , , , , , , , , ,-12.213058,-76.937857
0508,150143,43,VILLA MARIA DEL TRIUNFO,De 80001 a más Hab,Distrital, , , , , , , , , , , , , , , , , , , , , , , , , , , , ,1,15,1,43,No,Si, , , , , , , , , , , , , , , , , , , , , , , , , , , , , , , , , , , , , , , , , , , , , ,74,5,0,0,0,61,6,2,0,6,0,0,0,0,2,3,1,0,34,2,0,0,0,31,0,1,0,6,0,0,0,0,6,0,0,0,7,0,0,0,0,7,0,0,0,2,0,0,0,0,2,0,0,0,4,0,0,0,0,4,0,0,0,4,0,0,0,0,1,3,0,0,8,0,0,0,0,8,0,0,0,3,3,0,0,0,0,0,0,0,0, ,0,0,0,0,0,0,0,0,No, ,No, ,Si,1,No, ,Si,1,Si,3,Si,4,Si,9,Si,15,Si,1,Si,2,Si,1,Si,13,Si,24,74,6,Sí,1,Sí,5,4,2,2,8,16, , , , , , , , , , , , , , , , , , , , , , , , , , , , , , , , , , , ,Ninguna, , , , , , , , , , , , , , , , , , ,-12.14965388,-76.95038032
0509,150143,43,VILLA MARIA DEL TRIUNFO,De 80001 a más Hab,Distrital, , , , , , , , , , , , , , , , , , , , , , , , , , , , ,2,15,1,43,No,Si,15,1,23,No,Si, , , , , , , , , , , , , , , , , , , , , , , , , , , , , , , , , , , , , , , , ,67,5,1,0,0,60,1,0,0,4,0,1,0,0,3,0,0,0,37,1,0,0,0,36,0,0,0,0,0,0,0,0,0,0,0,0,8,1,0,0,0,7,0,0,0,2,0,0,0,0,2,0,0,0,5,1,0,0,0,3,1,0,0,2,1,0,0,0,1,0,0,0,8,0,0,0,0,8,0,0,0,1,1,0,0,0,0,0,0,0,0, ,0,0,0,0,0,0,0,0,No, ,Si,1,Si,1,Si,1,No, ,Si,3,Si,6,Si,9,Si,9,Si,10,Si,2,Si,3,Si,3,Si,19,67,5,No, ,Sí,5,4,2,2,8,4, , , , , , , , , , , , , , , , , , , , , , , , , , , , , , , , , , , ,Ninguna, , , , , , , , , , , , , , , , , , ,-12.20766232,-76.90644853
0510,150143,43,VILLA MARIA DEL TRIUNFO,De 80001 a más Hab,Distrital, , , , , , , , , , , , , , , , , , , , , , , , , , , , ,1,15,1,43,No,Si, , , , , , , , , , , , , , , , , , , , , , , , , , , , , , , , , , , , , , , , , , , , , ,66,5,0,0,0,54,5,1,1,5,1,0,0,0,2,1,0,1,25,1,0,0,0,23,0,1,0,9,0,0,0,0,9,0,0,0,7,1,0,0,0,6,0,0,0,3,0,0,0,0,3,0,0,0,7,0,0,0,0,3,4,0,0,3,1,0,0,0,2,0,0,0,6,0,0,0,0,6,0,0,0,1,1,0,0,0,0,0,0,0,0, ,0,0,0,0,0,0,0,0,No, ,No, ,Si,1,Si,1,No, ,Si,3,Si,3,Si,11,Si,4,Si,1,Si,2,Si,2,Si,11,Si,27,66,5,No, ,No, , , , , , , , , , , , , , , , , , , , , , , , , , , , , , , , , , , , , , , , , , , , , , , , , , , , , , , , , , , , ,-12.16651904,-76.92062676
0511,150143,43,VILLA MARIA DEL TRIUNFO,De 80001 a más Hab,Distrital, , , , , , , , , , , , , , , , , , , , , , , , , , , , ,1,15,1,43,No,Si, , , , , , , , , , , , , , , , , , , , , , , , , , , , , , , , , , , , , , , , , , , , , ,88,8,0,0,0,76,4,0,0,5,0,0,0,0,4,1,0,0,38,0,0,0,0,38,0,0,0,11,0,0,0,0,11,0,0,0,10,1,0,0,0,9,0,0,0,3,0,0,0,0,3,0,0,0,5,0,0,0,0,2,3,0,0,1,0,0,0,0,1,0,0,0,14,6,0,0,0,8,0,0,0,1,1,0,0,0,0,0,0,0,0, ,0,0,0,0,0,0,0,0,No, ,Si,1,Si,1,No, ,Si,1,Si,5,Si,10,Si,5,Si,7,Si,6,Si,4,Si,2,Si,10,Si,36,88,6,Sí,3,No, , , , , , , , , , , , , , , , , , , , , , , , , , , , , , , , , , , , , , , , , , , , , , , , , , , , , , , , , , , , ,-12.1660876,-76.94759
0512,150201,01,BARRANCA,De 40001 - 80000 Hab,Provincial, , , , , , , ,1,15,2, , , , , , , , , , , , , , , , , , , , , , , , , , , , , , , , , , , , , , , , , , , , , , , , , , , , , , , , , , , , , , , , , , , , , ,89,3,0,0,0,82,4,0,0,3,0,0,0,0,2,1,0,0,61,0,0,0,0,61,0,0,0,0,0,0,0,0,0,0,0,0,5,0,0,0,0,5,0,0,0,2,0,0,0,0,2,0,0,0,6,0,0,0,0,4,2,0,0,3,0,0,0,0,2,1,0,0,6,0,0,0,0,6,0,0,0,3,3,0,0,0,0,0,0,0,0, ,0,0,0,0,0,0,0,0,No, ,Si,1,No, ,Si,1,Si,1,No, ,Si,5,Si,12,Si,4,Si,7,Si,4,Si,3,Si,16,Si,35,89,5,Sí,1,Sí,3,1,1,1, , , , , , , , , , , , , , , , , , , , , , , , , , , , , , , , , , , , , ,Ninguna, , , , , , , , , , , , , , , , , , ,-10.75077628,-77.76507404
0513,150202,02,PARAMONGA,De 20001 - 40000 Hab,Distrital, , , , , , , , , , , , , , , , , , , , , , , , , , , , ,1,15,2,2,Si,No, , , , , , , , , , , , , , , , , , , , , , , , , , , , , , , , , , , , , , , , , , , , , ,26,2,0,0,0,24,0,0,0,2,0,0,0,0,2,0,0,0,16,0,0,0,0,16,0,0,0,0,0,0,0,0,0,0,0,0,2,0,0,0,0,2,0,0,0,1,0,0,0,0,1,0,0,0,1,0,0,0,0,1,0,0,0,1,0,0,0,0,1,0,0,0,1,0,0,0,0,1,0,0,0,2,2,0,0,0,0,0,0,0,0, ,0,0,0,0,0,0,0,0,No, ,Si,1,No, ,No, ,No, ,Si,1,Si,6,Si,3,Si,6,Si,2,No, ,Si,1,Si,2,Si,4,26,7,No, ,Sí,5,6,4,4,4,4, , , , , , , , , , , , , , , , , , , , , , , , , , , , , , , , , , , ,Ninguna, , , , , , , , , , , , , , , , , , ,-10.67351758,-77.81921265
0514,150203,03,PATIVILCA,De 20001 - 40000 Hab,Distrital, , , , , , , , , , , , , , , , , , , , , , , , , , , , ,1,15,2,3,Si,No, , , , , , , , , , , , , , , , , , , , , , , , , , , , , , , , , , , , , , , , , , , , , ,20,1,0,0,0,19,0,0,0,2,0,0,0,0,2,0,0,0,8,0,0,0,0,8,0,0,0,0,0,0,0,0,0,0,0,0,2,0,0,0,0,2,0,0,0,2,0,0,0,0,2,0,0,0,1,0,0,0,0,1,0,0,0,2,0,0,0,0,2,0,0,0,2,0,0,0,0,2,0,0,0,1,1,0,0,0,0,0,0,0,0, ,0,0,0,0,0,0,0,0,No, ,No, ,No, ,No, ,Si,1,No, ,Si,5,Si,3,Si,2,Si,2,Si,2,Si,2,Si,2,Si,1,20,4,Sí,1,Sí,2,10,10, , , , , , , , , , , , , , , , , , , , , , , , , , , , , , , , , , , , , , ,Almenos una,2,Si,Si,No,No,No,No,No,No,Si,No,Si,No,No,No,No,No, ,-10.69730044,-77.78017221
0515,150204,04,SUPE,De 20001 - 40000 Hab,Distrital, , , , , , , , , , , , , , , , , , , , , , , , , , , , ,1,15,2,4,Si,No, , , , , , , , , , , , , , , , , , , , , , , , , , , , , , , , , , , , , , , , , , , , , ,28,2,0,0,0,25,1,0,0,2,1,0,0,0,0,1,0,0,10,0,0,0,0,10,0,0,0,0,0,0,0,0,0,0,0,0,8,0,0,0,0,8,0,0,0,2,0,0,0,0,2,0,0,0,2,0,0,0,0,2,0,0,0,1,0,0,0,0,1,0,0,0,2,0,0,0,0,2,0,0,0,1,1,0,0,0,0,0,0,0,0, ,0,0,0,0,0,0,0,0,No, ,No, ,Si,1,No, ,No, ,Si,1,Si,8,Si,5,Si,5,Si,2,No, ,Si,1,Si,4,Si,1,28,5,Sí,3,Sí,4,7,7,7,7, , , , , , , , , , , , , , , , , , , , , , , , , , , , , , , , , , , , ,Almenos una,4,Si,Si,No,No,No,No,No,No,Si,No,No,No,No,No,No,No, ,-10.79608453,-77.71521644
0516,150205,05,SUPE PUERTO,De 20001 - 40000 Hab,Distrital, , , , , , , , , , , , , , , , , , , , , , , , , , , , ,1,15,2,5,Si,No, , , , , , , , , , , , , , , , , , , , , , , , , , , , , , , , , , , , , , , , , , , , , ,18,1,0,0,0,15,2,0,0,2,0,0,0,0,2,0,0,0,5,0,0,0,0,5,0,0,0,0,0,0,0,0,0,0,0,0,0,0,0,0,0,0,0,0,0,2,0,0,0,0,2,0,0,0,2,0,0,0,0,1,1,0,0,2,0,0,0,0,1,1,0,0,3,0,0,0,0,3,0,0,0,2,1,0,0,0,1,0,0,0,0, ,0,0,0,0,0,0,0,0,No, ,No, ,No, ,No, ,Si,1,No, ,Si,5,Si,3,Si,3,Si,2,Si,2,No, ,No, ,Si,2,18,5,Sí,1,Sí,1,1, , , , , , , , , , , , , , , , , , , , , , , , , , , , , , , , , , , , , , , ,Ninguna, , , , , , , , , , , , , , , , , , ,-10.79699134,-77.74166508
0517,150401,01,CANTA,De 80001 a más Hab,Provincial, , , , , , , ,1,15,4, , , , , , , , , , , , , , , , , , , , , , , , , , , , , , , , , , , , , , , , , , , , , , , , , , , , , , , , , , , , , , , , , , , , , ,31,2,0,0,0,27,1,1,0,2,0,0,0,0,2,0,0,0,16,0,0,0,0,15,0,1,0,0,0,0,0,0,0,0,0,0,2,0,0,0,0,2,0,0,0,3,0,0,0,0,3,0,0,0,2,0,0,0,0,1,1,0,0,2,0,0,0,0,2,0,0,0,2,0,0,0,0,2,0,0,0,2,2,0,0,0,0,0,0,0,0, ,0,0,0,0,0,0,0,0,No, ,No, ,Si,1,No, ,No, ,Si,1,No, ,Si,3,Si,9,No, ,No, ,Si,2,Si,7,Si,8,31,0,No, ,No, , , , , , , , , , , , , , , , , , , , , , , , , , , , , , , , , , , , , , , , , , , , , , , , , , , , , , , , , , , , ,-11.46912573,-76.62422879
0518,150407,07,SANTA ROSA DE QUIVES,De 5000 - 10000 Hab,Distrital, , , , , , , , , , , , , , , , , , , , , , , , , , , , ,1,15,4,7,Si,No, , , , , , , , , , , , , , , , , , , , , , , , , , , , , , , , , , , , , , , , , , , , , ,36,3,0,0,0,31,2,0,0,4,0,0,0,0,4,0,0,0,18,1,0,0,0,17,0,0,0,0,0,0,0,0,0,0,0,0,5,1,0,0,0,4,0,0,0,2,0,0,0,0,2,0,0,0,2,0,0,0,0,0,2,0,0,2,0,0,0,0,2,0,0,0,2,0,0,0,0,2,0,0,0,1,1,0,0,0,0,0,0,0,0, ,0,0,0,0,0,0,0,0,No, ,No, ,No, ,No, ,Si,1,Si,2,Si,7,Si,4,Si,8,Si,3,Si,3,Si,1,Si,4,Si,3,36,3,Sí,2,Sí,2,1,1, , , , , , , , , , , , , , , , , , , , , , , , , , , , , , , , , , , , , , ,Ninguna, , , , , , , , , , , , , , , , , , ,-11.69488659,-76.84566417
0519,150501,01,SAN VICENTE DE CAÑETE,De 80001 a más Hab,Distrital, , , , , , , , , , , , , , , , , , , , , , , , , , , , ,1,15,5,1,Si,No, , , , , , , , , , , , , , , , , , , , , , , , , , , , , , , , , , , , , , , , , , , , , ,36,1,0,0,0,31,4,0,0,4,0,0,0,0,2,2,0,0,16,0,0,0,0,16,0,0,0,0,0,0,0,0,0,0,0,0,6,0,0,0,0,5,1,0,0,3,0,0,0,0,3,0,0,0,2,0,0,0,0,1,1,0,0,2,0,0,0,0,2,0,0,0,2,0,0,0,0,2,0,0,0,1,1,0,0,0,0,0,0,0,0, ,0,0,0,0,0,0,0,0,No, ,No, ,Si,1,No, ,No, ,No, ,Si,3,Si,7,No, ,Si,1,Si,1,No, ,Si,7,Si,16,36,6,No, ,Sí,2,10,10, , , , , , , , , , , , , , , , , , , , , , , , , , , , , , , , , , , , , , ,Ninguna, , , , , , , , , , , , , , , , , , ,-13.0784391,-76.38898298
0520,150502,02,ASIA,De 10001 - 20000 Hab,Distrital, , , , , , , , , , , , , , , , , , , , , , , , , , , , ,2,15,5,2,Si,No,15,5,6,No,Si, , , , , , , , , , , , , , , , , , , , , , , , , , , , , , , , , , , , , , , , ,26,1,0,0,0,24,1,0,0,1,0,0,0,0,1,0,0,0,12,0,0,0,0,12,0,0,0,4,0,0,0,0,4,0,0,0,2,0,0,0,0,2,0,0,0,2,0,0,0,0,2,0,0,0,2,0,0,0,0,2,0,0,0,1,0,0,0,0,0,1,0,0,1,0,0,0,0,1,0,0,0,1,1,0,0,0,0,0,0,0,0, ,0,0,0,0,0,0,0,0,No, ,Si,1,No, ,No, ,No, ,No, ,Si,1,Si,5,Si,3,Si,1,Si,2,Si,1,Si,7,Si,5,26,4,No, ,Sí,2,7,7, , , , , , , , , , , , , , , , , , , , , , , , , , , , , , , , , , , , , , ,Ninguna, , , , , , , , , , , , , , , , , , ,-12.77907498,-76.55660734
0521,150503,03,CALANGO,De 5000 - 10000 Hab,Distrital, , , , , , , , , , , , , , , , , , , , , , , , , , , , ,1,15,5,3,Si,No, , , , , , , , , , , , , , , , , , , , , , , , , , , , , , , , , , , , , , , , , , , , , ,11,1,0,0,0,8,2,0,0,0,0,0,0,0,0,0,0,0,4,0,0,0,0,4,0,0,0,0,0,0,0,0,0,0,0,0,2,0,0,0,0,2,0,0,0,0,0,0,0,0,0,0,0,0,1,0,0,0,0,0,1,0,0,1,0,0,0,0,0,1,0,0,2,0,0,0,0,2,0,0,0,1,1,0,0,0,0,0,0,0,0, ,0,0,0,0,0,0,0,0,No, ,No, ,No, ,Si,1,No, ,No, ,No, ,Si,2,Si,1,Si,2,Si,2,No, ,Si,3,No, ,11,1,No, ,No, , , , , , , , , , , , , , , , , , , , , , , , , , , , , , , , , , , , , , , , , , , , , , , , , , , , , , , , , , , , ,-12.52658165,-76.54374038
0522,150504,04,CERRO AZUL,De 20001 - 40000 Hab,Distrital, , , , , , , , , , , , , , , , , , , , , , , , , , , , ,1,15,5,4,Si,No, , , , , , , , , , , , , , , , , , , , , , , , , , , , , , , , , , , , , , , , , , , , , ,18,1,0,0,0,17,0,0,0,0,0,0,0,0,0,0,0,0,8,0,0,0,0,8,0,0,0,0,0,0,0,0,0,0,0,0,2,0,0,0,0,2,0,0,0,2,0,0,0,0,2,0,0,0,2,0,0,0,0,2,0,0,0,1,0,0,0,0,1,0,0,0,2,0,0,0,0,2,0,0,0,1,1,0,0,0,0,0,0,0,0, ,0,0,0,0,0,0,0,0,No, ,No, ,No, ,Si,1,No, ,No, ,Si,2,Si,1,No, ,Si,2,Si,2,Si,1,Si,5,Si,4,18,6,No, ,Sí,1,1, , , , , , , , , , , , , , , , , , , , , , , , , , , , , , , , , , , , , , , ,Almenos una,1,No,No,Si,No,No,No,No,No,No,Si,Si,Si,Si,No,No,Si,CARRETILLA,-13.02483313,-76.47888866
0523,150505,05,CHILCA,De 10001 - 20000 Hab,Distrital, , , , , , , , , , , , , , , , , , , , , , , , , , , , ,3,15,5,5,No,Si,15,7,13,No,Si,15,7,31,No,Si, , , , , , , , , , , , , , , , , , , , , , , , , , , , , , , , , , , ,32,1,1,0,0,29,1,0,0,1,0,0,0,0,1,0,0,0,16,0,0,0,0,16,0,0,0,0,0,0,0,0,0,0,0,0,3,0,0,0,0,3,0,0,0,2,0,0,0,0,2,0,0,0,2,0,0,0,0,1,1,0,0,1,0,0,0,0,1,0,0,0,5,0,0,0,0,5,0,0,0,2,1,1,0,0,0,0,0,0,0, ,0,0,0,0,0,0,0,0,No, ,Si,1,No, ,No, ,No, ,Si,1,Si,6,Si,8,Si,3,Si,2,Si,2,Si,3,Si,5,Si,1,32,5,No, ,Sí,1,10, , , , , , , , , , , , , , , , , , , , , , , , , , , , , , , , , , , , , , , ,Ninguna, , , , , , , , , , , , , , , , , , ,-12.51787831,-76.73709551
0524,150507,07,IMPERIAL,De 20001 - 40000 Hab,Distrital, , , , , , , , , , , , , , , , , , , , , , , , , , , , ,1,15,5,7,Si,No, , , , , , , , , , , , , , , , , , , , , , , , , , , , , , , , , , , , , , , , , , , , , ,64,4,0,0,0,57,3,0,0,2,0,0,0,0,2,0,0,0,21,0,0,0,0,21,0,0,0,18,0,0,0,0,18,0,0,0,4,0,0,0,0,4,0,0,0,2,0,0,0,0,2,0,0,0,4,0,0,0,0,1,3,0,0,2,0,0,0,0,2,0,0,0,5,0,0,0,0,5,0,0,0,6,4,0,0,0,2,0,0,0,0, ,0,0,0,0,0,0,0,0,No, ,Si,1,No, ,Si,1,Si,2,No, ,Si,6,Si,7,Si,4,Si,4,Si,2,Si,7,Si,8,Si,22,64,6,No, ,Sí,6,6,6,6,6,6,6, , , , , , , , , , , , , , , , , , , , , , , , , , , , , , , , , , ,Ninguna, , , , , , , , , , , , , , , , , , ,-13.06149065,-76.35298822
0525,150508,08,LUNAHUANA,De 40001 - 80000 Hab,Distrital, , , , , , , , , , , , , , , , , , , , , , , , , , , , ,1,15,5,8,Si,No, , , , , , , , , , , , , , , , , , , , , , , , , , , , , , , , , , , , , , , , , , , , , ,17,1,0,0,0,16,0,0,0,1,0,0,0,0,1,0,0,0,6,0,0,0,0,6,0,0,0,0,0,0,0,0,0,0,0,0,2,0,0,0,0,2,0,0,0,2,0,0,0,0,2,0,0,0,2,0,0,0,0,2,0,0,0,1,0,0,0,0,1,0,0,0,2,0,0,0,0,2,0,0,0,1,1,0,0,0,0,0,0,0,0, ,0,0,0,0,0,0,0,0,No, ,No, ,Si,1,No, ,No, ,No, ,No, ,Si,4,Si,3,Si,3,Si,1,No, ,Si,5,No, ,17,3,No, ,No, , , , , , , , , , , , , , , , , , , , , , , , , , , , , , , , , , , , , , , , , , , , , , , , , , , , , , , , , , , , ,-12.96349427,-76.14024362
0526,150509,09,MALA,De 40001 - 80000 Hab,Distrital, , , , , , , , , , , , , , , , , , , , , , , , , , , , ,1,15,5,9,Si,No, , , , , , , , , , , , , , , , , , , , , , , , , , , , , , , , , , , , , , , , , , , , , ,38,2,0,0,0,30,6,0,0,2,0,0,0,0,2,0,0,0,18,0,0,0,0,18,0,0,0,3,0,0,0,0,0,3,0,0,4,0,0,0,0,4,0,0,0,2,0,0,0,0,2,0,0,0,2,0,0,0,0,0,2,0,0,2,0,0,0,0,1,1,0,0,3,0,0,0,0,3,0,0,0,2,2,0,0,0,0,0,0,0,0, ,0,0,0,0,0,0,0,0,No, ,Si,1,No, ,No, ,No, ,Si,1,Si,4,Si,5,Si,5,No, ,Si,2,Si,2,Si,10,Si,8,38,3,No, ,Sí,2,10,10, , , , , , , , , , , , , , , , , , , , , , , , , , , , , , , , , , , , , , ,Ninguna, , , , , , , , , , , , , , , , , , ,-12.65745614,-76.63250477
0527,150510,10,NUEVO IMPERIAL,De 10001 - 20000 Hab,Distrital, , , , , , , , , , , , , , , , , , , , , , , , , , , , ,1,15,5,10,No,Si, , , , , , , , , , , , , , , , , , , , , , , , , , , , , , , , , , , , , , , , , , , , , ,20,1,0,0,0,19,0,0,0,1,0,0,0,0,1,0,0,0,9,0,0,0,0,9,0,0,0,0,0,0,0,0,0,0,0,0,2,0,0,0,0,2,0,0,0,2,0,0,0,0,2,0,0,0,2,0,0,0,0,2,0,0,0,1,0,0,0,0,1,0,0,0,2,0,0,0,0,2,0,0,0,1,1,0,0,0,0,0,0,0,0, ,0,0,0,0,0,0,0,0,No, ,Si,1,No, ,No, ,No, ,No, ,Si,2,Si,4,Si,1,Si,3,Si,2,Si,1,Si,3,Si,3,20,4,No, ,Sí,2,10,10, , , , , , , , , , , , , , , , , , , , , , , , , , , , , , , , , , , , , , ,Ninguna, , , , , , , , , , , , , , , , , , ,-13.0760427,-76.31960072
0528,150510,10,NUEVO IMPERIAL,De 5000 - 10000 Hab,Distrital, , , , , , , , , , , , , , , , , , , , , , , , , , , , ,1,15,5,10,No,Si, , , , , , , , , , , , , , , , , , , , , , , , , , , , , , , , , , , , , , , , , , , , , ,16,1,0,0,0,14,1,0,0,1,0,0,0,0,0,1,0,0,5,0,0,0,0,5,0,0,0,0,0,0,0,0,0,0,0,0,2,0,0,0,0,2,0,0,0,2,0,0,0,0,2,0,0,0,2,0,0,0,0,2,0,0,0,1,0,0,0,0,1,0,0,0,2,0,0,0,0,2,0,0,0,1,1,0,0,0,0,0,0,0,0, ,0,0,0,0,0,0,0,0,No, ,No, ,No, ,No, ,Si,1,No, ,Si,2,Si,1,Si,3,Si,1,No, ,No, ,Si,4,Si,4,16,5,No, ,No, , , , , , , , , , , , , , , , , , , , , , , , , , , , , , , , , , , , , , , , , , , , , , , , , , , , , , , , , , , , ,-13.01820524,-76.33930189
0529,150511,11,PACARAN,Menos de 5000 Hab,Distrital, , , , , , , , , , , , , , , , , , , , , , , , , , , , ,1,15,5,11,Si,No, , , , , , , , , , , , , , , , , , , , , , , , , , , , , , , , , , , , , , , , , , , , , ,10,1,0,0,0,9,0,0,0,1,0,0,0,0,1,0,0,0,2,0,0,0,0,2,0,0,0,1,0,0,0,0,1,0,0,0,1,0,0,0,0,1,0,0,0,1,0,0,0,0,1,0,0,0,1,0,0,0,0,1,0,0,0,1,0,0,0,0,1,0,0,0,1,0,0,0,0,1,0,0,0,1,1,0,0,0,0,0,0,0,0, ,0,0,0,0,0,0,0,0,No, ,No, ,No, ,No, ,No, ,Si,1,Si,1,Si,3,Si,1,Si,1,No, ,Si,1,Si,1,Si,1,10,3,No, ,Sí,3,3,3,3, , , , , , , , , , , , , , , , , , , , , , , , , , , , , , , , , , , , , ,Ninguna, , , , , , , , , , , , , , , , , , ,-12.86605251,-76.05419852
0530,150512,12,QUILMANA,De 10001 - 20000 Hab,Distrital, , , , , , , , , , , , , , , , , , , , , , , , , , , , ,1,15,5,12,Si,No, , , , , , , , , , , , , , , , , , , , , , , , , , , , , , , , , , , , , , , , , , , , , ,20,1,0,0,0,19,0,0,0,1,0,0,0,0,1,0,0,0,5,0,0,0,0,5,0,0,0,0,0,0,0,0,0,0,0,0,4,0,0,0,0,4,0,0,0,2,0,0,0,0,2,0,0,0,2,0,0,0,0,2,0,0,0,1,0,0,0,0,1,0,0,0,2,0,0,0,0,2,0,0,0,1,1,0,0,0,0,0,0,0,2,SOMETIDOS A LEY,0,0,0,0,2,0,0,0,No, ,No, ,Si,1,No, ,No, ,No, ,Si,1,Si,3,Si,2,Si,1,Si,1,Si,2,Si,2,Si,7,20,0,No, ,No, , , , , , , , , , , , , , , , , , , , , , , , , , , , , , , , , , , , , , , , , , , , , , , , , , , , , , , , , , , , ,-12.949532,-76.382488
0531,150513,13,SAN ANTONIO,De 20001 - 40000 Hab,Distrital, , , , , , , , , , , , , , , , , , , , , , , , , , , , ,2,15,5,13,Si,No,15,5,15,Si,No, , , , , , , , , , , , , , , , , , , , , , , , , , , , , , , , , , , , , , , , ,18,1,0,0,0,15,2,0,0,0,0,0,0,0,0,0,0,0,8,0,0,0,0,8,0,0,0,2,0,0,0,0,2,0,0,0,3,0,0,0,0,3,0,0,0,1,0,0,0,0,1,0,0,0,1,0,0,0,0,0,1,0,0,1,0,0,0,0,0,1,0,0,1,0,0,0,0,1,0,0,0,1,1,0,0,0,0,0,0,0,0, ,0,0,0,0,0,0,0,0,No, ,No, ,No, ,Si,1,No, ,No, ,Si,1,Si,4,Si,5,Si,1,No, ,No, ,Si,6,No, ,18,3,No, ,No, , , , , , , , , , , , , , , , , , , , , , , , , , , , , , , , , , , , , , , , , , , , , , , , , , , , , , , , , , , , ,-12.64191081,-76.65071329
0532,150514,14,SAN LUIS,De 40001 - 80000 Hab,Distrital, , , , , , , , , , , , , , , , , , , , , , , , , , , , ,1,15,5,14,Si,No, , , , , , , , , , , , , , , , , , , , , , , , , , , , , , , , , , , , , , , , , , , , , ,23,1,0,0,0,22,0,0,0,1,0,0,0,0,1,0,0,0,6,0,0,0,0,6,0,0,0,2,0,0,0,0,2,0,0,0,2,0,0,0,0,2,0,0,0,0,0,0,0,0,0,0,0,0,4,0,0,0,0,4,0,0,0,1,0,0,0,0,1,0,0,0,0,0,0,0,0,0,0,0,0,3,1,0,0,0,2,0,0,0,4,PUESTO DE AUXILIO RAPIDO,0,0,0,0,4,0,0,0,No, ,No, ,Si,1,No, ,No, ,No, ,Si,2,Si,2,Si,2,Si,2,Si,3,Si,2,Si,4,Si,5,23,5,Sí,2,Sí,5,2,2,2,4,4, , , , , , , , , , , , , , , , , , , , , , , , , , , , , , , , , , , ,Ninguna, , , , , , , , , , , , , , , , , , ,-13.05075142,-76.43042103
0533,150516,16,ZUÑIGA,Menos de 5000 Hab,Distrital, , , , , , , , , , , , , , , , , , , , , , , , , , , , ,1,15,5,16,Si,No, , , , , , , , , , , , , , , , , , , , , , , , , , , , , , , , , , , , , , , , , , , , , ,10,0,0,0,0,10,0,0,0,2,0,0,0,0,2,0,0,0,2,0,0,0,0,2,0,0,0,0,0,0,0,0,0,0,0,0,1,0,0,0,0,1,0,0,0,1,0,0,0,0,1,0,0,0,1,0,0,0,0,1,0,0,0,1,0,0,0,0,1,0,0,0,1,0,0,0,0,1,0,0,0,1,0,0,0,0,1,0,0,0,0, ,0,0,0,0,0,0,0,0,No, ,No, ,No, ,No, ,No, ,No, ,Si,2,Si,3,No, ,Si,1,Si,1,Si,1,Si,2,No, ,10,0,No, ,Sí,3,3,3,3, , , , , , , , , , , , , , , , , , , , , , , , , , , , , , , , , , , , , ,Ninguna, , , , , , , , , , , , , , , , , , ,-12.86029554,-76.0224031
0534,150601,01,HUARAL,De 80001 a más Hab,Provincial, , , , , , , ,1,15,6, , , , , , , , , , , , , , , , , , , , , , , , , , , , , , , , , , , , , , , , , , , , , , , , , , , , , , , , , , , , , , , , , , , , , ,63,5,0,0,0,56,2,0,0,2,0,0,0,0,1,1,0,0,36,0,0,0,0,36,0,0,0,2,0,0,0,0,2,0,0,0,4,0,0,0,0,4,0,0,0,2,0,0,0,0,2,0,0,0,3,0,0,0,0,2,1,0,0,2,0,0,0,0,2,0,0,0,2,0,0,0,0,2,0,0,0,5,5,0,0,0,0,0,0,0,5,PUESTO DE AUXILIO RAPIDO,0,0,0,0,5,0,0,0,No, ,Si,1,No, ,No, ,No, ,Si,4,Si,6,Si,10,Si,11,Si,6,Si,2,Si,5,Si,10,Si,8,63,8,No, ,Sí,2,5,5, , , , , , , , , , , , , , , , , , , , , , , , , , , , , , , , , , , , , , ,Ninguna, , , , , , , , , , , , , , , , , , ,-11.49473616,-77.2071146
0535,150604,04,AUCALLAMA,De 5000 - 10000 Hab,Distrital, , , , , , , , , , , , , , , , , , , , , , , , , , , , ,1,15,6,4,Si,No, , , , , , , , , , , , , , , , , , , , , , , , , , , , , , , , , , , , , , , , , , , , , ,24,1,0,0,0,22,1,0,0,1,0,0,0,0,0,1,0,0,16,0,0,0,0,16,0,0,0,0,0,0,0,0,0,0,0,0,2,0,0,0,0,2,0,0,0,1,0,0,0,0,1,0,0,0,1,0,0,0,0,1,0,0,0,1,0,0,0,0,1,0,0,0,1,0,0,0,0,1,0,0,0,1,1,0,0,0,0,0,0,0,0, ,0,0,0,0,0,0,0,0,No, ,No, ,No, ,Si,1,No, ,No, ,Si,4,Si,2,Si,7,Si,1,No, ,Si,2,Si,5,Si,2,24,2,No, ,No, , , , , , , , , , , , , , , , , , , , , , , , , , , , , , , , , , , , , , , , , , , , , , , , , , , , , , , , , , , , ,-11.558638,-77.17926345
0536,150605,05,CHANCAY,De 40001 - 80000 Hab,Distrital, , , , , , , , , , , , , , , , , , , , , , , , , , , , ,1,15,6,5,Si,No, , , , , , , , , , , , , , , , , , , , , , , , , , , , , , , , , , , , , , , , , , , , , ,36,1,0,0,0,31,4,0,0,2,0,0,0,0,0,2,0,0,20,0,0,0,0,20,0,0,0,0,0,0,0,0,0,0,0,0,5,0,0,0,0,5,0,0,0,2,0,0,0,0,1,1,0,0,2,0,0,0,0,1,1,0,0,2,0,0,0,0,2,0,0,0,2,0,0,0,0,2,0,0,0,1,1,0,0,0,0,0,0,0,0, ,0,0,0,0,0,0,0,0,No, ,Si,1,No, ,No, ,No, ,No, ,Si,4,Si,3,Si,8,Si,3,Si,2,Si,4,Si,6,Si,5,36,5,No, ,No, , , , , , , , , , , , , , , , , , , , , , , , , , , , , , , , , , , , , , , , , , , , , , , , , , , , , , , , , , , , ,-11.562495,-77.269188
0538,150701,01,MATUCANA,De 40001 - 80000 Hab,Distrital, , , , , , , , , , , , , , , , , , , , , , , , , , , , ,5,15,7,1,Si,No,15,7,17,Si,No,15,7,27,No,Si,15,7,30,Si,No,15,7,32,Si,No, , , , , , , , , , , , , , , , , , , , , , , , , ,30,3,0,0,0,27,0,0,0,2,0,0,0,0,2,0,0,0,13,1,0,0,0,12,0,0,0,2,0,0,0,0,2,0,0,0,3,1,0,0,0,2,0,0,0,2,0,0,0,0,2,0,0,0,2,0,0,0,0,2,0,0,0,2,0,0,0,0,2,0,0,0,3,0,0,0,0,3,0,0,0,1,1,0,0,0,0,0,0,0,0, ,0,0,0,0,0,0,0,0,No, ,Si,1,No, ,No, ,No, ,Si,2,No, ,Si,4,Si,7,Si,3,Si,2,Si,6,Si,3,Si,2,30,4,No, ,Sí,1,10, , , , , , , , , , , , , , , , , , , , , , , , , , , , , , , , , , , , , , , ,Almenos una,1,No,No,No,No,No,No,No,No,Si,No,Si,Si,Si,No,No,No, ,-11.84373982,-76.3858292
0539,150705,05,CHICLA,De 40001 - 80000 Hab,Distrital, , , , , , , , , , , , , , , , , , , , , , , , , , , , ,1,15,7,5,Si,No, , , , , , , , , , , , , , , , , , , , , , , , , , , , , , , , , , , , , , , , , , , , , ,16,2,0,0,0,14,0,0,0,1,0,0,0,0,1,0,0,0,4,0,0,0,0,4,0,0,0,0,0,0,0,0,0,0,0,0,2,0,0,0,0,2,0,0,0,2,0,0,0,0,2,0,0,0,2,0,0,0,0,2,0,0,0,2,1,0,0,0,1,0,0,0,2,0,0,0,0,2,0,0,0,1,1,0,0,0,0,0,0,0,0, ,0,0,0,0,0,0,0,0,No, ,No, ,No, ,Si,1,No, ,Si,1,Si,1,No, ,No, ,Si,3,Si,3,Si,1,Si,5,Si,1,16,2,No, ,No, , , , , , , , , , , , , , , , , , , , , , , , , , , , , , , , , , , , , , , , , , , , , , , , , , , , , , , , , , , , ,-11.65242739,-76.2356819
0540,150709,09,HUAROCHIRI,De 5000 - 10000 Hab,Distrital, , , , , , , , , , , , , , , , , , , , , , , , , , , , ,5,15,7,9,Si,No,15,7,29,Si,No,15,7,11,Si,No,15,7,10,Si,No,15,7,6,Si,No, , , , , , , , , , , , , , , , , , , , , , , , , ,20,2,0,0,0,18,0,0,0,1,0,0,0,0,1,0,0,0,2,0,0,0,0,2,0,0,0,4,0,0,0,0,4,0,0,0,2,0,0,0,0,2,0,0,0,1,0,0,0,0,1,0,0,0,2,0,0,0,0,2,0,0,0,1,0,0,0,0,1,0,0,0,1,0,0,0,0,1,0,0,0,2,2,0,0,0,0,0,0,0,4,PUESTO DE AUXILIO RAPIDO,0,0,0,0,4,0,0,0,No, ,No, ,Si,1,No, ,No, ,Si,1,Si,1,Si,2,Si,2,Si,4,No, ,Si,2,Si,4,Si,3,20,1,No, ,Sí,2,5,5, , , , , , , , , , , , , , , , , , , , , , , , , , , , , , , , , , , , , , ,Almenos una,2,Si,Si,No,Si,No,No,No,Si,Si,Si,Si,Si,No,No,Si,Si,BOLSAS DE DORMIR,-12.13525437,-76.23456224
0541,150714,14,RICARDO PALMA,De 40001 - 80000 Hab,Distrital, , , , , , , , , , , , , , , , , , , , , , , , , , , , ,3,15,7,14,Si,No,15,7,27,No,Si,15,7,22,No,Si, , , , , , , , , , , , , , , , , , , , , , , , , , , , , , , , , , , ,33,3,1,0,0,25,4,0,0,5,1,0,0,0,4,0,0,0,3,2,0,0,0,1,0,0,0,0,0,0,0,0,0,0,0,0,3,0,0,0,0,3,0,0,0,2,0,0,0,0,2,0,0,0,3,0,0,0,0,1,2,0,0,2,0,0,0,0,2,0,0,0,14,0,0,0,0,12,2,0,0,1,0,1,0,0,0,0,0,0,0, ,0,0,0,0,0,0,0,0,No, ,No, ,No, ,Si,1,No, ,Si,3,Si,2,Si,3,Si,2,Si,3,Si,3,Si,7,Si,5,Si,4,33,5,Sí,2,No, , , , , , , , , , , , , , , , , , , , , , , , , , , , , , , , , , , , , , , , , , , , , , , , , , , , , , , , , , , , ,-11.92352428,-76.66473595
0542,150718,18,SAN DAMIAN,Menos de 5000 Hab,Distrital, , , , , , , , , , , , , , , , , , , , , , , , , , , , ,2,15,7,18,Si,No,15,7,15,Si,No, , , , , , , , , , , , , , , , , , , , , , , , , , , , , , , , , , , , , , , , ,19,1,0,0,0,18,0,0,0,1,0,0,0,0,1,0,0,0,4,0,0,0,0,4,0,0,0,2,0,0,0,0,2,0,0,0,2,0,0,0,0,2,0,0,0,1,0,0,0,0,1,0,0,0,2,0,0,0,0,2,0,0,0,1,0,0,0,0,1,0,0,0,3,0,0,0,0,3,0,0,0,3,1,0,0,0,2,0,0,0,0, ,0,0,0,0,0,0,0,0,No, ,No, ,No, ,Si,1,No, ,No, ,Si,3,Si,1,Si,4,No, ,Si,5,Si,1,Si,2,Si,2,19,1,No, ,Sí,2,4,4, , , , , , , , , , , , , , , , , , , , , , , , , , , , , , , , , , , , , , ,Almenos una,2,No,No,No,No,No,No,No,Si,Si,Si,Si,Si,Si,Si,No,Si,LINTERNA,-12.0171162,-76.39168042
0543,150722,22,SAN MATEO,De 40001 - 80000 Hab,Distrital, , , , , , , , , , , , , , , , , , , , , , , , , , , , ,2,15,7,22,Si,No,15,7,5,No,Si, , , , , , , , , , , , , , , , , , , , , , , , , , , , , , , , , , , , , , , , ,29,2,0,0,0,27,0,0,0,2,1,0,0,0,1,0,0,0,16,0,0,0,0,16,0,0,0,0,0,0,0,0,0,0,0,0,2,0,0,0,0,2,0,0,0,2,0,0,0,0,2,0,0,0,2,0,0,0,0,2,0,0,0,2,0,0,0,0,2,0,0,0,2,0,0,0,0,2,0,0,0,1,1,0,0,0,0,0,0,0,0, ,0,0,0,0,0,0,0,0,No, ,No, ,Si,1,No, ,No, ,Si,1,Si,3,Si,4,Si,4,Si,4,Si,3,Si,1,Si,4,Si,4,29,1,No, ,Sí,3,4,4,4, , , , , , , , , , , , , , , , , , , , , , , , , , , , , , , , , , , , , ,Ninguna, , , , , , , , , , , , , , , , , , ,-11.75932211,-76.29927697
0544,150728,28,SANTA EULALIA,De 20001 - 40000 Hab,Distrital, , , , , , , , , , , , , , , , , , , , , , , , , , , , ,9,15,7,28,Si,No,15,7,3,Si,No,15,7,24,Si,No,15,7,7,Si,No,15,7,19,Si,No,15,7,8,Si,No,15,7,4,Si,No,15,7,12,Si,No,15,7,16,No,Si, , , , , ,39,3,0,0,0,29,7,0,0,4,0,0,0,0,2,2,0,0,8,0,0,0,0,8,0,0,0,4,0,0,0,0,4,0,0,0,6,0,0,0,0,6,0,0,0,1,0,0,0,0,1,0,0,0,2,0,0,0,0,0,2,0,0,4,0,0,0,0,1,3,0,0,7,0,0,0,0,7,0,0,0,3,3,0,0,0,0,0,0,0,0, ,0,0,0,0,0,0,0,0,No, ,No, ,Si,1,No, ,No, ,Si,2,Si,4,Si,9,Si,7,Si,1,Si,1,Si,3,Si,3,Si,8,39,1,No, ,Sí,1,8, , , , , , , , , , , , , , , , , , , , , , , , , , , , , , , , , , , , , , , ,Almenos una,1,No,No,No,No,No,No,No,No,Si,No,No,Si,No,No,No,Si,LINTERNA,-11.90102557,-76.66402933
0545,150801,01,HUACHO,De 10001 - 20000 Hab,Distrital, , , , , , , , , , , , , , , , , , , , , , , , , , , , ,2,15,8,1,Si,No,15,8,3,Si,No, , , , , , , , , , , , , , , , , , , , , , , , , , , , , , , , , , , , , , , , ,44,3,0,0,0,39,2,0,0,8,1,0,0,0,7,0,0,0,21,1,0,0,0,20,0,0,0,0,0,0,0,0,0,0,0,0,5,0,0,0,0,4,1,0,0,1,0,0,0,0,1,0,0,0,2,0,0,0,0,1,1,0,0,1,0,0,0,0,1,0,0,0,5,0,0,0,0,5,0,0,0,1,1,0,0,0,0,0,0,0,0, ,0,0,0,0,0,0,0,0,No, ,Si,1,No, ,Si,2,No, ,No, ,Si,5,Si,7,Si,3,Si,2,Si,4,No, ,Si,8,Si,12,44,5,No, ,No, , , , , , , , , , , , , , , , , , , , , , , , , , , , , , , , , , , , , , , , , , , , , , , , , , , , , , , , , , , , ,-11.10990095,-77.60758674
0546,150805,05,HUALMAY,De 40001 - 80000 Hab,Distrital, , , , , , , , , , , , , , , , , , , , , , , , , , , , ,2,15,8,5,No,Si,15,8,10,Si,No, , , , , , , , , , , , , , , , , , , , , , , , , , , , , , , , , , , , , , , , ,41,2,0,0,0,37,2,0,0,5,1,0,0,0,3,1,0,0,20,0,0,0,0,20,0,0,0,0,0,0,0,0,0,0,0,0,4,0,0,0,0,4,0,0,0,2,0,0,0,0,2,0,0,0,2,0,0,0,0,2,0,0,0,2,0,0,0,0,1,1,0,0,4,0,0,0,0,4,0,0,0,2,1,0,0,0,1,0,0,0,0, ,0,0,0,0,0,0,0,0,No, ,No, ,Si,1,No, ,Si,1,No, ,Si,9,Si,8,Si,5,Si,2,Si,1,Si,3,Si,6,Si,5,41,5,No, ,Sí,1,10, , , , , , , , , , , , , , , , , , , , , , , , , , , , , , , , , , , , , , , ,Almenos una,1,Si,Si,No,No,No,No,No,No,No,No,Si,No,No,No,Si,No, ,-11.09766532,-77.59569859
0547,150806,06,HUAURA,De 20001 - 40000 Hab,Distrital, , , , , , , , , , , , , , , , , , , , , , , , , , , , ,1,15,8,6,Si,No, , , , , , , , , , , , , , , , , , , , , , , , , , , , , , , , , , , , , , , , , , , , , ,36,2,0,0,0,33,1,0,0,1,0,0,0,0,0,1,0,0,20,0,0,0,0,20,0,0,0,0,0,0,0,0,0,0,0,0,6,0,0,0,0,6,0,0,0,1,0,0,0,0,1,0,0,0,1,0,0,0,0,1,0,0,0,1,0,0,0,0,1,0,0,0,4,0,0,0,0,4,0,0,0,2,2,0,0,0,0,0,0,0,0, ,0,0,0,0,0,0,0,0,No, ,Si,1,No, ,No, ,No, ,Si,1,Si,7,Si,6,Si,4,Si,1,Si,1,Si,2,Si,6,Si,7,36,4,No, ,Sí,5,2,2,2,2,2, , , , , , , , , , , , , , , , , , , , , , , , , , , , , , , , , , , ,Ninguna, , , , , , , , , , , , , , , , , , ,-11.06821603,-77.59911593
0548,150811,11,SAYAN,De 20001 - 40000 Hab,Distrital, , , , , , , , , , , , , , , , , , , , , , , , , , , , ,3,15,8,11,Si,No,15,8,7,Si,No,15,8,8,No,Si, , , , , , , , , , , , , , , , , , , , , , , , , , , , , , , , , , , ,16,1,0,0,0,15,0,0,0,1,0,0,0,0,1,0,0,0,4,0,0,0,0,4,0,0,0,0,0,0,0,0,0,0,0,0,2,0,0,0,0,2,0,0,0,2,0,0,0,0,2,0,0,0,2,0,0,0,0,2,0,0,0,1,0,0,0,0,1,0,0,0,3,0,0,0,0,3,0,0,0,1,1,0,0,0,0,0,0,0,0, ,0,0,0,0,0,0,0,0,No, ,No, ,Si,1,No, ,No, ,No, ,Si,5,Si,1,Si,2,Si,1,Si,1,No, ,Si,2,Si,3,16,3,No, ,No, , , , , , , , , , , , , , , , , , , , , , , , , , , , , , , , , , , , , , , , , , , , , , , , , , , , , , , , , , , , ,-11.1349415,-77.19260143
0549,150812,12,VEGUETA,De 20001 - 40000 Hab,Distrital, , , , , , , , , , , , , , , , , , , , , , , , , , , , ,1,15,8,12,Si,No, , , , , , , , , , , , , , , , , , , , , , , , , , , , , , , , , , , , , , , , , , , , , ,26,2,0,0,0,23,1,0,0,0,0,0,0,0,0,0,0,0,15,0,0,0,0,15,0,0,0,0,0,0,0,0,0,0,0,0,2,0,0,0,0,2,0,0,0,2,0,0,0,0,2,0,0,0,1,0,0,0,0,0,1,0,0,1,0,0,0,0,1,0,0,0,3,0,0,0,0,3,0,0,0,2,2,0,0,0,0,0,0,0,0, ,0,0,0,0,0,0,0,0,No, ,No, ,Si,1,No, ,No, ,Si,1,Si,3,Si,1,Si,2,No, ,Si,3,Si,1,Si,10,Si,4,26,5,No, ,Sí,1,7, , , , , , , , , , , , , , , , , , , , , , , , , , , , , , , , , , , , , , , ,Ninguna, , , , , , , , , , , , , , , , , , ,-11.02333927,-77.64381885
0550,150901,01,OYON,Menos de 5000 Hab,Provincial, , , , , , , ,1,15,9, , , , , , , , , , , , , , , , , , , , , , , , , , , , , , , , , , , , , , , , , , , , , , , , , , , , , , , , , , , , , , , , , , , , , ,17,1,0,0,0,16,0,0,0,0,0,0,0,0,0,0,0,0,4,0,0,0,0,4,0,0,0,4,0,0,0,0,4,0,0,0,2,0,0,0,0,2,0,0,0,2,0,0,0,0,2,0,0,0,1,0,0,0,0,1,0,0,0,1,0,0,0,0,1,0,0,0,2,0,0,0,0,2,0,0,0,1,1,0,0,0,0,0,0,0,0, ,0,0,0,0,0,0,0,0,No, ,Si,1,No, ,No, ,No, ,No, ,Si,3,Si,4,Si,1,Si,2,No, ,No, ,Si,3,Si,3,17,4,No, ,Sí,1,10, , , , , , , , , , , , , , , , , , , , , , , , , , , , , , , , , , , , , , , ,Ninguna, , , , , , , , , , , , , , , , , , ,-10.6695791,-76.76979605
0551,150901,01,OYON,Menos de 5000 Hab,Distrital, , , , , , , , , , , , , , , , , , , , , , , , , , , , ,1,15,9,1,No,Si, , , , , , , , , , , , , , , , , , , , , , , , , , , , , , , , , , , , , , , , , , , , , ,6,1,0,0,0,5,0,0,0,0,0,0,0,0,0,0,0,0,2,0,0,0,0,2,0,0,0,0,0,0,0,0,0,0,0,0,1,0,0,0,0,1,0,0,0,1,0,0,0,0,1,0,0,0,0,0,0,0,0,0,0,0,0,0,0,0,0,0,0,0,0,0,1,0,0,0,0,1,0,0,0,1,1,0,0,0,0,0,0,0,0, ,0,0,0,0,0,0,0,0,No, ,No, ,Si,1,No, ,No, ,No, ,Si,1,No, ,Si,2,Si,1,No, ,No, ,Si,1,No, ,6,0,No, ,No, , , , , , , , , , , , , , , , , , , , , , , , , , , , , , , , , , , , , , , , , , , , , , , , , , , , , , , , , , , , ,-10.634812,-76.689102
0552,150906,06,PACHANGARA,De 10001 - 20000 Hab,Provincial, , , , , , , ,3,15,9,15,8,15,3, , , , , , , , , , , , , , , , , , , , , , , , , , , , , , , , , , , , , , , , , , , , , , , , , , , , , , , , , , , , , , , , , ,14,1,0,0,0,13,0,0,0,1,0,0,0,0,1,0,0,0,2,0,0,0,0,2,0,0,0,0,0,0,0,0,0,0,0,0,4,0,0,0,0,4,0,0,0,2,0,0,0,0,2,0,0,0,0,0,0,0,0,0,0,0,0,2,0,0,0,0,2,0,0,0,2,0,0,0,0,2,0,0,0,1,1,0,0,0,0,0,0,0,0, ,0,0,0,0,0,0,0,0,No, ,No, ,Si,1,No, ,No, ,No, ,Si,3,Si,1,Si,3,Si,1,No, ,No, ,Si,4,Si,1,14,4,No, ,Sí,3,2,2,2, , , , , , , , , , , , , , , , , , , , , , , , , , , , , , , , , , , , , ,Ninguna, , , , , , , , , , , , , , , , , , ,-10.81120809,-76.8749929
0553,090101,01,HUANCAVELICA,De 10001 - 20000 Hab,Distrital, , , , , , , , , , , , , , , , , , , , , , , , , , , , ,2,9,1,1,Si,No,9,1,18,Si,No, , , , , , , , , , , , , , , , , , , , , , , , , , , , , , , , , , , , , , , , ,95,2,0,0,0,81,12,0,0,10,0,0,0,0,2,8,0,0,18,0,0,0,0,18,0,0,0,45,0,0,0,0,43,2,0,0,8,0,0,0,0,8,0,0,0,6,0,0,0,0,5,1,0,0,0,0,0,0,0,0,0,0,0,2,0,0,0,0,1,1,0,0,2,0,0,0,0,2,0,0,0,2,2,0,0,0,0,0,0,0,2,SEGURIDAD DE LAS INSTALACIONES DEL COMPLEJO,0,0,0,0,2,0,0,0,No, ,Si,1,No, ,No, ,No, ,Si,1,No, ,Si,1,Si,1,No, ,Si,1,Si,2,Si,9,Si,79,95,0,No, ,Sí,2,20,20, , , , , , , , , , , , , , , , , , , , , , , , , , , , , , , , , , , , , , ,Ninguna, , , , , , , , , , , , , , , , , , ,-12.78587652,-74.96893612
0554,090101,01,HUANCAVELICA,De 80001 a más Hab,Provincial, , , , , , , ,3,9,2,9,3,9,1, , , , , , , , , , , , , , , , , , , , , , , , , , , , , , , , , , , , , , , , , , , , , , , , , , , , , , , , , , , , , , , , , ,38,0,1,0,0,20,17,0,0,4,0,0,0,0,1,3,0,0,6,0,0,0,0,3,3,0,0,0,0,0,0,0,0,0,0,0,0,0,0,0,0,0,0,0,0,0,0,0,0,0,0,0,0,0,20,0,0,0,0,14,6,0,0,5,0,0,0,0,0,5,0,0,2,0,0,0,0,2,0,0,0,1,0,1,0,0,0,0,0,0,0, ,0,0,0,0,0,0,0,0,No, ,No, ,No, ,No, ,Si,1,No, ,Si,1,No, ,Si,1,No, ,No, ,Si,1,Si,7,Si,27,38,0,Sí,6,Sí,2,19,19, , , , , , , , , , , , , , , , , , , , , , , , , , , , , , , , , , , , , , ,Ninguna, , , , , , , , , , , , , , , , , , ,-12.78589486,-74.96916117
0555,090102,02,ACOBAMBILLA,Menos de 5000 Hab,Distrital, , , , , , , , , , , , , , , , , , , , , , , , , , , , ,2,9,1,2,Si,No,9,1,10,Si,No, , , , , , , , , , , , , , , , , , , , , , , , , , , , , , , , , , , , , , , , ,15,0,0,0,0,12,3,0,0,1,0,0,0,0,1,0,0,0,2,0,0,0,0,2,0,0,0,2,0,0,0,0,2,0,0,0,2,0,0,0,0,2,0,0,0,2,0,0,0,0,2,0,0,0,2,0,0,0,0,0,2,0,0,2,0,0,0,0,1,1,0,0,1,0,0,0,0,1,0,0,0,1,0,0,0,0,1,0,0,0,0, ,0,0,0,0,0,0,0,0,No, ,No, ,No, ,No, ,No, ,No, ,Si,1,No, ,Si,2,Si,2,Si,1,No, ,Si,4,Si,5,15,0,Sí,2,Sí,1,15, , , , , , , , , , , , , , , , , , , , , , , , , , , , , , , , , , , , , , , ,Almenos una,1,Si,No,No,No,No,No,No,No,Si,No,No,No,No,No,No,Si,LINTERNA,-12.66462107,-75.32261254
0556,090103,03,ACORIA,Menos de 5000 Hab,Distrital, , , , , , , , , , , , , , , , , , , , , , , , , , , , ,1,9,1,3,Si,No, , , , , , , , , , , , , , , , , , , , , , , , , , , , , , , , , , , , , , , , , , , , , ,14,1,0,0,0,11,2,0,0,1,0,0,0,0,0,1,0,0,4,0,0,0,0,4,0,0,0,2,0,0,0,0,2,0,0,0,1,0,0,0,0,1,0,0,0,1,0,0,0,0,1,0,0,0,1,0,0,0,0,1,0,0,0,1,0,0,0,0,0,1,0,0,1,0,0,0,0,1,0,0,0,1,1,0,0,0,0,0,0,0,1,ARMERO,0,0,0,0,1,0,0,0,No, ,No, ,No, ,No, ,No, ,Si,1,No, ,Si,1,No, ,Si,1,No, ,Si,1,Si,3,Si,7,14,0,Sí,2,Sí,1,11, , , , , , , , , , , , , , , , , , , , , , , , , , , , , , , , , , , , , , , ,Ninguna, , , , , , , , , , , , , , , , , , ,-12.64264689,-74.86299704
0557,090106,06,HUACHOCOLPA,Menos de 5000 Hab,Distrital, , , , , , , , , , , , , , , , , , , , , , , , , , , , ,1,9,1,6,Si,No, , , , , , , , , , , , , , , , , , , , , , , , , , , , , , , , , , , , , , , , , , , , , ,14,0,0,0,0,13,1,0,0,1,0,0,0,0,1,0,0,0,6,0,0,0,0,6,0,0,0,1,0,0,0,0,1,0,0,0,1,0,0,0,0,1,0,0,0,1,0,0,0,0,1,0,0,0,1,0,0,0,0,0,1,0,0,1,0,0,0,0,1,0,0,0,1,0,0,0,0,1,0,0,0,1,0,0,0,0,1,0,0,0,0, ,0,0,0,0,0,0,0,0,No, ,No, ,No, ,No, ,No, ,No, ,Si,1,Si,1,Si,1,No, ,No, ,Si,1,Si,4,Si,6,14,0,Sí,2,Sí,2,5,5, , , , , , , , , , , , , , , , , , , , , , , , , , , , , , , , , , , , , , ,Almenos una,2,Si,No,No,No,No,No,No,No,Si,No,No,No,No,No,No,Si,LINTERNA,-13.03156297,-74.94707881
0558,090108,08,IZCUCHACA,De 5000 - 10000 Hab,Distrital, , , , , , , , , , , , , , , , , , , , , , , , , , , , ,6,9,1,8,Si,No,9,1,5,Si,No,9,1,4,Si,No,9,1,9,Si,No,9,1,13,Si,No,9,1,15,Si,No, , , , , , , , , , , , , , , , , , , , ,14,0,0,0,0,11,3,0,0,1,0,0,0,0,0,1,0,0,2,0,0,0,0,2,0,0,0,2,0,0,0,0,2,0,0,0,2,0,0,0,0,2,0,0,0,1,0,0,0,0,1,0,0,0,2,0,0,0,0,1,1,0,0,2,0,0,0,0,2,0,0,0,1,0,0,0,0,0,1,0,0,1,0,0,0,0,1,0,0,0,0, ,0,0,0,0,0,0,0,0,No, ,No, ,No, ,No, ,No, ,No, ,Si,1,No, ,No, ,Si,2,No, ,Si,1,Si,2,Si,8,14,0,Sí,2,No, , , , , , , , , , , , , , , , , , , , , , , , , , , , , , , , , , , , , , , , , , , , , , , , , , , , , , , , , , , , ,-12.5012166,-74.99582852
0559,090704,04,AHUAYCHA,De 5000 - 10000 Hab,Distrital, , , , , , , , , , , , , , , , , , , , , , , , , , , , ,3,9,7,4,Si,No,9,1,11,Si,No,9,7,1,No,Si, , , , , , , , , , , , , , , , , , , , , , , , , , , , , , , , , , , ,16,0,0,0,0,13,3,0,0,1,0,0,0,0,1,0,0,0,2,0,0,0,0,2,0,0,0,1,0,0,0,0,1,0,0,0,2,0,0,0,0,2,0,0,0,2,0,0,0,0,2,0,0,0,2,0,0,0,0,1,1,0,0,2,0,0,0,0,1,1,0,0,3,0,0,0,0,2,1,0,0,1,0,0,0,0,1,0,0,0,0, ,0,0,0,0,0,0,0,0,No, ,No, ,No, ,No, ,No, ,No, ,Si,1,Si,1,No, ,No, ,Si,1,Si,1,Si,1,Si,11,16,0,Sí,2,Sí,3,4,4,4, , , , , , , , , , , , , , , , , , , , , , , , , , , , , , , , , , , , , ,Ninguna, , , , , , , , , , , , , , , , , , ,-12.533128,-74.93013
0560,090112,12,MOYA,De 5000 - 10000 Hab,Distrital, , , , , , , , , , , , , , , , , , , , , , , , , , , , ,3,9,1,12,Si,No,9,1,7,Si,No,9,1,16,Si,No, , , , , , , , , , , , , , , , , , , , , , , , , , , , , , , , , , , ,19,0,0,0,0,14,5,0,0,1,0,0,0,0,0,1,0,0,2,0,0,0,0,1,1,0,0,2,0,0,0,0,2,0,0,0,4,0,0,0,0,3,1,0,0,2,0,0,0,0,2,0,0,0,3,0,0,0,0,2,1,0,0,3,0,0,0,0,2,1,0,0,1,0,0,0,0,1,0,0,0,1,0,0,0,0,1,0,0,0,0, ,0,0,0,0,0,0,0,0,No, ,No, ,No, ,No, ,No, ,No, ,No, ,Si,1,Si,1,No, ,No, ,Si,2,Si,6,Si,9,19,0,Sí,2,No, , , , , , , , , , , , , , , , , , , , , , , , , , , , , , , , , , , , , , , , , , , , , , , , , , , , , , , , , , , , ,-12.42127058,-75.15118847
0561,090117,17,YAULI,Menos de 5000 Hab,Distrital, , , , , , , , , , , , , , , , , , , , , , , , , , , , ,1,9,1,17,Si,No, , , , , , , , , , , , , , , , , , , , , , , , , , , , , , , , , , , , , , , , , , , , , ,18,0,0,0,0,15,3,0,0,3,0,0,0,0,1,2,0,0,3,0,0,0,0,3,0,0,0,2,0,0,0,0,2,0,0,0,2,0,0,0,0,2,0,0,0,1,0,0,0,0,1,0,0,0,1,0,0,0,0,0,1,0,0,1,0,0,0,0,1,0,0,0,3,0,0,0,0,3,0,0,0,2,0,0,0,0,2,0,0,0,0, ,0,0,0,0,0,0,0,0,No, ,No, ,No, ,No, ,No, ,No, ,Si,1,No, ,Si,1,Si,1,No, ,No, ,Si,3,Si,12,18,0,Sí,4,Sí,1,5, , , , , , , , , , , , , , , , , , , , , , , , , , , , , , , , , , , , , , , ,Ninguna, , , , , , , , , , , , , , , , , , ,-12.76932973,-74.85190958
0562,090119,19,HUANDO,De 10001 - 20000 Hab,Distrital, , , , , , , , , , , , , , , , , , , , , , , , , , , , ,2,9,1,19,Si,No,9,1,14,Si,No, , , , , , , , , , , , , , , , , , , , , , , , , , , , , , , , , , , , , , , , ,17,0,0,0,0,14,3,0,0,2,0,0,0,0,1,1,0,0,2,0,0,0,0,2,0,0,0,2,0,0,0,0,2,0,0,0,2,0,0,0,0,2,0,0,0,2,0,0,0,0,2,0,0,0,2,0,0,0,0,1,1,0,0,2,0,0,0,0,1,1,0,0,2,0,0,0,0,2,0,0,0,1,0,0,0,0,1,0,0,0,0, ,0,0,0,0,0,0,0,0,No, ,No, ,No, ,No, ,No, ,No, ,Si,1,No, ,Si,1,No, ,No, ,No, ,Si,6,Si,9,17,0,Sí,1,Sí,1,13, , , , , , , , , , , , , , , , , , , , , , , , , , , , , , , , , , , , , , , ,Ninguna, , , , , , , , , , , , , , , , , , ,-12.56379297,-74.94752734
0563,090201,01,ACOBAMBA,De 20001 - 40000 Hab,Distrital, , , , , , , , , , , , , , , , , , , , , , , , , , , , ,4,9,2,1,Si,No,9,2,3,Si,No,9,2,7,Si,No,9,2,4,Si,No, , , , , , , , , , , , , , , , , , , , , , , , , , , , , , ,17,1,0,0,0,13,3,0,0,1,0,0,0,0,0,1,0,0,2,0,0,0,0,2,0,0,0,2,0,0,0,0,2,0,0,0,3,0,0,0,0,2,1,0,0,2,0,0,0,0,2,0,0,0,2,0,0,0,0,2,0,0,0,2,0,0,0,0,1,1,0,0,2,0,0,0,0,2,0,0,0,1,1,0,0,0,0,0,0,0,0, ,0,0,0,0,0,0,0,0,No, ,No, ,Si,1,No, ,No, ,No, ,No, ,Si,1,Si,1,Si,1,No, ,Si,1,Si,3,Si,9,17,0,Sí,4,Sí,2,6,6, , , , , , , , , , , , , , , , , , , , , , , , , , , , , , , , , , , , , , ,Ninguna, , , , , , , , , , , , , , , , , , ,-12.84196434,-74.56970035
0564,090205,05,MARCAS,Menos de 5000 Hab,Distrital, , , , , , , , , , , , , , , , , , , , , , , , , , , , ,1,9,2,5,Si,No, , , , , , , , , , , , , , , , , , , , , , , , , , , , , , , , , , , , , , , , , , , , , ,22,1,0,0,0,18,3,0,0,1,0,0,0,0,0,1,0,0,4,0,0,0,0,4,0,0,0,6,0,0,0,0,6,0,0,0,2,0,0,0,0,2,0,0,0,1,0,0,0,0,1,0,0,0,1,0,0,0,0,0,1,0,0,3,0,0,0,0,2,1,0,0,2,0,0,0,0,2,0,0,0,2,1,0,0,0,1,0,0,0,0, ,0,0,0,0,0,0,0,0,No, ,No, ,No, ,No, ,No, ,Si,1,No, ,No, ,Si,1,Si,1,No, ,No, ,Si,4,Si,15,22,0,Sí,7,Sí,2,8,8, , , , , , , , , , , , , , , , , , , , , , , , , , , , , , , , , , , , , , ,Ninguna, , , , , , , , , , , , , , , , , , ,-12.88868955,-74.39570712
0565,090206,06,PAUCARA,De 20001 - 40000 Hab,Distrital, , , , , , , , , , , , , , , , , , , , , , , , , , , , ,3,9,2,6,Si,No,9,2,8,Si,No,9,2,2,Si,No, , , , , , , , , , , , , , , , , , , , , , , , , , , , , , , , , , , ,17,0,0,0,0,15,2,0,0,2,0,0,0,0,1,1,0,0,2,0,0,0,0,2,0,0,0,2,0,0,0,0,2,0,0,0,3,0,0,0,0,3,0,0,0,2,0,0,0,0,2,0,0,0,2,0,0,0,0,1,1,0,0,1,0,0,0,0,1,0,0,0,2,0,0,0,0,2,0,0,0,1,0,0,0,0,1,0,0,0,0, ,0,0,0,0,0,0,0,0,No, ,No, ,No, ,No, ,No, ,No, ,Si,1,No, ,No, ,Si,1,No, ,No, ,Si,2,Si,13,17,0,Sí,7,Sí,2,6,6, , , , , , , , , , , , , , , , , , , , , , , , , , , , , , , , , , , , , , ,Almenos una,1,Si,No,No,Si,No,Si,No,Si,Si,Si,Si,Si,No,No,No,No, ,-12.7245615,-74.6658893
0566,090301,01,LIRCAY,De 40001 - 80000 Hab,Distrital, , , , , , , , , , , , , , , , , , , , , , , , , , , , ,5,9,3,2,Si,No,9,3,1,Si,No,9,3,7,Si,No,9,3,8,Si,No,9,3,3,Si,No, , , , , , , , , , , , , , , , , , , , , , , , , ,21,1,0,0,0,16,4,0,0,2,0,0,0,0,1,1,0,0,2,0,0,0,0,2,0,0,0,4,0,0,0,0,4,0,0,0,4,0,0,0,0,4,0,0,0,2,0,0,0,0,2,0,0,0,3,0,0,0,0,0,3,0,0,1,0,0,0,0,1,0,0,0,2,0,0,0,0,2,0,0,0,1,1,0,0,0,0,0,0,0,0, ,0,0,0,0,0,0,0,0,No, ,No, ,No, ,Si,1,No, ,No, ,No, ,Si,2,Si,3,No, ,No, ,Si,1,Si,6,Si,8,21,0,Sí,2,Sí,1,10, , , , , , , , , , , , , , , , , , , , , , , , , , , , , , , , , , , , , , , ,Ninguna, , , , , , , , , , , , , , , , , , ,-12.98745448,-74.72394491
0567,090304,04,CCOCHACCASA,Menos de 5000 Hab,Distrital, , , , , , , , , , , , , , , , , , , , , , , , , , , , ,1,9,3,4,Si,No, , , , , , , , , , , , , , , , , , , , , , , , , , , , , , , , , , , , , , , , , , , , , ,15,0,0,0,0,10,5,0,0,1,0,0,0,0,0,1,0,0,3,0,0,0,0,3,0,0,0,0,0,0,0,0,0,0,0,0,2,0,0,0,0,2,0,0,0,1,0,0,0,0,1,0,0,0,2,0,0,0,0,0,2,0,0,3,0,0,0,0,1,2,0,0,2,0,0,0,0,2,0,0,0,1,0,0,0,0,1,0,0,0,0, ,0,0,0,0,0,0,0,0,No, ,No, ,No, ,No, ,No, ,No, ,Si,1,No, ,Si,1,Si,1,Si,1,Si,1,Si,2,Si,8,15,0,Sí,5,Sí,1,15, , , , , , , , , , , , , , , , , , , , , , , , , , , , , , , , , , , , , , , ,Ninguna, , , , , , , , , , , , , , , , , , ,-12.93216772,-74.76628668
0568,090306,06,CONGALLA,De 5000 - 10000 Hab,Distrital, , , , , , , , , , , , , , , , , , , , , , , , , , , , ,2,9,3,6,Si,No,9,3,12,Si,No, , , , , , , , , , , , , , , , , , , , , , , , , , , , , , , , , , , , , , , , ,14,0,0,0,0,12,2,0,0,1,0,0,0,0,0,1,0,0,2,0,0,0,0,2,0,0,0,2,0,0,0,0,2,0,0,0,2,0,0,0,0,2,0,0,0,1,0,0,0,0,1,0,0,0,1,0,0,0,0,0,1,0,0,2,0,0,0,0,2,0,0,0,2,0,0,0,0,2,0,0,0,1,0,0,0,0,1,0,0,0,0, ,0,0,0,0,0,0,0,0,No, ,No, ,No, ,No, ,No, ,No, ,Si,1,Si,1,Si,1,No, ,Si,1,Si,2,Si,2,Si,6,14,0,Sí,2,Sí,2,7,7, , , , , , , , , , , , , , , , , , , , , , , , , , , , , , , , , , , , , , ,Ninguna, , , , , , , , , , , , , , , , , , ,-12.95598365,-74.49253694
0569,090309,09,JULCAMARCA,De 5000 - 10000 Hab,Distrital, , , , , , , , , , , , , , , , , , , , , , , , , , , , ,4,9,3,5,Si,No,9,3,10,Si,No,9,3,11,Si,No,9,3,9,Si,No, , , , , , , , , , , , , , , , , , , , , , , , , , , , , , ,13,0,0,0,0,12,1,0,0,1,0,0,0,0,1,0,0,0,2,0,0,0,0,2,0,0,0,2,0,0,0,0,2,0,0,0,2,0,0,0,0,2,0,0,0,1,0,0,0,0,1,0,0,0,1,0,0,0,0,0,1,0,0,1,0,0,0,0,1,0,0,0,2,0,0,0,0,2,0,0,0,1,0,0,0,0,1,0,0,0,0, ,0,0,0,0,0,0,0,0,No, ,No, ,No, ,No, ,No, ,No, ,Si,1,Si,1,No, ,No, ,Si,1,Si,1,Si,2,Si,7,13,0,Sí,2,Sí,2,6,6, , , , , , , , , , , , , , , , , , , , , , , , , , , , , , , , , , , , , , ,Ninguna, , , , , , , , , , , , , , , , , , ,-13.01492922,-74.44475851
0570,090401,01,CASTROVIRREYNA,Menos de 5000 Hab,Distrital, , , , , , , , , , , , , , , , , , , , , , , , , , , , ,1,9,4,1,No,Si, , , , , , , , , , , , , , , , , , , , , , , , , , , , , , , , , , , , , , , , , , , , , ,20,1,0,0,0,0,0,16,3,2,0,0,0,0,0,0,2,0,4,0,0,0,0,0,0,4,0,4,0,0,0,0,0,0,3,1,2,0,0,0,0,0,0,2,0,1,0,0,0,0,0,0,1,0,2,0,0,0,0,0,0,1,1,2,0,0,0,0,0,0,2,0,2,0,0,0,0,0,0,1,1,1,1,0,0,0,0,0,0,0,0, ,0,0,0,0,0,0,0,0,No, ,No, ,No, ,Si,1,No, ,No, ,No, ,Si,1,Si,3,No, ,No, ,Si,1,Si,5,Si,9,20,0,Sí,2,No, , , , , , , , , , , , , , , , , , , , , , , , , , , , , , , , , , , , , , , , , , , , , , , , , , , , , , , , , , , , ,-13.28246353,-75.31908941
0571,090402,02,ARMA,Menos de 5000 Hab,Distrital, , , , , , , , , , , , , , , , , , , , , , , , , , , , ,1,9,4,2,Si,No, , , , , , , , , , , , , , , , , , , , , , , , , , , , , , , , , , , , , , , , , , , , , ,13,0,0,0,0,12,1,0,0,2,0,0,0,0,2,0,0,0,2,0,0,0,0,2,0,0,0,3,0,0,0,0,3,0,0,0,1,0,0,0,0,1,0,0,0,1,0,0,0,0,1,0,0,0,1,0,0,0,0,0,1,0,0,1,0,0,0,0,1,0,0,0,1,0,0,0,0,1,0,0,0,1,0,0,0,0,1,0,0,0,0, ,0,0,0,0,0,0,0,0,No, ,No, ,No, ,No, ,No, ,No, ,No, ,Si,1,Si,1,No, ,No, ,Si,1,Si,3,Si,7,13,0,Sí,2,No, , , , , , , , , , , , , , , , , , , , , , , , , , , , , , , , , , , , , , , , , , , , , , , , , , , , , , , , , , , , ,-13.1259559,-75.54297241
0572,090403,03,AURAHUA,Menos de 5000 Hab,Distrital, , , , , , , , , , , , , , , , , , , , , , , , , , , , ,1,9,4,3,Si,No, , , , , , , , , , , , , , , , , , , , , , , , , , , , , , , , , , , , , , , , , , , , , ,11,0,0,0,0,10,1,0,0,1,0,0,0,0,1,0,0,0,0,0,0,0,0,0,0,0,0,4,0,0,0,0,4,0,0,0,1,0,0,0,0,1,0,0,0,1,0,0,0,0,1,0,0,0,1,0,0,0,0,0,1,0,0,1,0,0,0,0,1,0,0,0,1,0,0,0,0,1,0,0,0,1,0,0,0,0,1,0,0,0,0, ,0,0,0,0,0,0,0,0,No, ,No, ,No, ,No, ,No, ,No, ,No, ,No, ,Si,2,Si,2,No, ,Si,2,Si,2,Si,3,11,0,No, ,No, , , , , , , , , , , , , , , , , , , , , , , , , , , , , , , , , , , , , , , , , , , , , , , , , , , , , , , , , , , , ,-13.03386155,-75.56988573
0573,090405,05,CHUPAMARCA,Menos de 5000 Hab,Distrital, , , , , , , , , , , , , , , , , , , , , , , , , , , , ,1,9,4,5,Si,No, , , , , , , , , , , , , , , , , , , , , , , , , , , , , , , , , , , , , , , , , , , , , ,11,0,0,0,0,10,1,0,0,1,0,0,0,0,0,1,0,0,0,0,0,0,0,0,0,0,0,2,0,0,0,0,2,0,0,0,2,0,0,0,0,2,0,0,0,1,0,0,0,0,1,0,0,0,1,0,0,0,0,1,0,0,0,2,0,0,0,0,2,0,0,0,1,0,0,0,0,1,0,0,0,1,0,0,0,0,1,0,0,0,0, ,0,0,0,0,0,0,0,0,No, ,No, ,No, ,No, ,No, ,No, ,No, ,Si,2,No, ,Si,1,No, ,Si,1,Si,1,Si,6,11,0,Sí,3,No, , , , , , , , , , , , , , , , , , , , , , , , , , , , , , , , , , , , , , , , , , , , , , , , , , , , , , , , , , , , ,-13.0372412,-75.61032318
0574,090407,07,HUACHOS,Menos de 5000 Hab,Distrital, , , , , , , , , , , , , , , , , , , , , , , , , , , , ,2,9,4,4,Si,No,9,4,7,Si,No, , , , , , , , , , , , , , , , , , , , , , , , , , , , , , , , , , , , , , , , ,14,0,0,0,0,13,1,0,0,2,0,0,0,0,2,0,0,0,2,0,0,0,0,2,0,0,0,2,0,0,0,0,2,0,0,0,2,0,0,0,0,2,0,0,0,1,0,0,0,0,1,0,0,0,1,0,0,0,0,0,1,0,0,2,0,0,0,0,2,0,0,0,1,0,0,0,0,1,0,0,0,1,0,0,0,0,1,0,0,0,0, ,0,0,0,0,0,0,0,0,No, ,No, ,No, ,No, ,No, ,No, ,No, ,Si,1,Si,1,Si,2,No, ,Si,2,Si,2,Si,6,14,0,No, ,No, , , , , , , , , , , , , , , , , , , , , , , , , , , , , , , , , , , , , , , , , , , , , , , , , , , , , , , , , , , , ,-13.2206907,-75.53260439
0575,090412,12,TANTARA,Menos de 5000 Hab,Distrital, , , , , , , , , , , , , , , , , , , , , , , , , , , , ,3,9,4,12,Si,No,9,4,10,Si,No,9,4,8,Si,No, , , , , , , , , , , , , , , , , , , , , , , , , , , , , , , , , , , ,12,0,0,0,0,12,0,0,0,1,0,0,0,0,1,0,0,0,2,0,0,0,0,2,0,0,0,1,0,0,0,0,1,0,0,0,2,0,0,0,0,2,0,0,0,1,0,0,0,0,1,0,0,0,1,0,0,0,0,1,0,0,0,2,0,0,0,0,2,0,0,0,1,0,0,0,0,1,0,0,0,1,0,0,0,0,1,0,0,0,0, ,0,0,0,0,0,0,0,0,No, ,No, ,No, ,No, ,No, ,No, ,No, ,No, ,Si,2,Si,1,No, ,Si,1,Si,4,Si,4,12,0,Sí,2,No, , , , , , , , , , , , , , , , , , , , , , , , , , , , , , , , , , , , , , , , , , , , , , , , , , , , , , , , , , , , ,-13.07527527,-75.64622848
0576,090413,13,TICRAPO,Menos de 5000 Hab,Distrital, , , , , , , , , , , , , , , , , , , , , , , , , , , , ,2,9,4,13,Si,No,9,4,9,Si,No, , , , , , , , , , , , , , , , , , , , , , , , , , , , , , , , , , , , , , , , ,15,0,0,0,0,11,4,0,0,1,0,0,0,0,1,0,0,0,3,0,0,0,0,3,0,0,0,2,0,0,0,0,2,0,0,0,1,0,0,0,0,1,0,0,0,1,0,0,0,0,1,0,0,0,4,0,0,0,0,0,4,0,0,1,0,0,0,0,1,0,0,0,1,0,0,0,0,1,0,0,0,1,0,0,0,0,1,0,0,0,0, ,0,0,0,0,0,0,0,0,No, ,No, ,No, ,No, ,No, ,No, ,No, ,Si,2,Si,2,Si,1,No, ,No, ,Si,4,Si,6,15,0,No, ,No, , , , , , , , , , , , , , , , , , , , , , , , , , , , , , , , , , , , , , , , , , , , , , , , , , , , , , , , , , , , ,-13.38734384,-75.43366373
0577,090501,01,CHURCAMPA,Menos de 5000 Hab,Distrital, , , , , , , , , , , , , , , , , , , , , , , , , , , , ,1,9,5,1,Si,No, , , , , , , , , , , , , , , , , , , , , , , , , , , , , , , , , , , , , , , , , , , , , ,33,1,0,0,0,28,4,0,0,3,0,0,0,0,2,1,0,0,4,0,0,0,0,4,0,0,0,6,0,0,0,0,6,0,0,0,7,0,0,0,0,7,0,0,0,3,0,0,0,0,2,1,0,0,4,0,0,0,0,3,1,0,0,4,0,0,0,0,3,1,0,0,1,0,0,0,0,1,0,0,0,1,1,0,0,0,0,0,0,0,0, ,0,0,0,0,0,0,0,0,No, ,No, ,Si,1,No, ,No, ,No, ,No, ,No, ,Si,1,No, ,No, ,No, ,Si,5,Si,26,33,0,Sí,10,Sí,1,1, , , , , , , , , , , , , , , , , , , , , , , , , , , , , , , , , , , , , , , ,Ninguna, , , , , , , , , , , , , , , , , , ,-12.73973786,-74.38633546
0578,090507,07,PAUCARBAMBA,De 5000 - 10000 Hab,Distrital, , , , , , , , , , , , , , , , , , , , , , , , , , , , ,3,9,5,7,Si,No,9,5,3,Si,No,9,5,10,Si,No, , , , , , , , , , , , , , , , , , , , , , , , , , , , , , , , , , , ,32,0,0,0,0,28,4,0,0,3,0,0,0,0,3,0,0,0,8,0,0,0,0,8,0,0,0,8,0,0,0,0,8,0,0,0,3,0,0,0,0,3,0,0,0,2,0,0,0,0,2,0,0,0,3,0,0,0,0,0,3,0,0,2,0,0,0,0,1,1,0,0,2,0,0,0,0,2,0,0,0,1,0,0,0,0,1,0,0,0,0, ,0,0,0,0,0,0,0,0,No, ,No, ,No, ,No, ,No, ,No, ,No, ,Si,1,No, ,No, ,No, ,Si,1,Si,5,Si,25,32,0,Sí,9,Sí,1,10, , , , , , , , , , , , , , , , , , , , , , , , , , , , , , , , , , , , , , , ,Ninguna, , , , , , , , , , , , , , , , , , ,-12.55492265,-74.52969439
0579,090508,08,SAN MIGUEL DE MAYOCC,Menos de 5000 Hab,Distrital, , , , , , , , , , , , , , , , , , , , , , , , , , , , ,1,9,5,8,Si,No, , , , , , , , , , , , , , , , , , , , , , , , , , , , , , , , , , , , , , , , , , , , , ,30,1,0,0,0,27,2,0,0,2,0,0,0,0,2,0,0,0,4,0,0,0,0,4,0,0,0,12,0,0,0,0,12,0,0,0,3,0,0,0,0,3,0,0,0,2,0,0,0,0,2,0,0,0,3,0,0,0,0,2,1,0,0,2,0,0,0,0,1,1,0,0,1,0,0,0,0,1,0,0,0,1,1,0,0,0,0,0,0,0,0, ,0,0,0,0,0,0,0,0,No, ,No, ,No, ,No, ,No, ,Si,1,No, ,No, ,Si,2,No, ,No, ,Si,1,Si,6,Si,20,30,0,No, ,No, , , , , , , , , , , , , , , , , , , , , , , , , , , , , , , , , , , , , , , , , , , , , , , , , , , , , , , , , , , , ,-12.81023168,-74.3867751
0580,090509,09,SAN PEDRO DE CORIS,Menos de 5000 Hab,Distrital, , , , , , , , , , , , , , , , , , , , , , , , , , , , ,1,9,5,9,Si,No, , , , , , , , , , , , , , , , , , , , , , , , , , , , , , , , , , , , , , , , , , , , , ,34,1,0,0,0,30,3,0,0,5,0,0,0,0,4,1,0,0,6,0,0,0,0,6,0,0,0,7,0,0,0,0,7,0,0,0,3,0,0,0,0,3,0,0,0,2,0,0,0,0,2,0,0,0,1,0,0,0,0,0,1,0,0,3,0,0,0,0,2,1,0,0,5,0,0,0,0,5,0,0,0,1,1,0,0,0,0,0,0,0,1,ARMERO,0,0,0,0,1,0,0,0,No, ,No, ,No, ,No, ,No, ,Si,1,No, ,Si,1,Si,1,No, ,No, ,No, ,Si,2,Si,29,34,0,Sí,11,Sí,2,7,7, , , , , , , , , , , , , , , , , , , , , , , , , , , , , , , , , , , , , , ,Ninguna, , , , , , , , , , , , , , , , , , ,-12.59489894,-74.37126774
0581,090601,01,HUAYTARA,De 10001 - 20000 Hab,Distrital, , , , , , , , , , , , , , , , , , , , , , , , , , , , ,6,9,6,1,Si,No,9,6,16,Si,No,9,6,2,Si,No,9,6,10,Si,No,9,6,9,Si,No,9,6,4,Si,No, , , , , , , , , , , , , , , , , , , , ,27,1,0,0,0,26,0,0,0,2,0,0,0,0,2,0,0,0,0,0,0,0,0,0,0,0,0,6,0,0,0,0,6,0,0,0,2,0,0,0,0,2,0,0,0,2,0,0,0,0,2,0,0,0,2,0,0,0,0,2,0,0,0,2,0,0,0,0,2,0,0,0,6,0,0,0,0,6,0,0,0,1,1,0,0,0,0,0,0,0,4,PUESTO DE AUXILIO RAPIDO,0,0,0,0,4,0,0,0,No, ,No, ,Si,1,No, ,No, ,No, ,Si,1,Si,2,Si,3,Si,2,Si,2,No, ,Si,2,Si,14,27,0,No, ,Sí,1,6, , , , , , , , , , , , , , , , , , , , , , , , , , , , , , , , , , , , , , , ,Ninguna, , , , , , , , , , , , , , , , , , ,-13.60428736,-75.35371679
0582,090603,03,CORDOVA,Menos de 5000 Hab,Distrital, , , , , , , , , , , , , , , , , , , , , , , , , , , , ,1,9,6,3,Si,No, , , , , , , , , , , , , , , , , , , , , , , , , , , , , , , , , , , , , , , , , , , , , ,12,1,0,0,0,11,0,0,0,1,0,0,0,0,1,0,0,0,0,0,0,0,0,0,0,0,0,2,0,0,0,0,2,0,0,0,2,0,0,0,0,2,0,0,0,1,0,0,0,0,1,0,0,0,1,0,0,0,0,1,0,0,0,2,0,0,0,0,2,0,0,0,2,0,0,0,0,2,0,0,0,1,1,0,0,0,0,0,0,0,0, ,0,0,0,0,0,0,0,0,No, ,No, ,No, ,No, ,No, ,Si,1,No, ,Si,4,Si,3,No, ,Si,1,No, ,No, ,Si,3,12,0,No, ,Sí,2,5,5, , , , , , , , , , , , , , , , , , , , , , , , , , , , , , , , , , , , , , ,Ninguna, , , , , , , , , , , , , , , , , , ,-14.03830759,-75.18395784
0583,090607,07,PILPICHACA,Menos de 5000 Hab,Distrital, , , , , , , , , , , , , , , , , , , , , , , , , , , , ,1,9,6,7,Si,No, , , , , , , , , , , , , , , , , , , , , , , , , , , , , , , , , , , , , , , , , , , , , ,15,1,0,0,0,11,3,0,0,1,0,0,0,0,0,1,0,0,2,0,0,0,0,2,0,0,0,2,0,0,0,0,2,0,0,0,2,0,0,0,0,2,0,0,0,2,0,0,0,0,2,0,0,0,2,0,0,0,0,1,1,0,0,1,0,0,0,0,0,1,0,0,2,0,0,0,0,2,0,0,0,1,1,0,0,0,0,0,0,0,0, ,0,0,0,0,0,0,0,0,No, ,No, ,No, ,No, ,No, ,Si,1,Si,1,No, ,Si,1,Si,1,Si,1,Si,1,Si,2,Si,7,15,0,No, ,No, , , , , , , , , , , , , , , , , , , , , , , , , , , , , , , , , , , , , , , , , , , , , , , , , , , , , , , , , , , , ,-13.33095924,-74.97686013
0584,090613,13,SANTIAGO DE CHOCORVOS,Menos de 5000 Hab,Distrital, , , , , , , , , , , , , , , , , , , , , , , , , , , , ,2,9,6,13,Si,No,9,6,11,Si,No, , , , , , , , , , , , , , , , , , , , , , , , , , , , , , , , , , , , , , , , ,10,1,0,0,0,9,0,0,0,1,0,0,0,0,1,0,0,0,0,0,0,0,0,0,0,0,0,2,0,0,0,0,2,0,0,0,1,0,0,0,0,1,0,0,0,1,0,0,0,0,1,0,0,0,1,0,0,0,0,1,0,0,0,1,0,0,0,0,1,0,0,0,2,0,0,0,0,2,0,0,0,1,1,0,0,0,0,0,0,0,0, ,0,0,0,0,0,0,0,0,No, ,No, ,No, ,No, ,Si,1,No, ,No, ,Si,2,Si,1,No, ,No, ,No, ,Si,1,Si,5,10,0,No, ,No, , , , , , , , , , , , , , , , , , , , , , , , , , , , , , , , , , , , , , , , , , , , , , , , , , , , , , , , , , , , ,-13.82495174,-75.25846347
0585,120101,01,HUANCAYO,De 40001 - 80000 Hab,Distrital, , , , , , , , , , , , , , , , , , , , , , , , , , , , ,1,12,1,1,Si,No, , , , , , , , , , , , , , , , , , , , , , , , , , , , , , , , , , , , , , , , , , , , , ,190,2,1,0,0,146,41,0,0,13,0,0,0,0,5,8,0,0,59,0,0,0,0,56,3,0,0,63,0,0,0,0,50,13,0,0,18,0,0,0,0,15,3,0,0,7,0,0,0,0,5,2,0,0,3,0,0,0,0,0,3,0,0,5,0,0,0,0,1,4,0,0,19,0,0,0,0,14,5,0,0,3,2,1,0,0,0,0,0,0,0, ,0,0,0,0,0,0,0,0,No, ,Si,1,No, ,No, ,Si,1,Si,1,Si,9,Si,10,Si,19,Si,14,Si,12,Si,14,Si,32,Si,77,190,0,No, ,Sí,1,1, , , , , , , , , , , , , , , , , , , , , , , , , , , , , , , , , , , , , , , ,Ninguna, , , , , , , , , , , , , , , , , , ,-12.06449892,-75.20736742
0586,120107,07,CHILCA,De 80001 a más Hab,Distrital, , , , , , , , , , , , , , , , , , , , , , , , , , , , ,2,12,1,7,Si,No,12,1,19,Si,No, , , , , , , , , , , , , , , , , , , , , , , , , , , , , , , , , , , , , , , , ,184,4,0,0,0,135,45,0,0,15,1,0,0,0,5,9,0,0,40,0,0,0,0,36,4,0,0,69,0,0,0,0,52,17,0,0,20,2,0,0,0,11,7,0,0,9,0,0,0,0,8,1,0,0,12,0,0,0,0,9,3,0,0,3,0,0,0,0,1,2,0,0,11,0,0,0,0,10,1,0,0,1,1,0,0,0,0,0,0,0,4,PUESTO DE AUXILIO RAPIDO,0,0,0,0,3,1,0,0,No, ,Si,1,No, ,Si,1,Si,1,Si,1,Si,12,Si,12,Si,17,Si,6,Si,10,Si,16,Si,38,Si,69,184,0,Sí,8,No, , , , , , , , , , , , , , , , , , , , , , , , , , , , , , , , , , , , , , , , , , , , , , , , , , , , , , , , , , , , ,-12.08057272,-75.20785938
0587,120108,08,CHONGOS ALTO,De 10001 - 20000 Hab,Distrital, , , , , , , , , , , , , , , , , , , , , , , , , , , , ,6,12,1,8,Si,No,12,1,5,Si,No,12,1,6,Si,No,12,1,12,Si,No,12,1,20,Si,No,12,1,4,Si,No, , , , , , , , , , , , , , , , , , , , ,23,1,0,0,0,18,4,0,0,2,0,0,0,0,1,1,0,0,4,0,0,0,0,4,0,0,0,2,0,0,0,0,2,0,0,0,2,0,0,0,0,2,0,0,0,2,0,0,0,0,2,0,0,0,2,0,0,0,0,0,2,0,0,2,0,0,0,0,1,1,0,0,6,0,0,0,0,6,0,0,0,1,1,0,0,0,0,0,0,0,0, ,0,0,0,0,0,0,0,0,No, ,No, ,No, ,No, ,No, ,Si,1,No, ,Si,2,No, ,Si,3,Si,3,No, ,Si,6,Si,8,23,0,No, ,No, , , , , , , , , , , , , , , , , , , , , , , , , , , , , , , , , , , , , , , , , , , , , , , , , , , , , , , , , , , , ,-12.31131184,-75.28863654
0588,120114,14,EL TAMBO,De 80001 a más Hab,Distrital, , , , , , , , , , , , , , , , , , , , , , , , , , , , ,1,12,1,14,Si,No, , , , , , , , , , , , , , , , , , , , , , , , , , , , , , , , , , , , , , , , , , , , , ,153,4,0,0,0,117,32,0,0,16,0,0,0,0,5,11,0,0,36,0,0,0,0,36,0,0,0,41,0,0,0,0,33,8,0,0,9,0,0,0,0,8,1,0,0,4,0,0,0,0,4,0,0,0,6,0,0,0,0,0,6,0,0,3,0,0,0,0,1,2,0,0,4,0,0,0,0,4,0,0,0,6,4,0,0,0,2,0,0,0,28,PUESTO DE AUXILIO RAPIDO,0,0,0,0,24,4,0,0,No, ,Si,1,Si,1,No, ,Si,1,Si,1,Si,4,Si,12,Si,15,Si,5,Si,3,Si,14,Si,32,Si,64,153,0,No, ,Sí,4,2,2,2,2, , , , , , , , , , , , , , , , , , , , , , , , , , , , , , , , , , , , ,Ninguna, , , , , , , , , , , , , , , , , , ,-12.05731959,-75.21738693
0589,120121,21,HUAYUCACHI,De 10001 - 20000 Hab,Distrital, , , , , , , , , , , , , , , , , , , , , , , , , , , , ,5,12,1,21,Si,No,12,1,13,Si,No,12,1,11,Si,No,12,1,16,Si,No,12,1,36,Si,No, , , , , , , , , , , , , , , , , , , , , , , , , ,55,1,0,0,0,43,11,0,0,7,0,0,0,0,2,5,0,0,16,0,0,0,0,16,0,0,0,5,0,0,0,0,5,0,0,0,3,0,0,0,0,3,0,0,0,3,0,0,0,0,3,0,0,0,2,0,0,0,0,1,1,0,0,2,0,0,0,0,0,2,0,0,8,0,0,0,0,5,3,0,0,1,1,0,0,0,0,0,0,0,8,PUESTO DE AUXILIO RAPIDO,0,0,0,0,8,0,0,0,No, ,No, ,No, ,Si,1,No, ,No, ,Si,3,Si,3,Si,8,Si,4,Si,1,Si,5,Si,12,Si,18,55,0,No, ,No, , , , , , , , , , , , , , , , , , , , , , , , , , , , , , , , , , , , , , , , , , , , , , , , , , , , , , , , , , , , ,-12.13838444,-75.22358889
0590,120129,29,SAN AGUSTIN,De 10001 - 20000 Hab,Distrital, , , , , , , , , , , , , , , , , , , , , , , , , , , , ,2,12,1,29,Si,No,12,1,17,Si,No, , , , , , , , , , , , , , , , , , , , , , , , , , , , , , , , , , , , , , , , ,50,1,0,0,0,29,20,0,0,4,0,0,0,0,0,4,0,0,23,0,0,0,0,21,2,0,0,0,0,0,0,0,0,0,0,0,3,0,0,0,0,2,1,0,0,2,0,0,0,0,2,0,0,0,6,0,0,0,0,0,6,0,0,5,0,0,0,0,1,4,0,0,5,0,0,0,0,3,2,0,0,1,1,0,0,0,0,0,0,0,1,GARANTIAS PERSONALES,0,0,0,0,0,1,0,0,No, ,No, ,No, ,No, ,Si,1,No, ,Si,2,No, ,No, ,Si,2,No, ,Si,4,Si,12,Si,29,50,0,No, ,Sí,1,6, , , , , , , , , , , , , , , , , , , , , , , , , , , , , , , , , , , , , , , ,Ninguna, , , , , , , , , , , , , , , , , , ,-11.99167266,-75.24651894
0591,120130,30,SAN JERONIMO DE TUNAN,De 10001 - 20000 Hab,Distrital, , , , , , , , , , , , , , , , , , , , , , , , , , , , ,3,12,1,30,Si,No,12,1,28,Si,No,12,1,32,Si,No, , , , , , , , , , , , , , , , , , , , , , , , , , , , , , , , , , , ,41,1,0,0,0,26,14,0,0,5,0,0,0,0,1,4,0,0,10,0,0,0,0,8,2,0,0,10,0,0,0,0,7,3,0,0,4,0,0,0,0,3,1,0,0,2,0,0,0,0,2,0,0,0,4,0,0,0,0,0,4,0,0,3,0,0,0,0,3,0,0,0,2,0,0,0,0,2,0,0,0,1,1,0,0,0,0,0,0,0,0, ,0,0,0,0,0,0,0,0,No, ,No, ,No, ,No, ,Si,1,No, ,Si,3,Si,2,Si,3,Si,2,Si,1,Si,6,Si,7,Si,16,41,0,No, ,Sí,2,14,14, , , , , , , , , , , , , , , , , , , , , , , , , , , , , , , , , , , , , , ,Ninguna, , , , , , , , , , , , , , , , , , ,-11.94964771,-75.28232782
0592,120133,33,SAPALLANGA,De 10001 - 20000 Hab,Distrital, , , , , , , , , , , , , , , , , , , , , , , , , , , , ,2,12,1,33,Si,No,12,1,26,Si,No, , , , , , , , , , , , , , , , , , , , , , , , , , , , , , , , , , , , , , , , ,41,1,0,0,0,31,9,0,0,3,0,0,0,0,1,2,0,0,16,0,0,0,0,16,0,0,0,5,0,0,0,0,2,3,0,0,3,0,0,0,0,2,1,0,0,1,0,0,0,0,1,0,0,0,2,0,0,0,0,0,2,0,0,3,0,0,0,0,2,1,0,0,7,0,0,0,0,7,0,0,0,1,1,0,0,0,0,0,0,0,0, ,0,0,0,0,0,0,0,0,No, ,No, ,No, ,No, ,Si,1,No, ,Si,2,No, ,Si,6,Si,4,Si,1,Si,2,Si,9,Si,16,41,0,No, ,No, , , , , , , , , , , , , , , , , , , , , , , , , , , , , , , , , , , , , , , , , , , , , , , , , , , , , , , , , , , , ,-12.14372018,-75.16212937
0593,120134,34,SICAYA,De 5000 - 10000 Hab,Distrital, , , , , , , , , , , , , , , , , , , , , , , , , , , , ,1,12,1,34,Si,No, , , , , , , , , , , , , , , , , , , , , , , , , , , , , , , , , , , , , , , , , , , , , ,43,1,0,0,0,27,15,0,0,5,0,0,0,0,2,3,0,0,15,0,0,0,0,14,1,0,0,0,0,0,0,0,0,0,0,0,4,0,0,0,0,4,0,0,0,5,0,0,0,0,2,3,0,0,4,0,0,0,0,0,4,0,0,3,0,0,0,0,0,3,0,0,6,0,0,0,0,5,1,0,0,1,1,0,0,0,0,0,0,0,0, ,0,0,0,0,0,0,0,0,No, ,No, ,No, ,Si,1,No, ,No, ,Si,4,No, ,Si,1,Si,2,Si,4,Si,4,Si,9,Si,18,43,0,Sí,16,Sí,2,12,12, , , , , , , , , , , , , , , , , , , , , , , , , , , , , , , , , , , , , , ,Ninguna, , , , , , , , , , , , , , , , , , ,-12.01541797,-75.27951367
0594,120201,01,CONCEPCION,De 10001 - 20000 Hab,Provincial, , , , , , , ,1,12,2, , , , , , , , , , , , , , , , , , , , , , , , , , , , , , , , , , , , , , , , , , , , , , , , , , , , , , , , , , , , , , , , , , , , , ,84,1,0,0,0,66,17,0,0,6,0,0,0,0,2,4,0,0,38,0,0,0,0,38,0,0,0,7,0,0,0,0,7,0,0,0,11,0,0,0,0,10,1,0,0,2,0,0,0,0,2,0,0,0,7,0,0,0,0,0,7,0,0,5,0,0,0,0,1,4,0,0,5,0,0,0,0,4,1,0,0,3,1,0,0,0,2,0,0,0,0, ,0,0,0,0,0,0,0,0,No, ,Si,1,No, ,No, ,No, ,No, ,Si,7,Si,5,Si,10,Si,6,Si,4,Si,2,Si,9,Si,40,84,0,No, ,Sí,1,14, , , , , , , , , , , , , , , , , , , , , , , , , , , , , , , , , , , , , , , ,Ninguna, , , , , , , , , , , , , , , , , , ,-11.91878003,-75.31454353
0595,120206,06,COMAS,De 5000 - 10000 Hab,Distrital, , , , , , , , , , , , , , , , , , , , , , , , , , , , ,3,12,2,6,Si,No,12,2,9,Si,No,12,2,5,Si,No, , , , , , , , , , , , , , , , , , , , , , , , , , , , , , , , , , , ,32,1,0,0,0,26,5,0,0,2,0,0,0,0,1,1,0,0,7,0,0,0,0,7,0,0,0,6,0,0,0,0,6,0,0,0,4,0,0,0,0,4,0,0,0,3,0,0,0,0,3,0,0,0,4,0,0,0,0,2,2,0,0,2,0,0,0,0,0,2,0,0,2,0,0,0,0,2,0,0,0,2,1,0,0,0,1,0,0,0,0, ,0,0,0,0,0,0,0,0,No, ,No, ,Si,1,No, ,No, ,No, ,Si,1,No, ,No, ,No, ,Si,1,Si,2,Si,18,Si,9,32,0,No, ,No, , , , , , , , , , , , , , , , , , , , , , , , , , , , , , , , , , , , , , , , , , , , , , , , , , , , , , , , , , , , ,-11.72257882,-75.08627698
0596,120213,13,ORCOTUNA,De 5000 - 10000 Hab,Distrital, , , , , , , , , , , , , , , , , , , , , , , , , , , , ,6,12,2,13,Si,No,12,2,14,Si,No,12,2,11,Si,No,12,2,2,Si,No,12,2,8,Si,No,12,2,4,Si,No, , , , , , , , , , , , , , , , , , , , ,35,1,0,0,0,24,10,0,0,4,0,0,0,0,0,4,0,0,10,0,0,0,0,9,1,0,0,10,0,0,0,0,9,1,0,0,2,0,0,0,0,2,0,0,0,1,0,0,0,0,1,0,0,0,2,0,0,0,0,0,2,0,0,2,0,0,0,0,0,2,0,0,3,0,0,0,0,3,0,0,0,1,1,0,0,0,0,0,0,0,0, ,0,0,0,0,0,0,0,0,No, ,No, ,No, ,No, ,Si,1,No, ,Si,1,Si,3,Si,3,Si,2,Si,1,No, ,Si,7,Si,17,35,0,No, ,No, , , , , , , , , , , , , , , , , , , , , , , , , , , , , , , , , , , , , , , , , , , , , , , , , , , , , , , , , , , , ,-11.96710038,-75.30721848
0597,120301,01,CHANCHAMAYO,De 20001 - 40000 Hab,Distrital, , , , , , , , , , , , , , , , , , , , , , , , , , , , ,1,12,3,1,Si,No, , , , , , , , , , , , , , , , , , , , , , , , , , , , , , , , , , , , , , , , , , , , , ,51,1,0,0,0,45,5,0,0,5,0,0,0,0,3,2,0,0,26,0,0,0,0,26,0,0,0,4,0,0,0,0,4,0,0,0,5,0,0,0,0,5,0,0,0,2,0,0,0,0,2,0,0,0,2,0,0,0,0,2,0,0,0,2,0,0,0,0,0,2,0,0,4,0,0,0,0,3,1,0,0,1,1,0,0,0,0,0,0,0,0, ,0,0,0,0,0,0,0,0,No, ,No, ,Si,1,No, ,No, ,No, ,Si,4,Si,2,Si,8,Si,4,Si,1,Si,4,Si,2,Si,25,51,0,No, ,No, , , , , , , , , , , , , , , , , , , , , , , , , , , , , , , , , , , , , , , , , , , , , , , , , , , , , , , , , , , , ,-11.05598498,-75.33084153
0598,120302,02,PERENE,De 40001 - 80000 Hab,Distrital, , , , , , , , , , , , , , , , , , , , , , , , , , , , ,1,12,3,2,No,Si, , , , , , , , , , , , , , , , , , , , , , , , , , , , , , , , , , , , , , , , , , , , , ,25,1,0,0,0,23,1,0,0,2,0,0,0,0,1,1,0,0,6,0,0,0,0,6,0,0,0,0,0,0,0,0,0,0,0,0,4,0,0,0,0,4,0,0,0,2,0,0,0,0,2,0,0,0,3,0,0,0,0,3,0,0,0,1,0,0,0,0,1,0,0,0,6,0,0,0,0,6,0,0,0,1,1,0,0,0,0,0,0,0,0, ,0,0,0,0,0,0,0,0,No, ,No, ,No, ,No, ,No, ,Si,1,Si,2,Si,1,Si,7,Si,2,No, ,No, ,Si,4,Si,8,25,0,No, ,No, , , , , , , , , , , , , , , , , , , , , , , , , , , , , , , , , , , , , , , , , , , , , , , , , , , , , , , , , , , , ,-10.95226298,-75.22554402
0599,120303,03,PICHANAQUI,De 80001 a más Hab,Distrital, , , , , , , , , , , , , , , , , , , , , , , , , , , , ,2,12,3,2,No,Si,12,3,3,Si,No, , , , , , , , , , , , , , , , , , , , , , , , , , , , , , , , , , , , , , , , ,71,2,0,0,0,61,8,0,0,6,0,0,0,0,4,2,0,0,12,0,0,0,0,12,0,0,0,17,0,0,0,0,17,0,0,0,12,0,0,0,0,12,0,0,0,3,0,0,0,0,3,0,0,0,3,0,0,0,0,2,1,0,0,2,0,0,0,0,0,2,0,0,9,0,0,0,0,6,3,0,0,2,2,0,0,0,0,0,0,0,5,MINISTERIO PUBLICO,0,0,0,0,5,0,0,0,No, ,No, ,Si,1,No, ,No, ,Si,1,Si,2,Si,6,Si,6,Si,2,Si,5,Si,5,Si,3,Si,40,71,0,Sí,15,Sí,1,10, , , , , , , , , , , , , , , , , , , , , , , , , , , , , , , , , , , , , , , ,Ninguna, , , , , , , , , , , , , , , , , , ,-10.92721657,-74.87355961
0600,120304,04,SAN LUIS DE SHUARO,De 5000 - 10000 Hab,Distrital, , , , , , , , , , , , , , , , , , , , , , , , , , , , ,1,12,3,4,Si,No, , , , , , , , , , , , , , , , , , , , , , , , , , , , , , , , , , , , , , , , , , , , , ,19,1,0,0,0,18,0,0,0,2,0,0,0,0,2,0,0,0,4,0,0,0,0,4,0,0,0,3,0,0,0,0,3,0,0,0,2,0,0,0,0,2,0,0,0,2,0,0,0,0,2,0,0,0,2,0,0,0,0,2,0,0,0,1,0,0,0,0,1,0,0,0,2,0,0,0,0,2,0,0,0,1,1,0,0,0,0,0,0,0,0, ,0,0,0,0,0,0,0,0,No, ,No, ,No, ,No, ,No, ,Si,1,Si,1,Si,2,Si,1,Si,3,Si,1,Si,2,No, ,Si,8,19,0,Sí,2,No, , , , , , , , , , , , , , , , , , , , , , , , , , , , , , , , , , , , , , , , , , , , , , , , , , , , , , , , , , , , ,-10.8879609,-75.28732449
0601,120305,05,SAN RAMON,De 40001 - 80000 Hab,Distrital, , , , , , , , , , , , , , , , , , , , , , , , , , , , ,3,12,3,5,Si,No,12,3,6,Si,No,12,4,19,Si,No, , , , , , , , , , , , , , , , , , , , , , , , , , , , , , , , , , , ,36,0,2,0,0,30,4,0,0,5,0,0,0,0,4,1,0,0,5,0,0,0,0,4,1,0,0,3,0,0,0,0,3,0,0,0,8,0,0,0,0,8,0,0,0,3,0,0,0,0,3,0,0,0,3,0,0,0,0,3,0,0,0,3,0,0,0,0,1,2,0,0,4,0,0,0,0,4,0,0,0,2,0,2,0,0,0,0,0,0,0, ,0,0,0,0,0,0,0,0,No, ,No, ,Si,1,No, ,No, ,Si,1,Si,4,Si,2,Si,4,Si,5,Si,1,Si,1,Si,7,Si,10,36,0,No, ,Sí,1,6, , , , , , , , , , , , , , , , , , , , , , , , , , , , , , , , , , , , , , , ,Almenos una,1,Si,No,No,No,No,No,No,No,Si,No,No,No,No,No,No,No, ,-11.12086059,-75.35467476
0602,120401,01,JAUJA,De 40001 - 80000 Hab,Distrital, , , , , , , , , , , , , , , , , , , , , , , , , , , , ,10,12,4,1,Si,No,12,4,18,Si,No,12,4,12,Si,No,12,4,33,Si,No,12,4,34,Si,No,12,4,22,Si,No,12,4,23,Si,No,12,4,25,Si,No,12,4,27,Si,No,12,4,24,Si,No,109,2,0,0,0,88,19,0,0,7,0,0,0,0,5,2,0,0,26,0,0,0,0,24,2,0,0,42,0,0,0,0,32,10,0,0,7,0,0,0,0,7,0,0,0,3,0,0,0,0,3,0,0,0,4,0,0,0,0,3,1,0,0,2,0,0,0,0,1,1,0,0,7,0,0,0,0,7,0,0,0,9,2,0,0,0,6,1,0,0,2,GARANTIAS PERSONALES,0,0,0,0,0,2,0,0,No, ,Si,1,No, ,No, ,No, ,Si,1,Si,3,Si,6,Si,10,Si,8,Si,7,Si,6,Si,19,Si,48,109,0,No, ,No, , , , , , , , , , , , , , , , , , , , , , , , , , , , , , , , , , , , , , , , , , , , , , , , , , , , , , , , , , , , ,-11.77796693,-75.4970804
0603,120402,02,ACOLLA,De 10001 - 20000 Hab,Distrital, , , , , , , , , , , , , , , , , , , , , , , , , , , , ,5,12,4,2,Si,No,12,4,11,Si,No,12,4,15,Si,No,12,4,32,Si,No,12,4,26,Si,No, , , , , , , , , , , , , , , , , , , , , , , , , ,32,1,0,0,0,24,7,0,0,5,0,0,0,0,2,3,0,0,0,0,0,0,0,0,0,0,0,3,0,0,0,0,3,0,0,0,9,0,0,0,0,9,0,0,0,2,0,0,0,0,2,0,0,0,7,0,0,0,0,5,2,0,0,2,0,0,0,0,0,2,0,0,3,0,0,0,0,3,0,0,0,1,1,0,0,0,0,0,0,0,0, ,0,0,0,0,0,0,0,0,No, ,No, ,No, ,No, ,Si,1,No, ,Si,2,Si,3,Si,1,Si,3,Si,3,Si,6,Si,6,Si,7,32,0,No, ,No, , , , , , , , , , , , , , , , , , , , , , , , , , , , , , , , , , , , , , , , , , , , , , , , , , , , , , , , , , , , ,-11.73505831,-75.54305016
0604,120403,03,APATA,De 20001 - 40000 Hab,Distrital, , , , , , , , , , , , , , , , , , , , , , , , , , , , ,7,12,4,3,Si,No,12,4,28,Si,No,12,4,7,Si,No,12,4,8,Si,No,12,4,4,Si,No,12,4,16,Si,No,12,4,17,Si,No, , , , , , , , , , , , , , , ,38,1,0,0,0,28,9,0,0,6,0,0,0,0,2,4,0,0,8,0,0,0,0,8,0,0,0,4,0,0,0,0,4,0,0,0,4,0,0,0,0,4,0,0,0,2,0,0,0,0,2,0,0,0,3,0,0,0,0,2,1,0,0,2,0,0,0,0,1,1,0,0,8,0,0,0,0,5,3,0,0,1,1,0,0,0,0,0,0,0,0, ,0,0,0,0,0,0,0,0,No, ,No, ,No, ,Si,1,No, ,No, ,Si,2,Si,6,Si,6,Si,1,Si,2,Si,4,Si,6,Si,10,38,0,Sí,2,Sí,1,8, , , , , , , , , , , , , , , , , , , , , , , , , , , , , , , , , , , , , , , ,Ninguna, , , , , , , , , , , , , , , , , , ,-11.854617,-75.354028
0605,120405,05,CANCHAYLLO,De 5000 - 10000 Hab,Distrital, , , , , , , , , , , , , , , , , , , , , , , , , , , , ,3,12,4,5,Si,No,12,4,6,Si,No,12,4,14,Si,No, , , , , , , , , , , , , , , , , , , , , , , , , , , , , , , , , , , ,20,0,0,0,0,18,2,0,0,5,0,0,0,0,3,2,0,0,4,0,0,0,0,4,0,0,0,2,0,0,0,0,2,0,0,0,1,0,0,0,0,1,0,0,0,2,0,0,0,0,2,0,0,0,2,0,0,0,0,2,0,0,0,1,0,0,0,0,1,0,0,0,2,0,0,0,0,2,0,0,0,1,0,0,0,0,1,0,0,0,0, ,0,0,0,0,0,0,0,0,No, ,No, ,No, ,No, ,No, ,No, ,Si,2,No, ,Si,5,Si,2,Si,1,No, ,Si,3,Si,7,20,0,Sí,2,No, , , , , , , , , , , , , , , , , , , , , , , , , , , , , , , , , , , , , , , , , , , , , , , , , , , , , , , , , , , , ,-11.7842781,-75.71752056
0606,120431,31,SINCOS,De 20001 - 40000 Hab,Distrital, , , , , , , , , , , , , , , , , , , , , , , , , , , , ,5,12,4,31,Si,No,12,4,20,Si,No,12,4,21,Si,No,12,4,13,Si,No,12,4,9,Si,No, , , , , , , , , , , , , , , , , , , , , , , , , ,38,1,0,0,0,27,10,0,0,3,0,0,0,0,1,2,0,0,8,0,0,0,0,8,0,0,0,4,0,0,0,0,4,0,0,0,2,0,0,0,0,2,0,0,0,2,0,0,0,0,2,0,0,0,3,0,0,0,0,1,2,0,0,3,0,0,0,0,0,3,0,0,8,0,0,0,0,6,2,0,0,3,1,0,0,0,2,0,0,0,2,MINISTERIO PUBLICO,0,0,0,0,1,1,0,0,No, ,No, ,No, ,No, ,Si,1,No, ,Si,1,Si,3,Si,5,Si,1,Si,2,Si,4,Si,8,Si,13,38,0,No, ,No, , , , , , , , , , , , , , , , , , , , , , , , , , , , , , , , , , , , , , , , , , , , , , , , , , , , , , , , , , , , ,-11.89144312,-75.38675857
0607,120501,01,JUNIN,De 40001 - 80000 Hab,Distrital, , , , , , , , , , , , , , , , , , , , , , , , , , , , ,2,12,5,1,Si,No,12,5,3,Si,No, , , , , , , , , , , , , , , , , , , , , , , , , , , , , , , , , , , , , , , , ,48,1,0,0,0,41,6,0,0,5,0,0,0,0,2,3,0,0,8,0,0,0,0,8,0,0,0,17,0,0,0,0,17,0,0,0,4,0,0,0,0,4,0,0,0,4,0,0,0,0,4,0,0,0,4,0,0,0,0,3,1,0,0,2,0,0,0,0,0,2,0,0,3,0,0,0,0,3,0,0,0,1,1,0,0,0,0,0,0,0,0, ,0,0,0,0,0,0,0,0,No, ,No, ,No, ,Si,1,No, ,No, ,Si,2,Si,3,Si,5,Si,4,Si,2,Si,5,Si,5,Si,21,48,0,Sí,11,No, , , , , , , , , , , , , , , , , , , , , , , , , , , , , , , , , , , , , , , , , , , , , , , , , , , , , , , , , , , , ,-11.16266219,-75.99347116
0608,120502,02,CARHUAMAYO,De 5000 - 10000 Hab,Distrital, , , , , , , , , , , , , , , , , , , , , , , , , , , , ,1,12,5,2,Si,No, , , , , , , , , , , , , , , , , , , , , , , , , , , , , , , , , , , , , , , , , , , , , ,26,1,0,0,0,21,4,0,0,3,0,0,0,0,1,2,0,0,6,0,0,0,0,6,0,0,0,4,0,0,0,0,4,0,0,0,2,0,0,0,0,2,0,0,0,2,0,0,0,0,2,0,0,0,2,0,0,0,0,1,1,0,0,2,0,0,0,0,1,1,0,0,4,0,0,0,0,4,0,0,0,1,1,0,0,0,0,0,0,0,0, ,0,0,0,0,0,0,0,0,No, ,No, ,No, ,No, ,Si,1,No, ,Si,2,Si,5,Si,4,Si,6,Si,2,Si,4,Si,2,No, ,26,0,No, ,Sí,1,4, , , , , , , , , , , , , , , , , , , , , , , , , , , , , , , , , , , , , , , ,Ninguna, , , , , , , , , , , , , , , , , , ,-10.93403017,-76.05420784
0609,120504,04,ULCUMAYO,Menos de 5000 Hab,Distrital, , , , , , , , , , , , , , , , , , , , , , , , , , , , ,1,12,5,4,Si,No, , , , , , , , , , , , , , , , , , , , , , , , , , , , , , , , , , , , , , , , , , , , , ,19,1,0,0,0,18,0,0,0,1,0,0,0,0,1,0,0,0,5,0,0,0,0,5,0,0,0,4,0,0,0,0,4,0,0,0,2,0,0,0,0,2,0,0,0,2,0,0,0,0,2,0,0,0,1,0,0,0,0,1,0,0,0,1,0,0,0,0,1,0,0,0,2,0,0,0,0,2,0,0,0,1,1,0,0,0,0,0,0,0,0, ,0,0,0,0,0,0,0,0,No, ,No, ,No, ,No, ,No, ,Si,1,No, ,Si,2,Si,5,Si,1,No, ,Si,4,Si,2,Si,4,19,0,No, ,Sí,1,5, , , , , , , , , , , , , , , , , , , , , , , , , , , , , , , , , , , , , , , ,Almenos una,1,No,No,No,No,No,No,No,No,Si,No,No,No,No,No,No,No, ,-10.96827614,-75.88049702
0610,120701,01,TARMA,De 80001 a más Hab,Distrital, , , , , , , , , , , , , , , , , , , , , , , , , , , , ,3,12,7,1,Si,No,12,7,3,Si,No,12,7,5,Si,No, , , , , , , , , , , , , , , , , , , , , , , , , , , , , , , , , , , ,52,1,0,0,0,41,10,0,0,2,0,0,0,0,0,2,0,0,18,0,0,0,0,18,0,0,0,5,0,0,0,0,3,2,0,0,10,0,0,0,0,8,2,0,0,2,0,0,0,0,2,0,0,0,3,0,0,0,0,1,2,0,0,2,0,0,0,0,1,1,0,0,9,0,0,0,0,8,1,0,0,1,1,0,0,0,0,0,0,0,0, ,0,0,0,0,0,0,0,0,No, ,Si,1,No, ,No, ,No, ,No, ,Si,6,Si,8,Si,6,Si,2,Si,7,Si,5,Si,3,Si,14,52,0,Sí,1,No, , , , , , , , , , , , , , , , , , , , , , , , , , , , , , , , , , , , , , , , , , , , , , , , , , , , , , , , , , , , ,-11.41895617,-75.6868751
0611,120702,02,ACOBAMBA,De 20001 - 40000 Hab,Distrital, , , , , , , , , , , , , , , , , , , , , , , , , , , , ,3,12,7,2,Si,No,12,7,7,Si,No,12,7,8,Si,No, , , , , , , , , , , , , , , , , , , , , , , , , , , , , , , , , , , ,17,1,0,0,0,12,4,0,0,1,0,0,0,0,1,0,0,0,4,0,0,0,0,4,0,0,0,2,0,0,0,0,2,0,0,0,1,0,0,0,0,1,0,0,0,2,0,0,0,0,2,0,0,0,2,0,0,0,0,0,2,0,0,2,0,0,0,0,1,1,0,0,2,0,0,0,0,1,1,0,0,1,1,0,0,0,0,0,0,0,0, ,0,0,0,0,0,0,0,0,No, ,No, ,No, ,Si,1,No, ,No, ,Si,3,Si,1,No, ,Si,4,Si,1,Si,2,Si,1,Si,4,17,0,No, ,No, , , , , , , , , , , , , , , , , , , , , , , , , , , , , , , , , , , , , , , , , , , , , , , , , , , , , , , , , , , , ,-11.35315639,-75.65873384
0612,120704,04,HUASAHUASI,De 5000 - 10000 Hab,Otros,CENTRO POBLADO, , , , , , , , , , , , , , , , , , , , , , , , , , , , , , , , , , , , , , , , , , , , , , , , , , , , , , , , , , , , , , , , , , , , , , , , , , , , , , ,15,2,0,0,0,12,1,0,0,2,0,0,0,0,1,1,0,0,0,0,0,0,0,0,0,0,0,4,0,0,0,0,4,0,0,0,3,1,0,0,0,2,0,0,0,1,0,0,0,0,1,0,0,0,1,0,0,0,0,1,0,0,0,2,0,0,0,0,2,0,0,0,1,0,0,0,0,1,0,0,0,1,1,0,0,0,0,0,0,0,0, ,0,0,0,0,0,0,0,0,No, ,No, ,No, ,No, ,Si,1,Si,1,No, ,Si,1,Si,2,Si,1,No, ,Si,2,Si,2,Si,5,15,0,No, ,Sí,1,12, , , , , , , , , , , , , , , , , , , , , , , , , , , , , , , , , , , , , , , ,Ninguna, , , , , , , , , , , , , , , , , , ,-11.2656246,-75.64917801
0613,120706,06,PALCA,De 10001 - 20000 Hab,Distrital, , , , , , , , , , , , , , , , , , , , , , , , , , , , ,2,12,7,6,Si,No,12,7,9,Si,No, , , , , , , , , , , , , , , , , , , , , , , , , , , , , , , , , , , , , , , , ,19,1,0,0,0,13,5,0,0,3,0,0,0,0,0,3,0,0,3,0,0,0,0,3,0,0,0,2,0,0,0,0,2,0,0,0,5,0,0,0,0,5,0,0,0,1,0,0,0,0,1,0,0,0,1,0,0,0,0,0,1,0,0,2,0,0,0,0,1,1,0,0,1,0,0,0,0,1,0,0,0,1,1,0,0,0,0,0,0,0,0, ,0,0,0,0,0,0,0,0,No, ,No, ,No, ,No, ,Si,1,No, ,Si,2,Si,3,Si,4,No, ,Si,1,No, ,Si,2,Si,6,19,0,Sí,2,No, , , , , , , , , , , , , , , , , , , , , , , , , , , , , , , , , , , , , , , , , , , , , , , , , , , , , , , , , , , , ,-11.34447371,-75.56509177
0614,120801,01,LA OROYA,De 40001 - 80000 Hab,Distrital, , , , , , , , , , , , , , , , , , , , , , , , , , , , ,8,12,8,2,Si,No,12,8,8,Si,No,12,8,6,Si,No,12,8,3,Si,No,12,8,9,Si,No,12,8,2,Si,No,12,8,10,Si,No,12,8,1,Si,No, , , , , , , , , , ,102,3,0,0,0,91,6,2,0,6,0,0,0,0,6,0,0,0,12,0,0,0,0,12,0,0,0,47,0,0,0,0,45,2,0,0,8,0,0,0,0,8,0,0,0,4,0,0,0,0,4,0,0,0,4,0,0,0,0,1,3,0,0,4,0,0,0,0,3,1,0,0,8,0,0,0,0,8,0,0,0,3,3,0,0,0,0,0,0,0,6,APOYO A LA JUSTICIA,0,0,0,0,4,0,2,0,No, ,Si,1,No, ,No, ,No, ,Si,2,Si,7,Si,12,Si,19,Si,9,Si,9,Si,6,Si,12,Si,25,102,0,Sí,11,Sí,2,4,4, , , , , , , , , , , , , , , , , , , , , , , , , , , , , , , , , , , , , , ,Almenos una,2,Si,Si,Si,Si,Si,Si,No,Si,Si,Si,Si,Si,No,Si,Si,No, ,-11.52247353,-75.90908703
0615,120805,05,MOROCOCHA,De 10001 - 20000 Hab,Distrital, , , , , , , , , , , , , , , , , , , , , , , , , , , , ,4,12,8,5,Si,No,12,8,4,Si,No,12,8,7,Si,No,12,8,10,Si,No, , , , , , , , , , , , , , , , , , , , , , , , , , , , , , ,29,1,0,0,0,26,2,0,0,1,0,0,0,0,1,0,0,0,2,0,0,0,0,2,0,0,0,11,0,0,0,0,11,0,0,0,2,0,0,0,0,2,0,0,0,2,0,0,0,0,2,0,0,0,2,0,0,0,0,2,0,0,0,2,0,0,0,0,0,2,0,0,2,0,0,0,0,2,0,0,0,1,1,0,0,0,0,0,0,0,4,CHOFER,0,0,0,0,4,0,0,0,No, ,No, ,No, ,Si,1,No, ,No, ,Si,3,Si,6,Si,2,Si,7,Si,2,Si,1,Si,3,Si,4,29,0,Sí,1,Sí,1,7, , , , , , , , , , , , , , , , , , , , , , , , , , , , , , , , , , , , , , , ,Ninguna, , , , , , , , , , , , , , , , , , ,-11.58751134,-76.06255349
0616,120901,01,CHUPACA,De 40001 - 80000 Hab,Distrital, , , , , , , , , , , , , , , , , , , , , , , , , , , , ,10,12,9,1,Si,No,12,9,2,Si,No,12,9,3,Si,No,12,9,4,Si,No,12,9,5,Si,No,12,9,6,Si,No,12,9,7,Si,No,12,9,8,Si,No,12,9,9,Si,No,12,1,25,Si,No,113,3,0,0,0,82,28,0,0,7,0,0,0,0,0,7,0,0,60,0,0,0,0,53,7,0,0,7,0,0,0,0,5,2,0,0,11,0,0,0,0,10,1,0,0,5,0,0,0,0,2,3,0,0,7,0,0,0,0,1,6,0,0,2,0,0,0,0,0,2,0,0,2,0,0,0,0,2,0,0,0,3,3,0,0,0,0,0,0,0,9,SEGURIDAD DE LAS INSTALACIONES DEL COMPLEJO,0,0,0,0,9,0,0,0,No, ,Si,1,No, ,Si,1,Si,1,No, ,Si,6,Si,3,Si,6,Si,8,Si,7,Si,12,Si,26,Si,42,113,0,No, ,No, , , , , , , , , , , , , , , , , , , , , , , , , , , , , , , , , , , , , , , , , , , , , , , , , , , , , , , , , , , , ,-12.06007486,-75.28797107
0617,190301,01,OXAPAMPA,De 80001 a más Hab,Distrital, , , , , , , , , , , , , , , , , , , , , , , , , , , , ,2,19,3,1,Si,No,19,3,2,Si,No, , , , , , , , , , , , , , , , , , , , , , , , , , , , , , , , , , , , , , , , ,48,1,0,0,0,42,5,0,0,5,0,0,0,0,3,2,0,0,16,0,0,0,0,16,0,0,0,5,0,0,0,0,5,0,0,0,10,0,0,0,0,9,1,0,0,2,0,0,0,0,2,0,0,0,3,0,0,0,0,2,1,0,0,1,0,0,0,0,1,0,0,0,5,0,0,0,0,4,1,0,0,1,1,0,0,0,0,0,0,0,0, ,0,0,0,0,0,0,0,0,No, ,Si,1,No, ,No, ,No, ,No, ,Si,2,Si,1,Si,2,Si,1,Si,2,Si,1,Si,12,Si,26,48,0,Sí,15,No, , , , , , , , , , , , , , , , , , , , , , , , , , , , , , , , , , , , , , , , , , , , , , , , , , , , , , , , , , , , ,-10.57631896,-75.40268127
0618,190304,04,PALCAZU,De 10001 - 20000 Hab,Distrital, , , , , , , , , , , , , , , , , , , , , , , , , , , , ,1,19,3,4,Si,No, , , , , , , , , , , , , , , , , , , , , , , , , , , , , , , , , , , , , , , , , , , , , ,24,1,0,0,0,18,5,0,0,1,0,0,0,0,1,0,0,0,4,0,0,0,0,4,0,0,0,6,0,0,0,0,4,2,0,0,4,0,0,0,0,3,1,0,0,2,0,0,0,0,2,0,0,0,3,0,0,0,0,1,2,0,0,1,0,0,0,0,1,0,0,0,2,0,0,0,0,2,0,0,0,1,1,0,0,0,0,0,0,0,0, ,0,0,0,0,0,0,0,0,No, ,No, ,No, ,No, ,No, ,Si,1,No, ,Si,1,No, ,Si,1,Si,1,No, ,Si,3,Si,17,24,0,Sí,14,Sí,1,10, , , , , , , , , , , , , , , , , , , , , , , , , , , , , , , , , , , , , , , ,Ninguna, , , , , , , , , , , , , , , , , , ,-10.18521108,-75.15055241
0619,190305,05,POZUZO,De 5000 - 10000 Hab,Distrital, , , , , , , , , , , , , , , , , , , , , , , , , , , , ,1,19,3,5,Si,No, , , , , , , , , , , , , , , , , , , , , , , , , , , , , , , , , , , , , , , , , , , , , ,26,1,0,0,0,21,4,0,0,3,0,0,0,0,1,2,0,0,0,0,0,0,0,0,0,0,0,7,0,0,0,0,6,1,0,0,3,0,0,0,0,3,0,0,0,2,0,0,0,0,2,0,0,0,2,0,0,0,0,1,1,0,0,2,0,0,0,0,2,0,0,0,4,0,0,0,0,4,0,0,0,3,1,0,0,0,2,0,0,0,0, ,0,0,0,0,0,0,0,0,No, ,No, ,Si,1,No, ,No, ,No, ,Si,1,No, ,No, ,No, ,No, ,No, ,Si,6,Si,18,26,0,Sí,13,Sí,1,13, , , , , , , , , , , , , , , , , , , , , , , , , , , , , , , , , , , , , , , ,Almenos una,1,Si,Si,No,No,No,No,No,No,Si,No,Si,No,No,No,No,Si,BARRETA,-10.07150064,-75.55005563
0620,190308,08,CONSTITUCION,De 20001 - 40000 Hab,Distrital, , , , , , , , , , , , , , , , , , , , , , , , , , , , ,1,19,3,8,Si,No, , , , , , , , , , , , , , , , , , , , , , , , , , , , , , , , , , , , , , , , , , , , , ,35,2,0,0,0,29,4,0,0,5,1,0,0,0,4,0,0,0,7,0,0,0,0,7,0,0,0,7,0,0,0,0,7,0,0,0,3,0,0,0,0,3,0,0,0,2,0,0,0,0,2,0,0,0,4,0,0,0,0,0,4,0,0,2,0,0,0,0,2,0,0,0,4,0,0,0,0,4,0,0,0,1,1,0,0,0,0,0,0,0,0, ,0,0,0,0,0,0,0,0,No, ,No, ,No, ,Si,1,No, ,Si,1,No, ,No, ,No, ,No, ,No, ,Si,2,Si,9,Si,22,35,0,Sí,19,No, , , , , , , , , , , , , , , , , , , , , , , , , , , , , , , , , , , , , , , , , , , , , , , , , , , , , , , , , , , , ,-9.85440123,-75.01632983
0621,190306,06,PUERTO BERMUDEZ,De 20001 - 40000 Hab,Distrital, , , , , , , , , , , , , , , , , , , , , , , , , , , , ,1,19,3,6,Si,No, , , , , , , , , , , , , , , , , , , , , , , , , , , , , , , , , , , , , , , , , , , , , ,31,1,0,0,0,26,4,0,0,1,0,0,0,0,1,0,0,0,4,0,0,0,0,4,0,0,0,7,0,0,0,0,7,0,0,0,8,0,0,0,0,8,0,0,0,1,0,0,0,0,1,0,0,0,4,0,0,0,0,0,4,0,0,1,0,0,0,0,1,0,0,0,4,0,0,0,0,4,0,0,0,1,1,0,0,0,0,0,0,0,0, ,0,0,0,0,0,0,0,0,No, ,No, ,Si,1,No, ,No, ,No, ,Si,1,No, ,Si,1,Si,1,Si,1,No, ,Si,11,Si,15,31,0,Sí,13,Sí,1,8, , , , , , , , , , , , , , , , , , , , , , , , , , , , , , , , , , , , , , , ,Ninguna, , , , , , , , , , , , , , , , , , ,-10.3011587,-74.9383816
0622,190307,07,VILLA RICA,De 20001 - 40000 Hab,Distrital, , , , , , , , , , , , , , , , , , , , , , , , , , , , ,1,19,3,7,Si,No, , , , , , , , , , , , , , , , , , , , , , , , , , , , , , , , , , , , , , , , , , , , , ,28,1,0,0,0,21,6,0,0,2,0,0,0,0,1,1,0,0,6,0,0,0,0,6,0,0,0,5,0,0,0,0,0,5,0,0,2,0,0,0,0,2,0,0,0,2,0,0,0,0,2,0,0,0,2,0,0,0,0,2,0,0,0,2,0,0,0,0,2,0,0,0,4,0,0,0,0,4,0,0,0,1,1,0,0,0,0,0,0,0,2,SERVICIOS EMERGENCIA HOSPITAL,0,0,0,0,2,0,0,0,No, ,No, ,Si,1,No, ,No, ,No, ,Si,2,No, ,Si,2,Si,2,Si,1,Si,3,Si,5,Si,12,28,0,Sí,1,Sí,1,23, , , , , , , , , , , , , , , , , , , , , , , , , , , , , , , , , , , , , , , ,Ninguna, , , , , , , , , , , , , , , , , , ,-10.73774175,-75.2692138
0623,050401,01,HUANTA,De 80001 a más Hab,Distrital, , , , , , , , , , , , , , , , , , , , , , , , , , , , ,5,5,4,1,Si,No,5,4,2,No,Si,5,4,6,Si,No,5,4,5,Si,No,5,4,10,Si,No, , , , , , , , , , , , , , , , , , , , , , , , , ,60,6,1,0,0,42,11,0,0,14,5,1,0,0,4,4,0,0,8,0,0,0,0,8,0,0,0,9,0,0,0,0,7,2,0,0,8,0,0,0,0,8,0,0,0,2,0,0,0,0,2,0,0,0,4,0,0,0,0,2,2,0,0,2,0,0,0,0,1,1,0,0,9,0,0,0,0,7,2,0,0,1,1,0,0,0,0,0,0,0,3,POLICIA JUDICIAL,0,0,0,0,3,0,0,0,No, ,Si,1,Si,2,Si,3,No, ,Si,1,Si,2,Si,1,Si,7,Si,7,Si,2,Si,10,Si,18,Si,6,60,0,No, ,Sí,2,10,10, , , , , , , , , , , , , , , , , , , , , , , , , , , , , , , , , , , , , , ,Almenos una,2,No,Si,No,No,No,No,No,No,No,No,No,No,No,No,No,Si,LINTERNA,-12.9414352,-74.24711044
0624,050403,03,HUAMANGUILLA,De 20001 - 40000 Hab,Distrital, , , , , , , , , , , , , , , , , , , , , , , , , , , , ,2,5,4,3,Si,No,5,4,4,Si,No, , , , , , , , , , , , , , , , , , , , , , , , , , , , , , , , , , , , , , , , ,9,1,0,0,0,7,1,0,0,1,0,0,0,0,1,0,0,0,2,0,0,0,0,2,0,0,0,0,0,0,0,0,0,0,0,0,1,0,0,0,0,1,0,0,0,1,0,0,0,0,1,0,0,0,1,0,0,0,0,1,0,0,0,1,0,0,0,0,0,1,0,0,1,0,0,0,0,1,0,0,0,1,1,0,0,0,0,0,0,0,0, ,0,0,0,0,0,0,0,0,No, ,No, ,No, ,Si,1,No, ,No, ,No, ,Si,1,No, ,Si,1,No, ,Si,2,Si,3,Si,1,9,0,No, ,No, , , , , , , , , , , , , , , , , , , , , , , , , , , , , , , , , , , , , , , , , , , , , , , , , , , , , , , , , , , , ,-13.01128495,-74.1729251
0625,050407,07,SIVIA,De 20001 - 40000 Hab,Distrital, , , , , , , , , , , , , , , , , , , , , , , , , , , , ,1,5,4,7,No,Si, , , , , , , , , , , , , , , , , , , , , , , , , , , , , , , , , , , , , , , , , , , , , ,21,2,0,0,0,19,0,0,0,1,1,0,0,0,0,0,0,0,2,0,0,0,0,2,0,0,0,1,0,0,0,0,1,0,0,0,3,0,0,0,0,3,0,0,0,1,0,0,0,0,1,0,0,0,1,0,0,0,0,1,0,0,0,1,0,0,0,0,1,0,0,0,10,0,0,0,0,10,0,0,0,1,1,0,0,0,0,0,0,0,0, ,0,0,0,0,0,0,0,0,No, ,Si,1,No, ,Si,1,No, ,No, ,No, ,Si,1,No, ,Si,4,Si,2,Si,2,Si,7,Si,3,21,0,No, ,Sí,1,5, , , , , , , , , , , , , , , , , , , , , , , , , , , , , , , , , , , , , , , ,Almenos una,1,No,Si,No,No,No,No,No,No,No,No,No,No,No,No,No,Si,CHALECO SALVAVIDA,-12.51019141,-73.85927148
0626,050501,01,SAN MIGUEL,De 80001 a más Hab,Distrital, , , , , , , , , , , , , , , , , , , , , , , , , , , , ,1,5,5,1,Si,No, , , , , , , , , , , , , , , , , , , , , , , , , , , , , , , , , , , , , , , , , , , , , ,26,2,0,0,0,24,0,0,0,1,0,0,0,0,1,0,0,0,3,0,0,0,0,3,0,0,0,4,0,0,0,0,4,0,0,0,4,0,0,0,0,4,0,0,0,4,0,0,0,0,4,0,0,0,4,0,0,0,0,4,0,0,0,2,0,0,0,0,2,0,0,0,2,0,0,0,0,2,0,0,0,2,2,0,0,0,0,0,0,0,0, ,0,0,0,0,0,0,0,0,No, ,Si,1,No, ,No, ,No, ,Si,1,No, ,No, ,Si,3,Si,1,Si,4,Si,2,Si,4,Si,10,26,0,Sí,6,No, , , , , , , , , , , , , , , , , , , , , , , , , , , , , , , , , , , , , , , , , , , , , , , , , , , , , , , , , , , , ,-13.01356596,-73.98063639
0627,050503,03,AYNA,De 20001 - 40000 Hab,Distrital, , , , , , , , , , , , , , , , , , , , , , , , , , , , ,4,8,9,7,Si,No,8,9,12,Si,No,8,9,13,Si,No,5,5,3,Si,No, , , , , , , , , , , , , , , , , , , , , , , , , , , , , , ,40,3,0,0,0,37,0,0,0,4,0,0,0,0,4,0,0,0,5,0,0,0,0,5,0,0,0,8,0,0,0,0,8,0,0,0,7,2,0,0,0,5,0,0,0,4,0,0,0,0,4,0,0,0,5,0,0,0,0,5,0,0,0,4,0,0,0,0,4,0,0,0,2,0,0,0,0,2,0,0,0,1,1,0,0,0,0,0,0,0,0, ,0,0,0,0,0,0,0,0,No, ,Si,1,Si,1,No, ,No, ,Si,1,Si,1,Si,4,Si,3,Si,4,Si,7,Si,4,Si,5,Si,9,40,0,Sí,4,No, , , , , , , , , , , , , , , , , , , , , , , , , , , , , , , , , , , , , , , , , , , , , , , , , , , , , , , , , , , , ,-12.62417696,-73.78899387
0628,050508,08,TAMBO,De 20001 - 40000 Hab,Distrital, , , , , , , , , , , , , , , , , , , , , , , , , , , , ,1,5,5,8,Si,No, , , , , , , , , , , , , , , , , , , , , , , , , , , , , , , , , , , , , , , , , , , , , ,25,1,0,0,0,24,0,0,0,1,0,0,0,0,1,0,0,0,1,0,0,0,0,1,0,0,0,3,0,0,0,0,3,0,0,0,6,0,0,0,0,6,0,0,0,4,0,0,0,0,4,0,0,0,6,0,0,0,0,6,0,0,0,1,0,0,0,0,1,0,0,0,2,0,0,0,0,2,0,0,0,1,1,0,0,0,0,0,0,0,0, ,0,0,0,0,0,0,0,0,No, ,Si,1,No, ,No, ,No, ,No, ,No, ,No, ,Si,3,Si,2,Si,1,Si,1,Si,11,Si,6,25,0,Sí,2,No, , , , , , , , , , , , , , , , , , , , , , , , , , , , , , , , , , , , , , , , , , , , , , , , , , , , , , , , , , , , ,-12.94866267,-74.02081019
0629,080901,01,SANTA ANA,De 40001 - 80000 Hab,Distrital, , , , , , , , , , , , , , , , , , , , , , , , , , , , ,1,8,9,1,No,Si, , , , , , , , , , , , , , , , , , , , , , , , , , , , , , , , , , , , , , , , , , , , , ,33,1,0,0,0,32,0,0,0,3,0,0,0,0,3,0,0,0,9,0,0,0,0,9,0,0,0,4,0,0,0,0,4,0,0,0,4,0,0,0,0,4,0,0,0,5,0,0,0,0,5,0,0,0,0,0,0,0,0,0,0,0,0,1,0,0,0,0,1,0,0,0,6,0,0,0,0,6,0,0,0,1,1,0,0,0,0,0,0,0,0, ,0,0,0,0,0,0,0,0,No, ,No, ,Si,1,No, ,No, ,No, ,Si,1,Si,2,Si,2,Si,1,Si,2,Si,7,Si,7,Si,10,33,0,No, ,No, , , , , , , , , , , , , , , , , , , , , , , , , , , , , , , , , , , , , , , , , , , , , , , , , , , , , , , , , , , , ,-12.85720524,-72.69680995
0630,080901,01,SANTA ANA,De 5000 - 10000 Hab,Otros,CENTRO POBLADO, , , , , , , , , , , , , , , , , , , , , , , , , , , , , , , , , , , , , , , , , , , , , , , , , , , , , , , , , , , , , , , , , , , , , , , , , , , , , , ,14,1,0,0,0,12,1,0,0,1,0,0,0,0,0,1,0,0,4,0,0,0,0,4,0,0,0,0,0,0,0,0,0,0,0,0,2,0,0,0,0,2,0,0,0,1,0,0,0,0,1,0,0,0,2,0,0,0,0,2,0,0,0,1,0,0,0,0,1,0,0,0,2,0,0,0,0,2,0,0,0,1,1,0,0,0,0,0,0,0,0, ,0,0,0,0,0,0,0,0,No, ,No, ,No, ,Si,1,No, ,No, ,No, ,Si,2,Si,2,No, ,No, ,Si,1,Si,4,Si,4,14,0,Sí,4,No, , , , , , , , , , , , , , , , , , , , , , , , , , , , , , , , , , , , , , , , , , , , , , , , , , , , , , , , , , , , ,-12.86276,-72.689148
0631,080901,01,SANTA ANA,De 5000 - 10000 Hab,Otros,CENTRO POBLADO, , , , , , , , , , , , , , , , , , , , , , , , , , , , , , , , , , , , , , , , , , , , , , , , , , , , , , , , , , , , , , , , , , , , , , , , , , , , , , ,9,1,0,0,0,8,0,0,0,1,0,0,0,0,1,0,0,0,2,0,0,0,0,2,0,0,0,1,0,0,0,0,1,0,0,0,1,0,0,0,0,1,0,0,0,1,0,0,0,0,1,0,0,0,0,0,0,0,0,0,0,0,0,1,0,0,0,0,1,0,0,0,1,0,0,0,0,1,0,0,0,1,1,0,0,0,0,0,0,0,0, ,0,0,0,0,0,0,0,0,No, ,No, ,No, ,No, ,No, ,Si,1,Si,2,No, ,No, ,Si,1,No, ,No, ,Si,1,Si,4,9,0,Sí,3,No, , , , , , , , , , , , , , , , , , , , , , , , , , , , , , , , , , , , , , , , , , , , , , , , , , , , , , , , , , , , ,-12.810095,-72.653135
0632,080902,02,ECHARATE,De 10001 - 20000 Hab,Distrital, , , , , , , , , , , , , , , , , , , , , , , , , , , , ,1,8,9,2,No,Si, , , , , , , , , , , , , , , , , , , , , , , , , , , , , , , , , , , , , , , , , , , , , ,20,0,0,2,0,18,0,0,0,2,0,0,0,0,2,0,0,0,6,0,0,0,0,6,0,0,0,2,0,0,0,0,2,0,0,0,2,0,0,0,0,2,0,0,0,2,0,0,0,0,2,0,0,0,1,0,0,0,0,1,0,0,0,1,0,0,0,0,1,0,0,0,2,0,0,0,0,2,0,0,0,2,0,0,2,0,0,0,0,0,0, ,0,0,0,0,0,0,0,0,No, ,No, ,Si,1,No, ,No, ,Si,1,Si,3,No, ,Si,8,Si,3,Si,4,No, ,No, ,No, ,20,0,No, ,Sí,2,10,10, , , , , , , , , , , , , , , , , , , , , , , , , , , , , , , , , , , , , , ,Ninguna, , , , , , , , , , , , , , , , , , ,-12.76766453,-72.57769459
0633,080902,02,ECHARATE,De 5000 - 10000 Hab,Distrital, , , , , , , , , , , , , , , , , , , , , , , , , , , , ,1,8,9,2,No,Si, , , , , , , , , , , , , , , , , , , , , , , , , , , , , , , , , , , , , , , , , , , , , ,20,0,0,2,0,18,0,0,0,1,0,0,0,0,1,0,0,0,6,0,0,0,0,6,0,0,0,2,0,0,0,0,2,0,0,0,2,0,0,0,0,2,0,0,0,2,0,0,0,0,2,0,0,0,2,0,0,0,0,2,0,0,0,1,0,0,0,0,1,0,0,0,2,0,0,0,0,2,0,0,0,2,0,0,2,0,0,0,0,0,0, ,0,0,0,0,0,0,0,0,No, ,No, ,Si,1,No, ,Si,1,No, ,Si,3,No, ,Si,2,Si,2,Si,4,Si,2,Si,2,Si,3,20,0,Sí,1,Sí,1,15, , , , , , , , , , , , , , , , , , , , , , , , , , , , , , , , , , , , , , , ,Ninguna, , , , , , , , , , , , , , , , , , ,-12.62741959,-72.69216776
0634,080902,02,ECHARATE,De 10001 - 20000 Hab,Otros,CENTRO POBLADO, , , , , , , , , , , , , , , , , , , , , , , , , , , , , , , , , , , , , , , , , , , , , , , , , , , , , , , , , , , , , , , , , , , , , , , , , , , , , , ,19,2,0,0,0,17,0,0,0,1,0,0,0,0,1,0,0,0,2,0,0,0,0,2,0,0,0,2,0,0,0,0,2,0,0,0,1,0,0,0,0,1,0,0,0,1,0,0,0,0,1,0,0,0,1,0,0,0,0,1,0,0,0,1,0,0,0,0,1,0,0,0,9,1,0,0,0,8,0,0,0,1,1,0,0,0,0,0,0,0,0, ,0,0,0,0,0,0,0,0,No, ,No, ,Si,1,No, ,No, ,Si,1,No, ,Si,1,Si,1,Si,3,Si,3,No, ,Si,1,Si,8,19,0,No, ,Sí,1,10, , , , , , , , , , , , , , , , , , , , , , , , , , , , , , , , , , , , , , , ,Ninguna, , , , , , , , , , , , , , , , , , ,-12.64786695,-73.04719035
0635,080903,03,HUAYOPATA,De 5000 - 10000 Hab,Distrital, , , , , , , , , , , , , , , , , , , , , , , , , , , , ,1,8,9,3,Si,No, , , , , , , , , , , , , , , , , , , , , , , , , , , , , , , , , , , , , , , , , , , , , ,11,1,0,0,0,10,0,0,0,1,0,0,0,0,1,0,0,0,4,0,0,0,0,4,0,0,0,0,0,0,0,0,0,0,0,0,1,0,0,0,0,1,0,0,0,1,0,0,0,0,1,0,0,0,1,0,0,0,0,1,0,0,0,1,0,0,0,0,1,0,0,0,1,0,0,0,0,1,0,0,0,1,1,0,0,0,0,0,0,0,0, ,0,0,0,0,0,0,0,0,No, ,No, ,No, ,No, ,No, ,Si,1,No, ,No, ,Si,2,No, ,No, ,Si,1,Si,3,Si,4,11,0,Sí,3,Sí,1,6, , , , , , , , , , , , , , , , , , , , , , , , , , , , , , , , , , , , , , , ,Ninguna, , , , , , , , , , , , , , , , , , ,-13.00648982,-72.55337536
0636,080904,04,MARANURA,De 5000 - 10000 Hab,Distrital, , , , , , , , , , , , , , , , , , , , , , , , , , , , ,1,8,9,4,No,Si, , , , , , , , , , , , , , , , , , , , , , , , , , , , , , , , , , , , , , , , , , , , , ,12,1,0,0,0,11,0,0,0,1,0,0,0,0,1,0,0,0,2,0,0,0,0,2,0,0,0,2,0,0,0,0,2,0,0,0,1,0,0,0,0,1,0,0,0,1,0,0,0,0,1,0,0,0,1,0,0,0,0,1,0,0,0,1,0,0,0,0,1,0,0,0,2,0,0,0,0,2,0,0,0,1,1,0,0,0,0,0,0,0,0, ,0,0,0,0,0,0,0,0,No, ,No, ,No, ,No, ,No, ,Si,1,No, ,Si,1,No, ,No, ,Si,3,No, ,Si,4,Si,3,12,0,Sí,3,Sí,1,8, , , , , , , , , , , , , , , , , , , , , , , , , , , , , , , , , , , , , , , ,Ninguna, , , , , , , , , , , , , , , , , , ,-12.96416892,-72.6651794
0637,080905,05,OCOBAMBA,Menos de 5000 Hab,Distrital, , , , , , , , , , , , , , , , , , , , , , , , , , , , ,1,8,9,5,Si,No, , , , , , , , , , , , , , , , , , , , , , , , , , , , , , , , , , , , , , , , , , , , , ,11,0,0,0,0,11,0,0,0,1,0,0,0,0,1,0,0,0,0,0,0,0,0,0,0,0,0,2,0,0,0,0,2,0,0,0,1,0,0,0,0,1,0,0,0,1,0,0,0,0,1,0,0,0,1,0,0,0,0,1,0,0,0,1,0,0,0,0,1,0,0,0,3,0,0,0,0,3,0,0,0,1,0,0,0,0,1,0,0,0,0, ,0,0,0,0,0,0,0,0,No, ,No, ,No, ,No, ,No, ,No, ,No, ,Si,1,Si,1,No, ,No, ,No, ,Si,3,Si,6,11,0,Sí,4,No, , , , , , , , , , , , , , , , , , , , , , , , , , , , , , , , , , , , , , , , , , , , , , , , , , , , , , , , , , , , ,-12.87193813,-72.44755774
0638,080906,06,QUELLOUNO,De 5000 - 10000 Hab,Distrital, , , , , , , , , , , , , , , , , , , , , , , , , , , , ,1,8,9,6,Si,No, , , , , , , , , , , , , , , , , , , , , , , , , , , , , , , , , , , , , , , , , , , , , ,11,1,0,0,0,10,0,0,0,1,0,0,0,0,1,0,0,0,2,0,0,0,0,2,0,0,0,0,0,0,0,0,0,0,0,0,1,0,0,0,0,1,0,0,0,1,0,0,0,0,1,0,0,0,1,0,0,0,0,1,0,0,0,1,0,0,0,0,1,0,0,0,3,0,0,0,0,3,0,0,0,1,1,0,0,0,0,0,0,0,0, ,0,0,0,0,0,0,0,0,No, ,No, ,No, ,Si,1,No, ,No, ,Si,2,No, ,Si,2,No, ,No, ,No, ,Si,2,Si,4,11,0,Sí,4,No, , , , , , , , , , , , , , , , , , , , , , , , , , , , , , , , , , , , , , , , , , , , , , , , , , , , , , , , , , , , ,-12.63711792,-72.55636216
0639,080908,08,SANTA TERESA,De 5000 - 10000 Hab,Distrital, , , , , , , , , , , , , , , , , , , , , , , , , , , , ,1,8,9,8,Si,No, , , , , , , , , , , , , , , , , , , , , , , , , , , , , , , , , , , , , , , , , , , , , ,16,1,0,0,0,12,3,0,0,1,0,0,0,0,1,0,0,0,4,0,0,0,0,3,1,0,0,2,0,0,0,0,2,0,0,0,2,0,0,0,0,2,0,0,0,2,0,0,0,0,2,0,0,0,1,0,0,0,0,0,1,0,0,1,0,0,0,0,1,0,0,0,2,0,0,0,0,1,1,0,0,1,1,0,0,0,0,0,0,0,0, ,0,0,0,0,0,0,0,0,No, ,No, ,No, ,Si,1,No, ,No, ,Si,1,No, ,Si,2,No, ,Si,1,Si,2,Si,3,Si,6,16,0,No, ,Sí,1,8, , , , , , , , , , , , , , , , , , , , , , , , , , , , , , , , , , , , , , , ,Ninguna, , , , , , , , , , , , , , , , , , ,-13.13044465,-72.59439284
0640,080909,09,VILCABAMBA,De 5000 - 10000 Hab,Distrital, , , , , , , , , , , , , , , , , , , , , , , , , , , , ,2,8,9,9,Si,No,8,9,11,Si,No, , , , , , , , , , , , , , , , , , , , , , , , , , , , , , , , , , , , , , , , ,17,1,0,0,0,16,0,0,0,5,0,0,0,0,5,0,0,0,2,0,0,0,0,2,0,0,0,0,0,0,0,0,0,0,0,0,2,0,0,0,0,2,0,0,0,1,0,0,0,0,1,0,0,0,1,0,0,0,0,1,0,0,0,2,0,0,0,0,2,0,0,0,3,0,0,0,0,3,0,0,0,1,1,0,0,0,0,0,0,0,0, ,0,0,0,0,0,0,0,0,No, ,Si,1,No, ,No, ,No, ,No, ,No, ,Si,1,Si,4,Si,1,No, ,Si,2,Si,3,Si,5,17,0,No, ,Sí,1,1, , , , , , , , , , , , , , , , , , , , , , , , , , , , , , , , , , , , , , , ,Ninguna, , , , , , , , , , , , , , , , , , ,-13.096562,-72.936032
0641,080904,04,MARANURA,De 5000 - 10000 Hab,Distrital, , , , , , , , , , , , , , , , , , , , , , , , , , , , ,4,8,9,4,No,Si,8,9,9,No,Si,8,9,3,No,Si,8,9,8,No,Si, , , , , , , , , , , , , , , , , , , , , , , , , , , , , , ,11,1,0,0,0,10,0,0,0,1,0,0,0,0,1,0,0,0,2,0,0,0,0,2,0,0,0,0,0,0,0,0,0,0,0,0,1,0,0,0,0,1,0,0,0,1,0,0,0,0,1,0,0,0,1,0,0,0,0,1,0,0,0,1,0,0,0,0,1,0,0,0,3,0,0,0,0,3,0,0,0,1,1,0,0,0,0,0,0,0,0, ,0,0,0,0,0,0,0,0,No, ,No, ,No, ,No, ,Si,1,No, ,No, ,Si,2,Si,2,Si,1,No, ,No, ,No, ,Si,5,11,0,Sí,3,No, , , , , , , , , , , , , , , , , , , , , , , , , , , , , , , , , , , , , , , , , , , , , , , , , , , , , , , , , , , , ,-13.0072369,-72.63415897
0642,080910,10,PICHARI,De 20001 - 40000 Hab,Distrital, , , , , , , , , , , , , , , , , , , , , , , , , , , , ,1,8,9,10,Si,No, , , , , , , , , , , , , , , , , , , , , , , , , , , , , , , , , , , , , , , , , , , , , ,24,3,0,0,0,19,2,0,0,4,0,0,0,0,2,2,0,0,4,0,0,0,0,4,0,0,0,2,0,0,0,0,2,0,0,0,5,1,0,0,0,4,0,0,0,2,0,0,0,0,2,0,0,0,0,0,0,0,0,0,0,0,0,1,0,0,0,0,1,0,0,0,5,1,0,0,0,4,0,0,0,1,1,0,0,0,0,0,0,0,0, ,0,0,0,0,0,0,0,0,No, ,Si,1,Si,1,No, ,No, ,Si,1,Si,2,Si,1,No, ,Si,1,Si,1,Si,5,Si,7,Si,4,24,1,No, ,No, , , , , , , , , , , , , , , , , , , , , , , , , , , , , , , , , , , , , , , , , , , , , , , , , , , , , , , , , , , , ,-12.5200535,-73.83000446
0643,090701,01,PAMPAS,De 80001 a más Hab,Distrital, , , , , , , , , , , , , , , , , , , , , , , , , , , , ,6,9,7,1,Si,No,9,7,3,Si,No,9,7,4,No,Si,9,7,6,Si,No,9,7,14,Si,No,9,7,13,Si,No, , , , , , , , , , , , , , , , , , , , ,33,2,0,0,0,29,2,0,0,2,0,0,0,0,2,0,0,0,1,0,0,0,0,1,0,0,0,1,0,0,0,0,1,0,0,0,8,0,0,0,0,8,0,0,0,5,0,0,0,0,5,0,0,0,8,0,0,0,0,6,2,0,0,2,0,0,0,0,2,0,0,0,2,0,0,0,0,2,0,0,0,4,2,0,0,0,2,0,0,0,0, ,0,0,0,0,0,0,0,0,No, ,Si,1,No, ,Si,1,No, ,No, ,Si,1,Si,1,Si,3,Si,2,Si,2,Si,5,Si,9,Si,8,33,0,No, ,Sí,1,1, , , , , , , , , , , , , , , , , , , , , , , , , , , , , , , , , , , , , , , ,Ninguna, , , , , , , , , , , , , , , , , , ,-12.39786165,-74.86902653
0644,090702,02,ACOSTAMBO,De 5000 - 10000 Hab,Distrital, , , , , , , , , , , , , , , , , , , , , , , , , , , , ,2,9,7,2,Si,No,9,7,10,Si,No, , , , , , , , , , , , , , , , , , , , , , , , , , , , , , , , , , , , , , , , ,23,1,0,0,0,17,5,0,0,1,0,0,0,0,1,0,0,0,3,0,0,0,0,2,1,0,0,2,0,0,0,0,2,0,0,0,4,0,0,0,0,4,0,0,0,4,0,0,0,0,4,0,0,0,4,0,0,0,0,1,3,0,0,3,0,0,0,0,2,1,0,0,1,0,0,0,0,1,0,0,0,1,1,0,0,0,0,0,0,0,0, ,0,0,0,0,0,0,0,0,No, ,No, ,No, ,Si,1,No, ,No, ,No, ,No, ,Si,2,Si,1,No, ,Si,3,Si,3,Si,13,23,0,Sí,6,Sí,1,1, , , , , , , , , , , , , , , , , , , , , , , , , , , , , , , , , , , , , , , ,Ninguna, , , , , , , , , , , , , , , , , , ,-12.36232111,-75.0550676
0645,090705,05,COLCABAMBA,De 10001 - 20000 Hab,Distrital, , , , , , , , , , , , , , , , , , , , , , , , , , , , ,2,9,7,5,Si,No,9,7,20,Si,No, , , , , , , , , , , , , , , , , , , , , , , , , , , , , , , , , , , , , , , , ,30,1,0,0,0,25,4,0,0,2,0,0,0,0,2,0,0,0,7,0,0,0,0,6,1,0,0,2,0,0,0,0,2,0,0,0,4,0,0,0,0,4,0,0,0,4,0,0,0,0,4,0,0,0,4,0,0,0,0,2,2,0,0,4,0,0,0,0,3,1,0,0,2,0,0,0,0,2,0,0,0,1,1,0,0,0,0,0,0,0,0, ,0,0,0,0,0,0,0,0,No, ,No, ,No, ,Si,1,No, ,No, ,No, ,Si,1,Si,1,Si,4,Si,6,Si,2,Si,1,Si,14,30,0,Sí,7,Sí,1,6, , , , , , , , , , , , , , , , , , , , , , , , , , , , , , , , , , , , , , , ,Almenos una,1,Si,Si,No,No,No,No,No,No,Si,No,No,No,No,No,No,No, ,-12.41063356,-74.680774
0646,090711,11,PAZOS,De 10001 - 20000 Hab,Distrital, , , , , , , , , , , , , , , , , , , , , , , , , , , , ,3,9,7,9,Si,No,9,7,22,Si,No,9,7,11,Si,No, , , , , , , , , , , , , , , , , , , , , , , , , , , , , , , , , , , ,22,1,0,0,0,19,2,0,0,2,0,0,0,0,1,1,0,0,3,0,0,0,0,3,0,0,0,2,0,0,0,0,2,0,0,0,4,0,0,0,0,3,1,0,0,5,0,0,0,0,5,0,0,0,2,0,0,0,0,2,0,0,0,2,0,0,0,0,2,0,0,0,1,0,0,0,0,1,0,0,0,1,1,0,0,0,0,0,0,0,0, ,0,0,0,0,0,0,0,0,No, ,No, ,No, ,No, ,Si,1,No, ,No, ,Si,1,No, ,No, ,Si,3,Si,3,Si,5,Si,9,22,0,No, ,Sí,3,2,3,2, , , , , , , , , , , , , , , , , , , , , , , , , , , , , , , , , , , , , ,Ninguna, , , , , , , , , , , , , , , , , , ,-12.25918784,-75.07029485
0647,120601,01,SATIPO,De 40001 - 80000 Hab,Distrital, , , , , , , , , , , , , , , , , , , , , , , , , , , , ,4,12,6,1,Si,No,12,6,2,Si,No,12,6,5,Si,No,12,6,7,Si,No, , , , , , , , , , , , , , , , , , , , , , , , , , , , , , ,7,0,1,0,0,2,4,0,0,1,0,0,0,0,1,0,0,0,0,0,0,0,0,0,0,0,0,0,0,0,0,0,0,0,0,0,0,0,0,0,0,0,0,0,0,0,0,0,0,0,0,0,0,0,4,0,0,0,0,1,3,0,0,0,0,0,0,0,0,0,0,0,1,0,0,0,0,0,1,0,0,1,0,1,0,0,0,0,0,0,0, ,0,0,0,0,0,0,0,0,No, ,No, ,No, ,No, ,No, ,Si,1,No, ,Si,1,Si,1,No, ,No, ,Si,1,Si,3,No, ,7,0,No, ,No, , , , , , , , , , , , , , , , , , , , , , , , , , , , , , , , , , , , , , , , , , , , , , , , , , , , , , , , , , , , ,-11.2559561,-74.63850679
0648,120604,04,MAZAMARI,De 5000 - 10000 Hab,Distrital, , , , , , , , , , , , , , , , , , , , , , , , , , , , ,3,12,6,4,Si,No,12,6,3,Si,No,12,6,8,Si,No, , , , , , , , , , , , , , , , , , , , , , , , , , , , , , , , , , , ,44,3,0,0,0,26,15,0,0,7,1,0,0,0,1,5,0,0,5,0,0,0,0,5,0,0,0,10,0,0,0,0,10,0,0,0,10,1,0,0,0,7,2,0,0,2,0,0,0,0,1,1,0,0,4,0,0,0,0,0,4,0,0,3,0,0,0,0,1,2,0,0,2,0,0,0,0,1,1,0,0,1,1,0,0,0,0,0,0,0,0, ,0,0,0,0,0,0,0,0,No, ,Si,1,Si,1,No, ,No, ,Si,1,Si,4,No, ,Si,1,Si,2,Si,6,Si,10,Si,13,Si,5,44,0,Sí,35,Sí,2,4,4, , , , , , , , , , , , , , , , , , , , , , , , , , , , , , , , , , , , , , ,Ninguna, , , , , , , , , , , , , , , , , , ,-11.32821165,-74.52869457
0649,120606,06,PANGOA,De 40001 - 80000 Hab,Distrital, , , , , , , , , , , , , , , , , , , , , , , , , , , , ,2,12,6,6,Si,No,12,6,9,Si,No, , , , , , , , , , , , , , , , , , , , , , , , , , , , , , , , , , , , , , , , ,40,3,0,0,0,28,9,0,0,2,0,0,0,0,2,0,0,0,7,0,0,0,0,7,0,0,0,3,1,0,0,0,2,0,0,0,9,0,0,0,0,9,0,0,0,3,1,0,0,0,2,0,0,0,8,0,0,0,0,0,8,0,0,1,0,0,0,0,0,1,0,0,6,0,0,0,0,6,0,0,0,1,1,0,0,0,0,0,0,0,0, ,0,0,0,0,0,0,0,0,No, ,Si,1,No, ,Si,2,No, ,No, ,Si,1,Si,1,Si,3,Si,3,Si,4,Si,12,Si,6,Si,7,40,0,No, ,Sí,2,1,2, , , , , , , , , , , , , , , , , , , , , , , , , , , , , , , , , , , , , , ,Ninguna, , , , , , , , , , , , , , , , , , ,-11.42882696,-74.488468
0650,080101,01,CUSCO,De 40001 - 80000 Hab,Distrital, , , , , , , , , , , , , , , , , , , , , , , , , , , , ,1,8,1,1,No,Si, , , , , , , , , , , , , , , , , , , , , , , , , , , , , , , , , , , , , , , , , , , , , ,76,0,1,0,0,56,19,0,0,11,0,0,0,0,8,3,0,0,19,0,0,0,0,19,0,0,0,11,0,0,0,0,8,3,0,0,9,0,0,0,0,9,0,0,0,2,0,0,0,0,2,0,0,0,6,0,0,0,0,0,6,0,0,4,0,0,0,0,2,2,0,0,4,0,0,0,0,4,0,0,0,1,0,1,0,0,0,0,0,0,9,CHOFER,0,0,0,0,4,5,0,0,No, ,No, ,Si,1,No, ,No, ,No, ,No, ,No, ,Si,3,Si,5,Si,6,Si,15,Si,16,Si,30,76,1,No, ,No, , , , , , , , , , , , , , , , , , , , , , , , , , , , , , , , , , , , , , , , , , , , , , , , , , , , , , , , , , , , ,-13.51903235,-71.95920657
0651,080101,01,CUSCO,De 80001 a más Hab,Distrital, , , , , , , , , , , , , , , , , , , , , , , , , , , , ,1,8,1,1,No,Si, , , , , , , , , , , , , , , , , , , , , , , , , , , , , , , , , , , , , , , , , , , , , ,133,4,0,0,0,117,12,0,0,7,0,0,0,0,4,3,0,0,67,0,0,0,0,64,3,0,0,13,0,0,0,0,12,1,0,0,9,0,0,0,0,9,0,0,0,9,0,0,0,0,8,1,0,0,3,0,0,0,0,0,3,0,0,3,0,0,0,0,2,1,0,0,10,0,0,0,0,10,0,0,0,4,4,0,0,0,0,0,0,0,8,PUESTO DE AUXILIO RAPIDO,0,0,0,0,8,0,0,0,No, ,Si,1,No, ,No, ,No, ,Si,3,Si,8,Si,12,Si,9,Si,6,Si,2,Si,3,Si,10,Si,79,133,1,Sí,10,Sí,2,12,12, , , , , , , , , , , , , , , , , , , , , , , , , , , , , , , , , , , , , , ,Ninguna, , , , , , , , , , , , , , , , , , ,-13.51473366,-71.98148224
0652,080106,06,SANTIAGO,De 80001 a más Hab,Provincial, , , , , , , ,1,8,1, , , , , , , , , , , , , , , , , , , , , , , , , , , , , , , , , , , , , , , , , , , , , , , , , , , , , , , , , , , , , , , , , , , , , ,46,1,1,0,0,16,28,0,0,10,0,0,0,0,2,8,0,0,5,0,0,0,0,4,1,0,0,0,0,0,0,0,0,0,0,0,0,0,0,0,0,0,0,0,0,0,0,0,0,0,0,0,0,0,19,0,0,0,0,7,12,0,0,4,0,0,0,0,0,4,0,0,6,0,0,0,0,3,3,0,0,2,1,1,0,0,0,0,0,0,0, ,0,0,0,0,0,0,0,0,No, ,No, ,No, ,Si,1,Si,1,No, ,Si,4,Si,4,Si,3,Si,3,Si,2,Si,4,Si,5,Si,19,46,0,No, ,No, , , , , , , , , , , , , , , , , , , , , , , , , , , , , , , , , , , , , , , , , , , , , , , , , , , , , , , , , , , , ,-13.52414135,-71.98452943
0653,080108,08,WANCHAQ,De 40001 - 80000 Hab,Distrital, , , , , , , , , , , , , , , , , , , , , , , , , , , , ,2,8,1,8,No,Si,8,1,5,No,Si, , , , , , , , , , , , , , , , , , , , , , , , , , , , , , , , , , , , , , , , ,55,1,0,0,0,42,12,0,0,4,0,0,0,0,1,3,0,0,20,0,0,0,0,20,0,0,0,9,0,0,0,0,9,0,0,0,3,0,0,0,0,3,0,0,0,2,0,0,0,0,2,0,0,0,7,0,0,0,0,0,7,0,0,2,0,0,0,0,0,2,0,0,6,0,0,0,0,6,0,0,0,2,1,0,0,0,1,0,0,0,0, ,0,0,0,0,0,0,0,0,No, ,No, ,Si,1,No, ,No, ,No, ,Si,1,Si,2,Si,4,No, ,Si,6,Si,1,No, ,Si,40,55,0,No, ,Sí,2,8,8, , , , , , , , , , , , , , , , , , , , , , , , , , , , , , , , , , , , , , ,Ninguna, , , , , , , , , , , , , , , , , , ,-13.538423,-71.942082
0655,080301,01,ANTA,De 5000 - 10000 Hab,Distrital, , , , , , , , , , , , , , , , , , , , , , , , , , , , ,1,8,3,1,Si,No, , , , , , , , , , , , , , , , , , , , , , , , , , , , , , , , , , , , , , , , , , , , , ,46,1,0,0,0,38,7,0,0,7,0,0,0,0,6,1,0,0,10,0,0,0,0,9,1,0,0,17,0,0,0,0,14,3,0,0,4,0,0,0,0,4,0,0,0,2,0,0,0,0,2,0,0,0,2,0,0,0,0,0,2,0,0,1,0,0,0,0,1,0,0,0,2,0,0,0,0,2,0,0,0,1,1,0,0,0,0,0,0,0,0, ,0,0,0,0,0,0,0,0,No, ,No, ,Si,1,No, ,No, ,No, ,Si,1,Si,7,Si,5,Si,2,Si,1,Si,1,Si,10,Si,18,46,0,No, ,Sí,1,10, , , , , , , , , , , , , , , , , , , , , , , , , , , , , , , , , , , , , , , ,Ninguna, , , , , , , , , , , , , , , , , , ,-13.46410869,-72.14426798
0656,080101,01,CUSCO,De 20001 - 40000 Hab,Distrital, , , , , , , , , , , , , , , , , , , , , , , , , , , , ,3,8,1,6,No,Si,8,1,2,Si,No,8,1,1,No,Si, , , , , , , , , , , , , , , , , , , , , , , , , , , , , , , , , , , ,48,1,0,0,0,38,9,0,0,3,0,0,0,0,0,3,0,0,15,0,0,0,0,15,0,0,0,9,0,0,0,0,9,0,0,0,5,0,0,0,0,5,0,0,0,2,0,0,0,0,2,0,0,0,7,0,0,0,0,2,5,0,0,1,0,0,0,0,0,1,0,0,4,0,0,0,0,4,0,0,0,2,1,0,0,0,1,0,0,0,0, ,0,0,0,0,0,0,0,0,No, ,No, ,Si,1,No, ,No, ,No, ,No, ,Si,4,Si,1,Si,1,Si,1,Si,2,Si,7,Si,31,48,0,No, ,No, , , , , , , , , , , , , , , , , , , , , , , , , , , , , , , , , , , , , , , , , , , , , , , , , , , , , , , , , , , , ,-13.52405644,-71.99174369
0658,080103,03,POROY,De 5000 - 10000 Hab,Distrital, , , , , , , , , , , , , , , , , , , , , , , , , , , , ,1,8,1,3,Si,No, , , , , , , , , , , , , , , , , , , , , , , , , , , , , , , , , , , , , , , , , , , , , ,30,1,0,0,0,24,5,0,0,3,0,0,0,0,0,3,0,0,5,0,0,0,0,5,0,0,0,4,0,0,0,0,4,0,0,0,2,0,0,0,0,2,0,0,0,1,0,0,0,0,1,0,0,0,3,0,0,0,0,2,1,0,0,3,0,0,0,0,2,1,0,0,8,0,0,0,0,8,0,0,0,1,1,0,0,0,0,0,0,0,0, ,0,0,0,0,0,0,0,0,No, ,No, ,No, ,Si,1,No, ,No, ,Si,3,Si,3,Si,2,No, ,Si,1,Si,1,Si,4,Si,15,30,0,No, ,Sí,2,10,10, , , , , , , , , , , , , , , , , , , , , , , , , , , , , , , , , , , , , , ,Almenos una,1,No,Si,Si,No,No,No,No,No,Si,No,No,No,No,No,No,No, ,-13.49553531,-72.04182954
0659,080104,04,SAN JERONIMO,De 40001 - 80000 Hab,Distrital, , , , , , , , , , , , , , , , , , , , , , , , , , , , ,1,8,1,4,Si,No, , , , , , , , , , , , , , , , , , , , , , , , , , , , , , , , , , , , , , , , , , , , , ,85,1,0,0,0,65,19,0,0,5,0,0,0,0,2,3,0,0,52,0,0,0,0,43,9,0,0,0,0,0,0,0,0,0,0,0,6,0,0,0,0,5,1,0,0,3,0,0,0,0,3,0,0,0,5,0,0,0,0,1,4,0,0,1,0,0,0,0,0,1,0,0,12,0,0,0,0,11,1,0,0,1,1,0,0,0,0,0,0,0,0, ,0,0,0,0,0,0,0,0,No, ,No, ,Si,1,No, ,No, ,No, ,Si,5,Si,6,Si,12,Si,5,Si,2,Si,6,Si,13,Si,35,85,0,No, ,Sí,5,12,12,12,12,12, , , , , , , , , , , , , , , , , , , , , , , , , , , , , , , , , , , ,Ninguna, , , , , , , , , , , , , , , , , , ,-13.54623189,-71.88958453
0660,080105,05,SAN SEBASTIAN,De 80001 a más Hab,Distrital, , , , , , , , , , , , , , , , , , , , , , , , , , , , ,1,8,1,5,No,Si, , , , , , , , , , , , , , , , , , , , , , , , , , , , , , , , , , , , , , , , , , , , , ,93,1,0,0,0,66,26,0,0,10,0,0,0,0,5,5,0,0,41,0,0,0,0,36,5,0,0,6,0,0,0,0,3,3,0,0,7,0,0,0,0,6,1,0,0,4,0,0,0,0,3,1,0,0,8,0,0,0,0,0,8,0,0,5,0,0,0,0,2,3,0,0,11,0,0,0,0,11,0,0,0,1,1,0,0,0,0,0,0,0,0, ,0,0,0,0,0,0,0,0,No, ,Si,1,No, ,No, ,No, ,No, ,Si,4,Si,8,Si,5,Si,4,Si,5,Si,6,Si,14,Si,46,93,0,Sí,12,Sí,2,15,15, , , , , , , , , , , , , , , , , , , , , , , , , , , , , , , , , , , , , , ,Ninguna, , , , , , , , , , , , , , , , , , ,-13.53211508,-71.9263283
0661,080106,06,SANTIAGO,De 40001 - 80000 Hab,Distrital, , , , , , , , , , , , , , , , , , , , , , , , , , , , ,2,8,1,6,No,Si,8,1,5,No,Si, , , , , , , , , , , , , , , , , , , , , , , , , , , , , , , , , , , , , , , , ,49,1,0,0,0,43,5,0,0,6,0,0,0,0,3,3,0,0,23,0,0,0,0,23,0,0,0,0,0,0,0,0,0,0,0,0,4,0,0,0,0,4,0,0,0,3,0,0,0,0,3,0,0,0,3,0,0,0,0,3,0,0,0,2,0,0,0,0,1,1,0,0,7,0,0,0,0,6,1,0,0,1,1,0,0,0,0,0,0,0,0, ,0,0,0,0,0,0,0,0,No, ,No, ,No, ,Si,1,No, ,No, ,Si,4,Si,2,Si,4,No, ,Si,4,Si,6,Si,6,Si,22,49,0,No, ,Sí,1,3, , , , , , , , , , , , , , , , , , , , , , , , , , , , , , , , , , , , , , , ,Ninguna, , , , , , , , , , , , , , , , , , ,-13.53861194,-71.95832708
0662,080106,06,SANTIAGO,De 20001 - 40000 Hab,Distrital, , , , , , , , , , , , , , , , , , , , , , , , , , , , ,1,8,1,6,No,Si, , , , , , , , , , , , , , , , , , , , , , , , , , , , , , , , , , , , , , , , , , , , , ,51,1,0,0,0,42,8,0,0,6,0,0,0,0,3,3,0,0,17,0,0,0,0,17,0,0,0,4,0,0,0,0,3,1,0,0,7,0,0,0,0,7,0,0,0,2,0,0,0,0,2,0,0,0,3,0,0,0,0,1,2,0,0,2,0,0,0,0,1,1,0,0,9,0,0,0,0,8,1,0,0,1,1,0,0,0,0,0,0,0,0, ,0,0,0,0,0,0,0,0,No, ,No, ,Si,1,No, ,No, ,No, ,Si,2,Si,3,Si,3,Si,7,Si,1,Si,8,Si,4,Si,22,51,0,No, ,Sí,2,2,2, , , , , , , , , , , , , , , , , , , , , , , , , , , , , , , , , , , , , , ,Ninguna, , , , , , , , , , , , , , , , , , ,-13.52851554,-71.98381568
0663,080106,06,SANTIAGO,De 40001 - 80000 Hab,Distrital, , , , , , , , , , , , , , , , , , , , , , , , , , , , ,1,8,1,6,No,Si, , , , , , , , , , , , , , , , , , , , , , , , , , , , , , , , , , , , , , , , , , , , , ,100,1,0,0,0,82,17,0,0,6,0,0,0,0,2,4,0,0,42,0,0,0,0,41,1,0,0,12,0,0,0,0,8,4,0,0,9,0,0,0,0,8,1,0,0,3,0,0,0,0,3,0,0,0,4,0,0,0,0,0,4,0,0,1,0,0,0,0,0,1,0,0,22,0,0,0,0,20,2,0,0,1,1,0,0,0,0,0,0,0,0, ,0,0,0,0,0,0,0,0,No, ,Si,1,No, ,No, ,No, ,No, ,Si,4,Si,7,Si,7,Si,3,Si,7,Si,7,Si,25,Si,39,100,0,No, ,Sí,1,4, , , , , , , , , , , , , , , , , , , , , , , , , , , , , , , , , , , , , , , ,Ninguna, , , , , , , , , , , , , , , , , , ,-13.52426531,-71.98420578
0664,080107,07,SAYLLA,De 20001 - 40000 Hab,Distrital, , , , , , , , , , , , , , , , , , , , , , , , , , , , ,2,8,1,7,Si,No,8,12,11,No,Si, , , , , , , , , , , , , , , , , , , , , , , , , , , , , , , , , , , , , , , , ,40,2,0,0,0,27,11,0,0,7,0,0,0,0,2,5,0,0,12,0,0,0,0,12,0,0,0,0,0,0,0,0,0,0,0,0,5,0,0,0,0,5,0,0,0,0,0,0,0,0,0,0,0,0,3,0,0,0,0,0,3,0,0,2,0,0,0,0,1,1,0,0,9,0,0,0,0,7,2,0,0,2,2,0,0,0,0,0,0,0,0, ,0,0,0,0,0,0,0,0,No, ,No, ,Si,1,Si,1,No, ,No, ,Si,3,Si,5,Si,3,Si,2,Si,5,No, ,Si,10,Si,10,40,0,Sí,9,No, , , , , , , , , , , , , , , , , , , , , , , , , , , , , , , , , , , , , , , , , , , , , , , , , , , , , , , , , , , , ,-13.57258588,-71.8256151
0665,080108,08,WANCHAQ,De 80001 a más Hab,Distrital, , , , , , , , , , , , , , , , , , , , , , , , , , , , ,1,8,1,8,Si,No, , , , , , , , , , , , , , , , , , , , , , , , , , , , , , , , , , , , , , , , , , , , , ,123,2,0,0,0,103,18,0,0,5,0,0,0,0,3,2,0,0,52,0,0,0,0,52,0,0,0,35,0,0,0,0,22,13,0,0,8,1,0,0,0,7,0,0,0,8,0,0,0,0,8,0,0,0,0,0,0,0,0,0,0,0,0,3,0,0,0,0,0,3,0,0,11,0,0,0,0,11,0,0,0,1,1,0,0,0,0,0,0,0,0, ,0,0,0,0,0,0,0,0,No, ,Si,1,No, ,No, ,No, ,Si,1,Si,9,Si,17,Si,15,Si,8,Si,2,Si,8,Si,16,Si,46,123,0,No, ,Sí,2,10,10, , , , , , , , , , , , , , , , , , , , , , , , , , , , , , , , , , , , , , ,Ninguna, , , , , , , , , , , , , , , , , , ,-13.53233386,-71.95957045
0666,080201,01,ACOMAYO,De 10001 - 20000 Hab,Distrital, , , , , , , , , , , , , , , , , , , , , , , , , , , , ,3,8,2,1,No,Si,8,10,8,Si,No,8,2,3,Si,No, , , , , , , , , , , , , , , , , , , , , , , , , , , , , , , , , , , ,25,1,0,0,0,22,2,0,0,3,0,0,0,0,3,0,0,0,4,0,0,0,0,4,0,0,0,4,0,0,0,0,4,0,0,0,2,0,0,0,0,2,0,0,0,1,0,0,0,0,1,0,0,0,2,0,0,0,0,0,2,0,0,1,0,0,0,0,1,0,0,0,7,0,0,0,0,7,0,0,0,1,1,0,0,0,0,0,0,0,0, ,0,0,0,0,0,0,0,0,No, ,No, ,Si,1,No, ,No, ,No, ,Si,1,Si,1,Si,2,Si,1,No, ,Si,2,Si,7,Si,10,25,0,No, ,Sí,2,2,2, , , , , , , , , , , , , , , , , , , , , , , , , , , , , , , , , , , , , , ,Ninguna, , , , , , , , , , , , , , , , , , ,-13.92297639,-71.67962995
0667,080202,02,ACOPIA,Menos de 5000 Hab,Distrital, , , , , , , , , , , , , , , , , , , , , , , , , , , , ,1,8,2,2,Si,No, , , , , , , , , , , , , , , , , , , , , , , , , , , , , , , , , , , , , , , , , , , , , ,14,0,0,0,0,13,1,0,0,1,0,0,0,0,1,0,0,0,2,0,0,0,0,2,0,0,0,2,0,0,0,0,2,0,0,0,2,0,0,0,0,2,0,0,0,2,0,0,0,0,2,0,0,0,1,0,0,0,0,0,1,0,0,1,0,0,0,0,1,0,0,0,2,0,0,0,0,2,0,0,0,1,0,0,0,0,1,0,0,0,0, ,0,0,0,0,0,0,0,0,No, ,No, ,No, ,No, ,No, ,No, ,Si,1,Si,3,Si,4,No, ,No, ,Si,1,Si,4,Si,1,14,0,No, ,No, , , , , , , , , , , , , , , , , , , , , , , , , , , , , , , , , , , , , , , , , , , , , , , , , , , , , , , , , , , , ,-14.05740883,-71.49277563
0668,080204,04,MOSOC LLACTA,De 5000 - 10000 Hab,Distrital, , , , , , , , , , , , , , , , , , , , , , , , , , , , ,1,8,2,4,Si,No, , , , , , , , , , , , , , , , , , , , , , , , , , , , , , , , , , , , , , , , , , , , , ,13,0,0,0,0,13,0,0,0,1,0,0,0,0,1,0,0,0,3,0,0,0,0,3,0,0,0,2,0,0,0,0,2,0,0,0,1,0,0,0,0,1,0,0,0,1,0,0,0,0,1,0,0,0,1,0,0,0,0,1,0,0,0,1,0,0,0,0,1,0,0,0,2,0,0,0,0,2,0,0,0,1,0,0,0,0,1,0,0,0,0, ,0,0,0,0,0,0,0,0,No, ,No, ,No, ,No, ,No, ,No, ,Si,2,Si,2,Si,1,No, ,Si,1,Si,1,Si,4,Si,2,13,0,No, ,Sí,1,6, , , , , , , , , , , , , , , , , , , , , , , , , , , , , , , , , , , , , , , ,Ninguna, , , , , , , , , , , , , , , , , , ,-14.12044456,-71.47250803
0669,080205,05,POMACANCHI,De 5000 - 10000 Hab,Distrital, , , , , , , , , , , , , , , , , , , , , , , , , , , , ,1,8,2,5,Si,No, , , , , , , , , , , , , , , , , , , , , , , , , , , , , , , , , , , , , , , , , , , , , ,16,1,0,0,0,14,1,0,0,4,0,0,0,0,4,0,0,0,2,0,0,0,0,2,0,0,0,0,0,0,0,0,0,0,0,0,2,0,0,0,0,2,0,0,0,2,0,0,0,0,2,0,0,0,1,0,0,0,0,0,1,0,0,1,0,0,0,0,1,0,0,0,3,0,0,0,0,3,0,0,0,1,1,0,0,0,0,0,0,0,0, ,0,0,0,0,0,0,0,0,No, ,No, ,No, ,No, ,Si,1,No, ,No, ,Si,2,Si,1,Si,2,Si,1,Si,2,Si,4,Si,3,16,0,No, ,Sí,1,12, , , , , , , , , , , , , , , , , , , , , , , , , , , , , , , , , , , , , , , ,Ninguna, , , , , , , , , , , , , , , , , , ,-14.03443684,-71.57052248
0670,080207,07,SANGARARA,Menos de 5000 Hab,Distrital, , , , , , , , , , , , , , , , , , , , , , , , , , , , ,1,8,2,7,Si,No, , , , , , , , , , , , , , , , , , , , , , , , , , , , , , , , , , , , , , , , , , , , , ,11,0,0,0,0,10,1,0,0,1,0,0,0,0,1,0,0,0,3,0,0,0,0,3,0,0,0,0,0,0,0,0,0,0,0,0,1,0,0,0,0,1,0,0,0,1,0,0,0,0,1,0,0,0,1,0,0,0,0,1,0,0,0,1,0,0,0,0,0,1,0,0,2,0,0,0,0,2,0,0,0,1,0,0,0,0,1,0,0,0,0, ,0,0,0,0,0,0,0,0,No, ,No, ,No, ,No, ,No, ,No, ,Si,1,Si,2,Si,3,Si,1,Si,1,No, ,No, ,Si,3,11,0,Sí,1,No, , , , , , , , , , , , , , , , , , , , , , , , , , , , , , , , , , , , , , , , , , , , , , , , , , , , , , , , , , , , ,-13.94938839,-71.60529279
0672,080302,02,ANCAHUASI,De 5000 - 10000 Hab,Distrital, , , , , , , , , , , , , , , , , , , , , , , , , , , , ,1,8,3,2,Si,No, , , , , , , , , , , , , , , , , , , , , , , , , , , , , , , , , , , , , , , , , , , , , ,15,0,0,0,0,13,2,0,0,2,0,0,0,0,2,0,0,0,2,0,0,0,0,2,0,0,0,2,0,0,0,0,2,0,0,0,2,0,0,0,0,2,0,0,0,2,0,0,0,0,2,0,0,0,2,0,0,0,0,0,2,0,0,1,0,0,0,0,1,0,0,0,1,0,0,0,0,1,0,0,0,1,0,0,0,0,1,0,0,0,0, ,0,0,0,0,0,0,0,0,No, ,No, ,No, ,No, ,No, ,No, ,Si,2,Si,3,Si,1,No, ,Si,1,No, ,Si,2,Si,6,15,0,Sí,3,No, , , , , , , , , , , , , , , , , , , , , , , , , , , , , , , , , , , , , , , , , , , , , , , , , , , , , , , , , , , , ,-13.45637795,-72.30148278
0673,080303,03,CACHIMAYO,Menos de 5000 Hab,Distrital, , , , , , , , , , , , , , , , , , , , , , , , , , , , ,1,8,3,3,Si,No, , , , , , , , , , , , , , , , , , , , , , , , , , , , , , , , , , , , , , , , , , , , , ,13,0,0,0,0,13,0,0,0,3,0,0,0,0,3,0,0,0,3,0,0,0,0,3,0,0,0,0,0,0,0,0,0,0,0,0,1,0,0,0,0,1,0,0,0,1,0,0,0,0,1,0,0,0,1,0,0,0,0,1,0,0,0,1,0,0,0,0,1,0,0,0,2,0,0,0,0,2,0,0,0,1,0,0,0,0,1,0,0,0,0, ,0,0,0,0,0,0,0,0,No, ,No, ,No, ,No, ,No, ,No, ,Si,2,Si,1,No, ,Si,1,No, ,Si,1,Si,3,Si,5,13,0,Sí,3,Sí,1,10, , , , , , , , , , , , , , , , , , , , , , , , , , , , , , , , , , , , , , , ,Ninguna, , , , , , , , , , , , , , , , , , ,-13.47952952,-72.0660691
0674,080304,04,CHINCHAYPUJIO,Menos de 5000 Hab,Distrital, , , , , , , , , , , , , , , , , , , , , , , , , , , , ,1,8,3,4,Si,No, , , , , , , , , , , , , , , , , , , , , , , , , , , , , , , , , , , , , , , , , , , , , ,13,0,0,0,0,13,0,0,0,1,0,0,0,0,1,0,0,0,2,0,0,0,0,2,0,0,0,2,0,0,0,0,2,0,0,0,1,0,0,0,0,1,0,0,0,1,0,0,0,0,1,0,0,0,1,0,0,0,0,1,0,0,0,1,0,0,0,0,1,0,0,0,3,0,0,0,0,3,0,0,0,1,0,0,0,0,1,0,0,0,0, ,0,0,0,0,0,0,0,0,No, ,No, ,No, ,No, ,No, ,No, ,Si,1,Si,4,Si,1,Si,1,No, ,Si,1,Si,3,Si,2,13,0,No, ,Sí,2,6,6, , , , , , , , , , , , , , , , , , , , , , , , , , , , , , , , , , , , , , ,Ninguna, , , , , , , , , , , , , , , , , , ,-13.63067856,-72.23568456
0675,080305,05,HUAROCONDO,De 5000 - 10000 Hab,Distrital, , , , , , , , , , , , , , , , , , , , , , , , , , , , ,1,8,3,5,Si,No, , , , , , , , , , , , , , , , , , , , , , , , , , , , , , , , , , , , , , , , , , , , , ,11,1,0,0,0,10,0,0,0,2,0,0,0,0,2,0,0,0,2,0,0,0,0,2,0,0,0,0,0,0,0,0,0,0,0,0,1,0,0,0,0,1,0,0,0,1,0,0,0,0,1,0,0,0,1,0,0,0,0,1,0,0,0,1,0,0,0,0,1,0,0,0,2,0,0,0,0,2,0,0,0,1,1,0,0,0,0,0,0,0,0, ,0,0,0,0,0,0,0,0,No, ,No, ,No, ,No, ,No, ,Si,1,Si,1,Si,3,No, ,Si,6,No, ,No, ,No, ,No, ,11,0,No, ,Sí,1,1, , , , , , , , , , , , , , , , , , , , , , , , , , , , , , , , , , , , , , , ,Ninguna, , , , , , , , , , , , , , , , , , ,-13.41651708,-72.20524947
0676,080306,06,LIMATAMBO,De 5000 - 10000 Hab,Distrital, , , , , , , , , , , , , , , , , , , , , , , , , , , , ,1,8,3,6,Si,No, , , , , , , , , , , , , , , , , , , , , , , , , , , , , , , , , , , , , , , , , , , , , ,16,0,0,0,0,16,0,0,0,1,0,0,0,0,1,0,0,0,5,0,0,0,0,5,0,0,0,2,0,0,0,0,2,0,0,0,1,0,0,0,0,1,0,0,0,1,0,0,0,0,1,0,0,0,1,0,0,0,0,1,0,0,0,1,0,0,0,0,1,0,0,0,3,0,0,0,0,3,0,0,0,1,0,0,0,0,1,0,0,0,0, ,0,0,0,0,0,0,0,0,No, ,No, ,No, ,No, ,No, ,No, ,Si,1,Si,2,Si,4,Si,3,No, ,Si,1,Si,2,Si,3,16,0,Sí,3,Sí,1,1, , , , , , , , , , , , , , , , , , , , , , , , , , , , , , , , , , , , , , , ,Ninguna, , , , , , , , , , , , , , , , , , ,-13.48001561,-72.44599873
0677,080307,07,MOLLEPATA,De 10001 - 20000 Hab,Distrital, , , , , , , , , , , , , , , , , , , , , , , , , , , , ,1,8,3,7,Si,No, , , , , , , , , , , , , , , , , , , , , , , , , , , , , , , , , , , , , , , , , , , , , ,12,0,0,0,0,12,0,0,0,1,0,0,0,0,1,0,0,0,2,0,0,0,0,2,0,0,0,2,0,0,0,0,2,0,0,0,1,0,0,0,0,1,0,0,0,1,0,0,0,0,1,0,0,0,1,0,0,0,0,1,0,0,0,1,0,0,0,0,1,0,0,0,2,0,0,0,0,2,0,0,0,1,0,0,0,0,1,0,0,0,0, ,0,0,0,0,0,0,0,0,No, ,No, ,No, ,No, ,No, ,No, ,Si,2,Si,3,Si,2,Si,2,No, ,No, ,Si,2,Si,1,12,0,Sí,1,Sí,1,12, , , , , , , , , , , , , , , , , , , , , , , , , , , , , , , , , , , , , , , ,Ninguna, , , , , , , , , , , , , , , , , , ,-13.50841259,-72.52750099
0678,080308,08,PUCYURA,Menos de 5000 Hab,Distrital, , , , , , , , , , , , , , , , , , , , , , , , , , , , ,1,8,3,8,Si,No, , , , , , , , , , , , , , , , , , , , , , , , , , , , , , , , , , , , , , , , , , , , , ,14,0,0,0,0,13,1,0,0,2,0,0,0,0,2,0,0,0,2,0,0,0,0,2,0,0,0,2,0,0,0,0,2,0,0,0,2,0,0,0,0,2,0,0,0,2,0,0,0,0,2,0,0,0,1,0,0,0,0,0,1,0,0,1,0,0,0,0,1,0,0,0,1,0,0,0,0,1,0,0,0,1,0,0,0,0,1,0,0,0,0, ,0,0,0,0,0,0,0,0,No, ,No, ,No, ,No, ,No, ,No, ,Si,1,Si,1,Si,1,No, ,Si,2,Si,1,Si,2,Si,6,14,0,No, ,Sí,1,10, , , , , , , , , , , , , , , , , , , , , , , , , , , , , , , , , , , , , , , ,Ninguna, , , , , , , , , , , , , , , , , , ,-13.4812832,-72.11184397
0679,080309,09,ZURITE,Menos de 5000 Hab,Distrital, , , , , , , , , , , , , , , , , , , , , , , , , , , , ,1,8,3,9,Si,No, , , , , , , , , , , , , , , , , , , , , , , , , , , , , , , , , , , , , , , , , , , , , ,12,0,0,0,0,11,1,0,0,3,0,0,0,0,3,0,0,0,2,0,0,0,0,1,1,0,0,1,0,0,0,0,1,0,0,0,1,0,0,0,0,1,0,0,0,1,0,0,0,0,1,0,0,0,1,0,0,0,0,1,0,0,0,1,0,0,0,0,1,0,0,0,1,0,0,0,0,1,0,0,0,1,0,0,0,0,1,0,0,0,0, ,0,0,0,0,0,0,0,0,No, ,No, ,No, ,No, ,No, ,No, ,Si,2,Si,2,Si,1,Si,1,Si,6,No, ,No, ,No, ,12,2,No, ,Sí,1,10, , , , , , , , , , , , , , , , , , , , , , , , , , , , , , , , , , , , , , , ,Ninguna, , , , , , , , , , , , , , , , , , ,-13.45536535,-72.2553072
0680,080401,01,CALCA,De 40001 - 80000 Hab,Distrital, , , , , , , , , , , , , , , , , , , , , , , , , , , , ,2,8,4,3,Si,No,8,4,1,Si,No, , , , , , , , , , , , , , , , , , , , , , , , , , , , , , , , , , , , , , , , ,28,1,0,0,0,23,4,0,0,4,0,0,0,0,3,1,0,0,11,0,0,0,0,10,1,0,0,0,0,0,0,0,0,0,0,0,3,0,0,0,0,3,0,0,0,2,0,0,0,0,2,0,0,0,2,0,0,0,0,0,2,0,0,1,0,0,0,0,1,0,0,0,4,0,0,0,0,4,0,0,0,1,1,0,0,0,0,0,0,0,0, ,0,0,0,0,0,0,0,0,No, ,No, ,Si,1,No, ,No, ,No, ,No, ,Si,2,Si,5,No, ,No, ,Si,2,Si,6,Si,12,28,0,No, ,No, , , , , , , , , , , , , , , , , , , , , , , , , , , , , , , , , , , , , , , , , , , , , , , , , , , , , , , , , , , , ,-13.32033564,-71.95572567
0681,080404,04,LARES,De 10001 - 20000 Hab,Distrital, , , , , , , , , , , , , , , , , , , , , , , , , , , , ,2,8,4,4,Si,No,8,11,1,No,Si, , , , , , , , , , , , , , , , , , , , , , , , , , , , , , , , , , , , , , , , ,13,0,0,0,0,13,0,0,0,2,0,0,0,0,2,0,0,0,3,0,0,0,0,3,0,0,0,0,0,0,0,0,0,0,0,0,2,0,0,0,0,2,0,0,0,1,0,0,0,0,1,0,0,0,1,0,0,0,0,1,0,0,0,1,0,0,0,0,1,0,0,0,2,0,0,0,0,2,0,0,0,1,0,0,0,0,1,0,0,0,0, ,0,0,0,0,0,0,0,0,No, ,No, ,No, ,No, ,No, ,No, ,Si,1,Si,3,No, ,Si,2,Si,1,No, ,Si,2,Si,4,13,0,No, ,No, , , , , , , , , , , , , , , , , , , , , , , , , , , , , , , , , , , , , , , , , , , , , , , , , , , , , , , , , , , , ,-13.05479406,-71.94598356
0682,080405,05,PISAC,De 10001 - 20000 Hab,Distrital, , , , , , , , , , , , , , , , , , , , , , , , , , , , ,3,8,4,5,Si,No,8,4,2,Si,No,8,4,7,Si,No, , , , , , , , , , , , , , , , , , , , , , , , , , , , , , , , , , , ,25,1,0,0,0,20,4,0,0,1,0,0,0,0,1,0,0,0,8,0,0,0,0,8,0,0,0,3,0,0,0,0,2,1,0,0,3,0,0,0,0,3,0,0,0,1,0,0,0,0,1,0,0,0,2,0,0,0,0,0,2,0,0,1,0,0,0,0,1,0,0,0,5,0,0,0,0,4,1,0,0,1,1,0,0,0,0,0,0,0,0, ,0,0,0,0,0,0,0,0,No, ,No, ,No, ,Si,1,No, ,No, ,Si,2,Si,1,Si,2,Si,1,Si,2,Si,1,Si,5,Si,10,25,0,No, ,No, , , , , , , , , , , , , , , , , , , , , , , , , , , , , , , , , , , , , , , , , , , , , , , , , , , , , , , , , , , , ,-13.4232457,-71.85120354
0683,080406,06,SAN SALVADOR,De 5000 - 10000 Hab,Distrital, , , , , , , , , , , , , , , , , , , , , , , , , , , , ,1,8,4,6,Si,No, , , , , , , , , , , , , , , , , , , , , , , , , , , , , , , , , , , , , , , , , , , , , ,14,0,0,0,0,11,3,0,0,1,0,0,0,0,0,1,0,0,2,0,0,0,0,2,0,0,0,4,0,0,0,0,4,0,0,0,1,0,0,0,0,1,0,0,0,0,0,0,0,0,0,0,0,0,1,0,0,0,0,1,0,0,0,2,0,0,0,0,1,1,0,0,2,0,0,0,0,1,1,0,0,1,0,0,0,0,1,0,0,0,0, ,0,0,0,0,0,0,0,0,No, ,No, ,No, ,No, ,No, ,No, ,Si,1,Si,4,Si,1,Si,1,Si,1,No, ,Si,2,Si,4,14,0,Sí,1,Sí,1,12, , , , , , , , , , , , , , , , , , , , , , , , , , , , , , , , , , , , , , , ,Ninguna, , , , , , , , , , , , , , , , , , ,-13.49268874,-71.7783201
0684,080408,08,YANATILE,De 5000 - 10000 Hab,Distrital, , , , , , , , , , , , , , , , , , , , , , , , , , , , ,1,8,4,8,Si,No, , , , , , , , , , , , , , , , , , , , , , , , , , , , , , , , , , , , , , , , , , , , , ,16,1,0,0,0,14,1,0,0,1,0,0,0,0,1,0,0,0,3,0,0,0,0,3,0,0,0,1,0,0,0,0,1,0,0,0,2,0,0,0,0,2,0,0,0,2,0,0,0,0,2,0,0,0,1,0,0,0,0,1,0,0,0,1,0,0,0,0,0,1,0,0,4,0,0,0,0,4,0,0,0,1,1,0,0,0,0,0,0,0,0, ,0,0,0,0,0,0,0,0,No, ,No, ,No, ,No, ,No, ,Si,1,No, ,Si,2,Si,2,No, ,Si,1,Si,3,Si,4,Si,3,16,0,Sí,2,Sí,1,1, , , , , , , , , , , , , , , , , , , , , , , , , , , , , , , , , , , , , , , ,Ninguna, , , , , , , , , , , , , , , , , , ,-12.68474212,-72.27388879
0685,080501,01,YANAOCA,De 5000 - 10000 Hab,Provincial, , , , , , , ,1,8,5, , , , , , , , , , , , , , , , , , , , , , , , , , , , , , , , , , , , , , , , , , , , , , , , , , , , , , , , , , , , , , , , , , , , , ,13,1,0,0,0,12,0,0,0,2,0,0,0,0,2,0,0,0,2,0,0,0,0,2,0,0,0,2,0,0,0,0,2,0,0,0,1,0,0,0,0,1,0,0,0,1,0,0,0,0,1,0,0,0,2,0,0,0,0,2,0,0,0,1,0,0,0,0,1,0,0,0,1,0,0,0,0,1,0,0,0,1,1,0,0,0,0,0,0,0,0, ,0,0,0,0,0,0,0,0,No, ,No, ,No, ,No, ,No, ,Si,1,Si,1,Si,1,Si,2,Si,1,Si,1,No, ,Si,5,Si,1,13,0,Sí,1,No, , , , , , , , , , , , , , , , , , , , , , , , , , , , , , , , , , , , , , , , , , , , , , , , , , , , , , , , , , , , ,-14.214755,-71.43208
0686,080503,03,KUNTURKANKI,De 10001 - 20000 Hab,Distrital, , , , , , , , , , , , , , , , , , , , , , , , , , , , ,2,8,5,3,Si,No,8,5,2,Si,No, , , , , , , , , , , , , , , , , , , , , , , , , , , , , , , , , , , , , , , , ,9,0,0,0,0,9,0,0,0,1,0,0,0,0,1,0,0,0,1,0,0,0,0,1,0,0,0,2,0,0,0,0,2,0,0,0,1,0,0,0,0,1,0,0,0,0,0,0,0,0,0,0,0,0,1,0,0,0,0,1,0,0,0,1,0,0,0,0,1,0,0,0,1,0,0,0,0,1,0,0,0,1,0,0,0,0,1,0,0,0,0, ,0,0,0,0,0,0,0,0,No, ,No, ,No, ,No, ,No, ,No, ,No, ,Si,1,No, ,Si,1,Si,1,Si,1,Si,4,Si,1,9,0,Sí,2,Sí,2,4,4, , , , , , , , , , , , , , , , , , , , , , , , , , , , , , , , , , , , , , ,Ninguna, , , , , , , , , , , , , , , , , , ,-14.53514329,-71.30627832
0687,080504,04,LANGUI,Menos de 5000 Hab,Distrital, , , , , , , , , , , , , , , , , , , , , , , , , , , , ,1,8,5,4,Si,No, , , , , , , , , , , , , , , , , , , , , , , , , , , , , , , , , , , , , , , , , , , , , ,9,0,0,0,0,8,1,0,0,1,0,0,0,0,1,0,0,0,1,0,0,0,0,1,0,0,0,1,0,0,0,0,1,0,0,0,1,0,0,0,0,1,0,0,0,1,0,0,0,0,1,0,0,0,1,0,0,0,0,0,1,0,0,1,0,0,0,0,1,0,0,0,1,0,0,0,0,1,0,0,0,1,0,0,0,0,1,0,0,0,0, ,0,0,0,0,0,0,0,0,No, ,No, ,No, ,No, ,No, ,No, ,Si,1,No, ,Si,1,Si,1,No, ,Si,1,Si,2,Si,3,9,0,No, ,No, , , , , , , , , , , , , , , , , , , , , , , , , , , , , , , , , , , , , , , , , , , , , , , , , , , , , , , , , , , , ,-14.43261559,-71.27261343
0688,080505,05,LAYO,De 5000 - 10000 Hab,Distrital, , , , , , , , , , , , , , , , , , , , , , , , , , , , ,1,8,5,5,Si,No, , , , , , , , , , , , , , , , , , , , , , , , , , , , , , , , , , , , , , , , , , , , , ,9,0,0,0,0,9,0,0,0,1,0,0,0,0,1,0,0,0,2,0,0,0,0,2,0,0,0,1,0,0,0,0,1,0,0,0,1,0,0,0,0,1,0,0,0,0,0,0,0,0,0,0,0,0,1,0,0,0,0,1,0,0,0,1,0,0,0,0,1,0,0,0,1,0,0,0,0,1,0,0,0,1,0,0,0,0,1,0,0,0,0, ,0,0,0,0,0,0,0,0,No, ,No, ,No, ,No, ,No, ,No, ,Si,1,Si,2,Si,1,No, ,Si,1,Si,1,Si,1,Si,2,9,0,No, ,Sí,3,4,4,4, , , , , , , , , , , , , , , , , , , , , , , , , , , , , , , , , , , , , ,Ninguna, , , , , , , , , , , , , , , , , , ,-14.49224746,-71.1574129
0689,080601,01,SICUANI,De 40001 - 80000 Hab,Distrital, , , , , , , , , , , , , , , , , , , , , , , , , , , , ,1,8,6,1,Si,No, , , , , , , , , , , , , , , , , , , , , , , , , , , , , , , , , , , , , , , , , , , , , ,25,1,0,0,0,20,4,0,0,7,0,0,0,0,5,2,0,0,3,0,0,0,0,3,0,0,0,4,0,0,0,0,3,1,0,0,3,0,0,0,0,2,1,0,0,2,0,0,0,0,2,0,0,0,0,0,0,0,0,0,0,0,0,1,0,0,0,0,1,0,0,0,4,0,0,0,0,4,0,0,0,1,1,0,0,0,0,0,0,0,0, ,0,0,0,0,0,0,0,0,No, ,No, ,Si,1,No, ,No, ,No, ,Si,4,Si,2,Si,6,Si,3,Si,3,Si,2,Si,3,Si,1,25,0,No, ,Sí,2,10,10, , , , , , , , , , , , , , , , , , , , , , , , , , , , , , , , , , , , , , ,Ninguna, , , , , , , , , , , , , , , , , , ,-14.27937123,-71.22435118
0690,080601,01,SICUANI,De 10001 - 20000 Hab,Distrital, , , , , , , , , , , , , , , , , , , , , , , , , , , , ,3,8,6,1,No,Si,8,6,7,Si,No,8,6,6,Si,No, , , , , , , , , , , , , , , , , , , , , , , , , , , , , , , , , , , ,16,1,0,0,0,14,1,0,0,1,0,0,0,0,1,0,0,0,2,0,0,0,0,2,0,0,0,0,0,0,0,0,0,0,0,0,2,0,0,0,0,2,0,0,0,2,0,0,0,0,2,0,0,0,3,0,0,0,0,3,0,0,0,1,0,0,0,0,0,1,0,0,4,0,0,0,0,4,0,0,0,1,1,0,0,0,0,0,0,0,0, ,0,0,0,0,0,0,0,0,No, ,No, ,Si,1,No, ,No, ,No, ,No, ,No, ,Si,3,Si,2,Si,2,Si,1,Si,3,Si,4,16,0,Sí,1,Sí,1,5, , , , , , , , , , , , , , , , , , , , , , , , , , , , , , , , , , , , , , , ,Ninguna, , , , , , , , , , , , , , , , , , ,-14.25534337,-71.22945859
0691,080601,01,SICUANI,De 40001 - 80000 Hab,Distrital, , , , , , , , , , , , , , , , , , , , , , , , , , , , ,1,8,6,1,No,Si, , , , , , , , , , , , , , , , , , , , , , , , , , , , , , , , , , , , , , , , , , , , , ,10,1,0,0,0,3,6,0,0,1,0,0,0,0,0,1,0,0,0,0,0,0,0,0,0,0,0,0,0,0,0,0,0,0,0,0,0,0,0,0,0,0,0,0,0,0,0,0,0,0,0,0,0,0,8,0,0,0,0,3,5,0,0,0,0,0,0,0,0,0,0,0,0,0,0,0,0,0,0,0,0,1,1,0,0,0,0,0,0,0,0, ,0,0,0,0,0,0,0,0,No, ,No, ,Si,1,No, ,No, ,No, ,No, ,Si,1,No, ,No, ,No, ,Si,1,Si,1,Si,6,10,0,No, ,No, , , , , , , , , , , , , , , , , , , , , , , , , , , , , , , , , , , , , , , , , , , , , , , , , , , , , , , , , , , , ,-14.27941354,-71.22431896
0692,080602,02,CHECACUPE,De 5000 - 10000 Hab,Distrital, , , , , , , , , , , , , , , , , , , , , , , , , , , , ,1,8,6,2,Si,No, , , , , , , , , , , , , , , , , , , , , , , , , , , , , , , , , , , , , , , , , , , , , ,11,0,0,0,0,10,1,0,0,0,0,0,0,0,0,0,0,0,4,0,0,0,0,4,0,0,0,0,0,0,0,0,0,0,0,0,1,0,0,0,0,1,0,0,0,1,0,0,0,0,1,0,0,0,1,0,0,0,0,0,1,0,0,1,0,0,0,0,1,0,0,0,2,0,0,0,0,2,0,0,0,1,0,0,0,0,1,0,0,0,0, ,0,0,0,0,0,0,0,0,No, ,No, ,No, ,No, ,No, ,No, ,Si,1,Si,1,Si,2,Si,1,Si,1,Si,1,Si,2,Si,2,11,0,Sí,8,Sí,1,8, , , , , , , , , , , , , , , , , , , , , , , , , , , , , , , , , , , , , , , ,Ninguna, , , , , , , , , , , , , , , , , , ,-14.02617286,-71.45254411
0693,080603,03,COMBAPATA,De 5000 - 10000 Hab,Distrital, , , , , , , , , , , , , , , , , , , , , , , , , , , , ,1,8,6,3,Si,No, , , , , , , , , , , , , , , , , , , , , , , , , , , , , , , , , , , , , , , , , , , , , ,13,0,0,0,0,12,1,0,0,0,0,0,0,0,0,0,0,0,2,0,0,0,0,2,0,0,0,2,0,0,0,0,2,0,0,0,1,0,0,0,0,1,0,0,0,1,0,0,0,0,1,0,0,0,1,0,0,0,0,0,1,0,0,1,0,0,0,0,1,0,0,0,4,0,0,0,0,4,0,0,0,1,0,0,0,0,1,0,0,0,0, ,0,0,0,0,0,0,0,0,No, ,No, ,No, ,No, ,No, ,No, ,Si,1,Si,3,Si,2,Si,1,No, ,Si,1,Si,3,Si,2,13,0,No, ,Sí,1,8, , , , , , , , , , , , , , , , , , , , , , , , , , , , , , , , , , , , , , , ,Almenos una,1,No,No,No,No,No,No,No,No,Si,No,No,No,No,No,No,No, ,-14.10122151,-71.42938566
0694,080604,04,MARANGANI,De 10001 - 20000 Hab,Distrital, , , , , , , , , , , , , , , , , , , , , , , , , , , , ,1,8,6,4,Si,No, , , , , , , , , , , , , , , , , , , , , , , , , , , , , , , , , , , , , , , , , , , , , ,11,1,0,0,0,9,1,0,0,1,0,0,0,0,1,0,0,0,2,0,0,0,0,2,0,0,0,1,0,0,0,0,1,0,0,0,1,0,0,0,0,1,0,0,0,1,0,0,0,0,1,0,0,0,1,0,0,0,0,0,1,0,0,1,0,0,0,0,1,0,0,0,2,0,0,0,0,2,0,0,0,1,1,0,0,0,0,0,0,0,0, ,0,0,0,0,0,0,0,0,No, ,No, ,No, ,No, ,No, ,Si,1,No, ,Si,2,Si,1,No, ,Si,1,No, ,Si,2,Si,4,11,0,Sí,8,Sí,1,8, , , , , , , , , , , , , , , , , , , , , , , , , , , , , , , , , , , , , , , ,Almenos una,1,No,Si,No,No,No,No,No,Si,Si,Si,Si,Si,Si,Si,Si,No, ,-14.3566013,-71.1686108
0695,080605,05,PITUMARCA,De 5000 - 10000 Hab,Distrital, , , , , , , , , , , , , , , , , , , , , , , , , , , , ,1,8,6,5,Si,No, , , , , , , , , , , , , , , , , , , , , , , , , , , , , , , , , , , , , , , , , , , , , ,10,0,0,0,0,9,1,0,0,1,0,0,0,0,1,0,0,0,2,0,0,0,0,2,0,0,0,1,0,0,0,0,1,0,0,0,0,0,0,0,0,0,0,0,0,1,0,0,0,0,1,0,0,0,1,0,0,0,0,0,1,0,0,1,0,0,0,0,1,0,0,0,1,0,0,0,0,1,0,0,0,2,0,0,0,0,2,0,0,0,0, ,0,0,0,0,0,0,0,0,No, ,No, ,No, ,No, ,No, ,No, ,No, ,Si,1,Si,2,Si,1,Si,1,No, ,Si,3,Si,2,10,0,No, ,No, , , , , , , , , , , , , , , , , , , , , , , , , , , , , , , , , , , , , , , , , , , , , , , , , , , , , , , , , , , , ,-13.97989106,-71.4173442
0696,080608,08,TINTA,De 10001 - 20000 Hab,Distrital, , , , , , , , , , , , , , , , , , , , , , , , , , , , ,1,8,6,8,Si,No, , , , , , , , , , , , , , , , , , , , , , , , , , , , , , , , , , , , , , , , , , , , , ,10,0,0,0,0,9,1,0,0,1,0,0,0,0,1,0,0,0,2,0,0,0,0,2,0,0,0,2,0,0,0,0,2,0,0,0,0,0,0,0,0,0,0,0,0,0,0,0,0,0,0,0,0,0,1,0,0,0,0,0,1,0,0,1,0,0,0,0,1,0,0,0,2,0,0,0,0,2,0,0,0,1,0,0,0,0,1,0,0,0,0, ,0,0,0,0,0,0,0,0,No, ,No, ,No, ,No, ,No, ,No, ,Si,1,Si,2,Si,2,No, ,No, ,Si,2,Si,1,Si,2,10,0,No, ,Sí,1,8, , , , , , , , , , , , , , , , , , , , , , , , , , , , , , , , , , , , , , , ,Ninguna, , , , , , , , , , , , , , , , , , ,-14.14298482,-71.40253201
0697,080701,01,SANTO TOMAS,De 10001 - 20000 Hab,Distrital, , , , , , , , , , , , , , , , , , , , , , , , , , , , ,5,8,7,1,Si,No,8,7,2,Si,No,8,7,7,Si,No,8,7,4,Si,No,8,7,6,Si,No, , , , , , , , , , , , , , , , , , , , , , , , , ,20,1,0,0,0,16,3,0,0,1,0,0,0,0,1,0,0,0,4,0,0,0,0,4,0,0,0,3,0,0,0,0,2,1,0,0,4,0,0,0,0,4,0,0,0,2,0,0,0,0,2,0,0,0,2,0,0,0,0,0,2,0,0,1,0,0,0,0,1,0,0,0,2,0,0,0,0,2,0,0,0,1,1,0,0,0,0,0,0,0,0, ,0,0,0,0,0,0,0,0,No, ,No, ,No, ,No, ,No, ,Si,1,No, ,No, ,Si,1,Si,1,Si,1,Si,1,Si,2,Si,13,20,0,Sí,10,No, , , , , , , , , , , , , , , , , , , , , , , , , , , , , , , , , , , , , , , , , , , , , , , , , , , , , , , , , , , , ,-14.44809705,-72.08440231
0698,080708,08,VELILLE,De 5000 - 10000 Hab,Distrital, , , , , , , , , , , , , , , , , , , , , , , , , , , , ,2,8,7,8,Si,No,8,7,8,Si,No, , , , , , , , , , , , , , , , , , , , , , , , , , , , , , , , , , , , , , , , ,15,1,0,0,0,14,0,0,0,1,0,0,0,0,1,0,0,0,2,0,0,0,0,2,0,0,0,2,0,0,0,0,2,0,0,0,2,0,0,0,0,2,0,0,0,2,0,0,0,0,2,0,0,0,2,0,0,0,0,2,0,0,0,1,0,0,0,0,1,0,0,0,2,0,0,0,0,2,0,0,0,1,1,0,0,0,0,0,0,0,0, ,0,0,0,0,0,0,0,0,No, ,No, ,No, ,No, ,No, ,Si,1,No, ,Si,3,Si,1,Si,3,No, ,No, ,Si,2,Si,5,15,0,No, ,Sí,1,2, , , , , , , , , , , , , , , , , , , , , , , , , , , , , , , , , , , , , , , ,Ninguna, , , , , , , , , , , , , , , , , , ,-14.50991388,-71.88380252
0699,080801,01,ESPINAR,De 20001 - 40000 Hab,Distrital, , , , , , , , , , , , , , , , , , , , , , , , , , , , ,8,8,8,1,Si,No,8,8,2,Si,No,8,8,3,Si,No,8,8,4,Si,No,8,8,5,Si,No,8,8,6,Si,No,8,8,7,Si,No,8,8,8,Si,No, , , , , , , , , , ,40,1,0,0,0,35,4,0,0,4,0,0,0,0,3,1,0,0,8,0,0,0,0,8,0,0,0,13,0,0,0,0,12,1,0,0,6,0,0,0,0,5,1,0,0,2,0,0,0,0,2,0,0,0,3,0,0,0,0,2,1,0,0,1,0,0,0,0,1,0,0,0,2,0,0,0,0,2,0,0,0,1,1,0,0,0,0,0,0,0,0, ,0,0,0,0,0,0,0,0,No, ,Si,1,No, ,No, ,No, ,No, ,No, ,Si,5,Si,4,Si,6,Si,3,No, ,Si,7,Si,14,40,0,Sí,10,No, , , , , , , , , , , , , , , , , , , , , , , , , , , , , , , , , , , , , , , , , , , , , , , , , , , , , , , , , , , , ,-14.79273584,-71.41365583
0700,081001,01,PARURO,De 5000 - 10000 Hab,Distrital, , , , , , , , , , , , , , , , , , , , , , , , , , , , ,3,8,10,1,Si,No,8,10,4,Si,No,8,2,6,Si,No, , , , , , , , , , , , , , , , , , , , , , , , , , , , , , , , , , , ,17,1,0,0,0,16,0,0,0,1,0,0,0,0,1,0,0,0,2,0,0,0,0,2,0,0,0,2,0,0,0,0,2,0,0,0,2,0,0,0,0,2,0,0,0,2,0,0,0,0,2,0,0,0,2,0,0,0,0,2,0,0,0,1,0,0,0,0,1,0,0,0,4,0,0,0,0,4,0,0,0,1,1,0,0,0,0,0,0,0,0, ,0,0,0,0,0,0,0,0,No, ,No, ,No, ,Si,1,No, ,No, ,No, ,Si,2,Si,7,Si,1,Si,1,Si,1,Si,2,Si,2,17,0,No, ,Sí,1,10, , , , , , , , , , , , , , , , , , , , , , , , , , , , , , , , , , , , , , , ,Ninguna, , , , , , , , , , , , , , , , , , ,-13.76068306,-71.84950548
0701,081002,02,ACCHA,De 5000 - 10000 Hab,Distrital, , , , , , , , , , , , , , , , , , , , , , , , , , , , ,3,8,10,2,Si,No,8,10,6,Si,No,8,10,4,No,Si, , , , , , , , , , , , , , , , , , , , , , , , , , , , , , , , , , , ,14,0,0,0,0,14,0,0,0,1,0,0,0,0,1,0,0,0,3,0,0,0,0,3,0,0,0,2,0,0,0,0,2,0,0,0,2,0,0,0,0,2,0,0,0,1,0,0,0,0,1,0,0,0,1,0,0,0,0,1,0,0,0,1,0,0,0,0,1,0,0,0,2,0,0,0,0,2,0,0,0,1,0,0,0,0,1,0,0,0,0, ,0,0,0,0,0,0,0,0,No, ,No, ,No, ,No, ,No, ,No, ,No, ,Si,3,Si,5,Si,1,No, ,Si,1,Si,3,Si,1,14,0,No, ,Sí,1,6, , , , , , , , , , , , , , , , , , , , , , , , , , , , , , , , , , , , , , , ,Ninguna, , , , , , , , , , , , , , , , , , ,-13.96963024,-71.83037314
0702,081005,05,HUANOQUITE,De 5000 - 10000 Hab,Distrital, , , , , , , , , , , , , , , , , , , , , , , , , , , , ,1,8,10,5,Si,No, , , , , , , , , , , , , , , , , , , , , , , , , , , , , , , , , , , , , , , , , , , , , ,14,0,0,0,0,14,0,0,0,1,0,0,0,0,1,0,0,0,2,0,0,0,0,2,0,0,0,4,0,0,0,0,4,0,0,0,1,0,0,0,0,1,0,0,0,1,0,0,0,0,1,0,0,0,1,0,0,0,0,1,0,0,0,1,0,0,0,0,1,0,0,0,2,0,0,0,0,2,0,0,0,1,0,0,0,0,1,0,0,0,0, ,0,0,0,0,0,0,0,0,No, ,No, ,No, ,No, ,No, ,No, ,Si,1,Si,2,Si,3,No, ,Si,1,No, ,Si,3,Si,4,14,0,No, ,Sí,1,8, , , , , , , , , , , , , , , , , , , , , , , , , , , , , , , , , , , , , , , ,Ninguna, , , , , , , , , , , , , , , , , , ,-13.68196936,-72.01657107
0703,081009,09,YAURISQUE,De 5000 - 10000 Hab,Distrital, , , , , , , , , , , , , , , , , , , , , , , , , , , , ,2,8,10,9,Si,No,8,10,7,Si,No, , , , , , , , , , , , , , , , , , , , , , , , , , , , , , , , , , , , , , , , ,15,1,0,0,0,14,0,0,0,2,0,0,0,0,2,0,0,0,3,0,0,0,0,3,0,0,0,0,0,0,0,0,0,0,0,0,1,0,0,0,0,1,0,0,0,2,0,0,0,0,2,0,0,0,1,0,0,0,0,1,0,0,0,1,0,0,0,0,1,0,0,0,4,0,0,0,0,4,0,0,0,1,1,0,0,0,0,0,0,0,0, ,0,0,0,0,0,0,0,0,No, ,No, ,No, ,No, ,No, ,Si,1,Si,1,Si,3,Si,2,No, ,Si,1,Si,1,Si,3,Si,3,15,0,No, ,No, , , , , , , , , , , , , , , , , , , , , , , , , , , , , , , , , , , , , , , , , , , , , , , , , , , , , , , , , , , , ,-13.66086511,-71.92305858
0704,081101,01,PAUCARTAMBO,De 10001 - 20000 Hab,Distrital, , , , , , , , , , , , , , , , , , , , , , , , , , , , ,2,8,11,1,Si,No,8,11,3,Si,No, , , , , , , , , , , , , , , , , , , , , , , , , , , , , , , , , , , , , , , , ,12,1,0,0,0,10,1,0,0,1,0,0,0,0,1,0,0,0,2,0,0,0,0,2,0,0,0,0,0,0,0,0,0,0,0,0,2,0,0,0,0,2,0,0,0,3,0,0,0,0,3,0,0,0,1,0,0,0,0,1,0,0,0,1,0,0,0,0,0,1,0,0,1,0,0,0,0,1,0,0,0,1,1,0,0,0,0,0,0,0,0, ,0,0,0,0,0,0,0,0,No, ,No, ,No, ,No, ,No, ,Si,1,Si,1,Si,2,Si,2,Si,2,Si,1,No, ,Si,2,Si,1,12,0,No, ,No, , , , , , , , , , , , , , , , , , , , , , , , , , , , , , , , , , , , , , , , , , , , , , , , , , , , , , , , , , , , ,-13.31798141,-71.59763078
0705,081104,04,COLQUEPATA,Menos de 5000 Hab,Distrital, , , , , , , , , , , , , , , , , , , , , , , , , , , , ,1,8,11,4,Si,No, , , , , , , , , , , , , , , , , , , , , , , , , , , , , , , , , , , , , , , , , , , , , ,12,0,0,0,0,12,0,0,0,1,0,0,0,0,1,0,0,0,0,0,0,0,0,0,0,0,0,2,0,0,0,0,2,0,0,0,1,0,0,0,0,1,0,0,0,2,0,0,0,0,2,0,0,0,1,0,0,0,0,1,0,0,0,1,0,0,0,0,1,0,0,0,3,0,0,0,0,3,0,0,0,1,0,0,0,0,1,0,0,0,0, ,0,0,0,0,0,0,0,0,No, ,No, ,No, ,No, ,No, ,No, ,Si,1,Si,2,Si,4,No, ,No, ,Si,1,Si,3,Si,1,12,0,No, ,Sí,1,10, , , , , , , , , , , , , , , , , , , , , , , , , , , , , , , , , , , , , , , ,Ninguna, , , , , , , , , , , , , , , , , , ,-13.36174273,-71.67377719
0706,081105,05,HUANCARANI,De 5000 - 10000 Hab,Distrital, , , , , , , , , , , , , , , , , , , , , , , , , , , , ,1,8,11,5,Si,No, , , , , , , , , , , , , , , , , , , , , , , , , , , , , , , , , , , , , , , , , , , , , ,12,0,0,0,0,10,2,0,0,3,0,0,0,0,1,2,0,0,2,0,0,0,0,2,0,0,0,1,0,0,0,0,1,0,0,0,1,0,0,0,0,1,0,0,0,1,0,0,0,0,1,0,0,0,1,0,0,0,0,1,0,0,0,1,0,0,0,0,1,0,0,0,1,0,0,0,0,1,0,0,0,1,0,0,0,0,1,0,0,0,0, ,0,0,0,0,0,0,0,0,No, ,No, ,No, ,No, ,No, ,No, ,Si,1,Si,1,Si,3,Si,1,No, ,No, ,Si,5,Si,1,12,0,No, ,No, , , , , , , , , , , , , , , , , , , , , , , , , , , , , , , , , , , , , , , , , , , , , , , , , , , , , , , , , , , , ,-13.50313373,-71.65617668
0707,081106,06,KOSÑIPATA,Menos de 5000 Hab,Distrital, , , , , , , , , , , , , , , , , , , , , , , , , , , , ,1,8,11,6,Si,No, , , , , , , , , , , , , , , , , , , , , , , , , , , , , , , , , , , , , , , , , , , , , ,14,0,0,0,0,14,0,0,0,2,0,0,0,0,2,0,0,0,2,0,0,0,0,2,0,0,0,2,0,0,0,0,2,0,0,0,2,0,0,0,0,2,0,0,0,1,0,0,0,0,1,0,0,0,1,0,0,0,0,1,0,0,0,1,0,0,0,0,1,0,0,0,2,0,0,0,0,2,0,0,0,1,0,0,0,0,1,0,0,0,0, ,0,0,0,0,0,0,0,0,No, ,No, ,No, ,No, ,No, ,No, ,Si,1,Si,2,Si,2,Si,1,Si,3,Si,1,Si,2,Si,2,14,0,No, ,Sí,1,10, , , , , , , , , , , , , , , , , , , , , , , , , , , , , , , , , , , , , , , ,Ninguna, , , , , , , , , , , , , , , , , , ,-12.91109394,-71.40411377
0708,081201,01,URCOS,De 10001 - 20000 Hab,Distrital, , , , , , , , , , , , , , , , , , , , , , , , , , , , ,1,8,12,1,Si,No, , , , , , , , , , , , , , , , , , , , , , , , , , , , , , , , , , , , , , , , , , , , , ,31,3,0,0,0,23,5,0,0,1,0,0,0,0,1,0,0,0,12,0,0,0,0,10,2,0,0,5,0,0,0,0,5,0,0,0,3,1,0,0,0,2,0,0,0,2,1,0,0,0,1,0,0,0,2,0,0,0,0,0,2,0,0,1,0,0,0,0,0,1,0,0,2,0,0,0,0,2,0,0,0,1,1,0,0,0,0,0,0,0,2,CHOFER,0,0,0,0,2,0,0,0,No, ,Si,1,Si,1,No, ,Si,1,No, ,No, ,Si,4,Si,4,Si,2,Si,2,No, ,Si,4,Si,12,31,0,No, ,No, , , , , , , , , , , , , , , , , , , , , , , , , , , , , , , , , , , , , , , , , , , , , , , , , , , , , , , , , , , , ,-13.68845132,-71.625344
0709,081202,02,ANDAHUAYLILLAS,De 5000 - 10000 Hab,Distrital, , , , , , , , , , , , , , , , , , , , , , , , , , , , ,1,8,12,2,Si,No, , , , , , , , , , , , , , , , , , , , , , , , , , , , , , , , , , , , , , , , , , , , , ,16,1,0,0,0,13,2,0,0,1,0,0,0,0,0,1,0,0,4,0,0,0,0,4,0,0,0,2,0,0,0,0,2,0,0,0,2,0,0,0,0,2,0,0,0,2,0,0,0,0,2,0,0,0,1,0,0,0,0,1,0,0,0,1,0,0,0,0,0,1,0,0,2,0,0,0,0,2,0,0,0,1,1,0,0,0,0,0,0,0,0, ,0,0,0,0,0,0,0,0,No, ,No, ,No, ,No, ,No, ,Si,1,Si,3,Si,1,Si,3,Si,2,Si,1,No, ,Si,3,Si,2,16,0,No, ,No, , , , , , , , , , , , , , , , , , , , , , , , , , , , , , , , , , , , , , , , , , , , , , , , , , , , , , , , , , , , ,-13.67309767,-71.67762628
0710,081203,03,CAMANTI,De 5000 - 10000 Hab,Distrital, , , , , , , , , , , , , , , , , , , , , , , , , , , , ,1,8,12,3,Si,No, , , , , , , , , , , , , , , , , , , , , , , , , , , , , , , , , , , , , , , , , , , , , ,15,1,0,0,0,13,1,0,0,1,0,0,0,0,0,1,0,0,4,0,0,0,0,4,0,0,0,2,0,0,0,0,2,0,0,0,1,0,0,0,0,1,0,0,0,2,0,0,0,0,2,0,0,0,1,0,0,0,0,1,0,0,0,1,0,0,0,0,1,0,0,0,2,0,0,0,0,2,0,0,0,1,1,0,0,0,0,0,0,0,0, ,0,0,0,0,0,0,0,0,No, ,No, ,No, ,No, ,Si,1,No, ,No, ,Si,3,Si,1,Si,1,Si,1,Si,3,Si,1,Si,4,15,0,No, ,Sí,1,7, , , , , , , , , , , , , , , , , , , , , , , , , , , , , , , , , , , , , , , ,Ninguna, , , , , , , , , , , , , , , , , , ,-13.23243713,-70.75622018
0711,081205,05,CCATCA,Menos de 5000 Hab,Distrital, , , , , , , , , , , , , , , , , , , , , , , , , , , , ,1,8,12,5,No,Si, , , , , , , , , , , , , , , , , , , , , , , , , , , , , , , , , , , , , , , , , , , , , ,11,0,0,0,0,11,0,0,0,1,0,0,0,0,1,0,0,0,3,0,0,0,0,3,0,0,0,0,0,0,0,0,0,0,0,0,1,0,0,0,0,1,0,0,0,1,0,0,0,0,1,0,0,0,1,0,0,0,0,1,0,0,0,1,0,0,0,0,1,0,0,0,2,0,0,0,0,2,0,0,0,1,0,0,0,0,1,0,0,0,0, ,0,0,0,0,0,0,0,0,No, ,No, ,No, ,No, ,No, ,No, ,Si,1,Si,2,No, ,Si,3,No, ,Si,2,Si,2,Si,1,11,0,Sí,1,Sí,1,6, , , , , , , , , , , , , , , , , , , , , , , , , , , , , , , , , , , , , , , ,Ninguna, , , , , , , , , , , , , , , , , , ,-13.60456268,-71.56202253
0712,081205,05,CCATCA,Menos de 5000 Hab,Otros,CENTRO POBLADO, , , , , , , , , , , , , , , , , , , , , , , , , , , , , , , , , , , , , , , , , , , , , , , , , , , , , , , , , , , , , , , , , , , , , , , , , , , , , , ,11,0,0,0,0,11,0,0,0,1,0,0,0,0,1,0,0,0,2,0,0,0,0,2,0,0,0,1,0,0,0,0,1,0,0,0,1,0,0,0,0,1,0,0,0,1,0,0,0,0,1,0,0,0,1,0,0,0,0,1,0,0,0,1,0,0,0,0,1,0,0,0,2,0,0,0,0,2,0,0,0,1,0,0,0,0,1,0,0,0,0, ,0,0,0,0,0,0,0,0,No, ,No, ,No, ,No, ,No, ,No, ,Si,1,Si,1,Si,5,No, ,Si,1,No, ,Si,2,Si,1,11,0,Sí,1,Sí,1,11, , , , , , , , , , , , , , , , , , , , , , , , , , , , , , , , , , , , , , , ,Ninguna, , , , , , , , , , , , , , , , , , ,-13.63459864,-71.52801425
0713,081207,07,HUARO,Menos de 5000 Hab,Distrital, , , , , , , , , , , , , , , , , , , , , , , , , , , , ,1,8,12,7,Si,No, , , , , , , , , , , , , , , , , , , , , , , , , , , , , , , , , , , , , , , , , , , , , ,13,0,0,0,0,12,1,0,0,1,0,0,0,0,1,0,0,0,4,0,0,0,0,4,0,0,0,0,0,0,0,0,0,0,0,0,1,0,0,0,0,1,0,0,0,1,0,0,0,0,1,0,0,0,1,0,0,0,0,0,1,0,0,1,0,0,0,0,1,0,0,0,3,0,0,0,0,3,0,0,0,1,0,0,0,0,1,0,0,0,0, ,0,0,0,0,0,0,0,0,No, ,No, ,No, ,No, ,No, ,No, ,Si,1,Si,2,Si,3,Si,1,Si,1,Si,3,Si,2,No, ,13,0,No, ,Sí,1,1, , , , , , , , , , , , , , , , , , , , , , , , , , , , , , , , , , , , , , , ,Ninguna, , , , , , , , , , , , , , , , , , ,-13.69220199,-71.63924216
0714,081208,08,LUCRE,Menos de 5000 Hab,Distrital, , , , , , , , , , , , , , , , , , , , , , , , , , , , ,1,8,12,8,No,Si, , , , , , , , , , , , , , , , , , , , , , , , , , , , , , , , , , , , , , , , , , , , , ,13,0,0,0,0,11,2,0,0,1,0,0,0,0,0,1,0,0,3,0,0,0,0,3,0,0,0,1,0,0,0,0,1,0,0,0,2,0,0,0,0,2,0,0,0,1,0,0,0,0,1,0,0,0,1,0,0,0,0,1,0,0,0,1,0,0,0,0,0,1,0,0,2,0,0,0,0,2,0,0,0,1,0,0,0,0,1,0,0,0,0, ,0,0,0,0,0,0,0,0,No, ,No, ,No, ,No, ,No, ,No, ,Si,1,Si,1,Si,2,Si,1,Si,1,Si,2,Si,2,Si,3,13,0,No, ,Sí,1,5, , , , , , , , , , , , , , , , , , , , , , , , , , , , , , , , , , , , , , , ,Ninguna, , , , , , , , , , , , , , , , , , ,-13.63396497,-71.73654769
0715,081208,08,LUCRE,Menos de 5000 Hab,Distrital, , , , , , , , , , , , , , , , , , , , , , , , , , , , ,2,8,11,2,Si,No,8,12,8,No,Si, , , , , , , , , , , , , , , , , , , , , , , , , , , , , , , , , , , , , , , , ,13,1,0,0,0,10,2,0,0,1,0,0,0,0,0,1,0,0,4,0,0,0,0,4,0,0,0,0,0,0,0,0,0,0,0,0,2,0,0,0,0,2,0,0,0,1,0,0,0,0,1,0,0,0,1,0,0,0,0,1,0,0,0,1,0,0,0,0,1,0,0,0,2,0,0,0,0,1,1,0,0,1,1,0,0,0,0,0,0,0,0, ,0,0,0,0,0,0,0,0,No, ,No, ,No, ,No, ,No, ,Si,1,Si,1,Si,4,No, ,Si,2,Si,1,No, ,Si,3,Si,1,13,0,Sí,1,Sí,1,1, , , , , , , , , , , , , , , , , , , , , , , , , , , , , , , , , , , , , , , ,Ninguna, , , , , , , , , , , , , , , , , , ,-13.58193127,-71.71378659
0716,081209,09,MARCAPATA,Menos de 5000 Hab,Distrital, , , , , , , , , , , , , , , , , , , , , , , , , , , , ,1,8,12,9,Si,No, , , , , , , , , , , , , , , , , , , , , , , , , , , , , , , , , , , , , , , , , , , , , ,11,0,0,0,0,11,0,0,0,1,0,0,0,0,1,0,0,0,2,0,0,0,0,2,0,0,0,1,0,0,0,0,1,0,0,0,1,0,0,0,0,1,0,0,0,1,0,0,0,0,1,0,0,0,1,0,0,0,0,1,0,0,0,1,0,0,0,0,1,0,0,0,2,0,0,0,0,2,0,0,0,1,0,0,0,0,1,0,0,0,0, ,0,0,0,0,0,0,0,0,No, ,No, ,No, ,No, ,No, ,No, ,Si,1,Si,4,Si,1,Si,1,No, ,Si,1,Si,1,Si,2,11,0,No, ,Sí,1,5, , , , , , , , , , , , , , , , , , , , , , , , , , , , , , , , , , , , , , , ,Ninguna, , , , , , , , , , , , , , , , , , ,-13.59191106,-70.97489651
0717,081210,10,OCONGATE,De 10001 - 20000 Hab,Distrital, , , , , , , , , , , , , , , , , , , , , , , , , , , , ,2,8,12,10,Si,No,8,12,4,Si,No, , , , , , , , , , , , , , , , , , , , , , , , , , , , , , , , , , , , , , , , ,13,1,0,0,0,12,0,0,0,1,0,0,0,0,1,0,0,0,4,0,0,0,0,4,0,0,0,1,0,0,0,0,1,0,0,0,1,0,0,0,0,1,0,0,0,1,0,0,0,0,1,0,0,0,1,0,0,0,0,1,0,0,0,1,0,0,0,0,1,0,0,0,2,0,0,0,0,2,0,0,0,1,1,0,0,0,0,0,0,0,0, ,0,0,0,0,0,0,0,0,No, ,No, ,No, ,No, ,Si,1,No, ,Si,1,Si,2,Si,5,Si,1,Si,1,Si,1,Si,1,No, ,13,0,No, ,Sí,2,4,4, , , , , , , , , , , , , , , , , , , , , , , , , , , , , , , , , , , , , , ,Ninguna, , , , , , , , , , , , , , , , , , ,-13.62715468,-71.38852211
0718,081211,11,OROPESA,Menos de 5000 Hab,Distrital, , , , , , , , , , , , , , , , , , , , , , , , , , , , ,1,8,12,11,Si,No, , , , , , , , , , , , , , , , , , , , , , , , , , , , , , , , , , , , , , , , , , , , , ,14,1,0,0,0,10,3,0,0,1,0,0,0,0,1,0,0,0,1,0,0,0,0,1,0,0,0,0,0,0,0,0,0,0,0,0,3,0,0,0,0,2,1,0,0,3,0,0,0,0,3,0,0,0,1,0,0,0,0,0,1,0,0,1,0,0,0,0,0,1,0,0,3,0,0,0,0,3,0,0,0,1,1,0,0,0,0,0,0,0,0, ,0,0,0,0,0,0,0,0,No, ,No, ,No, ,No, ,Si,1,No, ,Si,2,No, ,Si,3,Si,1,Si,2,Si,1,Si,2,Si,2,14,0,No, ,No, , , , , , , , , , , , , , , , , , , , , , , , , , , , , , , , , , , , , , , , , , , , , , , , , , , , , , , , , , , , ,-13.60034953,-71.76607227
0719,081212,12,QUIQUIJANA,Menos de 5000 Hab,Distrital, , , , , , , , , , , , , , , , , , , , , , , , , , , , ,2,8,12,6,Si,No,8,12,12,Si,No, , , , , , , , , , , , , , , , , , , , , , , , , , , , , , , , , , , , , , , , ,13,0,0,0,0,11,2,0,0,2,0,0,0,0,0,2,0,0,4,0,0,0,0,4,0,0,0,0,0,0,0,0,0,0,0,0,1,0,0,0,0,1,0,0,0,2,0,0,0,0,2,0,0,0,1,0,0,0,0,1,0,0,0,1,0,0,0,0,1,0,0,0,1,0,0,0,0,1,0,0,0,1,0,0,0,0,1,0,0,0,0, ,0,0,0,0,0,0,0,0,No, ,No, ,No, ,No, ,No, ,No, ,Si,1,Si,3,Si,2,Si,2,No, ,Si,1,Si,3,Si,1,13,0,Sí,1,Sí,1,13, , , , , , , , , , , , , , , , , , , , , , , , , , , , , , , , , , , , , , , ,Ninguna, , , , , , , , , , , , , , , , , , ,-13.82293405,-71.54134803
0720,081301,01,URUBAMBA,De 40001 - 80000 Hab,Distrital, , , , , , , , , , , , , , , , , , , , , , , , , , , , ,2,8,13,1,Si,No,8,13,7,Si,No, , , , , , , , , , , , , , , , , , , , , , , , , , , , , , , , , , , , , , , , ,44,1,0,0,0,39,4,0,0,7,0,0,0,0,5,2,0,0,19,0,0,0,0,19,0,0,0,0,0,0,0,0,0,0,0,0,3,0,0,0,0,3,0,0,0,2,0,0,0,0,2,0,0,0,2,0,0,0,0,0,2,0,0,2,0,0,0,0,2,0,0,0,6,0,0,0,0,6,0,0,0,3,1,0,0,0,2,0,0,0,0, ,0,0,0,0,0,0,0,0,No, ,Si,1,No, ,No, ,No, ,No, ,Si,1,Si,4,Si,4,Si,4,Si,3,Si,2,Si,4,Si,21,44,0,No, ,No, , , , , , , , , , , , , , , , , , , , , , , , , , , , , , , , , , , , , , , , , , , , , , , , , , , , , , , , , , , , ,-13.305558,-72.11487
0721,081302,02,CHINCHERO,De 10001 - 20000 Hab,Distrital, , , , , , , , , , , , , , , , , , , , , , , , , , , , ,1,8,13,2,Si,No, , , , , , , , , , , , , , , , , , , , , , , , , , , , , , , , , , , , , , , , , , , , , ,19,1,0,0,0,15,3,0,0,5,0,0,0,0,4,1,0,0,5,0,0,0,0,5,0,0,0,2,0,0,0,0,1,1,0,0,1,0,0,0,0,1,0,0,0,1,0,0,0,0,1,0,0,0,1,0,0,0,0,1,0,0,0,1,0,0,0,0,1,0,0,0,2,0,0,0,0,1,1,0,0,1,1,0,0,0,0,0,0,0,0, ,0,0,0,0,0,0,0,0,No, ,No, ,No, ,No, ,Si,1,No, ,No, ,Si,2,Si,2,Si,1,No, ,Si,3,Si,3,Si,7,19,0,Sí,1,No, , , , , , , , , , , , , , , , , , , , , , , , , , , , , , , , , , , , , , , , , , , , , , , , , , , , , , , , , , , , ,-13.39212935,-72.04905602
0722,081303,03,HUAYLLABAMBA,Menos de 5000 Hab,Distrital, , , , , , , , , , , , , , , , , , , , , , , , , , , , ,1,8,13,3,Si,No, , , , , , , , , , , , , , , , , , , , , , , , , , , , , , , , , , , , , , , , , , , , , ,12,0,0,0,0,11,1,0,0,2,0,0,0,0,1,1,0,0,2,0,0,0,0,2,0,0,0,0,0,0,0,0,0,0,0,0,1,0,0,0,0,1,0,0,0,3,0,0,0,0,3,0,0,0,1,0,0,0,0,1,0,0,0,1,0,0,0,0,1,0,0,0,1,0,0,0,0,1,0,0,0,1,0,0,0,0,1,0,0,0,0, ,0,0,0,0,0,0,0,0,No, ,No, ,No, ,No, ,No, ,No, ,Si,2,No, ,Si,3,Si,1,Si,1,Si,1,Si,2,Si,2,12,0,No, ,Sí,1,10, , , , , , , , , , , , , , , , , , , , , , , , , , , , , , , , , , , , , , , ,Ninguna, , , , , , , , , , , , , , , , , , ,-13.33847475,-72.06475023
0723,081304,04,MACHUPICCHU,De 5000 - 10000 Hab,Distrital, , , , , , , , , , , , , , , , , , , , , , , , , , , , ,1,8,13,4,Si,No, , , , , , , , , , , , , , , , , , , , , , , , , , , , , , , , , , , , , , , , , , , , , ,16,1,0,0,0,14,1,0,0,1,0,0,0,0,1,0,0,0,4,0,0,0,0,4,0,0,0,2,0,0,0,0,2,0,0,0,2,0,0,0,0,2,0,0,0,0,0,0,0,0,0,0,0,0,2,0,0,0,0,2,0,0,0,2,0,0,0,0,2,0,0,0,2,0,0,0,0,1,1,0,0,1,1,0,0,0,0,0,0,0,0, ,0,0,0,0,0,0,0,0,No, ,No, ,No, ,No, ,No, ,Si,1,No, ,Si,4,Si,2,Si,1,No, ,Si,2,Si,2,Si,4,16,0,Sí,1,No, , , , , , , , , , , , , , , , , , , , , , , , , , , , , , , , , , , , , , , , , , , , , , , , , , , , , , , , , , , , ,-13.15472096,-72.52545411
0724,081305,05,MARAS,De 10001 - 20000 Hab,Distrital, , , , , , , , , , , , , , , , , , , , , , , , , , , , ,1,8,13,5,No,Si, , , , , , , , , , , , , , , , , , , , , , , , , , , , , , , , , , , , , , , , , , , , , ,14,0,0,0,0,14,0,0,0,1,0,0,0,0,1,0,0,0,3,0,0,0,0,3,0,0,0,0,0,0,0,0,0,0,0,0,2,0,0,0,0,2,0,0,0,2,0,0,0,0,2,0,0,0,2,0,0,0,0,2,0,0,0,1,0,0,0,0,1,0,0,0,2,0,0,0,0,2,0,0,0,1,0,0,0,0,1,0,0,0,0, ,0,0,0,0,0,0,0,0,No, ,No, ,No, ,No, ,No, ,No, ,Si,2,Si,2,Si,3,Si,1,No, ,No, ,Si,3,Si,3,14,0,No, ,No, , , , , , , , , , , , , , , , , , , , , , , , , , , , , , , , , , , , , , , , , , , , , , , , , , , , , , , , , , , , ,-13.33246778,-72.15635606
0725,081306,06,OLLANTAYTAMBO,De 20001 - 40000 Hab,Distrital, , , , , , , , , , , , , , , , , , , , , , , , , , , , ,1,8,13,6,Si,No, , , , , , , , , , , , , , , , , , , , , , , , , , , , , , , , , , , , , , , , , , , , , ,23,0,0,0,0,20,3,0,0,1,0,0,0,0,1,0,0,0,4,0,0,0,0,4,0,0,0,4,0,0,0,0,4,0,0,0,1,0,0,0,0,1,0,0,0,6,0,0,0,0,6,0,0,0,2,0,0,0,0,0,2,0,0,1,0,0,0,0,1,0,0,0,3,0,0,0,0,2,1,0,0,1,0,0,0,0,1,0,0,0,0, ,0,0,0,0,0,0,0,0,No, ,No, ,No, ,No, ,No, ,No, ,Si,1,Si,1,Si,6,Si,1,Si,3,No, ,Si,4,Si,7,23,0,Sí,9,No, , , , , , , , , , , , , , , , , , , , , , , , , , , , , , , , , , , , , , , , , , , , , , , , , , , , , , , , , , , , ,-13.25853595,-72.26415656
0726,170101,01,TAMBOPATA,De 20001 - 40000 Hab,Distrital, , , , , , , , , , , , , , , , , , , , , , , , , , , , ,2,17,1,1,No,Si,17,1,3,No,Si, , , , , , , , , , , , , , , , , , , , , , , , , , , , , , , , , , , , , , , , ,53,1,0,0,0,51,1,0,0,4,0,0,0,0,3,1,0,0,26,0,0,0,0,26,0,0,0,0,0,0,0,0,0,0,0,0,4,0,0,0,0,4,0,0,0,3,0,0,0,0,3,0,0,0,0,0,0,0,0,0,0,0,0,1,0,0,0,0,1,0,0,0,10,0,0,0,0,10,0,0,0,1,1,0,0,0,0,0,0,0,4,SERVICIOS EMERGENCIA HOSPITAL,0,0,0,0,4,0,0,0,No, ,No, ,Si,1,No, ,No, ,No, ,No, ,Si,4,Si,2,Si,4,Si,2,Si,1,Si,14,Si,25,53,0,No, ,Sí,4,8,8,8,8, , , , , , , , , , , , , , , , , , , , , , , , , , , , , , , , , , , , ,Almenos una,1,No,No,Si,Si,No,No,No,Si,No,Si,Si,No,No,No,No,Si,ESCALERA,-12.59353205,-69.17815847
0727,170101,01,TAMBOPATA,De 20001 - 40000 Hab,Distrital, , , , , , , , , , , , , , , , , , , , , , , , , , , , ,1,17,1,1,No,Si, , , , , , , , , , , , , , , , , , , , , , , , , , , , , , , , , , , , , , , , , , , , , ,54,1,0,0,0,52,1,0,0,4,0,0,0,0,3,1,0,0,8,0,0,0,0,8,0,0,0,0,0,0,0,0,0,0,0,0,6,0,0,0,0,6,0,0,0,3,0,0,0,0,3,0,0,0,0,0,0,0,0,0,0,0,0,1,0,0,0,0,1,0,0,0,26,0,0,0,0,26,0,0,0,3,1,0,0,0,2,0,0,0,3,ARMERO,0,0,0,0,3,0,0,0,No, ,No, ,No, ,Si,1,No, ,No, ,Si,1,Si,1,Si,2,Si,1,Si,1,Si,5,Si,10,Si,32,54,0,No, ,No, , , , , , , , , , , , , , , , , , , , , , , , , , , , , , , , , , , , , , , , , , , , , , , , , , , , , , , , , , , , ,-12.58326933,-69.19321582
0728,170102,02,INAMBARI,De 5000 - 10000 Hab,Distrital, , , , , , , , , , , , , , , , , , , , , , , , , , , , ,1,17,1,2,Si,No, , , , , , , , , , , , , , , , , , , , , , , , , , , , , , , , , , , , , , , , , , , , , ,22,1,0,0,0,21,0,0,0,2,0,0,0,0,2,0,0,0,6,0,0,0,0,6,0,0,0,2,0,0,0,0,2,0,0,0,2,0,0,0,0,2,0,0,0,2,0,0,0,0,2,0,0,0,4,0,0,0,0,4,0,0,0,1,0,0,0,0,1,0,0,0,2,0,0,0,0,2,0,0,0,1,1,0,0,0,0,0,0,0,0, ,0,0,0,0,0,0,0,0,No, ,No, ,Si,1,No, ,No, ,No, ,No, ,No, ,Si,4,No, ,No, ,Si,3,Si,9,Si,5,22,0,No, ,Sí,1,14, , , , , , , , , , , , , , , , , , , , , , , , , , , , , , , , , , , , , , , ,Almenos una,1,No,No,No,Si,No,No,No,No,No,No,No,No,No,Si,No,No, ,-13.10064754,-70.36707189
0729,170103,03,LAS PIEDRAS,Menos de 5000 Hab,Distrital, , , , , , , , , , , , , , , , , , , , , , , , , , , , ,1,17,1,3,No,Si, , , , , , , , , , , , , , , , , , , , , , , , , , , , , , , , , , , , , , , , , , , , , ,15,1,0,0,0,13,1,0,0,1,0,0,0,0,1,0,0,0,3,0,0,0,0,3,0,0,0,0,0,0,0,0,0,0,0,0,1,0,0,0,0,1,0,0,0,1,0,0,0,0,1,0,0,0,1,0,0,0,0,1,0,0,0,1,0,0,0,0,1,0,0,0,1,0,0,0,0,0,1,0,0,1,1,0,0,0,0,0,0,0,5,PUESTO DE AUXILIO RAPIDO,0,0,0,0,5,0,0,0,No, ,No, ,No, ,No, ,Si,1,No, ,Si,1,No, ,No, ,Si,2,Si,2,No, ,Si,4,Si,5,15,0,No, ,Sí,1,4, , , , , , , , , , , , , , , , , , , , , , , , , , , , , , , , , , , , , , , ,Ninguna, , , , , , , , , , , , , , , , , , ,-12.27563476,-69.15193464
0730,170104,04,LABERINTO,De 5000 - 10000 Hab,Distrital, , , , , , , , , , , , , , , , , , , , , , , , , , , , ,1,17,1,4,Si,No, , , , , , , , , , , , , , , , , , , , , , , , , , , , , , , , , , , , , , , , , , , , , ,14,0,0,0,0,14,0,0,0,1,0,0,0,0,1,0,0,0,4,0,0,0,0,4,0,0,0,1,0,0,0,0,1,0,0,0,0,0,0,0,0,0,0,0,0,2,0,0,0,0,2,0,0,0,2,0,0,0,0,2,0,0,0,1,0,0,0,0,1,0,0,0,2,0,0,0,0,2,0,0,0,1,0,0,0,0,1,0,0,0,0, ,0,0,0,0,0,0,0,0,No, ,No, ,No, ,No, ,No, ,No, ,Si,1,Si,1,Si,3,No, ,Si,2,Si,1,Si,3,Si,3,14,0,No, ,Sí,1,6, , , , , , , , , , , , , , , , , , , , , , , , , , , , , , , , , , , , , , , ,Almenos una,1,No,No,No,No,No,No,No,Si,Si,No,No,No,No,No,No,No, ,-12.71921651,-69.58846224
0731,170201,01,MANU,Menos de 5000 Hab,Distrital, , , , , , , , , , , , , , , , , , , , , , , , , , , , ,2,17,2,1,Si,No,17,2,2,Si,No, , , , , , , , , , , , , , , , , , , , , , , , , , , , , , , , , , , , , , , , ,9,0,0,0,0,9,0,0,0,0,0,0,0,0,0,0,0,0,4,0,0,0,0,4,0,0,0,0,0,0,0,0,0,0,0,0,1,0,0,0,0,1,0,0,0,0,0,0,0,0,0,0,0,0,0,0,0,0,0,0,0,0,0,1,0,0,0,0,1,0,0,0,2,0,0,0,0,2,0,0,0,1,0,0,0,0,1,0,0,0,0, ,0,0,0,0,0,0,0,0,No, ,No, ,No, ,No, ,No, ,No, ,Si,1,No, ,Si,2,No, ,Si,1,No, ,Si,3,Si,2,9,0,No, ,No, , , , , , , , , , , , , , , , , , , , , , , , , , , , , , , , , , , , , , , , , , , , , , , , , , , , , , , , , , , , ,-12.83602501,-71.35860622
0732,170203,03,MADRE DE DIOS,De 20001 - 40000 Hab,Distrital, , , , , , , , , , , , , , , , , , , , , , , , , , , , ,1,17,2,3,Si,No, , , , , , , , , , , , , , , , , , , , , , , , , , , , , , , , , , , , , , , , , , , , , ,20,0,0,0,0,20,0,0,0,2,0,0,0,0,2,0,0,0,7,0,0,0,0,7,0,0,0,1,0,0,0,0,1,0,0,0,2,0,0,0,0,2,0,0,0,2,0,0,0,0,2,0,0,0,2,0,0,0,0,2,0,0,0,1,0,0,0,0,1,0,0,0,2,0,0,0,0,2,0,0,0,1,0,0,0,0,1,0,0,0,0, ,0,0,0,0,0,0,0,0,No, ,No, ,No, ,No, ,No, ,No, ,No, ,Si,1,Si,2,Si,4,No, ,No, ,Si,9,Si,4,20,0,No, ,No, , , , , , , , , , , , , , , , , , , , , , , , , , , , , , , , , , , , , , , , , , , , , , , , , , , , , , , , , , , , ,-12.62075986,-70.39681944
0733,170204,04,HUEPETUHE,De 5000 - 10000 Hab,Distrital, , , , , , , , , , , , , , , , , , , , , , , , , , , , ,1,17,2,4,Si,No, , , , , , , , , , , , , , , , , , , , , , , , , , , , , , , , , , , , , , , , , , , , , ,12,1,0,0,0,11,0,0,0,2,0,0,0,0,2,0,0,0,4,0,0,0,0,4,0,0,0,1,0,0,0,0,1,0,0,0,1,0,0,0,0,1,0,0,0,0,0,0,0,0,0,0,0,0,0,0,0,0,0,0,0,0,0,1,0,0,0,0,1,0,0,0,2,0,0,0,0,2,0,0,0,1,1,0,0,0,0,0,0,0,0, ,0,0,0,0,0,0,0,0,No, ,No, ,Si,1,No, ,No, ,No, ,No, ,No, ,No, ,No, ,Si,2,No, ,Si,4,Si,5,12,0,No, ,Sí,1,2, , , , , , , , , , , , , , , , , , , , , , , , , , , , , , , , , , , , , , , ,Ninguna, , , , , , , , , , , , , , , , , , ,-13.00166207,-70.52989877
0734,170302,02,IBERIA,De 10001 - 20000 Hab,Provincial, , , , , , , ,1,17,3, , , , , , , , , , , , , , , , , , , , , , , , , , , , , , , , , , , , , , , , , , , , , , , , , , , , , , , , , , , , , , , , , , , , , ,10,1,0,0,0,9,0,0,0,1,0,0,0,0,1,0,0,0,3,0,0,0,0,3,0,0,0,0,0,0,0,0,0,0,0,0,1,0,0,0,0,1,0,0,0,1,0,0,0,0,1,0,0,0,1,0,0,0,0,1,0,0,0,1,0,0,0,0,1,0,0,0,1,0,0,0,0,1,0,0,0,1,1,0,0,0,0,0,0,0,0, ,0,0,0,0,0,0,0,0,No, ,No, ,No, ,No, ,Si,1,No, ,No, ,No, ,No, ,Si,1,Si,1,Si,1,Si,2,Si,4,10,0,No, ,Sí,1,5, , , , , , , , , , , , , , , , , , , , , , , , , , , , , , , , , , , , , , , ,Ninguna, , , , , , , , , , , , , , , , , , ,-11.40534037,-69.48979731
0735,030501,01,TAMBOBAMBA,De 20001 - 40000 Hab,Provincial, , , , , , , ,1,3,5, , , , , , , , , , , , , , , , , , , , , , , , , , , , , , , , , , , , , , , , , , , , , , , , , , , , , , , , , , , , , , , , , , , , , ,17,1,0,0,0,16,0,0,0,1,0,0,0,0,1,0,0,0,2,0,0,0,0,2,0,0,0,4,0,0,0,0,4,0,0,0,2,0,0,0,0,2,0,0,0,1,0,0,0,0,1,0,0,0,2,0,0,0,0,2,0,0,0,1,0,0,0,0,1,0,0,0,3,0,0,0,0,3,0,0,0,1,1,0,0,0,0,0,0,0,0, ,0,0,0,0,0,0,0,0,No, ,No, ,Si,1,No, ,No, ,No, ,No, ,Si,1,No, ,No, ,Si,1,Si,1,Si,3,Si,10,17,0,Sí,5,No, , , , , , , , , , , , , , , , , , , , , , , , , , , , , , , , , , , , , , , , , , , , , , , , , , , , , , , , , , , , ,-13.94843956,-72.17535691
0736,030502,02,COTABAMBAS,De 5000 - 10000 Hab,Distrital, , , , , , , , , , , , , , , , , , , , , , , , , , , , ,1,3,5,2,No,Si, , , , , , , , , , , , , , , , , , , , , , , , , , , , , , , , , , , , , , , , , , , , , ,13,0,0,0,0,13,0,0,0,1,0,0,0,0,1,0,0,0,0,0,0,0,0,0,0,0,0,3,0,0,0,0,3,0,0,0,2,0,0,0,0,2,0,0,0,1,0,0,0,0,1,0,0,0,2,0,0,0,0,2,0,0,0,2,0,0,0,0,2,0,0,0,1,0,0,0,0,1,0,0,0,1,0,0,0,0,1,0,0,0,0, ,0,0,0,0,0,0,0,0,No, ,No, ,No, ,No, ,No, ,No, ,Si,1,Si,1,Si,2,Si,1,No, ,No, ,Si,1,Si,7,13,0,No, ,No, , , , , , , , , , , , , , , , , , , , , , , , , , , , , , , , , , , , , , , , , , , , , , , , , , , , , , , , , , , , ,-13.7476,-72.357056
0737,030503,03,COYLLURQUI,De 5000 - 10000 Hab,Distrital, , , , , , , , , , , , , , , , , , , , , , , , , , , , ,1,3,5,3,No,Si, , , , , , , , , , , , , , , , , , , , , , , , , , , , , , , , , , , , , , , , , , , , , ,11,0,0,0,0,11,0,0,0,1,0,0,0,0,1,0,0,0,2,0,0,0,0,2,0,0,0,2,0,0,0,0,2,0,0,0,1,0,0,0,0,1,0,0,0,1,0,0,0,0,1,0,0,0,1,0,0,0,0,1,0,0,0,1,0,0,0,0,1,0,0,0,1,0,0,0,0,1,0,0,0,1,0,0,0,0,1,0,0,0,0, ,0,0,0,0,0,0,0,0,No, ,No, ,No, ,No, ,No, ,No, ,Si,1,Si,2,Si,2,No, ,No, ,No, ,Si,4,Si,2,11,0,No, ,No, , , , , , , , , , , , , , , , , , , , , , , , , , , , , , , , , , , , , , , , , , , , , , , , , , , , , , , , , , , , ,-13.83721338,-72.43218474
0738,030504,04,HAQUIRA,De 5000 - 10000 Hab,Distrital, , , , , , , , , , , , , , , , , , , , , , , , , , , , ,1,3,5,4,No,Si, , , , , , , , , , , , , , , , , , , , , , , , , , , , , , , , , , , , , , , , , , , , , ,10,0,0,0,0,10,0,0,0,1,0,0,0,0,1,0,0,0,1,0,0,0,0,1,0,0,0,2,0,0,0,0,2,0,0,0,1,0,0,0,0,1,0,0,0,1,0,0,0,0,1,0,0,0,1,0,0,0,0,1,0,0,0,1,0,0,0,0,1,0,0,0,1,0,0,0,0,1,0,0,0,1,0,0,0,0,1,0,0,0,0, ,0,0,0,0,0,0,0,0,No, ,No, ,No, ,No, ,No, ,No, ,Si,1,Si,1,Si,2,No, ,No, ,Si,1,Si,2,Si,3,10,0,Sí,1,No, , , , , , , , , , , , , , , , , , , , , , , , , , , , , , , , , , , , , , , , , , , , , , , , , , , , , , , , , , , , ,-14.21388045,-72.18944681
0739,030506,06,CHALLHUAHUACHO,De 10001 - 20000 Hab,Distrital, , , , , , , , , , , , , , , , , , , , , , , , , , , , ,1,3,5,6,No,Si, , , , , , , , , , , , , , , , , , , , , , , , , , , , , , , , , , , , , , , , , , , , , ,26,0,0,0,0,26,0,0,0,2,0,0,0,0,2,0,0,0,0,0,0,0,0,0,0,0,0,11,0,0,0,0,11,0,0,0,3,0,0,0,0,3,0,0,0,3,0,0,0,0,3,0,0,0,3,0,0,0,0,3,0,0,0,1,0,0,0,0,1,0,0,0,2,0,0,0,0,2,0,0,0,1,0,0,0,0,1,0,0,0,0, ,0,0,0,0,0,0,0,0,No, ,No, ,No, ,No, ,No, ,No, ,Si,1,Si,3,Si,3,No, ,Si,2,Si,3,Si,6,Si,8,26,0,No, ,No, , , , , , , , , , , , , , , , , , , , , , , , , , , , , , , , , , , , , , , , , , , , , , , , , , , , , , , , , , , , ,-14.11842109,-72.24616186
0740,040101,01,AREQUIPA,De 40001 - 80000 Hab,Distrital, , , , , , , , , , , , , , , , , , , , , , , , , , , , ,2,4,1,1,No,Si,4,1,2,No,Si, , , , , , , , , , , , , , , , , , , , , , , , , , , , , , , , , , , , , , , , ,123,4,2,0,0,106,11,0,0,10,1,1,0,0,7,1,0,0,30,0,0,0,0,29,1,0,0,51,0,0,0,0,48,3,0,0,9,0,0,0,0,8,1,0,0,3,0,0,0,0,2,1,0,0,6,0,0,0,0,4,2,0,0,3,0,0,0,0,2,1,0,0,7,0,0,0,0,6,1,0,0,4,3,1,0,0,0,0,0,0,0, ,0,0,0,0,0,0,0,0,No, ,Si,1,Si,1,Si,1,Si,1,Si,2,Si,25,Si,18,Si,21,Si,10,Si,8,Si,11,Si,8,Si,16,123,0,Sí,3,Sí,3,32,32,32, , , , , , , , , , , , , , , , , , , , , , , , , , , , , , , , , , , , , ,Ninguna, , , , , , , , , , , , , , , , , , ,-16.39747653,-71.53259016
0741,040101,01,AREQUIPA,De 40001 - 80000 Hab,Distrital, , , , , , , , , , , , , , , , , , , , , , , , , , , , ,1,4,1,1,No,Si, , , , , , , , , , , , , , , , , , , , , , , , , , , , , , , , , , , , , , , , , , , , , ,156,4,1,0,0,90,60,1,0,13,0,0,0,0,7,5,1,0,42,0,0,0,0,39,3,0,0,67,0,0,0,0,19,48,0,0,11,0,0,0,0,10,1,0,0,2,0,0,0,0,2,0,0,0,2,0,0,0,0,1,1,0,0,5,0,0,0,0,3,2,0,0,9,0,0,0,0,9,0,0,0,5,4,1,0,0,0,0,0,0,0, ,0,0,0,0,0,0,0,0,No, ,Si,1,No, ,Si,1,Si,1,Si,2,Si,19,Si,15,Si,14,Si,4,Si,6,Si,7,Si,16,Si,70,156,0,No, ,Sí,5,5,5,5,5,5, , , , , , , , , , , , , , , , , , , , , , , , , , , , , , , , , , , ,Ninguna, , , , , , , , , , , , , , , , , , ,-16.40116589,-71.53598777
0742,040108,08,LA JOYA,De 5000 - 10000 Hab,Provincial, , , , , , , ,3,4,1,4,2,4,3, , , , , , , , , , , , , , , , , , , , , , , , , , , , , , , , , , , , , , , , , , , , , , , , , , , , , , , , , , , , , , , , , ,32,1,0,0,0,30,1,0,0,3,0,0,0,0,2,1,0,0,26,0,0,0,0,26,0,0,0,0,0,0,0,0,0,0,0,0,0,0,0,0,0,0,0,0,0,0,0,0,0,0,0,0,0,0,0,0,0,0,0,0,0,0,0,0,0,0,0,0,0,0,0,0,2,0,0,0,0,2,0,0,0,1,1,0,0,0,0,0,0,0,0, ,0,0,0,0,0,0,0,0,No, ,No, ,No, ,No, ,Si,1,No, ,Si,2,Si,3,Si,2,Si,7,Si,5,Si,5,Si,7,No, ,32,0,No, ,No, , , , , , , , , , , , , , , , , , , , , , , , , , , , , , , , , , , , , , , , , , , , , , , , , , , , , , , , , , , , ,-16.52885701,-71.77918641
0743,040107,07,JACOBO HUNTER,De 5000 - 10000 Hab,Nacional, , , , , , , , , , , , , , , , , , , , , , , , , , , , , , , , , , , , , , , , , , , , , , , , , , , , , , , , , , , , , , , , , , , , , , , , , , , , , , , ,44,1,0,0,0,41,2,0,0,2,0,0,0,0,1,1,0,0,32,0,0,0,0,31,1,0,0,0,0,0,0,0,0,0,0,0,0,0,0,0,0,0,0,0,0,0,0,0,0,0,0,0,0,0,0,0,0,0,0,0,0,0,0,0,0,0,0,0,0,0,0,0,6,0,0,0,0,6,0,0,0,1,1,0,0,0,0,0,0,0,3,POLICIA JUDICIAL,0,0,0,0,3,0,0,0,No, ,No, ,No, ,Si,1,No, ,No, ,Si,1,Si,2,Si,8,Si,2,Si,9,Si,7,Si,9,Si,5,44,0,No, ,Sí,1,8, , , , , , , , , , , , , , , , , , , , , , , , , , , , , , , , , , , , , , , ,Ninguna, , , , , , , , , , , , , , , , , , ,-16.423328,-71.543455
0744,040102,02,ALTO SELVA ALEGRE,De 40001 - 80000 Hab,Distrital, , , , , , , , , , , , , , , , , , , , , , , , , , , , ,1,4,1,2,Si,No, , , , , , , , , , , , , , , , , , , , , , , , , , , , , , , , , , , , , , , , , , , , , ,59,1,0,0,0,48,10,0,0,10,0,0,0,0,8,2,0,0,16,0,0,0,0,16,0,0,0,8,0,0,0,0,8,0,0,0,7,0,0,0,0,6,1,0,0,2,0,0,0,0,2,0,0,0,4,0,0,0,0,0,4,0,0,2,0,0,0,0,1,1,0,0,7,0,0,0,0,5,2,0,0,3,1,0,0,0,2,0,0,0,0, ,0,0,0,0,0,0,0,0,No, ,No, ,Si,1,No, ,No, ,No, ,Si,6,Si,13,Si,8,Si,3,Si,2,Si,5,Si,12,Si,9,59,0,No, ,Sí,1,5, , , , , , , , , , , , , , , , , , , , , , , , , , , , , , , , , , , , , , , ,Ninguna, , , , , , , , , , , , , , , , , , ,-16.38096965,-71.51865996
0745,040102,02,ALTO SELVA ALEGRE,De 20001 - 40000 Hab,Distrital, , , , , , , , , , , , , , , , , , , , , , , , , , , , ,1,4,1,2,No,Si, , , , , , , , , , , , , , , , , , , , , , , , , , , , , , , , , , , , , , , , , , , , , ,38,1,0,0,0,17,13,5,2,6,0,0,0,0,2,1,2,1,14,0,0,0,0,9,3,2,0,0,0,0,0,0,0,0,0,0,2,0,0,0,0,2,0,0,0,2,0,0,0,0,2,0,0,0,3,0,0,0,0,0,2,0,1,4,0,0,0,0,0,4,0,0,4,0,0,0,0,1,3,0,0,3,1,0,0,0,1,0,1,0,0, ,0,0,0,0,0,0,0,0,No, ,No, ,Si,1,No, ,No, ,No, ,Si,2,Si,8,Si,5,No, ,Si,1,Si,2,Si,6,Si,13,38,0,No, ,Sí,4,6,6,6,6, , , , , , , , , , , , , , , , , , , , , , , , , , , , , , , , , , , , ,Ninguna, , , , , , , , , , , , , , , , , , ,-16.36606751,-71.51909527
0746,040103,03,CAYMA,De 40001 - 80000 Hab,Distrital, , , , , , , , , , , , , , , , , , , , , , , , , , , , ,1,4,1,3,No,Si, , , , , , , , , , , , , , , , , , , , , , , , , , , , , , , , , , , , , , , , , , , , , ,48,1,0,0,0,39,8,0,0,6,0,0,0,0,4,2,0,0,12,0,0,0,0,12,0,0,0,13,0,0,0,0,11,2,0,0,6,0,0,0,0,6,0,0,0,2,0,0,0,0,1,1,0,0,2,0,0,0,0,0,2,0,0,2,0,0,0,0,1,1,0,0,4,0,0,0,0,4,0,0,0,1,1,0,0,0,0,0,0,0,0, ,0,0,0,0,0,0,0,0,No, ,No, ,Si,1,No, ,No, ,No, ,Si,8,Si,9,Si,2,Si,1,Si,3,Si,2,Si,10,Si,12,48,0,No, ,Sí,3,13,14,13, , , , , , , , , , , , , , , , , , , , , , , , , , , , , , , , , , , , , ,Ninguna, , , , , , , , , , , , , , , , , , ,-16.38153205,-71.54528245
0747,040103,03,CAYMA,De 10001 - 20000 Hab,Distrital, , , , , , , , , , , , , , , , , , , , , , , , , , , , ,1,4,1,3,Si,No, , , , , , , , , , , , , , , , , , , , , , , , , , , , , , , , , , , , , , , , , , , , , ,45,1,0,0,0,33,11,0,0,9,0,0,0,0,6,3,0,0,6,0,0,0,0,6,0,0,0,10,0,0,0,0,8,2,0,0,5,0,0,0,0,5,0,0,0,1,0,0,0,0,1,0,0,0,3,0,0,0,0,0,3,0,0,3,0,0,0,0,0,3,0,0,7,0,0,0,0,7,0,0,0,1,1,0,0,0,0,0,0,0,0, ,0,0,0,0,0,0,0,0,No, ,No, ,Si,1,No, ,No, ,No, ,Si,4,Si,8,Si,7,Si,1,Si,1,Si,3,Si,8,Si,12,45,0,No, ,Sí,2,12,13, , , , , , , , , , , , , , , , , , , , , , , , , , , , , , , , , , , , , , ,Ninguna, , , , , , , , , , , , , , , , , , ,-16.35616676,-71.54126113
0748,040103,03,CAYMA,De 20001 - 40000 Hab,Distrital, , , , , , , , , , , , , , , , , , , , , , , , , , , , ,1,4,1,3,Si,No, , , , , , , , , , , , , , , , , , , , , , , , , , , , , , , , , , , , , , , , , , , , , ,35,0,1,0,0,24,10,0,0,6,0,0,0,0,2,4,0,0,10,0,0,0,0,10,0,0,0,0,0,0,0,0,0,0,0,0,1,0,0,0,0,1,0,0,0,1,0,0,0,0,1,0,0,0,2,0,0,0,0,0,2,0,0,3,0,0,0,0,2,1,0,0,11,0,0,0,0,8,3,0,0,1,0,1,0,0,0,0,0,0,0, ,0,0,0,0,0,0,0,0,No, ,No, ,No, ,No, ,Si,1,No, ,Si,5,Si,6,Si,3,Si,3,Si,1,Si,4,Si,2,Si,10,35,0,No, ,Sí,2,5,5, , , , , , , , , , , , , , , , , , , , , , , , , , , , , , , , , , , , , , ,Ninguna, , , , , , , , , , , , , , , , , , ,-16.34927252,-71.55248055
0749,040103,03,CAYMA,De 10001 - 20000 Hab,Distrital, , , , , , , , , , , , , , , , , , , , , , , , , , , , ,1,4,1,3,No,Si, , , , , , , , , , , , , , , , , , , , , , , , , , , , , , , , , , , , , , , , , , , , , ,45,1,0,0,0,31,13,0,0,6,0,0,0,0,3,3,0,0,19,0,0,0,0,16,3,0,0,0,0,0,0,0,0,0,0,0,2,0,0,0,0,1,1,0,0,2,0,0,0,0,2,0,0,0,3,0,0,0,0,1,2,0,0,2,0,0,0,0,1,1,0,0,10,0,0,0,0,7,3,0,0,1,1,0,0,0,0,0,0,0,0, ,0,0,0,0,0,0,0,0,No, ,No, ,No, ,No, ,No, ,Si,1,Si,8,Si,8,Si,2,Si,3,Si,3,Si,4,Si,6,Si,10,45,0,No, ,Sí,3,15,15,15, , , , , , , , , , , , , , , , , , , , , , , , , , , , , , , , , , , , , ,Almenos una,1,No,Si,Si,No,No,Si,No,Si,Si,Si,No,Si,No,Si,Si,No, ,-16.33172933,-71.54368564
0750,040104,04,CERRO COLORADO,De 40001 - 80000 Hab,Distrital, , , , , , , , , , , , , , , , , , , , , , , , , , , , ,1,4,1,4,No,Si, , , , , , , , , , , , , , , , , , , , , , , , , , , , , , , , , , , , , , , , , , , , , ,47,1,0,0,0,37,8,1,0,5,0,0,0,0,1,3,1,0,22,0,0,0,0,21,1,0,0,0,0,0,0,0,0,0,0,0,2,0,0,0,0,2,0,0,0,2,0,0,0,0,2,0,0,0,3,0,0,0,0,0,3,0,0,2,0,0,0,0,1,1,0,0,10,0,0,0,0,10,0,0,0,1,1,0,0,0,0,0,0,0,0, ,0,0,0,0,0,0,0,0,No, ,No, ,Si,1,No, ,No, ,No, ,Si,6,Si,6,Si,3,Si,2,Si,4,Si,2,Si,8,Si,15,47,0,No, ,No, , , , , , , , , , , , , , , , , , , , , , , , , , , , , , , , , , , , , , , , , , , , , , , , , , , , , , , , , , , , ,-16.32774849,-71.59292568
0751,040104,04,CERRO COLORADO,De 40001 - 80000 Hab,Distrital, , , , , , , , , , , , , , , , , , , , , , , , , , , , ,1,4,1,4,No,Si, , , , , , , , , , , , , , , , , , , , , , , , , , , , , , , , , , , , , , , , , , , , , ,44,1,0,0,0,28,15,0,0,7,0,0,0,0,2,5,0,0,17,0,0,0,0,15,2,0,0,0,0,0,0,0,0,0,0,0,3,0,0,0,0,3,0,0,0,2,0,0,0,0,2,0,0,0,3,0,0,0,0,1,2,0,0,3,0,0,0,0,0,3,0,0,8,0,0,0,0,5,3,0,0,1,1,0,0,0,0,0,0,0,0, ,0,0,0,0,0,0,0,0,No, ,No, ,No, ,No, ,Si,1,No, ,Si,5,Si,4,Si,2,Si,2,No, ,Si,6,Si,14,Si,10,44,0,No, ,Sí,5,9,9,9,1,9, , , , , , , , , , , , , , , , , , , , , , , , , , , , , , , , , , , ,Ninguna, , , , , , , , , , , , , , , , , , ,-16.39274655,-71.56777059
0752,040104,04,CERRO COLORADO,De 20001 - 40000 Hab,Distrital, , , , , , , , , , , , , , , , , , , , , , , , , , , , ,1,4,1,4,No,Si, , , , , , , , , , , , , , , , , , , , , , , , , , , , , , , , , , , , , , , , , , , , , ,71,3,0,0,0,54,14,0,0,14,0,0,0,0,10,4,0,0,17,0,0,0,0,16,1,0,0,20,0,0,0,0,17,3,0,0,7,0,0,0,0,6,1,0,0,4,0,0,0,0,2,2,0,0,2,0,0,0,0,1,1,0,0,3,0,0,0,0,1,2,0,0,1,0,0,0,0,1,0,0,0,3,3,0,0,0,0,0,0,0,0, ,0,0,0,0,0,0,0,0,No, ,Si,1,No, ,No, ,No, ,Si,2,Si,14,Si,11,Si,11,Si,2,Si,4,Si,9,Si,10,Si,7,71,0,Sí,13,Sí,1,1, , , , , , , , , , , , , , , , , , , , , , , , , , , , , , , , , , , , , , , ,Ninguna, , , , , , , , , , , , , , , , , , ,-16.37825497,-71.55950633
0753,040104,04,CERRO COLORADO,De 80001 a más Hab,Distrital, , , , , , , , , , , , , , , , , , , , , , , , , , , , ,1,4,1,4,No,Si, , , , , , , , , , , , , , , , , , , , , , , , , , , , , , , , , , , , , , , , , , , , , ,44,1,0,0,0,33,10,0,0,8,0,0,0,0,4,4,0,0,18,0,0,0,0,17,1,0,0,1,0,0,0,0,1,0,0,0,5,0,0,0,0,5,0,0,0,2,0,0,0,0,2,0,0,0,2,0,0,0,0,0,2,0,0,3,0,0,0,0,2,1,0,0,2,0,0,0,0,0,2,0,0,3,1,0,0,0,2,0,0,0,0, ,0,0,0,0,0,0,0,0,No, ,No, ,Si,1,No, ,No, ,No, ,Si,7,Si,8,Si,5,Si,4,Si,2,Si,3,Si,3,Si,11,44,0,No, ,No, , , , , , , , , , , , , , , , , , , , , , , , , , , , , , , , , , , , , , , , , , , , , , , , , , , , , , , , , , , , ,-16.35177358,-71.5634369
0754,040104,04,CERRO COLORADO,Menos de 5000 Hab,Regional, ,1,4, , , , , , , , , , , , , , , , , , , , , , , , , , , , , , , , , , , , , , , , , , , , , , , , , , , , , , , , , , , , , , , , , , , , , , , , , , , , ,25,1,0,0,0,14,10,0,0,2,0,0,0,0,0,2,0,0,4,0,0,0,0,4,0,0,0,14,0,0,0,0,7,7,0,0,2,0,0,0,0,1,1,0,0,0,0,0,0,0,0,0,0,0,0,0,0,0,0,0,0,0,0,0,0,0,0,0,0,0,0,0,2,0,0,0,0,2,0,0,0,1,1,0,0,0,0,0,0,0,0, ,0,0,0,0,0,0,0,0,No, ,No, ,No, ,Si,1,No, ,No, ,Si,2,Si,4,Si,1,Si,2,Si,6,Si,1,Si,2,Si,6,25,0,No, ,Sí,5,4,4,4,4,4, , , , , , , , , , , , , , , , , , , , , , , , , , , , , , , , , , , ,Ninguna, , , , , , , , , , , , , , , , , , ,-16.34479491,-71.56847393
0755,040105,05,CHARACATO,De 40001 - 80000 Hab,Distrital, , , , , , , , , , , , , , , , , , , , , , , , , , , , ,1,4,1,5,Si,No, , , , , , , , , , , , , , , , , , , , , , , , , , , , , , , , , , , , , , , , , , , , , ,25,1,0,0,0,18,6,0,0,4,0,0,0,0,0,4,0,0,13,0,0,0,0,13,0,0,0,0,0,0,0,0,0,0,0,0,4,0,0,0,0,2,2,0,0,0,0,0,0,0,0,0,0,0,0,0,0,0,0,0,0,0,0,1,0,0,0,0,1,0,0,0,2,0,0,0,0,2,0,0,0,1,1,0,0,0,0,0,0,0,0, ,0,0,0,0,0,0,0,0,No, ,No, ,No, ,No, ,Si,1,No, ,Si,3,Si,2,Si,4,Si,1,Si,3,Si,2,Si,3,Si,6,25,0,No, ,No, , , , , , , , , , , , , , , , , , , , , , , , , , , , , , , , , , , , , , , , , , , , , , , , , , , , , , , , , , , , ,-16.4683507,-71.48481979
0756,040106,06,CHIGUATA,De 5000 - 10000 Hab,Distrital, , , , , , , , , , , , , , , , , , , , , , , , , , , , ,1,4,1,6,Si,No, , , , , , , , , , , , , , , , , , , , , , , , , , , , , , , , , , , , , , , , , , , , , ,16,0,0,0,0,14,2,0,0,2,0,0,0,0,1,1,0,0,4,0,0,0,0,4,0,0,0,4,0,0,0,0,3,1,0,0,2,0,0,0,0,2,0,0,0,0,0,0,0,0,0,0,0,0,0,0,0,0,0,0,0,0,0,1,0,0,0,0,1,0,0,0,2,0,0,0,0,2,0,0,0,1,0,0,0,0,1,0,0,0,0, ,0,0,0,0,0,0,0,0,No, ,No, ,No, ,No, ,No, ,No, ,Si,1,Si,3,No, ,Si,1,Si,3,No, ,Si,6,Si,2,16,0,No, ,Sí,1,16, , , , , , , , , , , , , , , , , , , , , , , , , , , , , , , , , , , , , , , ,Ninguna, , , , , , , , , , , , , , , , , , ,-16.40210506,-71.39225166
0757,040107,07,JACOBO HUNTER,De 20001 - 40000 Hab,Distrital, , , , , , , , , , , , , , , , , , , , , , , , , , , , ,2,4,1,7,No,Si,4,1,1,No,Si, , , , , , , , , , , , , , , , , , , , , , , , , , , , , , , , , , , , , , , , ,72,2,0,0,0,54,16,0,0,7,0,0,0,0,3,4,0,0,29,0,0,0,0,27,2,0,0,3,0,0,0,0,2,1,0,0,6,0,0,0,0,5,1,0,0,3,0,0,0,0,3,0,0,0,3,0,0,0,0,0,3,0,0,2,0,0,0,0,1,1,0,0,7,0,0,0,0,5,2,0,0,2,2,0,0,0,0,0,0,0,10,PUESTO DE AUXILIO RAPIDO,0,0,0,0,8,2,0,0,No, ,No, ,Si,1,No, ,No, ,Si,1,Si,9,Si,11,Si,9,Si,3,Si,6,Si,4,Si,15,Si,13,72,0,No, ,Sí,6,6,6,6,6,6,10, , , , , , , , , , , , , , , , , , , , , , , , , , , , , , , , , , ,Ninguna, , , , , , , , , , , , , , , , , , ,-16.44142789,-71.55500186
0758,040107,07,JACOBO HUNTER,De 10001 - 20000 Hab,Distrital, , , , , , , , , , , , , , , , , , , , , , , , , , , , ,2,4,1,7,Si,No,4,1,22,No,Si, , , , , , , , , , , , , , , , , , , , , , , , , , , , , , , , , , , , , , , , ,41,1,0,0,0,34,6,0,0,4,0,0,0,0,2,2,0,0,12,0,0,0,0,11,1,0,0,6,0,0,0,0,5,1,0,0,5,0,0,0,0,5,0,0,0,2,0,0,0,0,2,0,0,0,2,0,0,0,0,2,0,0,0,2,0,0,0,0,0,2,0,0,7,0,0,0,0,7,0,0,0,1,1,0,0,0,0,0,0,0,0, ,0,0,0,0,0,0,0,0,No, ,No, ,Si,1,No, ,No, ,No, ,Si,6,Si,10,Si,3,Si,2,Si,3,Si,5,Si,7,Si,4,41,0,No, ,Sí,3,10,10,10, , , , , , , , , , , , , , , , , , , , , , , , , , , , , , , , , , , , , ,Ninguna, , , , , , , , , , , , , , , , , , ,-16.45253376,-71.55349149
0760,040108,08,LA JOYA,De 20001 - 40000 Hab,Distrital, , , , , , , , , , , , , , , , , , , , , , , , , , , , ,1,4,1,8,No,Si, , , , , , , , , , , , , , , , , , , , , , , , , , , , , , , , , , , , , , , , , , , , , ,25,1,0,0,0,20,4,0,0,3,0,0,0,0,0,3,0,0,9,0,0,0,0,9,0,0,0,2,0,0,0,0,1,1,0,0,2,0,0,0,0,2,0,0,0,2,0,0,0,0,2,0,0,0,2,0,0,0,0,2,0,0,0,1,0,0,0,0,1,0,0,0,3,0,0,0,0,3,0,0,0,1,1,0,0,0,0,0,0,0,0, ,0,0,0,0,0,0,0,0,No, ,No, ,Si,1,No, ,No, ,No, ,Si,3,Si,1,Si,1,Si,2,Si,2,Si,2,Si,7,Si,6,25,0,No, ,Sí,1,5, , , , , , , , , , , , , , , , , , , , , , , , , , , , , , , , , , , , , , , ,Ninguna, , , , , , , , , , , , , , , , , , ,-16.42455391,-71.81816914
0761,040108,08,LA JOYA,De 5000 - 10000 Hab,Distrital, , , , , , , , , , , , , , , , , , , , , , , , , , , , ,1,4,1,8,No,Si, , , , , , , , , , , , , , , , , , , , , , , , , , , , , , , , , , , , , , , , , , , , , ,21,1,0,0,0,16,4,0,0,2,0,0,0,0,1,1,0,0,4,0,0,0,0,4,0,0,0,2,0,0,0,0,2,0,0,0,4,0,0,0,0,4,0,0,0,2,0,0,0,0,2,0,0,0,3,0,0,0,0,0,3,0,0,1,0,0,0,0,1,0,0,0,2,0,0,0,0,2,0,0,0,1,1,0,0,0,0,0,0,0,0, ,0,0,0,0,0,0,0,0,No, ,No, ,Si,1,No, ,No, ,No, ,Si,5,Si,2,No, ,Si,2,Si,1,Si,3,Si,5,Si,2,21,0,No, ,Sí,2,4,4, , , , , , , , , , , , , , , , , , , , , , , , , , , , , , , , , , , , , , ,Almenos una,1,No,Si,No,No,Si,No,No,No,No,No,Si,Si,No,No,No,Si,LINTERNA,-16.49632024,-71.83761657
0762,040108,08,LA JOYA,De 20001 - 40000 Hab,Distrital, , , , , , , , , , , , , , , , , , , , , , , , , , , , ,1,4,1,8,No,Si, , , , , , , , , , , , , , , , , , , , , , , , , , , , , , , , , , , , , , , , , , , , , ,11,0,0,0,0,10,1,0,0,1,0,0,0,0,0,1,0,0,3,0,0,0,0,3,0,0,0,0,0,0,0,0,0,0,0,0,3,0,0,0,0,3,0,0,0,0,0,0,0,0,0,0,0,0,0,0,0,0,0,0,0,0,0,1,0,0,0,0,1,0,0,0,2,0,0,0,0,2,0,0,0,1,0,0,0,0,1,0,0,0,0, ,0,0,0,0,0,0,0,0,No, ,No, ,No, ,No, ,No, ,No, ,Si,2,Si,3,No, ,No, ,Si,2,Si,1,Si,1,Si,2,11,0,No, ,Sí,3,4,3,4, , , , , , , , , , , , , , , , , , , , , , , , , , , , , , , , , , , , , ,Ninguna, , , , , , , , , , , , , , , , , , ,-16.580904,-71.84012642
0763,040125,25,VITOR,De 5000 - 10000 Hab,Distrital, , , , , , , , , , , , , , , , , , , , , , , , , , , , ,2,4,1,8,No,Si,4,1,25,No,Si, , , , , , , , , , , , , , , , , , , , , , , , , , , , , , , , , , , , , , , , ,10,1,0,0,0,9,0,0,0,1,0,0,0,0,1,0,0,0,2,0,0,0,0,2,0,0,0,1,0,0,0,0,1,0,0,0,1,0,0,0,0,1,0,0,0,1,0,0,0,0,1,0,0,0,1,0,0,0,0,1,0,0,0,1,0,0,0,0,1,0,0,0,1,0,0,0,0,1,0,0,0,1,1,0,0,0,0,0,0,0,0, ,0,0,0,0,0,0,0,0,No, ,No, ,No, ,No, ,Si,1,No, ,Si,1,Si,1,Si,3,No, ,No, ,Si,1,Si,3,No, ,10,0,No, ,Sí,1,1, , , , , , , , , , , , , , , , , , , , , , , , , , , , , , , , , , , , , , , ,Ninguna, , , , , , , , , , , , , , , , , , ,-16.58644,-71.92794
0764,040108,08,LA JOYA,Menos de 5000 Hab,Distrital, , , , , , , , , , , , , , , , , , , , , , , , , , , , ,1,4,1,8,No,Si, , , , , , , , , , , , , , , , , , , , , , , , , , , , , , , , , , , , , , , , , , , , , ,13,0,0,0,0,11,2,0,0,2,0,0,0,0,1,1,0,0,4,0,0,0,0,4,0,0,0,0,0,0,0,0,0,0,0,0,1,0,0,0,0,1,0,0,0,2,0,0,0,0,2,0,0,0,1,0,0,0,0,0,1,0,0,1,0,0,0,0,1,0,0,0,1,0,0,0,0,1,0,0,0,1,0,0,0,0,1,0,0,0,0, ,0,0,0,0,0,0,0,0,No, ,No, ,No, ,No, ,No, ,No, ,Si,2,Si,1,Si,2,Si,1,No, ,Si,2,No, ,Si,5,13,0,No, ,No, , , , , , , , , , , , , , , , , , , , , , , , , , , , , , , , , , , , , , , , , , , , , , , , , , , , , , , , , , , , ,-16.68555877,-71.88608575
0765,040109,09,MARIANO MELGAR,De 20001 - 40000 Hab,Distrital, , , , , , , , , , , , , , , , , , , , , , , , , , , , ,1,4,1,9,No,Si, , , , , , , , , , , , , , , , , , , , , , , , , , , , , , , , , , , , , , , , , , , , , ,68,3,0,0,0,53,12,0,0,6,0,0,0,0,4,2,0,0,15,0,0,0,0,14,1,0,0,16,0,0,0,0,16,0,0,0,5,0,0,0,0,5,0,0,0,4,0,0,0,0,4,0,0,0,6,0,0,0,0,1,5,0,0,3,0,0,0,0,1,2,0,0,10,0,0,0,0,8,2,0,0,3,3,0,0,0,0,0,0,0,0, ,0,0,0,0,0,0,0,0,No, ,No, ,Si,1,Si,1,No, ,Si,1,Si,10,Si,7,Si,2,Si,3,Si,3,Si,3,Si,13,Si,24,68,0,No, ,Sí,3,17,17,18, , , , , , , , , , , , , , , , , , , , , , , , , , , , , , , , , , , , , ,Ninguna, , , , , , , , , , , , , , , , , , ,-16.39949222,-71.50666411
0766,040110,10,MIRAFLORES,De 40001 - 80000 Hab,Distrital, , , , , , , , , , , , , , , , , , , , , , , , , , , , ,1,4,1,10,No,Si, , , , , , , , , , , , , , , , , , , , , , , , , , , , , , , , , , , , , , , , , , , , , ,55,1,0,0,0,33,20,1,0,9,0,0,0,0,6,2,1,0,18,0,0,0,0,14,4,0,0,5,0,0,0,0,1,4,0,0,2,0,0,0,0,1,1,0,0,2,0,0,0,0,2,0,0,0,3,0,0,0,0,0,3,0,0,2,0,0,0,0,1,1,0,0,13,0,0,0,0,8,5,0,0,1,1,0,0,0,0,0,0,0,0, ,0,0,0,0,0,0,0,0,No, ,No, ,Si,1,No, ,No, ,No, ,Si,10,Si,7,Si,1,Si,2,Si,6,Si,5,Si,12,Si,11,55,0,Sí,7,Sí,2,3,3, , , , , , , , , , , , , , , , , , , , , , , , , , , , , , , , , , , , , , ,Almenos una,2,Si,Si,No,No,No,Si,No,No,Si,Si,Si,Si,No,Si,Si,Si,LINTERNA,-16.38885224,-71.51502125
0767,040110,10,MIRAFLORES,De 80001 a más Hab,Distrital, , , , , , , , , , , , , , , , , , , , , , , , , , , , ,1,4,1,10,No,Si, , , , , , , , , , , , , , , , , , , , , , , , , , , , , , , , , , , , , , , , , , , , , ,129,4,0,0,0,103,22,0,0,11,1,0,0,0,8,2,0,0,22,0,0,0,0,22,0,0,0,74,0,0,0,0,60,14,0,0,5,0,0,0,0,4,1,0,0,2,0,0,0,0,2,0,0,0,3,0,0,0,0,0,3,0,0,2,0,0,0,0,1,1,0,0,7,0,0,0,0,6,1,0,0,3,3,0,0,0,0,0,0,0,0, ,0,0,0,0,0,0,0,0,No, ,Si,1,No, ,Si,1,No, ,Si,2,Si,12,Si,17,Si,13,Si,1,Si,7,Si,6,Si,8,Si,61,129,0,No, ,Sí,3,11,11,11, , , , , , , , , , , , , , , , , , , , , , , , , , , , , , , , , , , , , ,Almenos una,3,No,No,No,No,No,No,No,No,Si,Si,Si,Si,No,No,No,Si,BOTIQUIN DE PRIMEROS AUXILIOS,-16.39487452,-71.52402938
0768,040110,10,MIRAFLORES,De 10001 - 20000 Hab,Distrital, , , , , , , , , , , , , , , , , , , , , , , , , , , , ,1,4,1,10,No,Si, , , , , , , , , , , , , , , , , , , , , , , , , , , , , , , , , , , , , , , , , , , , , ,38,1,0,0,0,32,5,0,0,4,0,0,0,0,2,2,0,0,13,0,0,0,0,13,0,0,0,0,0,0,0,0,0,0,0,0,3,0,0,0,0,3,0,0,0,0,0,0,0,0,0,0,0,0,2,0,0,0,0,0,2,0,0,3,0,0,0,0,2,1,0,0,12,0,0,0,0,12,0,0,0,1,1,0,0,0,0,0,0,0,0, ,0,0,0,0,0,0,0,0,No, ,No, ,No, ,Si,1,No, ,No, ,Si,6,Si,5,Si,3,Si,2,Si,2,Si,3,Si,8,Si,8,38,0,Sí,6,Sí,1,38, , , , , , , , , , , , , , , , , , , , , , , , , , , , , , , , , , , , , , , ,Ninguna, , , , , , , , , , , , , , , , , , ,-16.37723349,-71.50860008
0769,040111,11,MOLLEBAYA,De 5000 - 10000 Hab,Distrital, , , , , , , , , , , , , , , , , , , , , , , , , , , , ,1,4,1,11,Si,No, , , , , , , , , , , , , , , , , , , , , , , , , , , , , , , , , , , , , , , , , , , , , ,18,1,0,0,0,14,3,0,0,1,0,0,0,0,0,1,0,0,11,0,0,0,0,10,1,0,0,0,0,0,0,0,0,0,0,0,1,0,0,0,0,1,0,0,0,1,0,0,0,0,1,0,0,0,0,0,0,0,0,0,0,0,0,1,0,0,0,0,0,1,0,0,2,0,0,0,0,2,0,0,0,1,1,0,0,0,0,0,0,0,0, ,0,0,0,0,0,0,0,0,No, ,No, ,No, ,Si,1,No, ,No, ,No, ,Si,3,Si,3,No, ,Si,3,No, ,Si,5,Si,3,18,0,No, ,Sí,1,2, , , , , , , , , , , , , , , , , , , , , , , , , , , , , , , , , , , , , , , ,Ninguna, , , , , , , , , , , , , , , , , , ,-16.48682302,-71.46552404
0770,040112,12,PAUCARPATA,De 40001 - 80000 Hab,Distrital, , , , , , , , , , , , , , , , , , , , , , , , , , , , ,1,4,1,12,No,Si, , , , , , , , , , , , , , , , , , , , , , , , , , , , , , , , , , , , , , , , , , , , , ,31,1,0,0,0,21,9,0,0,4,0,0,0,0,0,4,0,0,8,0,0,0,0,8,0,0,0,4,0,0,0,0,4,0,0,0,3,0,0,0,0,3,0,0,0,0,0,0,0,0,0,0,0,0,2,0,0,0,0,0,2,0,0,1,0,0,0,0,1,0,0,0,4,0,0,0,0,4,0,0,0,1,1,0,0,0,0,0,0,0,4,VACACIONES Y OTRAS ACTIVIDADES,0,0,0,0,1,3,0,0,No, ,No, ,Si,1,No, ,No, ,No, ,Si,2,Si,5,Si,5,No, ,Si,2,Si,4,Si,5,Si,7,31,0,No, ,Sí,5,7,7,7,7,6, , , , , , , , , , , , , , , , , , , , , , , , , , , , , , , , , , , ,Ninguna, , , , , , , , , , , , , , , , , , ,-16.41761548,-71.49163049
0771,040112,12,PAUCARPATA,De 40001 - 80000 Hab,Distrital, , , , , , , , , , , , , , , , , , , , , , , , , , , , ,1,4,1,12,No,Si, , , , , , , , , , , , , , , , , , , , , , , , , , , , , , , , , , , , , , , , , , , , , ,42,1,0,0,0,23,18,0,0,9,0,0,0,0,2,7,0,0,14,0,0,0,0,13,1,0,0,3,0,0,0,0,1,2,0,0,2,0,0,0,0,2,0,0,0,2,0,0,0,0,1,1,0,0,2,0,0,0,0,1,1,0,0,1,0,0,0,0,0,1,0,0,8,0,0,0,0,3,5,0,0,1,1,0,0,0,0,0,0,0,0, ,0,0,0,0,0,0,0,0,No, ,No, ,Si,1,No, ,No, ,No, ,Si,5,Si,5,Si,4,Si,1,No, ,Si,7,Si,10,Si,9,42,0,No, ,Sí,4,6,6,6,6, , , , , , , , , , , , , , , , , , , , , , , , , , , , , , , , , , , , ,Ninguna, , , , , , , , , , , , , , , , , , ,-16.41145825,-71.49676229
0772,040112,12,PAUCARPATA,De 20001 - 40000 Hab,Distrital, , , , , , , , , , , , , , , , , , , , , , , , , , , , ,1,4,1,12,No,Si, , , , , , , , , , , , , , , , , , , , , , , , , , , , , , , , , , , , , , , , , , , , , ,30,1,0,0,0,21,8,0,0,3,0,0,0,0,1,2,0,0,12,0,0,0,0,11,1,0,0,0,0,0,0,0,0,0,0,0,1,0,0,0,0,1,0,0,0,2,0,0,0,0,1,1,0,0,3,0,0,0,0,0,3,0,0,1,0,0,0,0,1,0,0,0,7,0,0,0,0,6,1,0,0,1,1,0,0,0,0,0,0,0,0, ,0,0,0,0,0,0,0,0,No, ,No, ,No, ,No, ,Si,1,No, ,Si,2,Si,3,Si,3,Si,2,Si,3,No, ,Si,3,Si,13,30,0,No, ,Sí,3,3,3,3, , , , , , , , , , , , , , , , , , , , , , , , , , , , , , , , , , , , , ,Almenos una,3,No,No,No,No,No,No,No,No,No,No,No,No,No,No,No,Si,BOTIQUIN DE PRIMEROS AUXILIOS,-16.41889631,-71.48503073
0773,040112,12,PAUCARPATA,De 10001 - 20000 Hab,Distrital, , , , , , , , , , , , , , , , , , , , , , , , , , , , ,1,4,1,12,No,Si, , , , , , , , , , , , , , , , , , , , , , , , , , , , , , , , , , , , , , , , , , , , , ,36,1,0,0,0,19,16,0,0,6,0,0,0,0,1,5,0,0,10,0,0,0,0,8,2,0,0,2,0,0,0,0,1,1,0,0,2,0,0,0,0,1,1,0,0,2,0,0,0,0,2,0,0,0,4,0,0,0,0,0,4,0,0,3,0,0,0,0,2,1,0,0,6,0,0,0,0,4,2,0,0,1,1,0,0,0,0,0,0,0,0, ,0,0,0,0,0,0,0,0,No, ,No, ,Si,1,No, ,No, ,No, ,Si,4,Si,1,Si,3,Si,3,Si,5,Si,2,Si,10,Si,7,36,0,No, ,Sí,3,8,8,9, , , , , , , , , , , , , , , , , , , , , , , , , , , , , , , , , , , , , ,Ninguna, , , , , , , , , , , , , , , , , , ,-16.40852033,-71.48387357
0774,040112,12,PAUCARPATA,De 20001 - 40000 Hab,Distrital, , , , , , , , , , , , , , , , , , , , , , , , , , , , ,1,4,1,12,No,Si, , , , , , , , , , , , , , , , , , , , , , , , , , , , , , , , , , , , , , , , , , , , , ,47,1,0,0,0,28,18,0,0,6,0,0,0,0,2,4,0,0,17,0,0,0,0,15,2,0,0,0,0,0,0,0,0,0,0,0,4,0,0,0,0,3,1,0,0,2,0,0,0,0,2,0,0,0,2,0,0,0,0,0,2,0,0,3,0,0,0,0,1,2,0,0,12,0,0,0,0,5,7,0,0,1,1,0,0,0,0,0,0,0,0, ,0,0,0,0,0,0,0,0,No, ,No, ,No, ,Si,1,No, ,No, ,Si,6,Si,6,Si,5,Si,4,Si,5,Si,1,Si,7,Si,12,47,0,No, ,No, , , , , , , , , , , , , , , , , , , , , , , , , , , , , , , , , , , , , , , , , , , , , , , , , , , , , , , , , , , , ,-16.42079102,-71.50920312
0775,040112,12,PAUCARPATA,De 5000 - 10000 Hab,Distrital, , , , , , , , , , , , , , , , , , , , , , , , , , , , ,1,4,1,12,No,Si, , , , , , , , , , , , , , , , , , , , , , , , , , , , , , , , , , , , , , , , , , , , , ,33,1,0,0,0,22,10,0,0,7,0,0,0,0,2,5,0,0,14,0,0,0,0,13,1,0,0,0,0,0,0,0,0,0,0,0,2,0,0,0,0,2,0,0,0,1,0,0,0,0,1,0,0,0,2,0,0,0,0,0,2,0,0,2,0,0,0,0,1,1,0,0,4,0,0,0,0,3,1,0,0,1,1,0,0,0,0,0,0,0,0, ,0,0,0,0,0,0,0,0,No, ,No, ,No, ,Si,1,No, ,No, ,Si,1,Si,4,Si,2,Si,2,Si,3,Si,6,Si,2,Si,12,33,0,No, ,Sí,3,7,7,7, , , , , , , , , , , , , , , , , , , , , , , , , , , , , , , , , , , , , ,Ninguna, , , , , , , , , , , , , , , , , , ,-16.42711642,-71.4966807
0776,040113,13,POCSI,De 5000 - 10000 Hab,Distrital, , , , , , , , , , , , , , , , , , , , , , , , , , , , ,1,4,1,13,No,Si, , , , , , , , , , , , , , , , , , , , , , , , , , , , , , , , , , , , , , , , , , , , , ,14,0,0,0,0,12,2,0,0,1,0,0,0,0,0,1,0,0,2,0,0,0,0,2,0,0,0,3,0,0,0,0,3,0,0,0,1,0,0,0,0,1,0,0,0,0,0,0,0,0,0,0,0,0,0,0,0,0,0,0,0,0,0,1,0,0,0,0,0,1,0,0,5,0,0,0,0,5,0,0,0,1,0,0,0,0,1,0,0,0,0, ,0,0,0,0,0,0,0,0,No, ,No, ,No, ,No, ,No, ,No, ,Si,6,Si,1,Si,2,Si,2,Si,1,Si,1,Si,1,No, ,14,0,No, ,Sí,1,1, , , , , , , , , , , , , , , , , , , , , , , , , , , , , , , , , , , , , , , ,Ninguna, , , , , , , , , , , , , , , , , , ,-16.51754326,-71.38905567
0777,040114,14,POLOBAYA,Menos de 5000 Hab,Distrital, , , , , , , , , , , , , , , , , , , , , , , , , , , , ,1,4,1,14,Si,No, , , , , , , , , , , , , , , , , , , , , , , , , , , , , , , , , , , , , , , , , , , , , ,16,0,0,0,0,15,1,0,0,1,0,0,0,0,1,0,0,0,6,0,0,0,0,6,0,0,0,0,0,0,0,0,0,0,0,0,1,0,0,0,0,1,0,0,0,1,0,0,0,0,1,0,0,0,1,0,0,0,0,1,0,0,0,1,0,0,0,0,0,1,0,0,4,0,0,0,0,4,0,0,0,1,0,0,0,0,1,0,0,0,0, ,0,0,0,0,0,0,0,0,No, ,No, ,No, ,No, ,No, ,No, ,Si,3,Si,2,Si,4,No, ,Si,1,Si,2,Si,4,No, ,16,0,Sí,3,Sí,1,4, , , , , , , , , , , , , , , , , , , , , , , , , , , , , , , , , , , , , , , ,Ninguna, , , , , , , , , , , , , , , , , , ,-16.56546481,-71.36968958
0778,040116,16,SABANDIA,De 5000 - 10000 Hab,Distrital, , , , , , , , , , , , , , , , , , , , , , , , , , , , ,1,4,1,16,Si,No, , , , , , , , , , , , , , , , , , , , , , , , , , , , , , , , , , , , , , , , , , , , , ,18,1,0,0,0,14,3,0,0,2,0,0,0,0,1,1,0,0,8,0,0,0,0,8,0,0,0,0,0,0,0,0,0,0,0,0,2,0,0,0,0,2,0,0,0,1,0,0,0,0,1,0,0,0,1,0,0,0,0,0,1,0,0,1,0,0,0,0,0,1,0,0,2,0,0,0,0,2,0,0,0,1,1,0,0,0,0,0,0,0,0, ,0,0,0,0,0,0,0,0,No, ,No, ,No, ,No, ,No, ,Si,1,Si,3,Si,3,No, ,No, ,No, ,Si,1,Si,3,Si,7,18,0,No, ,No, , , , , , , , , , , , , , , , , , , , , , , , , , , , , , , , , , , , , , , , , , , , , , , , , , , , , , , , , , , , ,-16.450004,-71.49560153
0779,040117,17,SACHACA,De 20001 - 40000 Hab,Distrital, , , , , , , , , , , , , , , , , , , , , , , , , , , , ,1,4,1,17,No,Si, , , , , , , , , , , , , , , , , , , , , , , , , , , , , , , , , , , , , , , , , , , , , ,33,1,0,0,0,22,10,0,0,5,0,0,0,0,2,3,0,0,13,0,0,0,0,12,1,0,0,2,0,0,0,0,1,1,0,0,2,0,0,0,0,2,0,0,0,2,0,0,0,0,2,0,0,0,2,0,0,0,0,0,2,0,0,3,0,0,0,0,0,3,0,0,3,0,0,0,0,3,0,0,0,1,1,0,0,0,0,0,0,0,0, ,0,0,0,0,0,0,0,0,No, ,No, ,No, ,Si,1,No, ,No, ,Si,3,Si,3,Si,3,Si,1,Si,6,Si,3,Si,5,Si,8,33,0,No, ,Sí,3,8,8,8, , , , , , , , , , , , , , , , , , , , , , , , , , , , , , , , , , , , , ,Ninguna, , , , , , , , , , , , , , , , , , ,-16.42320827,-71.56509004
0780,040119,19,SAN JUAN DE TARUCANI,Menos de 5000 Hab,Distrital, , , , , , , , , , , , , , , , , , , , , , , , , , , , ,1,4,1,19,Si,No, , , , , , , , , , , , , , , , , , , , , , , , , , , , , , , , , , , , , , , , , , , , , ,17,0,0,0,0,15,1,1,0,1,0,0,0,0,0,0,1,0,6,0,0,0,0,6,0,0,0,2,0,0,0,0,2,0,0,0,1,0,0,0,0,1,0,0,0,1,0,0,0,0,1,0,0,0,1,0,0,0,0,1,0,0,0,1,0,0,0,0,0,1,0,0,3,0,0,0,0,3,0,0,0,1,0,0,0,0,1,0,0,0,0, ,0,0,0,0,0,0,0,0,No, ,No, ,No, ,No, ,No, ,No, ,Si,2,Si,3,Si,3,Si,2,Si,2,Si,1,Si,4,No, ,17,0,No, ,No, , , , , , , , , , , , , , , , , , , , , , , , , , , , , , , , , , , , , , , , , , , , , , , , , , , , , , , , , , , , ,-16.18304318,-71.06187867
0781,040118,18,SAN JUAN DE SIGUAS,Menos de 5000 Hab,Distrital, , , , , , , , , , , , , , , , , , , , , , , , , , , , ,2,4,1,18,Si,No,4,1,20,Si,No, , , , , , , , , , , , , , , , , , , , , , , , , , , , , , , , , , , , , , , , ,12,0,1,0,0,11,0,0,0,1,0,0,0,0,1,0,0,0,2,0,0,0,0,2,0,0,0,2,0,0,0,0,2,0,0,0,1,0,0,0,0,1,0,0,0,1,0,0,0,0,1,0,0,0,1,0,0,0,0,1,0,0,0,1,0,0,0,0,1,0,0,0,2,0,0,0,0,2,0,0,0,1,0,1,0,0,0,0,0,0,0, ,0,0,0,0,0,0,0,0,No, ,No, ,No, ,Si,1,No, ,No, ,Si,3,No, ,Si,2,Si,1,Si,3,No, ,Si,2,No, ,12,0,No, ,No, , , , , , , , , , , , , , , , , , , , , , , , , , , , , , , , , , , , , , , , , , , , , , , , , , , , , , , , , , , , ,-16.34963588,-72.12717097
0782,040121,21,SANTA RITA DE SIGUAS,Menos de 5000 Hab,Distrital, , , , , , , , , , , , , , , , , , , , , , , , , , , , ,1,4,1,21,Si,No, , , , , , , , , , , , , , , , , , , , , , , , , , , , , , , , , , , , , , , , , , , , , ,8,0,0,0,0,7,1,0,0,1,0,0,0,0,0,1,0,0,1,0,0,0,0,1,0,0,0,0,0,0,0,0,0,0,0,0,1,0,0,0,0,1,0,0,0,1,0,0,0,0,1,0,0,0,1,0,0,0,0,1,0,0,0,1,0,0,0,0,1,0,0,0,1,0,0,0,0,1,0,0,0,1,0,0,0,0,1,0,0,0,0, ,0,0,0,0,0,0,0,0,No, ,No, ,No, ,No, ,No, ,No, ,Si,2,Si,2,No, ,Si,1,Si,1,No, ,Si,2,No, ,8,0,No, ,Sí,2,1,1, , , , , , , , , , , , , , , , , , , , , , , , , , , , , , , , , , , , , , ,Ninguna, , , , , , , , , , , , , , , , , , ,-16.49334529,-72.09473022
0783,040122,22,SOCABAYA,De 5000 - 10000 Hab,Distrital, , , , , , , , , , , , , , , , , , , , , , , , , , , , ,2,4,1,22,No,Si,4,1,29,No,Si, , , , , , , , , , , , , , , , , , , , , , , , , , , , , , , , , , , , , , , , ,71,3,0,0,0,57,11,0,0,5,0,0,0,0,1,4,0,0,32,0,0,0,0,32,0,0,0,9,0,0,0,0,8,1,0,0,7,1,0,0,0,6,0,0,0,3,0,0,0,0,3,0,0,0,4,0,0,0,0,0,4,0,0,2,0,0,0,0,1,1,0,0,7,0,0,0,0,6,1,0,0,2,2,0,0,0,0,0,0,0,0, ,0,0,0,0,0,0,0,0,No, ,Si,1,No, ,Si,1,Si,1,No, ,Si,10,Si,8,Si,9,Si,6,Si,8,Si,7,Si,8,Si,12,71,0,No, ,Sí,3,6,6,6, , , , , , , , , , , , , , , , , , , , , , , , , , , , , , , , , , , , , ,Ninguna, , , , , , , , , , , , , , , , , , ,-16.44826012,-71.53252805
0784,040101,01,AREQUIPA,De 40001 - 80000 Hab,Distrital, , , , , , , , , , , , , , , , , , , , , , , , , , , , ,1,4,1,1,No,Si, , , , , , , , , , , , , , , , , , , , , , , , , , , , , , , , , , , , , , , , , , , , , ,47,0,1,0,0,34,11,1,0,9,0,0,0,0,5,4,0,0,16,0,0,0,0,16,0,0,0,7,0,0,0,0,3,4,0,0,2,0,0,0,0,2,0,0,0,2,0,0,0,0,2,0,0,0,2,0,0,0,0,0,2,0,0,2,0,0,0,0,0,1,1,0,6,0,0,0,0,6,0,0,0,1,0,1,0,0,0,0,0,0,0, ,0,0,0,0,0,0,0,0,No, ,No, ,Si,1,No, ,No, ,No, ,Si,8,Si,5,Si,7,Si,3,Si,4,Si,4,Si,5,Si,10,47,0,No, ,Sí,3,16,16,15, , , , , , , , , , , , , , , , , , , , , , , , , , , , , , , , , , , , , ,Ninguna, , , , , , , , , , , , , , , , , , ,-16.39993817,-71.53531562
0785,040123,23,TIABAYA,De 20001 - 40000 Hab,Distrital, , , , , , , , , , , , , , , , , , , , , , , , , , , , ,1,4,1,23,No,Si, , , , , , , , , , , , , , , , , , , , , , , , , , , , , , , , , , , , , , , , , , , , , ,33,1,0,0,0,26,6,0,0,7,0,0,0,0,4,3,0,0,8,0,0,0,0,8,0,0,0,2,0,0,0,0,2,0,0,0,2,0,0,0,0,2,0,0,0,2,0,0,0,0,2,0,0,0,2,0,0,0,0,0,2,0,0,2,0,0,0,0,1,1,0,0,7,0,0,0,0,7,0,0,0,1,1,0,0,0,0,0,0,0,0, ,0,0,0,0,0,0,0,0,No, ,No, ,No, ,No, ,Si,1,No, ,Si,5,Si,3,Si,5,No, ,Si,1,Si,3,Si,8,Si,7,33,0,No, ,Sí,5,8,8,7,6,5, , , , , , , , , , , , , , , , , , , , , , , , , , , , , , , , , , , ,Ninguna, , , , , , , , , , , , , , , , , , ,-16.44970419,-71.5886745
0786,040124,24,UCHUMAYO,De 10001 - 20000 Hab,Distrital, , , , , , , , , , , , , , , , , , , , , , , , , , , , ,1,4,1,24,No,Si, , , , , , , , , , , , , , , , , , , , , , , , , , , , , , , , , , , , , , , , , , , , , ,21,1,0,0,0,19,1,0,0,2,0,0,0,0,2,0,0,0,10,0,0,0,0,10,0,0,0,0,0,0,0,0,0,0,0,0,3,0,0,0,0,3,0,0,0,0,0,0,0,0,0,0,0,0,0,0,0,0,0,0,0,0,0,1,0,0,0,0,0,1,0,0,4,0,0,0,0,4,0,0,0,1,1,0,0,0,0,0,0,0,0, ,0,0,0,0,0,0,0,0,No, ,No, ,No, ,No, ,Si,1,No, ,Si,2,No, ,No, ,Si,3,No, ,Si,3,Si,5,Si,7,21,0,No, ,Sí,6,2,2,2,2,2,6, , , , , , , , , , , , , , , , , , , , , , , , , , , , , , , , , , ,Ninguna, , , , , , , , , , , , , , , , , , ,-16.42589549,-71.67322575
0787,040124,24,UCHUMAYO,Menos de 5000 Hab,Distrital, , , , , , , , , , , , , , , , , , , , , , , , , , , , ,1,4,1,24,No,Si, , , , , , , , , , , , , , , , , , , , , , , , , , , , , , , , , , , , , , , , , , , , , ,29,1,0,0,0,23,5,0,0,7,0,0,0,0,7,0,0,0,8,0,0,0,0,8,0,0,0,0,0,0,0,0,0,0,0,0,2,0,0,0,0,2,0,0,0,1,0,0,0,0,1,0,0,0,2,0,0,0,0,0,2,0,0,2,0,0,0,0,1,1,0,0,6,0,0,0,0,4,2,0,0,1,1,0,0,0,0,0,0,0,0, ,0,0,0,0,0,0,0,0,No, ,No, ,Si,1,No, ,No, ,No, ,Si,5,Si,4,Si,7,Si,2,Si,1,Si,1,Si,3,Si,5,29,0,No, ,Sí,2,2,2, , , , , , , , , , , , , , , , , , , , , , , , , , , , , , , , , , , , , , ,Almenos una,2,Si,Si,Si,Si,Si,Si,Si,Si,Si,Si,Si,No,No,No,No,No, ,-16.44615808,-71.61920635
0788,040125,25,VITOR,Menos de 5000 Hab,Distrital, , , , , , , , , , , , , , , , , , , , , , , , , , , , ,1,4,1,25,Si,No, , , , , , , , , , , , , , , , , , , , , , , , , , , , , , , , , , , , , , , , , , , , , ,13,1,0,0,0,10,2,0,0,1,0,0,0,0,1,0,0,0,3,0,0,0,0,3,0,0,0,0,0,0,0,0,0,0,0,0,2,0,0,0,0,2,0,0,0,2,0,0,0,0,2,0,0,0,1,0,0,0,0,0,1,0,0,1,0,0,0,0,0,1,0,0,2,0,0,0,0,2,0,0,0,1,1,0,0,0,0,0,0,0,0, ,0,0,0,0,0,0,0,0,No, ,No, ,No, ,No, ,Si,1,No, ,Si,3,Si,2,Si,2,No, ,Si,1,Si,2,Si,2,No, ,13,0,No, ,No, , , , , , , , , , , , , , , , , , , , , , , , , , , , , , , , , , , , , , , , , , , , , , , , , , , , , , , , , , , , ,-16.46897,-71.924783
0789,040117,17,SACHACA,De 20001 - 40000 Hab,Distrital, , , , , , , , , , , , , , , , , , , , , , , , , , , , ,2,4,1,17,No,Si,4,1,26,No,Si, , , , , , , , , , , , , , , , , , , , , , , , , , , , , , , , , , , , , , , , ,36,1,0,0,0,29,6,0,0,4,0,0,0,0,2,2,0,0,16,0,0,0,0,16,0,0,0,0,0,0,0,0,0,0,0,0,2,0,0,0,0,2,0,0,0,2,0,0,0,0,2,0,0,0,2,0,0,0,0,0,2,0,0,2,0,0,0,0,1,1,0,0,5,0,0,0,0,4,1,0,0,1,1,0,0,0,0,0,0,0,2,ADAPTACION A LA VIA CIVIL Y A LA LEY VIGILANTE,0,0,0,0,2,0,0,0,No, ,No, ,No, ,Si,1,No, ,No, ,Si,11,Si,3,Si,3,Si,1,Si,2,Si,2,Si,5,Si,8,36,0,No, ,Sí,2,3,3, , , , , , , , , , , , , , , , , , , , , , , , , , , , , , , , , , , , , , ,Ninguna, , , , , , , , , , , , , , , , , , ,-16.4114,-71.571753
0790,040126,26,YANAHUARA,De 80001 a más Hab,Distrital, , , , , , , , , , , , , , , , , , , , , , , , , , , , ,3,4,1,26,Si,No,4,1,1,No,Si,4,1,17,No,Si, , , , , , , , , , , , , , , , , , , , , , , , , , , , , , , , , , , ,76,2,1,0,0,60,13,0,0,10,0,0,0,0,7,3,0,0,19,0,0,0,0,19,0,0,0,24,0,0,0,0,20,4,0,0,6,0,0,0,0,6,0,0,0,2,0,0,0,0,1,1,0,0,3,0,0,0,0,0,3,0,0,2,0,0,0,0,1,1,0,0,6,0,0,0,0,5,1,0,0,3,2,1,0,0,0,0,0,0,1,LABORES DE CAPACITACION,0,0,0,0,1,0,0,0,No, ,Si,1,No, ,No, ,No, ,Si,2,Si,11,Si,11,Si,3,Si,4,Si,4,Si,2,Si,17,Si,21,76,0,Sí,8,Sí,2,25,25, , , , , , , , , , , , , , , , , , , , , , , , , , , , , , , , , , , , , , ,Ninguna, , , , , , , , , , , , , , , , , , ,-16.39132985,-71.54341095
0791,040127,27,YARABAMBA,De 20001 - 40000 Hab,Distrital, , , , , , , , , , , , , , , , , , , , , , , , , , , , ,2,4,1,27,Si,No,4,1,15,Si,No, , , , , , , , , , , , , , , , , , , , , , , , , , , , , , , , , , , , , , , , ,19,1,0,0,0,17,1,0,0,4,0,0,0,0,3,1,0,0,8,0,0,0,0,8,0,0,0,1,0,0,0,0,1,0,0,0,2,0,0,0,0,2,0,0,0,0,0,0,0,0,0,0,0,0,0,0,0,0,0,0,0,0,0,1,0,0,0,0,1,0,0,0,2,0,0,0,0,2,0,0,0,1,1,0,0,0,0,0,0,0,0, ,0,0,0,0,0,0,0,0,No, ,No, ,No, ,Si,1,No, ,No, ,Si,4,Si,5,Si,3,Si,1,Si,1,Si,1,Si,2,Si,1,19,0,No, ,Sí,2,9,9, , , , , , , , , , , , , , , , , , , , , , , , , , , , , , , , , , , , , , ,Ninguna, , , , , , , , , , , , , , , , , , ,-16.54677145,-71.47511549
0792,040128,28,YURA,De 20001 - 40000 Hab,Distrital, , , , , , , , , , , , , , , , , , , , , , , , , , , , ,2,4,1,28,No,Si,4,1,4,No,Si, , , , , , , , , , , , , , , , , , , , , , , , , , , , , , , , , , , , , , , , ,40,1,0,0,0,31,8,0,0,5,0,0,0,0,1,4,0,0,14,0,0,0,0,13,1,0,0,2,0,0,0,0,2,0,0,0,4,0,0,0,0,4,0,0,0,2,0,0,0,0,2,0,0,0,3,0,0,0,0,3,0,0,0,2,0,0,0,0,1,1,0,0,6,0,0,0,0,4,2,0,0,2,1,0,0,0,1,0,0,0,0, ,0,0,0,0,0,0,0,0,No, ,No, ,No, ,Si,1,No, ,No, ,Si,3,Si,3,Si,7,Si,2,Si,2,No, ,Si,7,Si,15,40,0,No, ,Sí,1,1, , , , , , , , , , , , , , , , , , , , , , , , , , , , , , , , , , , , , , , ,Ninguna, , , , , , , , , , , , , , , , , , ,-16.30343913,-71.61919418
0793,040128,28,YURA,De 5000 - 10000 Hab,Distrital, , , , , , , , , , , , , , , , , , , , , , , , , , , , ,1,4,1,28,No,Si, , , , , , , , , , , , , , , , , , , , , , , , , , , , , , , , , , , , , , , , , , , , , ,21,0,0,0,0,19,2,0,0,3,0,0,0,0,1,2,0,0,2,0,0,0,0,2,0,0,0,3,0,0,0,0,3,0,0,0,3,0,0,0,0,3,0,0,0,3,0,0,0,0,3,0,0,0,0,0,0,0,0,0,0,0,0,1,0,0,0,0,1,0,0,0,5,0,0,0,0,5,0,0,0,1,0,0,0,0,1,0,0,0,0, ,0,0,0,0,0,0,0,0,No, ,No, ,No, ,No, ,No, ,No, ,Si,1,Si,4,Si,3,Si,1,Si,1,Si,4,Si,3,Si,4,21,0,No, ,Sí,3,4,4,4, , , , , , , , , , , , , , , , , , , , , , , , , , , , , , , , , , , , , ,Ninguna, , , , , , , , , , , , , , , , , , ,-16.24640667,-71.69215912
0794,040129,29,JOSE LUIS BUSTAMANTE Y RIVERO,De 80001 a más Hab,Distrital, , , , , , , , , , , , , , , , , , , , , , , , , , , , ,2,4,1,29,No,Si,4,1,1,No,Si, , , , , , , , , , , , , , , , , , , , , , , , , , , , , , , , , , , , , , , , ,137,4,0,0,0,121,12,0,0,15,0,0,0,0,10,5,0,0,62,0,0,0,0,62,0,0,0,20,0,0,0,0,18,2,0,0,12,0,0,0,0,12,0,0,0,4,0,0,0,0,4,0,0,0,6,0,0,0,0,3,3,0,0,4,0,0,0,0,2,2,0,0,10,0,0,0,0,10,0,0,0,4,4,0,0,0,0,0,0,0,0, ,0,0,0,0,0,0,0,0,No, ,Si,1,No, ,Si,1,No, ,Si,2,Si,30,Si,28,Si,20,Si,17,Si,9,Si,5,Si,6,Si,18,137,0,No, ,No, , , , , , , , , , , , , , , , , , , , , , , , , , , , , , , , , , , , , , , , , , , , , , , , , , , , , , , , , , , , ,-16.42428962,-71.52954198
0795,040129,29,JOSE LUIS BUSTAMANTE Y RIVERO,De 40001 - 80000 Hab,Distrital, , , , , , , , , , , , , , , , , , , , , , , , , , , , ,2,4,1,29,No,Si,4,1,12,No,Si, , , , , , , , , , , , , , , , , , , , , , , , , , , , , , , , , , , , , , , , ,47,1,0,0,0,35,11,0,0,10,0,0,0,0,5,5,0,0,17,0,0,0,0,15,2,0,0,5,0,0,0,0,4,1,0,0,2,0,0,0,0,2,0,0,0,2,0,0,0,0,2,0,0,0,3,0,0,0,0,1,2,0,0,3,0,0,0,0,2,1,0,0,4,0,0,0,0,4,0,0,0,1,1,0,0,0,0,0,0,0,0, ,0,0,0,0,0,0,0,0,No, ,No, ,Si,1,No, ,No, ,No, ,Si,9,Si,8,Si,6,Si,3,Si,5,Si,2,Si,4,Si,9,47,0,No, ,No, , , , , , , , , , , , , , , , , , , , , , , , , , , , , , , , , , , , , , , , , , , , , , , , , , , , , , , , , , , , ,-16.44342823,-71.51377569
0796,040201,01,CAMANA,De 80001 a más Hab,Distrital, , , , , , , , , , , , , , , , , , , , , , , , , , , , ,1,4,2,1,Si,No, , , , , , , , , , , , , , , , , , , , , , , , , , , , , , , , , , , , , , , , , , , , , ,32,2,0,0,0,26,4,0,0,2,0,0,0,0,2,0,0,0,9,0,0,0,0,9,0,0,0,2,0,0,0,0,2,0,0,0,2,0,0,0,0,2,0,0,0,2,0,0,0,0,2,0,0,0,3,0,0,0,0,0,3,0,0,1,0,0,0,0,1,0,0,0,9,0,0,0,0,8,1,0,0,2,2,0,0,0,0,0,0,0,0, ,0,0,0,0,0,0,0,0,No, ,Si,1,No, ,No, ,No, ,Si,1,Si,5,Si,5,Si,2,Si,2,Si,2,Si,6,Si,1,Si,7,32,0,No, ,Sí,1,32, , , , , , , , , , , , , , , , , , , , , , , , , , , , , , , , , , , , , , , ,Ninguna, , , , , , , , , , , , , , , , , , ,-16.62728383,-72.71148512
0797,040202,02,JOSE MARIA QUIMPER,Menos de 5000 Hab,Distrital, , , , , , , , , , , , , , , , , , , , , , , , , , , , ,1,4,2,2,No,Si, , , , , , , , , , , , , , , , , , , , , , , , , , , , , , , , , , , , , , , , , , , , , ,12,0,0,0,0,11,1,0,0,1,0,0,0,0,0,1,0,0,3,0,0,0,0,3,0,0,0,1,0,0,0,0,1,0,0,0,2,0,0,0,0,2,0,0,0,0,0,0,0,0,0,0,0,0,1,0,0,0,0,1,0,0,0,1,0,0,0,0,1,0,0,0,2,0,0,0,0,2,0,0,0,1,0,0,0,0,1,0,0,0,0, ,0,0,0,0,0,0,0,0,No, ,No, ,No, ,No, ,No, ,No, ,Si,1,Si,1,Si,1,No, ,Si,1,Si,2,Si,2,Si,4,12,0,No, ,Sí,2,6,6, , , , , , , , , , , , , , , , , , , , , , , , , , , , , , , , , , , , , , ,Ninguna, , , , , , , , , , , , , , , , , , ,-16.60291453,-72.72649953
0798,040202,02,JOSE MARIA QUIMPER,Menos de 5000 Hab,Distrital, , , , , , , , , , , , , , , , , , , , , , , , , , , , ,1,4,2,2,No,Si, , , , , , , , , , , , , , , , , , , , , , , , , , , , , , , , , , , , , , , , , , , , , ,13,0,0,0,0,11,2,0,0,1,0,0,0,0,0,1,0,0,5,0,0,0,0,5,0,0,0,0,0,0,0,0,0,0,0,0,2,0,0,0,0,2,0,0,0,0,0,0,0,0,0,0,0,0,1,0,0,0,0,0,1,0,0,1,0,0,0,0,1,0,0,0,2,0,0,0,0,2,0,0,0,1,0,0,0,0,1,0,0,0,0, ,0,0,0,0,0,0,0,0,No, ,No, ,No, ,No, ,No, ,No, ,Si,1,Si,1,No, ,No, ,Si,2,Si,2,Si,3,Si,4,13,0,No, ,Sí,4,6,3,2,2, , , , , , , , , , , , , , , , , , , , , , , , , , , , , , , , , , , , ,Ninguna, , , , , , , , , , , , , , , , , , ,-16.60153513,-72.74995566
0799,040204,04,MARISCAL CACERES,Menos de 5000 Hab,Distrital, , , , , , , , , , , , , , , , , , , , , , , , , , , , ,1,4,2,4,No,Si, , , , , , , , , , , , , , , , , , , , , , , , , , , , , , , , , , , , , , , , , , , , , ,16,1,0,0,0,13,2,0,0,2,0,0,0,0,1,1,0,0,2,0,0,0,0,2,0,0,0,3,0,0,0,0,3,0,0,0,2,0,0,0,0,2,0,0,0,0,0,0,0,0,0,0,0,0,1,0,0,0,0,1,0,0,0,1,0,0,0,0,1,0,0,0,3,0,0,0,0,2,1,0,0,2,1,0,0,0,1,0,0,0,0, ,0,0,0,0,0,0,0,0,No, ,No, ,No, ,No, ,No, ,Si,1,Si,1,Si,1,No, ,Si,2,No, ,Si,4,Si,2,Si,5,16,0,Sí,2,Sí,2,4,4, , , , , , , , , , , , , , , , , , , , , , , , , , , , , , , , , , , , , , ,Ninguna, , , , , , , , , , , , , , , , , , ,-16.59815458,-72.77455035
0800,040204,04,MARISCAL CACERES,Menos de 5000 Hab,Distrital, , , , , , , , , , , , , , , , , , , , , , , , , , , , ,1,4,2,4,No,Si, , , , , , , , , , , , , , , , , , , , , , , , , , , , , , , , , , , , , , , , , , , , , ,13,0,0,0,0,11,2,0,0,1,0,0,0,0,0,1,0,0,4,0,0,0,0,4,0,0,0,2,0,0,0,0,2,0,0,0,1,0,0,0,0,1,0,0,0,0,0,0,0,0,0,0,0,0,1,0,0,0,0,0,1,0,0,1,0,0,0,0,1,0,0,0,2,0,0,0,0,2,0,0,0,1,0,0,0,0,1,0,0,0,0, ,0,0,0,0,0,0,0,0,No, ,No, ,No, ,No, ,No, ,No, ,Si,2,No, ,Si,1,Si,2,No, ,No, ,Si,3,Si,5,13,0,No, ,Sí,1,13, , , , , , , , , , , , , , , , , , , , , , , , , , , , , , , , , , , , , , , ,Ninguna, , , , , , , , , , , , , , , , , , ,-16.61943164,-72.73589648
0801,040205,05,NICOLAS DE PIEROLA,Menos de 5000 Hab,Distrital, , , , , , , , , , , , , , , , , , , , , , , , , , , , ,1,4,2,5,Si,No, , , , , , , , , , , , , , , , , , , , , , , , , , , , , , , , , , , , , , , , , , , , , ,12,0,0,0,0,10,2,0,0,1,0,0,0,0,0,1,0,0,3,0,0,0,0,3,0,0,0,1,0,0,0,0,1,0,0,0,1,0,0,0,0,1,0,0,0,1,0,0,0,0,1,0,0,0,1,0,0,0,0,1,0,0,0,1,0,0,0,0,0,1,0,0,2,0,0,0,0,2,0,0,0,1,0,0,0,0,1,0,0,0,0, ,0,0,0,0,0,0,0,0,No, ,No, ,No, ,No, ,No, ,No, ,Si,1,No, ,Si,1,No, ,No, ,Si,1,Si,4,Si,5,12,0,Sí,1,No, , , , , , , , , , , , , , , , , , , , , , , , , , , , , , , , , , , , , , , , , , , , , , , , , , , , , , , , , , , , ,-16.57310092,-72.71635982
0802,040206,06,OCOÑA,De 5000 - 10000 Hab,Distrital, , , , , , , , , , , , , , , , , , , , , , , , , , , , ,1,4,2,6,Si,No, , , , , , , , , , , , , , , , , , , , , , , , , , , , , , , , , , , , , , , , , , , , , ,16,0,0,0,0,15,1,0,0,1,0,0,0,0,1,0,0,0,5,0,0,0,0,5,0,0,0,2,0,0,0,0,2,0,0,0,1,0,0,0,0,1,0,0,0,1,0,0,0,0,1,0,0,0,2,0,0,0,0,1,1,0,0,1,0,0,0,0,1,0,0,0,2,0,0,0,0,2,0,0,0,1,0,0,0,0,1,0,0,0,0, ,0,0,0,0,0,0,0,0,No, ,No, ,No, ,No, ,No, ,No, ,Si,1,Si,2,Si,3,Si,3,Si,2,Si,2,Si,3,No, ,16,0,No, ,No, , , , , , , , , , , , , , , , , , , , , , , , , , , , , , , , , , , , , , , , , , , , , , , , , , , , , , , , , , , , ,-16.43492937,-73.10649838
0803,040606,06,RIO GRANDE,De 5000 - 10000 Hab,Distrital, , , , , , , , , , , , , , , , , , , , , , , , , , , , ,2,4,6,6,Si,No,4,2,3,Si,No, , , , , , , , , , , , , , , , , , , , , , , , , , , , , , , , , , , , , , , , ,19,1,0,0,0,18,0,0,0,0,0,0,0,0,0,0,0,0,2,0,0,0,0,2,0,0,0,2,0,0,0,0,2,0,0,0,2,0,0,0,0,2,0,0,0,0,0,0,0,0,0,0,0,0,0,0,0,0,0,0,0,0,0,1,0,0,0,0,1,0,0,0,2,0,0,0,0,2,0,0,0,2,1,0,0,0,1,0,0,0,8,PUESTO DE AUXILIO RAPIDO,0,0,0,0,8,0,0,0,No, ,No, ,No, ,No, ,No, ,Si,1,Si,2,Si,2,Si,2,Si,1,Si,1,No, ,Si,6,Si,4,19,0,No, ,Sí,1,2, , , , , , , , , , , , , , , , , , , , , , , , , , , , , , , , , , , , , , , ,Ninguna, , , , , , , , , , , , , , , , , , ,-15.9405076,-73.1313835
0804,040207,07,QUILCA,Menos de 5000 Hab,Distrital, , , , , , , , , , , , , , , , , , , , , , , , , , , , ,1,4,2,7,Si,No, , , , , , , , , , , , , , , , , , , , , , , , , , , , , , , , , , , , , , , , , , , , , ,10,0,0,0,0,7,3,0,0,1,0,0,0,0,1,0,0,0,2,0,0,0,0,2,0,0,0,0,0,0,0,0,0,0,0,0,2,0,0,0,0,2,0,0,0,0,0,0,0,0,0,0,0,0,1,0,0,0,0,0,1,0,0,1,0,0,0,0,0,1,0,0,2,0,0,0,0,2,0,0,0,1,0,0,0,0,0,1,0,0,0, ,0,0,0,0,0,0,0,0,No, ,No, ,No, ,No, ,No, ,No, ,Si,1,Si,1,Si,4,Si,2,Si,2,No, ,No, ,No, ,10,0,No, ,No, , , , , , , , , , , , , , , , , , , , , , , , , , , , , , , , , , , , , , , , , , , , , , , , , , , , , , , , , , , , ,-16.71627376,-72.42617504
0805,040208,08,SAMUEL PASTOR,De 20001 - 40000 Hab,Distrital, , , , , , , , , , , , , , , , , , , , , , , , , , , , ,1,4,2,8,Si,No, , , , , , , , , , , , , , , , , , , , , , , , , , , , , , , , , , , , , , , , , , , , , ,49,1,0,0,0,44,4,0,0,6,0,0,0,0,4,2,0,0,11,0,0,0,0,11,0,0,0,10,0,0,0,0,10,0,0,0,2,0,0,0,0,2,0,0,0,2,0,0,0,0,2,0,0,0,2,0,0,0,0,0,2,0,0,1,0,0,0,0,1,0,0,0,2,0,0,0,0,2,0,0,0,1,1,0,0,0,0,0,0,0,12,SALVATAJE,0,0,0,0,12,0,0,0,No, ,No, ,No, ,Si,1,No, ,No, ,Si,3,Si,1,Si,6,Si,2,Si,9,Si,7,Si,12,Si,8,49,0,No, ,Sí,2,5,5, , , , , , , , , , , , , , , , , , , , , , , , , , , , , , , , , , , , , , ,Ninguna, , , , , , , , , , , , , , , , , , ,-16.61348758,-72.69862999
0806,040301,01,CARAVELI,De 5000 - 10000 Hab,Distrital, , , , , , , , , , , , , , , , , , , , , , , , , , , , ,2,4,3,1,Si,No,4,3,6,Si,No, , , , , , , , , , , , , , , , , , , , , , , , , , , , , , , , , , , , , , , , ,16,1,0,0,0,14,1,0,0,2,0,0,0,0,2,0,0,0,4,0,0,0,0,4,0,0,0,2,0,0,0,0,2,0,0,0,3,0,0,0,0,3,0,0,0,0,0,0,0,0,0,0,0,0,0,0,0,0,0,0,0,0,0,1,0,0,0,0,0,1,0,0,3,0,0,0,0,3,0,0,0,1,1,0,0,0,0,0,0,0,0, ,0,0,0,0,0,0,0,0,No, ,Si,1,No, ,No, ,No, ,No, ,No, ,Si,3,Si,7,Si,1,Si,2,No, ,Si,1,Si,1,16,0,No, ,Sí,3,5,5,5, , , , , , , , , , , , , , , , , , , , , , , , , , , , , , , , , , , , , ,Ninguna, , , , , , , , , , , , , , , , , , ,-15.7740414,-73.36795875
0807,040302,02,ACARI,De 5000 - 10000 Hab,Distrital, , , , , , , , , , , , , , , , , , , , , , , , , , , , ,1,4,3,2,Si,No, , , , , , , , , , , , , , , , , , , , , , , , , , , , , , , , , , , , , , , , , , , , , ,10,1,0,0,0,9,0,0,0,2,0,0,0,0,2,0,0,0,2,0,0,0,0,2,0,0,0,0,0,0,0,0,0,0,0,0,1,0,0,0,0,1,0,0,0,1,0,0,0,0,1,0,0,0,0,0,0,0,0,0,0,0,0,1,0,0,0,0,1,0,0,0,2,0,0,0,0,2,0,0,0,1,1,0,0,0,0,0,0,0,0, ,0,0,0,0,0,0,0,0,No, ,No, ,Si,1,No, ,No, ,No, ,Si,2,Si,1,Si,4,Si,2,No, ,No, ,No, ,No, ,10,0,No, ,No, , , , , , , , , , , , , , , , , , , , , , , , , , , , , , , , , , , , , , , , , , , , , , , , , , , , , , , , , , , , ,-15.43613476,-74.61726369
0808,040303,03,ATICO,Menos de 5000 Hab,Distrital, , , , , , , , , , , , , , , , , , , , , , , , , , , , ,1,4,3,3,Si,No, , , , , , , , , , , , , , , , , , , , , , , , , , , , , , , , , , , , , , , , , , , , , ,14,0,0,0,0,14,0,0,0,1,0,0,0,0,1,0,0,0,3,0,0,0,0,3,0,0,0,0,0,0,0,0,0,0,0,0,2,0,0,0,0,2,0,0,0,2,0,0,0,0,2,0,0,0,1,0,0,0,0,1,0,0,0,1,0,0,0,0,1,0,0,0,3,0,0,0,0,3,0,0,0,1,0,0,0,0,1,0,0,0,0, ,0,0,0,0,0,0,0,0,No, ,No, ,No, ,No, ,No, ,No, ,No, ,Si,4,Si,2,Si,2,Si,2,No, ,Si,2,Si,2,14,0,No, ,Sí,3,5,5,4, , , , , , , , , , , , , , , , , , , , , , , , , , , , , , , , , , , , , ,Almenos una,3,No,No,No,No,No,No,No,No,No,No,Si,Si,Si,No,Si,Si,BOTIQUIN DE PRIMEROS AUXILIOS,-16.22838027,-73.60963356
0809,040305,05,BELLA UNION,Menos de 5000 Hab,Distrital, , , , , , , , , , , , , , , , , , , , , , , , , , , , ,1,4,3,5,Si,No, , , , , , , , , , , , , , , , , , , , , , , , , , , , , , , , , , , , , , , , , , , , , ,13,0,0,0,0,13,0,0,0,0,0,0,0,0,0,0,0,0,7,0,0,0,0,7,0,0,0,0,0,0,0,0,0,0,0,0,2,0,0,0,0,2,0,0,0,0,0,0,0,0,0,0,0,0,0,0,0,0,0,0,0,0,0,1,0,0,0,0,1,0,0,0,2,0,0,0,0,2,0,0,0,1,0,0,0,0,1,0,0,0,0, ,0,0,0,0,0,0,0,0,No, ,No, ,No, ,No, ,No, ,No, ,Si,1,Si,4,Si,4,Si,2,Si,1,Si,1,No, ,No, ,13,0,No, ,Sí,1,4, , , , , , , , , , , , , , , , , , , , , , , , , , , , , , , , , , , , , , , ,Ninguna, , , , , , , , , , , , , , , , , , ,-15.45042336,-74.65600391
0810,040307,07,CHALA,De 5000 - 10000 Hab,Distrital, , , , , , , , , , , , , , , , , , , , , , , , , , , , ,3,4,3,9,Si,No,4,3,7,Si,No,4,3,4,Si,No, , , , , , , , , , , , , , , , , , , , , , , , , , , , , , , , , , , ,28,1,0,0,0,27,0,0,0,2,0,0,0,0,2,0,0,0,8,0,0,0,0,8,0,0,0,4,0,0,0,0,4,0,0,0,3,0,0,0,0,3,0,0,0,2,0,0,0,0,2,0,0,0,2,0,0,0,0,2,0,0,0,2,0,0,0,0,2,0,0,0,3,0,0,0,0,3,0,0,0,1,1,0,0,0,0,0,0,0,1,PUESTO DE AUXILIO RAPIDO,0,0,0,0,1,0,0,0,No, ,No, ,Si,1,No, ,No, ,No, ,Si,1,Si,6,Si,8,Si,3,Si,3,Si,2,Si,4,No, ,28,0,No, ,Sí,5,1,1,1,1,1, , , , , , , , , , , , , , , , , , , , , , , , , , , , , , , , , , , ,Ninguna, , , , , , , , , , , , , , , , , , ,-15.86630459,-74.24699164
0811,040308,08,CHAPARRA,De 5000 - 10000 Hab,Distrital, , , , , , , , , , , , , , , , , , , , , , , , , , , , ,2,4,3,8,Si,No,4,3,12,Si,No, , , , , , , , , , , , , , , , , , , , , , , , , , , , , , , , , , , , , , , , ,11,0,0,0,0,11,0,0,0,1,0,0,0,0,1,0,0,0,2,0,0,0,0,2,0,0,0,0,0,0,0,0,0,0,0,0,1,0,0,0,0,1,0,0,0,1,0,0,0,0,1,0,0,0,0,0,0,0,0,0,0,0,0,1,0,0,0,0,1,0,0,0,2,0,0,0,0,2,0,0,0,1,0,0,0,0,1,0,0,0,2,PUESTO DE AUXILIO RAPIDO,0,0,0,0,2,0,0,0,No, ,No, ,No, ,No, ,No, ,No, ,Si,3,Si,2,Si,3,No, ,Si,1,Si,1,Si,1,No, ,11,0,No, ,Sí,1,2, , , , , , , , , , , , , , , , , , , , , , , , , , , , , , , , , , , , , , , ,Ninguna, , , , , , , , , , , , , , , , , , ,-15.80488227,-73.96647011
0812,040310,10,JAQUI,De 5000 - 10000 Hab,Distrital, , , , , , , , , , , , , , , , , , , , , , , , , , , , ,1,4,3,10,Si,No, , , , , , , , , , , , , , , , , , , , , , , , , , , , , , , , , , , , , , , , , , , , , ,7,0,0,0,0,6,1,0,0,1,0,0,0,0,1,0,0,0,2,0,0,0,0,2,0,0,0,0,0,0,0,0,0,0,0,0,1,0,0,0,0,1,0,0,0,0,0,0,0,0,0,0,0,0,0,0,0,0,0,0,0,0,0,1,0,0,0,0,1,0,0,0,1,0,0,0,0,1,0,0,0,1,0,0,0,0,0,1,0,0,0, ,0,0,0,0,0,0,0,0,No, ,No, ,No, ,No, ,No, ,No, ,Si,2,No, ,Si,1,No, ,No, ,No, ,No, ,Si,4,7,0,No, ,No, , , , , , , , , , , , , , , , , , , , , , , , , , , , , , , , , , , , , , , , , , , , , , , , , , , , , , , , , , , , ,-15.4785065,-74.44317687
0813,040311,11,LOMAS,De 5000 - 10000 Hab,Distrital, , , , , , , , , , , , , , , , , , , , , , , , , , , , ,1,4,3,11,Si,No, , , , , , , , , , , , , , , , , , , , , , , , , , , , , , , , , , , , , , , , , , , , , ,14,1,0,0,0,13,0,0,0,2,0,0,0,0,2,0,0,0,6,0,0,0,0,6,0,0,0,0,0,0,0,0,0,0,0,0,1,0,0,0,0,1,0,0,0,1,0,0,0,0,1,0,0,0,0,0,0,0,0,0,0,0,0,1,0,0,0,0,1,0,0,0,2,0,0,0,0,2,0,0,0,1,1,0,0,0,0,0,0,0,0, ,0,0,0,0,0,0,0,0,No, ,No, ,No, ,No, ,No, ,Si,1,Si,2,Si,1,Si,3,Si,4,Si,1,Si,1,Si,1,No, ,14,0,No, ,No, , , , , , , , , , , , , , , , , , , , , , , , , , , , , , , , , , , , , , , , , , , , , , , , , , , , , , , , , , , , ,-15.569629,-74.85095783
0814,040313,13,YAUCA,De 5000 - 10000 Hab,Distrital, , , , , , , , , , , , , , , , , , , , , , , , , , , , ,1,4,3,13,Si,No, , , , , , , , , , , , , , , , , , , , , , , , , , , , , , , , , , , , , , , , , , , , , ,10,0,0,0,0,10,0,0,0,1,0,0,0,0,1,0,0,0,3,0,0,0,0,3,0,0,0,0,0,0,0,0,0,0,0,0,1,0,0,0,0,1,0,0,0,1,0,0,0,0,1,0,0,0,0,0,0,0,0,0,0,0,0,1,0,0,0,0,1,0,0,0,2,0,0,0,0,2,0,0,0,1,0,0,0,0,1,0,0,0,0, ,0,0,0,0,0,0,0,0,No, ,No, ,No, ,No, ,No, ,No, ,No, ,Si,2,Si,6,Si,1,No, ,No, ,Si,1,No, ,10,0,No, ,Sí,1,2, , , , , , , , , , , , , , , , , , , , , , , , , , , , , , , , , , , , , , , ,Ninguna, , , , , , , , , , , , , , , , , , ,-15.66238963,-74.52762903
0815,040401,01,APLAO,De 5000 - 10000 Hab,Provincial, , , , , , , ,2,4,4,4,4, , , , , , , , , , , , , , , , , , , , , , , , , , , , , , , , , , , , , , , , , , , , , , , , , , , , , , , , , , , , , , , , , , , ,22,1,0,0,0,19,2,0,0,2,0,0,0,0,1,1,0,0,6,0,0,0,0,6,0,0,0,2,0,0,0,0,2,0,0,0,3,0,0,0,0,3,0,0,0,0,0,0,0,0,0,0,0,0,3,0,0,0,0,3,0,0,0,1,0,0,0,0,0,1,0,0,3,0,0,0,0,3,0,0,0,1,1,0,0,0,0,0,0,0,1,SOMETIDOS A LEY,0,0,0,0,1,0,0,0,No, ,No, ,Si,1,No, ,No, ,No, ,No, ,Si,4,Si,6,No, ,Si,2,Si,2,Si,6,Si,1,22,0,No, ,Sí,5,4,5,4,4,5, , , , , , , , , , , , , , , , , , , , , , , , , , , , , , , , , , , ,Ninguna, , , , , , , , , , , , , , , , , , ,-16.07950772,-72.49406345
0816,040401,01,APLAO,De 5000 - 10000 Hab,Provincial, , , , , , , ,2,4,4,4,6, , , , , , , , , , , , , , , , , , , , , , , , , , , , , , , , , , , , , , , , , , , , , , , , , , , , , , , , , , , , , , , , , , , ,23,1,0,0,0,22,0,0,0,1,0,0,0,0,1,0,0,0,17,0,0,0,0,17,0,0,0,0,0,0,0,0,0,0,0,0,0,0,0,0,0,0,0,0,0,0,0,0,0,0,0,0,0,0,0,0,0,0,0,0,0,0,0,0,0,0,0,0,0,0,0,0,4,0,0,0,0,4,0,0,0,1,1,0,0,0,0,0,0,0,0, ,0,0,0,0,0,0,0,0,No, ,No, ,No, ,No, ,Si,1,No, ,No, ,No, ,Si,4,Si,3,Si,6,No, ,Si,9,No, ,23,0,No, ,Sí,5,3,2,2,3,2, , , , , , , , , , , , , , , , , , , , , , , , , , , , , , , , , , , ,Almenos una,5,Si,Si,Si,No,Si,No,No,No,Si,No,No,Si,No,No,No,No, ,-16.07847712,-72.49325102
0817,040402,02,ANDAGUA,De 10001 - 20000 Hab,Distrital, , , , , , , , , , , , , , , , , , , , , , , , , , , , ,3,4,4,2,Si,No,4,4,3,Si,No,4,4,4,No,Si, , , , , , , , , , , , , , , , , , , , , , , , , , , , , , , , , , , ,13,0,0,0,0,13,0,0,0,1,0,0,0,0,1,0,0,0,0,0,0,0,0,0,0,0,0,5,0,0,0,0,5,0,0,0,0,0,0,0,0,0,0,0,0,2,0,0,0,0,2,0,0,0,0,0,0,0,0,0,0,0,0,1,0,0,0,0,1,0,0,0,2,0,0,0,0,2,0,0,0,1,0,0,0,0,1,0,0,0,1,PUESTO DE AUXILIO RAPIDO,0,0,0,0,1,0,0,0,No, ,No, ,No, ,No, ,No, ,No, ,Si,3,Si,2,Si,1,No, ,Si,3,Si,2,Si,2,No, ,13,0,No, ,Sí,2,1,1, , , , , , , , , , , , , , , , , , , , , , , , , , , , , , , , , , , , , , ,Ninguna, , , , , , , , , , , , , , , , , , ,-15.49860811,-72.3564859
0818,040307,07,CHALA,Menos de 5000 Hab,Distrital, , , , , , , , , , , , , , , , , , , , , , , , , , , , ,1,4,3,7,No,Si, , , , , , , , , , , , , , , , , , , , , , , , , , , , , , , , , , , , , , , , , , , , , ,30,1,0,0,0,29,0,0,0,1,0,0,0,0,1,0,0,0,26,0,0,0,0,26,0,0,0,0,0,0,0,0,0,0,0,0,0,0,0,0,0,0,0,0,0,0,0,0,0,0,0,0,0,0,0,0,0,0,0,0,0,0,0,0,0,0,0,0,0,0,0,0,2,0,0,0,0,2,0,0,0,1,1,0,0,0,0,0,0,0,0, ,0,0,0,0,0,0,0,0,No, ,No, ,Si,1,No, ,No, ,No, ,No, ,Si,3,Si,1,Si,2,Si,9,Si,6,Si,7,Si,1,30,0,No, ,Sí,2,5,5, , , , , , , , , , , , , , , , , , , , , , , , , , , , , , , , , , , , , , ,Almenos una,1,No,No,Si,No,No,No,No,No,Si,No,No,Si,No,Si,No,No, ,-15.85167706,-74.25257857
0819,040408,08,MACHAGUAY,De 10001 - 20000 Hab,Distrital, , , , , , , , , , , , , , , , , , , , , , , , , , , , ,2,4,4,8,Si,No,4,4,12,Si,No, , , , , , , , , , , , , , , , , , , , , , , , , , , , , , , , , , , , , , , , ,9,0,0,0,0,9,0,0,0,1,0,0,0,0,1,0,0,0,2,0,0,0,0,2,0,0,0,2,0,0,0,0,2,0,0,0,0,0,0,0,0,0,0,0,0,1,0,0,0,0,1,0,0,0,0,0,0,0,0,0,0,0,0,1,0,0,0,0,1,0,0,0,1,0,0,0,0,1,0,0,0,1,0,0,0,0,1,0,0,0,0, ,0,0,0,0,0,0,0,0,No, ,No, ,No, ,No, ,No, ,No, ,Si,1,No, ,Si,2,No, ,Si,2,No, ,Si,4,No, ,9,0,No, ,Sí,3,2,2,2, , , , , , , , , , , , , , , , , , , , , , , , , , , , , , , , , , , , , ,Almenos una,1,No,Si,No,No,No,No,No,No,No,Si,Si,Si,No,No,No,No, ,-15.65079101,-72.50536875
0820,040409,09,ORCOPAMPA,De 20001 - 40000 Hab,Distrital, , , , , , , , , , , , , , , , , , , , , , , , , , , , ,2,4,4,9,Si,No,4,4,5,Si,No, , , , , , , , , , , , , , , , , , , , , , , , , , , , , , , , , , , , , , , , ,13,1,0,0,0,12,0,0,0,1,0,0,0,0,1,0,0,0,0,0,0,0,0,0,0,0,0,3,0,0,0,0,3,0,0,0,3,0,0,0,0,3,0,0,0,0,0,0,0,0,0,0,0,0,1,0,0,0,0,1,0,0,0,1,0,0,0,0,1,0,0,0,3,0,0,0,0,3,0,0,0,1,1,0,0,0,0,0,0,0,0, ,0,0,0,0,0,0,0,0,No, ,No, ,No, ,No, ,Si,1,No, ,Si,3,Si,2,Si,3,Si,2,Si,1,Si,1,No, ,No, ,13,0,No, ,No, , , , , , , , , , , , , , , , , , , , , , , , , , , , , , , , , , , , , , , , , , , , , , , , , , , , , , , , , , , , ,-15.26821631,-72.34401302
0821,040410,10,PAMPACOLCA,De 20001 - 40000 Hab,Distrital, , , , , , , , , , , , , , , , , , , , , , , , , , , , ,1,4,4,10,Si,No, , , , , , , , , , , , , , , , , , , , , , , , , , , , , , , , , , , , , , , , , , , , , ,9,0,0,0,0,9,0,0,0,1,0,0,0,0,1,0,0,0,2,0,0,0,0,2,0,0,0,1,0,0,0,0,1,0,0,0,0,0,0,0,0,0,0,0,0,1,0,0,0,0,1,0,0,0,1,0,0,0,0,1,0,0,0,1,0,0,0,0,1,0,0,0,1,0,0,0,0,1,0,0,0,1,0,0,0,0,1,0,0,0,0, ,0,0,0,0,0,0,0,0,No, ,No, ,No, ,No, ,No, ,No, ,No, ,Si,1,Si,3,No, ,Si,1,No, ,Si,3,Si,1,9,0,No, ,Sí,5,2,2,2,2,1, , , , , , , , , , , , , , , , , , , , , , , , , , , , , , , , , , , ,Ninguna, , , , , , , , , , , , , , , , , , ,-15.71472887,-72.57313172
0822,040413,13,URACA,De 20001 - 40000 Hab,Distrital, , , , , , , , , , , , , , , , , , , , , , , , , , , , ,1,4,4,13,Si,No, , , , , , , , , , , , , , , , , , , , , , , , , , , , , , , , , , , , , , , , , , , , , ,16,0,0,0,0,14,2,0,0,1,0,0,0,0,1,0,0,0,3,0,0,0,0,3,0,0,0,4,0,0,0,0,4,0,0,0,3,0,0,0,0,3,0,0,0,0,0,0,0,0,0,0,0,0,1,0,0,0,0,0,1,0,0,1,0,0,0,0,1,0,0,0,2,0,0,0,0,1,1,0,0,1,0,0,0,0,1,0,0,0,0, ,0,0,0,0,0,0,0,0,No, ,No, ,No, ,No, ,No, ,No, ,Si,2,Si,2,Si,2,Si,3,Si,3,Si,1,Si,2,Si,1,16,0,No, ,Sí,3,3,3,3, , , , , , , , , , , , , , , , , , , , , , , , , , , , , , , , , , , , , ,Ninguna, , , , , , , , , , , , , , , , , , ,-16.22202749,-72.47133516
0823,040414,14,VIRACO,De 20001 - 40000 Hab,Distrital, , , , , , , , , , , , , , , , , , , , , , , , , , , , ,2,4,4,14,Si,No,4,4,11,Si,No, , , , , , , , , , , , , , , , , , , , , , , , , , , , , , , , , , , , , , , , ,16,0,0,0,0,15,1,0,0,1,0,0,0,0,1,0,0,0,2,0,0,0,0,2,0,0,0,2,0,0,0,0,2,0,0,0,2,0,0,0,0,2,0,0,0,0,0,0,0,0,0,0,0,0,0,0,0,0,0,0,0,0,0,1,0,0,0,0,1,0,0,0,2,0,0,0,0,1,1,0,0,1,0,0,0,0,1,0,0,0,5,PUESTO DE AUXILIO RAPIDO,0,0,0,0,5,0,0,0,No, ,No, ,No, ,No, ,No, ,No, ,Si,1,Si,2,Si,4,Si,1,Si,3,Si,2,Si,3,No, ,16,0,No, ,Sí,2,5,3, , , , , , , , , , , , , , , , , , , , , , , , , , , , , , , , , , , , , , ,Ninguna, , , , , , , , , , , , , , , , , , ,-15.65846823,-72.5247746
0824,040501,01,CHIVAY,De 40001 - 80000 Hab,Distrital, , , , , , , , , , , , , , , , , , , , , , , , , , , , ,7,4,5,1,Si,No,4,5,19,Si,No,4,5,2,Si,No,4,5,12,Si,No,4,5,9,Si,No,4,5,6,Si,No,4,5,18,Si,No, , , , , , , , , , , , , , , ,24,1,0,0,0,22,1,0,0,2,0,0,0,0,2,0,0,0,8,0,0,0,0,8,0,0,0,5,0,0,0,0,5,0,0,0,0,0,0,0,0,0,0,0,0,2,0,0,0,0,2,0,0,0,2,0,0,0,0,1,1,0,0,2,0,0,0,0,2,0,0,0,2,0,0,0,0,2,0,0,0,1,1,0,0,0,0,0,0,0,0, ,0,0,0,0,0,0,0,0,No, ,No, ,Si,1,No, ,No, ,No, ,Si,2,Si,3,Si,3,Si,1,Si,3,Si,5,Si,5,Si,1,24,0,No, ,Sí,1,12, , , , , , , , , , , , , , , , , , , , , , , , , , , , , , , , , , , , , , , ,Ninguna, , , , , , , , , , , , , , , , , , ,-15.63693945,-71.60172461
0825,040503,03,CABANACONDE,De 20001 - 40000 Hab,Distrital, , , , , , , , , , , , , , , , , , , , , , , , , , , , ,3,4,5,3,Si,No,4,5,16,Si,No,4,4,6,No,Si, , , , , , , , , , , , , , , , , , , , , , , , , , , , , , , , , , , ,12,0,0,0,0,12,0,0,0,1,0,0,0,0,1,0,0,0,2,0,0,0,0,2,0,0,0,1,0,0,0,0,1,0,0,0,1,0,0,0,0,1,0,0,0,1,0,0,0,0,1,0,0,0,1,0,0,0,0,1,0,0,0,1,0,0,0,0,1,0,0,0,3,0,0,0,0,3,0,0,0,1,0,0,0,0,1,0,0,0,0, ,0,0,0,0,0,0,0,0,No, ,No, ,No, ,No, ,No, ,No, ,Si,3,Si,3,Si,3,Si,1,No, ,Si,1,No, ,Si,1,12,0,No, ,Sí,1,3, , , , , , , , , , , , , , , , , , , , , , , , , , , , , , , , , , , , , , , ,Ninguna, , , , , , , , , , , , , , , , , , ,-15.62264488,-71.98046065
0826,040501,01,CHIVAY,De 20001 - 40000 Hab,Provincial, , , , , , , ,1,4,5, , , , , , , , , , , , , , , , , , , , , , , , , , , , , , , , , , , , , , , , , , , , , , , , , , , , , , , , , , , , , , , , , , , , , ,18,1,0,0,0,17,0,0,0,1,0,0,0,0,1,0,0,0,14,0,0,0,0,14,0,0,0,0,0,0,0,0,0,0,0,0,0,0,0,0,0,0,0,0,0,0,0,0,0,0,0,0,0,0,0,0,0,0,0,0,0,0,0,0,0,0,0,0,0,0,0,0,2,0,0,0,0,2,0,0,0,1,1,0,0,0,0,0,0,0,0, ,0,0,0,0,0,0,0,0,No, ,No, ,Si,1,No, ,No, ,No, ,Si,2,Si,1,Si,1,No, ,Si,2,Si,2,Si,7,Si,2,18,0,No, ,Sí,1,4, , , , , , , , , , , , , , , , , , , , , , , , , , , , , , , , , , , , , , , ,Ninguna, , , , , , , , , , , , , , , , , , ,-15.6453527,-71.60408154
0827,040505,05,CAYLLOMA,De 20001 - 40000 Hab,Distrital, , , , , , , , , , , , , , , , , , , , , , , , , , , , ,3,4,5,5,Si,No,4,5,16,No,Si,4,4,4,No,Si, , , , , , , , , , , , , , , , , , , , , , , , , , , , , , , , , , , ,18,1,0,0,0,17,0,0,0,1,0,0,0,0,1,0,0,0,2,0,0,0,0,2,0,0,0,5,0,0,0,0,5,0,0,0,2,0,0,0,0,2,0,0,0,2,0,0,0,0,2,0,0,0,2,0,0,0,0,2,0,0,0,1,0,0,0,0,1,0,0,0,2,0,0,0,0,2,0,0,0,1,1,0,0,0,0,0,0,0,0, ,0,0,0,0,0,0,0,0,No, ,No, ,No, ,Si,1,No, ,No, ,Si,3,Si,6,Si,1,Si,3,No, ,No, ,Si,4,No, ,18,0,No, ,Sí,1,4, , , , , , , , , , , , , , , , , , , , , , , , , , , , , , , , , , , , , , , ,Ninguna, , , , , , , , , , , , , , , , , , ,-15.18823522,-71.7733351
0828,040507,07,HUAMBO,Menos de 5000 Hab,Distrital, , , , , , , , , , , , , , , , , , , , , , , , , , , , ,1,4,5,7,Si,No, , , , , , , , , , , , , , , , , , , , , , , , , , , , , , , , , , , , , , , , , , , , , ,8,0,0,0,0,8,0,0,0,1,0,0,0,0,1,0,0,0,2,0,0,0,0,2,0,0,0,0,0,0,0,0,0,0,0,0,2,0,0,0,0,2,0,0,0,0,0,0,0,0,0,0,0,0,0,0,0,0,0,0,0,0,0,1,0,0,0,0,1,0,0,0,1,0,0,0,0,1,0,0,0,1,0,0,0,0,1,0,0,0,0, ,0,0,0,0,0,0,0,0,No, ,No, ,No, ,No, ,No, ,No, ,Si,2,Si,2,Si,2,No, ,No, ,Si,1,Si,1,No, ,8,0,No, ,Sí,1,3, , , , , , , , , , , , , , , , , , , , , , , , , , , , , , , , , , , , , , , ,Ninguna, , , , , , , , , , , , , , , , , , ,-15.73063305,-72.10776511
0829,040508,08,HUANCA,Menos de 5000 Hab,Distrital, , , , , , , , , , , , , , , , , , , , , , , , , , , , ,2,4,5,8,Si,No,4,5,11,Si,No, , , , , , , , , , , , , , , , , , , , , , , , , , , , , , , , , , , , , , , , ,12,0,0,0,0,12,0,0,0,2,0,0,0,0,2,0,0,0,0,0,0,0,0,0,0,0,0,0,0,0,0,0,0,0,0,0,3,0,0,0,0,3,0,0,0,0,0,0,0,0,0,0,0,0,0,0,0,0,0,0,0,0,0,1,0,0,0,0,1,0,0,0,2,0,0,0,0,2,0,0,0,1,0,0,0,0,1,0,0,0,3,PUESTO DE AUXILIO RAPIDO,0,0,0,0,3,0,0,0,No, ,No, ,No, ,No, ,No, ,No, ,Si,3,Si,1,Si,4,Si,1,No, ,No, ,Si,2,Si,1,12,0,No, ,No, , , , , , , , , , , , , , , , , , , , , , , , , , , , , , , , , , , , , , , , , , , , , , , , , , , , , , , , , , , , ,-16.0342544,-71.87817105
0830,040513,13,MADRIGAL,De 5000 - 10000 Hab,Distrital, , , , , , , , , , , , , , , , , , , , , , , , , , , , ,2,4,5,13,Si,No,4,5,10,Si,No, , , , , , , , , , , , , , , , , , , , , , , , , , , , , , , , , , , , , , , , ,11,0,0,0,0,11,0,0,0,1,0,0,0,0,1,0,0,0,0,0,0,0,0,0,0,0,0,3,0,0,0,0,3,0,0,0,2,0,0,0,0,2,0,0,0,0,0,0,0,0,0,0,0,0,0,0,0,0,0,0,0,0,0,1,0,0,0,0,1,0,0,0,3,0,0,0,0,3,0,0,0,1,0,0,0,0,1,0,0,0,0, ,0,0,0,0,0,0,0,0,No, ,No, ,No, ,No, ,No, ,No, ,Si,4,Si,2,Si,2,Si,1,Si,1,No, ,No, ,Si,1,11,0,No, ,Sí,1,2, , , , , , , , , , , , , , , , , , , , , , , , , , , , , , , , , , , , , , , ,Ninguna, , , , , , , , , , , , , , , , , , ,-15.6082688,-71.80721538
0831,040514,14,SAN ANTONIO DE CHUCA,De 5000 - 10000 Hab,Distrital, , , , , , , , , , , , , , , , , , , , , , , , , , , , ,1,4,5,14,Si,No, , , , , , , , , , , , , , , , , , , , , , , , , , , , , , , , , , , , , , , , , , , , , ,14,1,0,0,0,13,0,0,0,1,0,0,0,0,1,0,0,0,6,0,0,0,0,6,0,0,0,0,0,0,0,0,0,0,0,0,3,0,0,0,0,3,0,0,0,0,0,0,0,0,0,0,0,0,0,0,0,0,0,0,0,0,0,1,0,0,0,0,1,0,0,0,2,0,0,0,0,2,0,0,0,1,1,0,0,0,0,0,0,0,0, ,0,0,0,0,0,0,0,0,No, ,No, ,No, ,No, ,Si,1,No, ,Si,1,Si,3,Si,2,Si,2,Si,1,Si,2,Si,1,Si,1,14,0,No, ,No, , , , , , , , , , , , , , , , , , , , , , , , , , , , , , , , , , , , , , , , , , , , , , , , , , , , , , , , , , , , ,-15.83807214,-71.09157428
0832,040515,15,SIBAYO,De 5000 - 10000 Hab,Distrital, , , , , , , , , , , , , , , , , , , , , , , , , , , , ,3,4,5,17,Si,No,4,5,4,Si,No,4,5,15,Si,No, , , , , , , , , , , , , , , , , , , , , , , , , , , , , , , , , , , ,10,0,0,0,0,10,0,0,0,1,0,0,0,0,1,0,0,0,0,0,0,0,0,0,0,0,0,2,0,0,0,0,2,0,0,0,3,0,0,0,0,3,0,0,0,0,0,0,0,0,0,0,0,0,0,0,0,0,0,0,0,0,0,1,0,0,0,0,1,0,0,0,2,0,0,0,0,2,0,0,0,1,0,0,0,0,1,0,0,0,0, ,0,0,0,0,0,0,0,0,No, ,No, ,No, ,No, ,No, ,No, ,Si,1,Si,2,Si,3,Si,1,Si,1,Si,1,Si,1,No, ,10,0,No, ,Sí,5,2,1,1,2,1, , , , , , , , , , , , , , , , , , , , , , , , , , , , , , , , , , , ,Ninguna, , , , , , , , , , , , , , , , , , ,-15.49297009,-71.46466364
0833,040520,20,MAJES,De 40001 - 80000 Hab,Distrital, , , , , , , , , , , , , , , , , , , , , , , , , , , , ,1,4,5,20,Si,No, , , , , , , , , , , , , , , , , , , , , , , , , , , , , , , , , , , , , , , , , , , , , ,79,1,0,0,0,71,7,0,0,4,0,0,0,0,3,1,0,0,38,0,0,0,0,37,1,0,0,0,0,0,0,0,0,0,0,0,7,0,0,0,0,6,1,0,0,6,0,0,0,0,6,0,0,0,0,0,0,0,0,0,0,0,0,1,0,0,0,0,1,0,0,0,8,0,0,0,0,4,4,0,0,1,1,0,0,0,0,0,0,0,14,PUESTO DE AUXILIO RAPIDO,0,0,0,0,14,0,0,0,No, ,Si,1,No, ,No, ,No, ,No, ,Si,10,Si,11,Si,11,Si,8,Si,2,Si,4,Si,12,Si,20,79,0,No, ,Sí,5,5,5,5,5,5, , , , , , , , , , , , , , , , , , , , , , , , , , , , , , , , , , , ,Ninguna, , , , , , , , , , , , , , , , , , ,-16.34866792,-72.18785917
0834,040601,01,CHUQUIBAMBA,De 40001 - 80000 Hab,Provincial, , , , , , , ,1,4,6, , , , , , , , , , , , , , , , , , , , , , , , , , , , , , , , , , , , , , , , , , , , , , , , , , , , , , , , , , , , , , , , , , , , , ,16,1,0,0,0,15,0,0,0,2,0,0,0,0,2,0,0,0,3,0,0,0,0,3,0,0,0,3,0,0,0,0,3,0,0,0,1,0,0,0,0,1,0,0,0,1,0,0,0,0,1,0,0,0,1,0,0,0,0,1,0,0,0,1,0,0,0,0,1,0,0,0,3,0,0,0,0,3,0,0,0,1,1,0,0,0,0,0,0,0,0, ,0,0,0,0,0,0,0,0,No, ,No, ,No, ,Si,1,No, ,No, ,Si,3,Si,3,Si,3,Si,1,No, ,No, ,Si,3,Si,2,16,0,No, ,Sí,1,4, , , , , , , , , , , , , , , , , , , , , , , , , , , , , , , , , , , , , , , ,Ninguna, , , , , , , , , , , , , , , , , , ,-15.84047907,-72.65105661
0835,040603,03,CAYARANI,Menos de 5000 Hab,Otros,CENTRO POBLADO, , , , , , , , , , , , , , , , , , , , , , , , , , , , , , , , , , , , , , , , , , , , , , , , , , , , , , , , , , , , , , , , , , , , , , , , , , , , , , ,11,0,0,0,0,11,0,0,0,1,0,0,0,0,1,0,0,0,3,0,0,0,0,3,0,0,0,2,0,0,0,0,2,0,0,0,2,0,0,0,0,2,0,0,0,0,0,0,0,0,0,0,0,0,0,0,0,0,0,0,0,0,0,1,0,0,0,0,1,0,0,0,1,0,0,0,0,1,0,0,0,1,0,0,0,0,1,0,0,0,0, ,0,0,0,0,0,0,0,0,No, ,No, ,No, ,No, ,No, ,No, ,Si,2,Si,4,Si,2,Si,2,No, ,No, ,Si,1,No, ,11,0,No, ,Sí,1,7, , , , , , , , , , , , , , , , , , , , , , , , , , , , , , , , , , , , , , , ,Ninguna, , , , , , , , , , , , , , , , , , ,-15.041527,-72.275648
0836,040602,02,ANDARAY,De 20001 - 40000 Hab,Distrital, , , , , , , , , , , , , , , , , , , , , , , , , , , , ,1,4,6,2,Si,No, , , , , , , , , , , , , , , , , , , , , , , , , , , , , , , , , , , , , , , , , , , , , ,9,0,0,0,0,9,0,0,0,1,0,0,0,0,1,0,0,0,1,0,0,0,0,1,0,0,0,2,0,0,0,0,2,0,0,0,2,0,0,0,0,2,0,0,0,0,0,0,0,0,0,0,0,0,0,0,0,0,0,0,0,0,0,1,0,0,0,0,1,0,0,0,1,0,0,0,0,1,0,0,0,1,0,0,0,0,1,0,0,0,0, ,0,0,0,0,0,0,0,0,No, ,No, ,No, ,No, ,No, ,No, ,Si,1,Si,1,Si,3,Si,1,Si,2,Si,1,No, ,No, ,9,0,No, ,Sí,1,8, , , , , , , , , , , , , , , , , , , , , , , , , , , , , , , , , , , , , , , ,Ninguna, , , , , , , , , , , , , , , , , , ,-15.79727012,-72.86014663
0837,040607,07,SALAMANCA,De 20001 - 40000 Hab,Distrital, , , , , , , , , , , , , , , , , , , , , , , , , , , , ,1,4,6,7,Si,No, , , , , , , , , , , , , , , , , , , , , , , , , , , , , , , , , , , , , , , , , , , , , ,13,0,0,0,0,13,0,0,0,2,0,0,0,0,2,0,0,0,4,0,0,0,0,4,0,0,0,3,0,0,0,0,3,0,0,0,1,0,0,0,0,1,0,0,0,0,0,0,0,0,0,0,0,0,0,0,0,0,0,0,0,0,0,1,0,0,0,0,1,0,0,0,1,0,0,0,0,1,0,0,0,1,0,0,0,0,1,0,0,0,0, ,0,0,0,0,0,0,0,0,No, ,No, ,No, ,No, ,No, ,No, ,Si,1,Si,2,Si,3,Si,1,No, ,No, ,Si,6,No, ,13,0,No, ,Sí,1,2, , , , , , , , , , , , , , , , , , , , , , , , , , , , , , , , , , , , , , , ,Ninguna, , , , , , , , , , , , , , , , , , ,-15.50469496,-72.83391643
0838,040701,01,MOLLENDO,De 80001 a más Hab,Provincial, , , , , , , ,1,4,7, , , , , , , , , , , , , , , , , , , , , , , , , , , , , , , , , , , , , , , , , , , , , , , , , , , , , , , , , , , , , , , , , , , , , ,76,1,0,0,0,60,15,0,0,10,0,0,0,0,3,7,0,0,23,0,0,0,0,23,0,0,0,9,0,0,0,0,6,3,0,0,12,0,0,0,0,8,4,0,0,2,0,0,0,0,2,0,0,0,3,0,0,0,0,3,0,0,0,2,0,0,0,0,1,1,0,0,14,0,0,0,0,14,0,0,0,1,1,0,0,0,0,0,0,0,0, ,0,0,0,0,0,0,0,0,No, ,Si,1,No, ,No, ,No, ,No, ,Si,8,Si,10,Si,4,Si,3,Si,1,Si,4,Si,7,Si,38,76,0,No, ,Sí,1,20, , , , , , , , , , , , , , , , , , , , , , , , , , , , , , , , , , , , , , , ,Almenos una,1,Si,No,No,No,No,No,No,Si,Si,Si,Si,Si,No,No,No,No, ,-17.02695684,-72.01876667
0839,040702,02,COCACHACRA,De 10001 - 20000 Hab,Distrital, , , , , , , , , , , , , , , , , , , , , , , , , , , , ,1,4,7,2,No,Si, , , , , , , , , , , , , , , , , , , , , , , , , , , , , , , , , , , , , , , , , , , , , ,24,1,0,0,0,22,1,0,0,1,0,0,0,0,0,1,0,0,12,0,0,0,0,12,0,0,0,2,0,0,0,0,2,0,0,0,3,0,0,0,0,3,0,0,0,0,0,0,0,0,0,0,0,0,0,0,0,0,0,0,0,0,0,1,0,0,0,0,1,0,0,0,4,0,0,0,0,4,0,0,0,1,1,0,0,0,0,0,0,0,0, ,0,0,0,0,0,0,0,0,No, ,No, ,Si,1,No, ,No, ,No, ,Si,2,Si,5,Si,4,Si,1,Si,2,Si,2,Si,1,Si,6,24,0,No, ,Sí,4,6,6,6,4, , , , , , , , , , , , , , , , , , , , , , , , , , , , , , , , , , , , ,Ninguna, , , , , , , , , , , , , , , , , , ,-17.09226847,-71.76450875
0840,040703,03,DEAN VALDIVIA,De 5000 - 10000 Hab,Distrital, , , , , , , , , , , , , , , , , , , , , , , , , , , , ,1,4,7,3,No,Si, , , , , , , , , , , , , , , , , , , , , , , , , , , , , , , , , , , , , , , , , , , , , ,15,1,0,0,0,14,0,0,0,1,0,0,0,0,1,0,0,0,4,0,0,0,0,4,0,0,0,2,0,0,0,0,2,0,0,0,4,0,0,0,0,4,0,0,0,0,0,0,0,0,0,0,0,0,0,0,0,0,0,0,0,0,0,1,0,0,0,0,1,0,0,0,2,0,0,0,0,2,0,0,0,1,1,0,0,0,0,0,0,0,0, ,0,0,0,0,0,0,0,0,No, ,No, ,No, ,No, ,No, ,Si,1,Si,2,Si,2,Si,2,Si,1,No, ,Si,2,No, ,Si,5,15,0,No, ,Sí,2,4,4, , , , , , , , , , , , , , , , , , , , , , , , , , , , , , , , , , , , , , ,Ninguna, , , , , , , , , , , , , , , , , , ,-17.14399973,-71.8213852
0841,040703,03,DEAN VALDIVIA,De 5000 - 10000 Hab,Distrital, , , , , , , , , , , , , , , , , , , , , , , , , , , , ,1,4,7,3,No,Si, , , , , , , , , , , , , , , , , , , , , , , , , , , , , , , , , , , , , , , , , , , , , ,12,0,0,0,0,11,1,0,0,1,0,0,0,0,1,0,0,0,4,0,0,0,0,4,0,0,0,2,0,0,0,0,2,0,0,0,1,0,0,0,0,1,0,0,0,0,0,0,0,0,0,0,0,0,0,0,0,0,0,0,0,0,0,1,0,0,0,0,0,1,0,0,2,0,0,0,0,2,0,0,0,1,0,0,0,0,1,0,0,0,0, ,0,0,0,0,0,0,0,0,No, ,No, ,No, ,No, ,No, ,No, ,Si,4,Si,1,Si,2,Si,1,No, ,No, ,No, ,Si,4,12,0,No, ,No, , , , , , , , , , , , , , , , , , , , , , , , , , , , , , , , , , , , , , , , , , , , , , , , , , , , , , , , , , , , ,-17.12104332,-71.79599194
0842,040704,04,ISLAY,De 40001 - 80000 Hab,Distrital, , , , , , , , , , , , , , , , , , , , , , , , , , , , ,1,4,7,4,Si,No, , , , , , , , , , , , , , , , , , , , , , , , , , , , , , , , , , , , , , , , , , , , , ,19,1,0,0,0,17,1,0,0,2,0,0,0,0,1,1,0,0,6,0,0,0,0,6,0,0,0,2,0,0,0,0,2,0,0,0,3,0,0,0,0,3,0,0,0,1,0,0,0,0,1,0,0,0,1,0,0,0,0,1,0,0,0,1,0,0,0,0,1,0,0,0,2,0,0,0,0,2,0,0,0,1,1,0,0,0,0,0,0,0,0, ,0,0,0,0,0,0,0,0,No, ,No, ,Si,1,No, ,No, ,No, ,Si,5,Si,4,Si,1,No, ,Si,2,No, ,Si,2,Si,4,19,0,No, ,Sí,3,4,4,4, , , , , , , , , , , , , , , , , , , , , , , , , , , , , , , , , , , , , ,Ninguna, , , , , , , , , , , , , , , , , , ,-17.00053238,-72.09624863
0843,040705,05,MEJIA,De 5000 - 10000 Hab,Distrital, , , , , , , , , , , , , , , , , , , , , , , , , , , , ,1,4,7,5,Si,No, , , , , , , , , , , , , , , , , , , , , , , , , , , , , , , , , , , , , , , , , , , , , ,17,0,1,0,0,16,0,0,0,1,0,0,0,0,1,0,0,0,4,0,0,0,0,4,0,0,0,4,0,0,0,0,4,0,0,0,2,0,0,0,0,2,0,0,0,0,0,0,0,0,0,0,0,0,0,0,0,0,0,0,0,0,0,1,0,0,0,0,1,0,0,0,4,0,0,0,0,4,0,0,0,1,0,1,0,0,0,0,0,0,0, ,0,0,0,0,0,0,0,0,No, ,No, ,No, ,Si,1,No, ,No, ,Si,5,Si,3,No, ,No, ,No, ,No, ,No, ,Si,8,17,0,No, ,No, , , , , , , , , , , , , , , , , , , , , , , , , , , , , , , , , , , , , , , , , , , , , , , , , , , , , , , , , , , , ,-17.1017687,-71.90625349
0844,040706,06,PUNTA DE BOMBON,De 5000 - 10000 Hab,Distrital, , , , , , , , , , , , , , , , , , , , , , , , , , , , ,1,4,7,6,Si,No, , , , , , , , , , , , , , , , , , , , , , , , , , , , , , , , , , , , , , , , , , , , , ,18,1,0,0,0,16,1,0,0,3,0,0,0,0,2,1,0,0,4,0,0,0,0,4,0,0,0,2,0,0,0,0,2,0,0,0,3,0,0,0,0,3,0,0,0,2,0,0,0,0,2,0,0,0,0,0,0,0,0,0,0,0,0,1,0,0,0,0,1,0,0,0,2,0,0,0,0,2,0,0,0,1,1,0,0,0,0,0,0,0,0, ,0,0,0,0,0,0,0,0,No, ,No, ,No, ,No, ,No, ,Si,1,Si,4,Si,1,Si,2,Si,1,No, ,Si,2,Si,1,Si,6,18,0,No, ,Sí,1,4, , , , , , , , , , , , , , , , , , , , , , , , , , , , , , , , , , , , , , , ,Ninguna, , , , , , , , , , , , , , , , , , ,-17.17187128,-71.79037531
0845,040801,01,COTAHUASI,De 5000 - 10000 Hab,Distrital, , , , , , , , , , , , , , , , , , , , , , , , , , , , ,5,4,8,1,Si,No,4,8,10,Si,No,4,8,11,Si,No,4,8,7,Si,No,4,8,5,Si,No, , , , , , , , , , , , , , , , , , , , , , , , , ,14,1,0,0,0,13,0,0,0,1,0,0,0,0,1,0,0,0,5,0,0,0,0,5,0,0,0,1,0,0,0,0,1,0,0,0,1,0,0,0,0,1,0,0,0,1,0,0,0,0,1,0,0,0,1,0,0,0,0,1,0,0,0,1,0,0,0,0,1,0,0,0,2,0,0,0,0,2,0,0,0,1,1,0,0,0,0,0,0,0,0, ,0,0,0,0,0,0,0,0,No, ,No, ,No, ,No, ,Si,1,No, ,No, ,Si,1,Si,6,Si,1,Si,1,No, ,Si,3,Si,1,14,0,No, ,Sí,1,1, , , , , , , , , , , , , , , , , , , , , , , , , , , , , , , , , , , , , , , ,Ninguna, , , , , , , , , , , , , , , , , , ,-15.21175752,-72.89054162
0846,040802,02,ALCA,Menos de 5000 Hab,Distrital, , , , , , , , , , , , , , , , , , , , , , , , , , , , ,3,4,8,2,Si,No,4,8,6,Si,No,4,8,4,Si,No, , , , , , , , , , , , , , , , , , , , , , , , , , , , , , , , , , , ,21,0,0,0,0,21,0,0,0,1,0,0,0,0,1,0,0,0,0,0,0,0,0,0,0,0,0,3,0,0,0,0,3,0,0,0,1,0,0,0,0,1,0,0,0,1,0,0,0,0,1,0,0,0,1,0,0,0,0,1,0,0,0,1,0,0,0,0,1,0,0,0,1,0,0,0,0,1,0,0,0,1,0,0,0,0,1,0,0,0,11,PUESTO DE AUXILIO RAPIDO,0,0,0,0,11,0,0,0,No, ,No, ,No, ,No, ,No, ,No, ,No, ,Si,3,Si,8,Si,5,No, ,No, ,Si,5,No, ,21,0,No, ,No, , , , , , , , , , , , , , , , , , , , , , , , , , , , , , , , , , , , , , , , , , , , , , , , , , , , , , , , , , , , ,-15.13479034,-72.7645544
0847,040803,03,CHARCANA,Menos de 5000 Hab,Distrital, , , , , , , , , , , , , , , , , , , , , , , , , , , , ,4,4,8,3,Si,No,4,8,8,Si,No,4,8,9,Si,No,4,8,7,No,Si, , , , , , , , , , , , , , , , , , , , , , , , , , , , , , ,9,0,0,0,0,9,0,0,0,1,0,0,0,0,1,0,0,0,2,0,0,0,0,2,0,0,0,0,0,0,0,0,0,0,0,0,1,0,0,0,0,1,0,0,0,1,0,0,0,0,1,0,0,0,1,0,0,0,0,1,0,0,0,1,0,0,0,0,1,0,0,0,1,0,0,0,0,1,0,0,0,1,0,0,0,0,1,0,0,0,0, ,0,0,0,0,0,0,0,0,No, ,No, ,No, ,No, ,No, ,No, ,Si,1,Si,1,Si,3,No, ,Si,1,Si,1,Si,2,No, ,9,0,No, ,Sí,1,9, , , , , , , , , , , , , , , , , , , , , , , , , , , , , , , , , , , , , , , ,Ninguna, , , , , , , , , , , , , , , , , , ,-15.24058666,-73.07005224
0848,180101,01,MOQUEGUA,De 10001 - 20000 Hab,Distrital, , , , , , , , , , , , , , , , , , , , , , , , , , , , ,1,18,1,1,No,Si, , , , , , , , , , , , , , , , , , , , , , , , , , , , , , , , , , , , , , , , , , , , , ,20,1,0,0,0,10,9,0,0,5,0,0,0,0,2,3,0,0,3,0,0,0,0,3,0,0,0,0,0,0,0,0,0,0,0,0,0,0,0,0,0,0,0,0,0,0,0,0,0,0,0,0,0,0,5,0,0,0,0,0,5,0,0,0,0,0,0,0,0,0,0,0,4,0,0,0,0,3,1,0,0,3,1,0,0,0,2,0,0,0,0, ,0,0,0,0,0,0,0,0,No, ,No, ,No, ,No, ,Si,1,No, ,Si,2,Si,1,Si,3,Si,1,No, ,No, ,Si,2,Si,10,20,0,Sí,6,No, , , , , , , , , , , , , , , , , , , , , , , , , , , , , , , , , , , , , , , , , , , , , , , , , , , , , , , , , , , , ,-17.19164976,-70.92963936
0849,180101,01,MOQUEGUA,De 40001 - 80000 Hab,Distrital, , , , , , , , , , , , , , , , , , , , , , , , , , , , ,1,18,1,1,Si,No, , , , , , , , , , , , , , , , , , , , , , , , , , , , , , , , , , , , , , , , , , , , , ,62,3,0,0,0,49,10,0,0,8,0,0,0,0,4,4,0,0,20,0,0,0,0,20,0,0,0,3,0,0,0,0,3,0,0,0,7,0,0,0,0,6,1,0,0,4,0,0,0,0,3,1,0,0,2,0,0,0,0,0,2,0,0,2,0,0,0,0,0,2,0,0,9,0,0,0,0,9,0,0,0,3,3,0,0,0,0,0,0,0,4,PUESTO DE AUXILIO RAPIDO,0,0,0,0,4,0,0,0,No, ,No, ,Si,1,No, ,Si,1,Si,1,Si,9,Si,4,Si,3,No, ,Si,2,Si,2,Si,4,Si,35,62,0,Sí,15,Sí,5,8,8,8,8,9, , , , , , , , , , , , , , , , , , , , , , , , , , , , , , , , , , , ,Ninguna, , , , , , , , , , , , , , , , , , ,-17.19305538,-70.93263213
0850,180102,02,CARUMAS,De 5000 - 10000 Hab,Distrital, , , , , , , , , , , , , , , , , , , , , , , , , , , , ,1,18,1,2,Si,No, , , , , , , , , , , , , , , , , , , , , , , , , , , , , , , , , , , , , , , , , , , , , ,14,0,0,0,0,14,0,0,0,0,0,0,0,0,0,0,0,0,6,0,0,0,0,6,0,0,0,2,0,0,0,0,2,0,0,0,1,0,0,0,0,1,0,0,0,1,0,0,0,0,1,0,0,0,0,0,0,0,0,0,0,0,0,1,0,0,0,0,1,0,0,0,2,0,0,0,0,2,0,0,0,1,0,0,0,0,1,0,0,0,0, ,0,0,0,0,0,0,0,0,No, ,No, ,No, ,No, ,No, ,No, ,Si,1,Si,6,Si,1,Si,1,Si,1,No, ,Si,1,Si,3,14,0,Sí,2,No, , , , , , , , , , , , , , , , , , , , , , , , , , , , , , , , , , , , , , , , , , , , , , , , , , , , , , , , , , , , ,-16.80936367,-70.69457958
0851,180104,04,SAMEGUA,De 5000 - 10000 Hab,Distrital, , , , , , , , , , , , , , , , , , , , , , , , , , , , ,1,18,1,4,Si,No, , , , , , , , , , , , , , , , , , , , , , , , , , , , , , , , , , , , , , , , , , , , , ,28,2,0,0,0,20,6,0,0,4,0,0,0,0,2,2,0,0,4,0,0,0,0,4,0,0,0,0,0,0,0,0,0,0,0,0,2,0,0,0,0,2,0,0,0,3,0,0,0,0,3,0,0,0,2,0,0,0,0,0,2,0,0,3,0,0,0,0,1,2,0,0,2,0,0,0,0,2,0,0,0,2,2,0,0,0,0,0,0,0,6,ATENCION AL PUBLICO,0,0,0,0,6,0,0,0,No, ,No, ,No, ,Si,1,Si,1,No, ,Si,5,Si,1,Si,2,Si,1,No, ,No, ,Si,3,Si,14,28,0,No, ,Sí,3,10,10,8, , , , , , , , , , , , , , , , , , , , , , , , , , , , , , , , , , , , , ,Almenos una,1,No,No,Si,No,No,No,No,No,Si,No,No,Si,No,No,No,No, ,-17.18238041,-70.89957874
0852,180101,01,MOQUEGUA,De 10001 - 20000 Hab,Distrital, , , , , , , , , , , , , , , , , , , , , , , , , , , , ,1,18,1,1,Si,No, , , , , , , , , , , , , , , , , , , , , , , , , , , , , , , , , , , , , , , , , , , , , ,19,1,0,0,0,15,3,0,0,2,0,0,0,0,1,1,0,0,8,0,0,0,0,7,1,0,0,0,0,0,0,0,0,0,0,0,2,0,0,0,0,2,0,0,0,2,0,0,0,0,2,0,0,0,0,0,0,0,0,0,0,0,0,2,0,0,0,0,1,1,0,0,2,0,0,0,0,2,0,0,0,1,1,0,0,0,0,0,0,0,0, ,0,0,0,0,0,0,0,0,No, ,No, ,No, ,No, ,Si,1,No, ,Si,3,Si,2,Si,2,Si,1,Si,1,Si,1,Si,2,Si,6,19,0,Sí,7,No, , , , , , , , , , , , , , , , , , , , , , , , , , , , , , , , , , , , , , , , , , , , , , , , , , , , , , , , , , , , ,-17.169635,-70.906915
0853,180105,05,SAN CRISTOBAL,Menos de 5000 Hab,Distrital, , , , , , , , , , , , , , , , , , , , , , , , , , , , ,2,18,1,5,Si,No,18,1,3,Si,No, , , , , , , , , , , , , , , , , , , , , , , , , , , , , , , , , , , , , , , , ,15,0,0,0,0,15,0,0,0,1,0,0,0,0,1,0,0,0,8,0,0,0,0,8,0,0,0,0,0,0,0,0,0,0,0,0,1,0,0,0,0,1,0,0,0,1,0,0,0,0,1,0,0,0,0,0,0,0,0,0,0,0,0,1,0,0,0,0,1,0,0,0,2,0,0,0,0,2,0,0,0,1,0,0,0,0,1,0,0,0,0, ,0,0,0,0,0,0,0,0,No, ,No, ,No, ,No, ,No, ,No, ,Si,1,Si,1,Si,5,Si,2,No, ,Si,1,No, ,Si,5,15,0,Sí,2,No, , , , , , , , , , , , , , , , , , , , , , , , , , , , , , , , , , , , , , , , , , , , , , , , , , , , , , , , , , , , ,-16.73911854,-70.6833888
0854,180106,06,TORATA,Menos de 5000 Hab,Distrital, , , , , , , , , , , , , , , , , , , , , , , , , , , , ,1,18,1,6,No,Si, , , , , , , , , , , , , , , , , , , , , , , , , , , , , , , , , , , , , , , , , , , , , ,14,1,0,0,0,11,2,0,0,2,0,0,0,0,2,0,0,0,2,0,0,0,0,2,0,0,0,0,0,0,0,0,0,0,0,0,1,0,0,0,0,1,0,0,0,0,0,0,0,0,0,0,0,0,0,0,0,0,0,0,0,0,0,0,0,0,0,0,0,0,0,0,8,0,0,0,0,6,2,0,0,1,1,0,0,0,0,0,0,0,0, ,0,0,0,0,0,0,0,0,No, ,No, ,Si,1,No, ,No, ,No, ,Si,3,Si,1,Si,2,Si,5,Si,2,No, ,No, ,No, ,14,0,No, ,No, , , , , , , , , , , , , , , , , , , , , , , , , , , , , , , , , , , , , , , , , , , , , , , , , , , , , , , , , , , , ,-17.06696642,-70.78493485
0855,180106,06,TORATA,De 5000 - 10000 Hab,Distrital, , , , , , , , , , , , , , , , , , , , , , , , , , , , ,1,18,1,6,Si,No, , , , , , , , , , , , , , , , , , , , , , , , , , , , , , , , , , , , , , , , , , , , , ,18,1,0,0,0,17,0,0,0,1,0,0,0,0,1,0,0,0,4,0,0,0,0,4,0,0,0,2,0,0,0,0,2,0,0,0,2,0,0,0,0,2,0,0,0,2,0,0,0,0,2,0,0,0,0,0,0,0,0,0,0,0,0,2,0,0,0,0,2,0,0,0,2,0,0,0,0,2,0,0,0,1,1,0,0,0,0,0,0,0,2,PUESTO DE AUXILIO RAPIDO,0,0,0,0,2,0,0,0,No, ,No, ,Si,1,No, ,No, ,No, ,Si,2,Si,2,Si,1,Si,2,Si,1,Si,1,Si,3,Si,5,18,0,Sí,2,Sí,1,6, , , , , , , , , , , , , , , , , , , , , , , , , , , , , , , , , , , , , , , ,Ninguna, , , , , , , , , , , , , , , , , , ,-17.07618695,-70.84428378
0856,180201,01,OMATE,De 5000 - 10000 Hab,Distrital, , , , , , , , , , , , , , , , , , , , , , , , , , , , ,1,18,2,1,Si,No, , , , , , , , , , , , , , , , , , , , , , , , , , , , , , , , , , , , , , , , , , , , , ,17,1,0,0,0,14,1,1,0,1,0,0,0,0,0,0,1,0,4,0,0,0,0,4,0,0,0,2,0,0,0,0,2,0,0,0,2,0,0,0,0,2,0,0,0,2,0,0,0,0,2,0,0,0,2,0,0,0,0,1,1,0,0,1,0,0,0,0,1,0,0,0,2,0,0,0,0,2,0,0,0,1,1,0,0,0,0,0,0,0,0, ,0,0,0,0,0,0,0,0,No, ,No, ,Si,1,No, ,No, ,No, ,No, ,No, ,Si,1,Si,3,No, ,Si,1,Si,4,Si,7,17,0,No, ,No, , , , , , , , , , , , , , , , , , , , , , , , , , , , , , , , , , , , , , , , , , , , , , , , , , , , , , , , , , , , ,-16.67277117,-70.97276077
0857,180202,02,CHOJATA,Menos de 5000 Hab,Distrital, , , , , , , , , , , , , , , , , , , , , , , , , , , , ,1,18,2,2,Si,No, , , , , , , , , , , , , , , , , , , , , , , , , , , , , , , , , , , , , , , , , , , , , ,10,0,0,0,0,10,0,0,0,1,0,0,0,0,1,0,0,0,4,0,0,0,0,4,0,0,0,1,0,0,0,0,1,0,0,0,1,0,0,0,0,1,0,0,0,1,0,0,0,0,1,0,0,0,0,0,0,0,0,0,0,0,0,1,0,0,0,0,1,0,0,0,0,0,0,0,0,0,0,0,0,1,0,0,0,0,1,0,0,0,0, ,0,0,0,0,0,0,0,0,No, ,No, ,No, ,No, ,No, ,No, ,No, ,Si,3,Si,4,Si,1,No, ,No, ,No, ,Si,2,10,0,No, ,No, , , , , , , , , , , , , , , , , , , , , , , , , , , , , , , , , , , , , , , , , , , , , , , , , , , , , , , , , , , , ,-16.38846668,-70.73049144
0858,180204,04,ICHUÑA,Menos de 5000 Hab,Distrital, , , , , , , , , , , , , , , , , , , , , , , , , , , , ,1,18,2,4,Si,No, , , , , , , , , , , , , , , , , , , , , , , , , , , , , , , , , , , , , , , , , , , , , ,12,1,0,0,0,11,0,0,0,1,0,0,0,0,1,0,0,0,4,0,0,0,0,4,0,0,0,0,0,0,0,0,0,0,0,0,1,0,0,0,0,1,0,0,0,1,0,0,0,0,1,0,0,0,0,0,0,0,0,0,0,0,0,2,0,0,0,0,2,0,0,0,2,0,0,0,0,2,0,0,0,1,1,0,0,0,0,0,0,0,0, ,0,0,0,0,0,0,0,0,No, ,No, ,No, ,No, ,No, ,Si,1,No, ,Si,1,Si,3,Si,3,Si,1,Si,1,Si,1,Si,1,12,0,No, ,No, , , , , , , , , , , , , , , , , , , , , , , , , , , , , , , , , , , , , , , , , , , , , , , , , , , , , , , , , , , , ,-16.14055157,-70.53570936
0859,180208,08,PUQUINA,Menos de 5000 Hab,Distrital, , , , , , , , , , , , , , , , , , , , , , , , , , , , ,1,18,2,8,Si,No, , , , , , , , , , , , , , , , , , , , , , , , , , , , , , , , , , , , , , , , , , , , , ,13,0,0,0,0,13,0,0,0,1,0,0,0,0,1,0,0,0,6,0,0,0,0,6,0,0,0,0,0,0,0,0,0,0,0,0,1,0,0,0,0,1,0,0,0,1,0,0,0,0,1,0,0,0,1,0,0,0,0,1,0,0,0,1,0,0,0,0,1,0,0,0,1,0,0,0,0,1,0,0,0,1,0,0,0,0,1,0,0,0,0, ,0,0,0,0,0,0,0,0,No, ,No, ,No, ,No, ,No, ,No, ,Si,2,Si,4,Si,1,No, ,No, ,No, ,Si,2,Si,4,13,0,No, ,No, , , , , , , , , , , , , , , , , , , , , , , , , , , , , , , , , , , , , , , , , , , , , , , , , , , , , , , , , , , , ,-16.62602231,-71.18422373
0860,180209,09,QUINISTAQUILLAS,Menos de 5000 Hab,Distrital, , , , , , , , , , , , , , , , , , , , , , , , , , , , ,1,18,2,9,Si,No, , , , , , , , , , , , , , , , , , , , , , , , , , , , , , , , , , , , , , , , , , , , , ,10,0,0,0,0,10,0,0,0,1,0,0,0,0,1,0,0,0,4,0,0,0,0,4,0,0,0,0,0,0,0,0,0,0,0,0,1,0,0,0,0,1,0,0,0,1,0,0,0,0,1,0,0,0,0,0,0,0,0,0,0,0,0,1,0,0,0,0,1,0,0,0,1,0,0,0,0,1,0,0,0,1,0,0,0,0,1,0,0,0,0, ,0,0,0,0,0,0,0,0,No, ,No, ,No, ,No, ,No, ,No, ,Si,1,Si,2,Si,1,Si,2,Si,1,No, ,No, ,Si,3,10,0,No, ,No, , , , , , , , , , , , , , , , , , , , , , , , , , , , , , , , , , , , , , , , , , , , , , , , , , , , , , , , , , , , ,-16.74876714,-70.88044337
0861,180210,10,UBINAS,Menos de 5000 Hab,Distrital, , , , , , , , , , , , , , , , , , , , , , , , , , , , ,2,18,2,10,Si,No,18,2,7,Si,No, , , , , , , , , , , , , , , , , , , , , , , , , , , , , , , , , , , , , , , , ,10,1,0,0,0,9,0,0,0,1,0,0,0,0,1,0,0,0,3,0,0,0,0,3,0,0,0,2,0,0,0,0,2,0,0,0,1,0,0,0,0,1,0,0,0,0,0,0,0,0,0,0,0,0,0,0,0,0,0,0,0,0,0,1,0,0,0,0,1,0,0,0,1,0,0,0,0,1,0,0,0,1,1,0,0,0,0,0,0,0,0, ,0,0,0,0,0,0,0,0,No, ,No, ,No, ,No, ,Si,1,No, ,Si,1,Si,2,Si,1,Si,2,No, ,No, ,Si,2,Si,1,10,0,No, ,Sí,3,3,3,4, , , , , , , , , , , , , , , , , , , , , , , , , , , , , , , , , , , , , ,Ninguna, , , , , , , , , , , , , , , , , , ,-16.38671946,-70.85553754
0864,180301,01,ILO,De 40001 - 80000 Hab,Distrital, , , , , , , , , , , , , , , , , , , , , , , , , , , , ,1,18,3,1,No,Si, , , , , , , , , , , , , , , , , , , , , , , , , , , , , , , , , , , , , , , , , , , , , ,46,1,0,0,0,40,5,0,0,3,0,0,0,0,2,1,0,0,18,0,0,0,0,17,1,0,0,4,0,0,0,0,4,0,0,0,3,0,0,0,0,3,0,0,0,2,0,0,0,0,2,0,0,0,5,0,0,0,0,3,2,0,0,2,0,0,0,0,1,1,0,0,8,0,0,0,0,8,0,0,0,1,1,0,0,0,0,0,0,0,0, ,0,0,0,0,0,0,0,0,No, ,No, ,Si,1,No, ,No, ,No, ,Si,8,Si,4,Si,2,Si,1,Si,1,Si,2,Si,7,Si,20,46,0,No, ,No, , , , , , , , , , , , , , , , , , , , , , , , , , , , , , , , , , , , , , , , , , , , , , , , , , , , , , , , , , , , ,-17.65243204,-71.32480803
0865,180302,02,EL ALGARROBAL,Menos de 5000 Hab,Distrital, , , , , , , , , , , , , , , , , , , , , , , , , , , , ,1,18,3,2,Si,No, , , , , , , , , , , , , , , , , , , , , , , , , , , , , , , , , , , , , , , , , , , , , ,14,1,0,0,0,12,1,0,0,2,0,0,0,0,2,0,0,0,6,0,0,0,0,6,0,0,0,0,0,0,0,0,0,0,0,0,0,0,0,0,0,0,0,0,0,2,0,0,0,0,2,0,0,0,0,0,0,0,0,0,0,0,0,2,0,0,0,0,1,1,0,0,1,0,0,0,0,1,0,0,0,1,1,0,0,0,0,0,0,0,0, ,0,0,0,0,0,0,0,0,No, ,No, ,No, ,No, ,Si,1,No, ,Si,3,Si,1,No, ,Si,1,No, ,No, ,Si,1,Si,7,14,0,No, ,No, , , , , , , , , , , , , , , , , , , , , , , , , , , , , , , , , , , , , , , , , , , , , , , , , , , , , , , , , , , , ,-17.62268926,-71.26838282
0866,180303,03,PACOCHA,De 5000 - 10000 Hab,Distrital, , , , , , , , , , , , , , , , , , , , , , , , , , , , ,1,18,3,3,Si,No, , , , , , , , , , , , , , , , , , , , , , , , , , , , , , , , , , , , , , , , , , , , , ,23,0,0,0,0,21,2,0,0,2,0,0,0,0,1,1,0,0,14,0,0,0,0,14,0,0,0,0,0,0,0,0,0,0,0,0,2,0,0,0,0,2,0,0,0,0,0,0,0,0,0,0,0,0,0,0,0,0,0,0,0,0,0,1,0,0,0,0,0,1,0,0,2,0,0,0,0,2,0,0,0,2,0,0,0,0,2,0,0,0,0, ,0,0,0,0,0,0,0,0,No, ,No, ,No, ,No, ,No, ,No, ,Si,3,Si,3,Si,2,Si,1,Si,1,Si,1,Si,5,Si,7,23,0,No, ,Sí,1,10, , , , , , , , , , , , , , , , , , , , , , , , , , , , , , , , , , , , , , , ,Ninguna, , , , , , , , , , , , , , , , , , ,-17.6152603,-71.34120369
0867,230101,01,TACNA,De 80001 a más Hab,Provincial, , , , , , , ,1,23,1, , , , , , , , , , , , , , , , , , , , , , , , , , , , , , , , , , , , , , , , , , , , , , , , , , , , , , , , , , , , , , , , , , , , , ,16,0,1,0,0,4,11,0,0,2,0,0,0,0,0,2,0,0,0,0,0,0,0,0,0,0,0,0,0,0,0,0,0,0,0,0,0,0,0,0,0,0,0,0,0,0,0,0,0,0,0,0,0,0,9,0,0,0,0,1,8,0,0,0,0,0,0,0,0,0,0,0,2,0,0,0,0,1,1,0,0,1,0,1,0,0,0,0,0,0,2,CHOFER,0,0,0,0,2,0,0,0,No, ,No, ,No, ,No, ,Si,1,No, ,Si,2,No, ,No, ,No, ,No, ,No, ,Si,4,Si,9,16,0,Sí,3,Sí,1,3, , , , , , , , , , , , , , , , , , , , , , , , , , , , , , , , , , , , , , , ,Ninguna, , , , , , , , , , , , , , , , , , ,-18.007935,-70.25585
0868,230101,01,TACNA,De 5000 - 10000 Hab,Otros,LOCAL, , , , , , , , , , , , , , , , , , , , , , , , , , , , , , , , , , , , , , , , , , , , , , , , , , , , , , , , , , , , , , , , , , , , , , , , , , , , , , ,11,0,0,0,0,8,3,0,0,0,0,0,0,0,0,0,0,0,0,0,0,0,0,0,0,0,0,10,0,0,0,0,7,3,0,0,0,0,0,0,0,0,0,0,0,0,0,0,0,0,0,0,0,0,0,0,0,0,0,0,0,0,0,0,0,0,0,0,0,0,0,0,0,0,0,0,0,0,0,0,0,1,0,0,0,0,1,0,0,0,0, ,0,0,0,0,0,0,0,0,No, ,No, ,No, ,No, ,No, ,No, ,Si,1,Si,1,Si,1,Si,1,Si,1,No, ,Si,2,Si,4,11,0,No, ,Sí,1,4, , , , , , , , , , , , , , , , , , , , , , , , , , , , , , , , , , , , , , , ,Ninguna, , , , , , , , , , , , , , , , , , ,-18.005397,-70.257763
0869,230101,01,TACNA,De 80001 a más Hab,Distrital, , , , , , , , , , , , , , , , , , , , , , , , , , , , ,2,23,1,2,No,Si,23,1,1,No,Si, , , , , , , , , , , , , , , , , , , , , , , , , , , , , , , , , , , , , , , , ,71,4,0,0,0,51,16,0,0,7,0,0,0,0,3,4,0,0,29,0,0,0,0,29,0,0,0,5,0,0,0,0,5,0,0,0,7,0,0,0,0,4,3,0,0,3,0,0,0,0,2,1,0,0,6,0,0,0,0,0,6,0,0,3,0,0,0,0,1,2,0,0,7,0,0,0,0,7,0,0,0,4,4,0,0,0,0,0,0,0,0, ,0,0,0,0,0,0,0,0,No, ,Si,1,No, ,Si,1,Si,1,Si,1,Si,5,Si,5,Si,6,Si,2,Si,1,No, ,Si,10,Si,38,71,0,No, ,No, , , , , , , , , , , , , , , , , , , , , , , , , , , , , , , , , , , , , , , , , , , , , , , , , , , , , , , , , , , , ,-17.99746756,-70.24563505
0870,230109,09,SAMA,Menos de 5000 Hab,Distrital, , , , , , , , , , , , , , , , , , , , , , , , , , , , ,2,23,1,9,No,Si,23,1,11,Si,No, , , , , , , , , , , , , , , , , , , , , , , , , , , , , , , , , , , , , , , , ,43,1,0,0,0,39,3,0,0,3,0,0,0,0,3,0,0,0,8,0,0,0,0,8,0,0,0,0,0,0,0,0,0,0,0,0,1,0,0,0,0,1,0,0,0,1,0,0,0,0,1,0,0,0,4,0,0,0,0,1,3,0,0,1,0,0,0,0,1,0,0,0,4,0,0,0,0,4,0,0,0,1,1,0,0,0,0,0,0,0,20,PUESTO DE AUXILIO RAPIDO,0,0,0,0,20,0,0,0,No, ,No, ,No, ,Si,1,No, ,No, ,Si,3,Si,3,No, ,No, ,Si,1,Si,3,Si,3,Si,29,43,0,No, ,Sí,2,4,4, , , , , , , , , , , , , , , , , , , , , , , , , , , , , , , , , , , , , , ,Ninguna, , , , , , , , , , , , , , , , , , ,-18.15801252,-70.67886955
0871,230101,01,TACNA,De 20001 - 40000 Hab,Distrital, , , , , , , , , , , , , , , , , , , , , , , , , , , , ,1,23,1,1,No,Si, , , , , , , , , , , , , , , , , , , , , , , , , , , , , , , , , , , , , , , , , , , , , ,83,5,0,0,0,62,16,0,0,9,2,0,0,0,5,2,0,0,39,1,0,0,0,36,2,0,0,0,0,0,0,0,0,0,0,0,11,1,0,0,0,9,1,0,0,3,0,0,0,0,3,0,0,0,3,0,0,0,0,0,3,0,0,4,0,0,0,0,0,4,0,0,8,0,0,0,0,4,4,0,0,1,1,0,0,0,0,0,0,0,5,SERVICIOS EMERGENCIA HOSPITAL,0,0,0,0,5,0,0,0,No, ,Si,1,No, ,Si,1,Si,2,Si,1,Si,11,Si,8,Si,3,Si,1,Si,1,Si,3,Si,9,Si,42,83,0,Sí,12,Sí,5,21,22,21,31,6, , , , , , , , , , , , , , , , , , , , , , , , , , , , , , , , , , , ,Almenos una,1,No,No,Si,No,No,No,No,No,No,No,No,No,No,No,Si,No, ,-18.01462946,-70.2517487
0872,230102,02,ALTO DE LA ALIANZA,De 20001 - 40000 Hab,Distrital, , , , , , , , , , , , , , , , , , , , , , , , , , , , ,1,23,1,2,Si,No, , , , , , , , , , , , , , , , , , , , , , , , , , , , , , , , , , , , , , , , , , , , , ,34,2,0,0,0,27,5,0,0,4,0,0,0,0,3,1,0,0,1,1,0,0,0,0,0,0,0,9,0,0,0,0,9,0,0,0,4,0,0,0,0,4,0,0,0,3,0,0,0,0,3,0,0,0,3,0,0,0,0,0,3,0,0,4,0,0,0,0,3,1,0,0,1,0,0,0,0,1,0,0,0,5,1,0,0,0,4,0,0,0,0, ,0,0,0,0,0,0,0,0,No, ,No, ,Si,1,No, ,No, ,Si,1,Si,3,Si,2,No, ,Si,1,No, ,No, ,Si,6,Si,20,34,0,Sí,5,Sí,4,5,6,5,6, , , , , , , , , , , , , , , , , , , , , , , , , , , , , , , , , , , , ,Ninguna, , , , , , , , , , , , , , , , , , ,-17.98798706,-70.24132402
0873,230103,03,CALANA,Menos de 5000 Hab,Distrital, , , , , , , , , , , , , , , , , , , , , , , , , , , , ,1,23,1,3,Si,No, , , , , , , , , , , , , , , , , , , , , , , , , , , , , , , , , , , , , , , , , , , , , ,19,1,0,0,0,15,3,0,0,1,0,0,0,0,0,1,0,0,6,0,0,0,0,6,0,0,0,0,0,0,0,0,0,0,0,0,3,0,0,0,0,3,0,0,0,1,0,0,0,0,1,0,0,0,4,0,0,0,0,2,2,0,0,1,0,0,0,0,1,0,0,0,2,0,0,0,0,2,0,0,0,1,1,0,0,0,0,0,0,0,0, ,0,0,0,0,0,0,0,0,No, ,No, ,No, ,No, ,No, ,Si,1,Si,1,Si,1,No, ,No, ,Si,1,Si,3,Si,3,Si,9,19,0,Sí,3,Sí,2,10,9, , , , , , , , , , , , , , , , , , , , , , , , , , , , , , , , , , , , , , ,Ninguna, , , , , , , , , , , , , , , , , , ,-17.94070748,-70.18667432
0874,230104,04,CIUDAD NUEVA,De 20001 - 40000 Hab,Distrital, , , , , , , , , , , , , , , , , , , , , , , , , , , , ,1,23,1,4,Si,No, , , , , , , , , , , , , , , , , , , , , , , , , , , , , , , , , , , , , , , , , , , , , ,55,1,1,0,0,36,17,0,0,3,0,0,0,0,0,3,0,0,12,0,0,0,0,12,0,0,0,0,0,0,0,0,0,0,0,0,13,0,0,0,0,7,6,0,0,2,0,0,0,0,2,0,0,0,4,0,0,0,0,0,4,0,0,2,0,0,0,0,0,2,0,0,12,0,0,0,0,10,2,0,0,4,1,1,0,0,2,0,0,0,3,PUESTO DE AUXILIO RAPIDO,0,0,0,0,3,0,0,0,No, ,No, ,Si,1,No, ,No, ,Si,1,Si,4,No, ,No, ,Si,1,Si,1,No, ,Si,12,Si,35,55,0,Sí,3,Sí,1,3, , , , , , , , , , , , , , , , , , , , , , , , , , , , , , , , , , , , , , , ,Ninguna, , , , , , , , , , , , , , , , , , ,-17.98429313,-70.23542409
0875,230105,05,INCLAN,Menos de 5000 Hab,Distrital, , , , , , , , , , , , , , , , , , , , , , , , , , , , ,1,23,1,5,Si,No, , , , , , , , , , , , , , , , , , , , , , , , , , , , , , , , , , , , , , , , , , , , , ,10,0,0,0,0,10,0,0,0,1,0,0,0,0,1,0,0,0,4,0,0,0,0,4,0,0,0,0,0,0,0,0,0,0,0,0,1,0,0,0,0,1,0,0,0,1,0,0,0,0,1,0,0,0,0,0,0,0,0,0,0,0,0,1,0,0,0,0,1,0,0,0,1,0,0,0,0,1,0,0,0,1,0,0,0,0,1,0,0,0,0, ,0,0,0,0,0,0,0,0,No, ,No, ,No, ,No, ,No, ,No, ,Si,1,Si,3,No, ,No, ,No, ,Si,1,Si,1,Si,4,10,0,No, ,Sí,1,10, , , , , , , , , , , , , , , , , , , , , , , , , , , , , , , , , , , , , , , ,Ninguna, , , , , , , , , , , , , , , , , , ,-17.79478016,-70.49490418
0876,230106,06,PACHIA,Menos de 5000 Hab,Distrital, , , , , , , , , , , , , , , , , , , , , , , , , , , , ,2,23,1,6,Si,No,23,1,7,No,Si, , , , , , , , , , , , , , , , , , , , , , , , , , , , , , , , , , , , , , , , ,14,0,0,0,0,12,2,0,0,0,0,0,0,0,0,0,0,0,4,0,0,0,0,4,0,0,0,0,0,0,0,0,0,0,0,0,1,0,0,0,0,1,0,0,0,1,0,0,0,0,1,0,0,0,1,0,0,0,0,0,1,0,0,1,0,0,0,0,0,1,0,0,5,0,0,0,0,5,0,0,0,1,0,0,0,0,1,0,0,0,0, ,0,0,0,0,0,0,0,0,No, ,No, ,No, ,No, ,No, ,No, ,Si,3,Si,1,No, ,Si,1,No, ,Si,1,Si,2,Si,6,14,0,Sí,1,Sí,1,13, , , , , , , , , , , , , , , , , , , , , , , , , , , , , , , , , , , , , , , ,Ninguna, , , , , , , , , , , , , , , , , , ,-17.89542319,-70.15297204
0877,230108,08,POCOLLAY,De 20001 - 40000 Hab,Distrital, , , , , , , , , , , , , , , , , , , , , , , , , , , , ,1,23,1,8,Si,No, , , , , , , , , , , , , , , , , , , , , , , , , , , , , , , , , , , , , , , , , , , , , ,42,1,1,0,0,34,6,0,0,2,0,0,0,0,1,1,0,0,18,0,0,0,0,18,0,0,0,0,0,0,0,0,0,0,0,0,5,0,0,0,0,5,0,0,0,3,0,0,0,0,3,0,0,0,2,0,0,0,0,0,2,0,0,3,0,0,0,0,0,3,0,0,7,0,0,0,0,7,0,0,0,2,1,1,0,0,0,0,0,0,0, ,0,0,0,0,0,0,0,0,No, ,No, ,Si,1,No, ,No, ,Si,1,Si,2,Si,3,Si,1,No, ,Si,3,Si,4,Si,2,Si,25,42,0,Sí,3,Sí,5,8,4,10,9,10, , , , , , , , , , , , , , , , , , , , , , , , , , , , , , , , , , , ,Ninguna, , , , , , , , , , , , , , , , , , ,-17.99519991,-70.22017646
0878,230109,09,SAMA,De 5000 - 10000 Hab,Distrital, , , , , , , , , , , , , , , , , , , , , , , , , , , , ,1,23,1,9,No,Si, , , , , , , , , , , , , , , , , , , , , , , , , , , , , , , , , , , , , , , , , , , , , ,12,0,0,0,0,8,4,0,0,1,0,0,0,0,0,1,0,0,6,0,0,0,0,4,2,0,0,0,0,0,0,0,0,0,0,0,0,0,0,0,0,0,0,0,0,0,0,0,0,0,0,0,0,0,0,0,0,0,0,0,0,0,0,1,0,0,0,0,1,0,0,0,3,0,0,0,0,2,1,0,0,1,0,0,0,0,1,0,0,0,0, ,0,0,0,0,0,0,0,0,No, ,No, ,No, ,No, ,No, ,No, ,Si,1,Si,1,No, ,No, ,No, ,No, ,Si,1,Si,9,12,0,Sí,2,Sí,1,4, , , , , , , , , , , , , , , , , , , , , , , , , , , , , , , , , , , , , , , ,Ninguna, , , , , , , , , , , , , , , , , , ,-17.86290277,-70.56007625
0879,230101,01,TACNA,De 10001 - 20000 Hab,Distrital, , , , , , , , , , , , , , , , , , , , , , , , , , , , ,1,23,1,1,No,Si, , , , , , , , , , , , , , , , , , , , , , , , , , , , , , , , , , , , , , , , , , , , , ,38,1,0,0,0,27,10,0,0,3,0,0,0,0,1,2,0,0,14,0,0,0,0,13,1,0,0,5,0,0,0,0,2,3,0,0,4,0,0,0,0,4,0,0,0,2,0,0,0,0,2,0,0,0,2,0,0,0,0,0,2,0,0,2,0,0,0,0,0,2,0,0,5,0,0,0,0,5,0,0,0,1,1,0,0,0,0,0,0,0,0, ,0,0,0,0,0,0,0,0,No, ,No, ,Si,1,No, ,No, ,No, ,Si,3,Si,3,Si,3,Si,1,Si,1,Si,2,Si,4,Si,20,38,0,No, ,Sí,5,8,7,9,8,6, , , , , , , , , , , , , , , , , , , , , , , , , , , , , , , , , , , ,Ninguna, , , , , , , , , , , , , , , , , , ,-18.01164492,-70.2331991
0880,230101,01,TACNA,Menos de 5000 Hab,Otros,LOCAL, , , , , , , , , , , , , , , , , , , , , , , , , , , , , , , , , , , , , , , , , , , , , , , , , , , , , , , , , , , , , , , , , , , , , , , , , , , , , , ,11,0,0,0,0,4,7,0,0,1,0,0,0,0,0,1,0,0,4,0,0,0,0,1,3,0,0,1,0,0,0,0,1,0,0,0,0,0,0,0,0,0,0,0,0,0,0,0,0,0,0,0,0,0,0,0,0,0,0,0,0,0,0,0,0,0,0,0,0,0,0,0,2,0,0,0,0,1,1,0,0,1,0,0,0,0,1,0,0,0,2,OPERATIVAS,0,0,0,0,0,2,0,0,No, ,No, ,No, ,No, ,No, ,No, ,Si,1,Si,1,No, ,No, ,No, ,No, ,Si,1,Si,8,11,0,Sí,2,Sí,2,5,5, , , , , , , , , , , , , , , , , , , , , , , , , , , , , , , , , , , , , , ,Ninguna, , , , , , , , , , , , , , , , , , ,-18.049155,-70.276493
0881,230110,10,CORONEL GREGORIO ALBARRACIN LANCHIPA,De 80001 a más Hab,Distrital, , , , , , , , , , , , , , , , , , , , , , , , , , , , ,1,23,1,10,Si,No, , , , , , , , , , , , , , , , , , , , , , , , , , , , , , , , , , , , , , , , , , , , , ,110,3,0,0,0,86,21,0,0,8,0,0,0,0,5,3,0,0,53,2,0,0,0,49,2,0,0,18,0,0,0,0,14,4,0,0,8,0,0,0,0,7,1,0,0,3,0,0,0,0,2,1,0,0,8,0,0,0,0,0,8,0,0,2,0,0,0,0,0,2,0,0,7,0,0,0,0,7,0,0,0,1,1,0,0,0,0,0,0,0,2,PUESTO DE AUXILIO RAPIDO,0,0,0,0,2,0,0,0,No, ,Si,1,No, ,Si,1,No, ,Si,1,Si,10,Si,11,Si,9,Si,3,Si,2,Si,4,Si,14,Si,54,110,1,Sí,6,Sí,4,26,24,27,33, , , , , , , , , , , , , , , , , , , , , , , , , , , , , , , , , , , , ,Ninguna, , , , , , , , , , , , , , , , , , ,-18.04198479,-70.2513182
0882,230101,01,TACNA,De 20001 - 40000 Hab,Distrital, , , , , , , , , , , , , , , , , , , , , , , , , , , , ,1,23,1,1,No,Si, , , , , , , , , , , , , , , , , , , , , , , , , , , , , , , , , , , , , , , , , , , , , ,48,3,0,0,0,29,16,0,0,5,0,0,0,0,1,4,0,0,17,0,0,0,0,14,3,0,0,0,0,0,0,0,0,0,0,0,6,0,0,0,0,5,1,0,0,4,0,0,0,0,3,1,0,0,5,0,0,0,0,0,5,0,0,1,0,0,0,0,0,1,0,0,7,0,0,0,0,6,1,0,0,3,3,0,0,0,0,0,0,0,0, ,0,0,0,0,0,0,0,0,No, ,No, ,No, ,Si,1,Si,1,Si,1,Si,6,No, ,Si,3,Si,1,Si,3,Si,1,Si,4,Si,27,48,1,Sí,10,Sí,5,6,6,7,6,6, , , , , , , , , , , , , , , , , , , , , , , , , , , , , , , , , , , ,Ninguna, , , , , , , , , , , , , , , , , , ,-18.03436867,-70.27655318
0883,230201,01,CANDARAVE,Menos de 5000 Hab,Provincial, , , , , , , ,1,23,2, , , , , , , , , , , , , , , , , , , , , , , , , , , , , , , , , , , , , , , , , , , , , , , , , , , , , , , , , , , , , , , , , , , , , ,13,1,0,0,0,11,1,0,0,1,0,0,0,0,0,1,0,0,5,0,0,0,0,5,0,0,0,0,0,0,0,0,0,0,0,0,1,0,0,0,0,1,0,0,0,1,0,0,0,0,1,0,0,0,1,0,0,0,0,1,0,0,0,1,0,0,0,0,1,0,0,0,2,0,0,0,0,2,0,0,0,1,1,0,0,0,0,0,0,0,0, ,0,0,0,0,0,0,0,0,No, ,No, ,Si,1,No, ,No, ,No, ,Si,1,Si,1,Si,3,Si,1,Si,1,No, ,Si,3,Si,2,13,0,No, ,No, , , , , , , , , , , , , , , , , , , , , , , , , , , , , , , , , , , , , , , , , , , , , , , , , , , , , , , , , , , , ,-17.2713767,-70.25248045
0884,230202,02,CAIRANI,Menos de 5000 Hab,Distrital, , , , , , , , , , , , , , , , , , , , , , , , , , , , ,2,23,2,2,Si,No,23,2,3,Si,No, , , , , , , , , , , , , , , , , , , , , , , , , , , , , , , , , , , , , , , , ,6,0,0,0,0,6,0,0,0,1,0,0,0,0,1,0,0,0,0,0,0,0,0,0,0,0,0,1,0,0,0,0,1,0,0,0,0,0,0,0,0,0,0,0,0,0,0,0,0,0,0,0,0,0,0,0,0,0,0,0,0,0,0,1,0,0,0,0,1,0,0,0,2,0,0,0,0,2,0,0,0,1,0,0,0,0,1,0,0,0,0, ,0,0,0,0,0,0,0,0,No, ,No, ,No, ,No, ,No, ,No, ,Si,1,Si,1,Si,1,No, ,Si,1,Si,1,Si,1,No, ,6,0,No, ,Sí,1,6, , , , , , , , , , , , , , , , , , , , , , , , , , , , , , , , , , , , , , , ,Almenos una,1,No,No,Si,No,No,No,No,No,No,No,No,No,No,No,No,Si,CONOS,-17.28604533,-70.36340298
0885,230204,04,CURIBAYA,Menos de 5000 Hab,Distrital, , , , , , , , , , , , , , , , , , , , , , , , , , , , ,2,23,2,4,Si,No,23,2,5,Si,No, , , , , , , , , , , , , , , , , , , , , , , , , , , , , , , , , , , , , , , , ,7,0,0,0,0,7,0,0,0,1,0,0,0,0,1,0,0,0,2,0,0,0,0,2,0,0,0,0,0,0,0,0,0,0,0,0,1,0,0,0,0,1,0,0,0,0,0,0,0,0,0,0,0,0,0,0,0,0,0,0,0,0,0,1,0,0,0,0,1,0,0,0,1,0,0,0,0,1,0,0,0,1,0,0,0,0,1,0,0,0,0, ,0,0,0,0,0,0,0,0,No, ,No, ,No, ,No, ,No, ,No, ,Si,1,Si,3,Si,1,No, ,No, ,Si,1,Si,1,No, ,7,0,No, ,Sí,1,4, , , , , , , , , , , , , , , , , , , , , , , , , , , , , , , , , , , , , , , ,Ninguna, , , , , , , , , , , , , , , , , , ,-17.37979367,-70.3340676
0886,230301,01,LOCUMBA,Menos de 5000 Hab,Distrital, , , , , , , , , , , , , , , , , , , , , , , , , , , , ,1,23,3,1,Si,No, , , , , , , , , , , , , , , , , , , , , , , , , , , , , , , , , , , , , , , , , , , , , ,12,1,0,0,0,9,2,0,0,1,0,0,0,0,0,1,0,0,2,0,0,0,0,2,0,0,0,2,0,0,0,0,1,1,0,0,1,0,0,0,0,1,0,0,0,1,0,0,0,0,1,0,0,0,1,0,0,0,0,1,0,0,0,1,0,0,0,0,1,0,0,0,2,0,0,0,0,2,0,0,0,1,1,0,0,0,0,0,0,0,0, ,0,0,0,0,0,0,0,0,No, ,No, ,No, ,Si,1,No, ,No, ,Si,2,No, ,Si,2,Si,1,No, ,Si,1,Si,2,Si,3,12,0,No, ,No, , , , , , , , , , , , , , , , , , , , , , , , , , , , , , , , , , , , , , , , , , , , , , , , , , , , , , , , , , , , ,-17.61408182,-70.76278467
0888,230302,02,ILABAYA,Menos de 5000 Hab,Otros,CENTRO POBLADO, , , , , , , , , , , , , , , , , , , , , , , , , , , , , , , , , , , , , , , , , , , , , , , , , , , , , , , , , , , , , , , , , , , , , , , , , , , , , , ,14,1,0,0,0,13,0,0,0,1,0,0,0,0,1,0,0,0,4,0,0,0,0,4,0,0,0,0,0,0,0,0,0,0,0,0,1,0,0,0,0,1,0,0,0,1,0,0,0,0,1,0,0,0,1,0,0,0,0,1,0,0,0,1,0,0,0,0,1,0,0,0,4,0,0,0,0,4,0,0,0,1,1,0,0,0,0,0,0,0,0, ,0,0,0,0,0,0,0,0,No, ,No, ,Si,1,No, ,No, ,No, ,No, ,No, ,Si,1,Si,1,Si,2,Si,1,Si,2,Si,6,14,0,No, ,Sí,2,6,7, , , , , , , , , , , , , , , , , , , , , , , , , , , , , , , , , , , , , , ,Ninguna, , , , , , , , , , , , , , , , , , ,-17.27918857,-70.6309854
0889,230302,02,ILABAYA,De 5000 - 10000 Hab,Distrital, , , , , , , , , , , , , , , , , , , , , , , , , , , , ,1,23,3,2,Si,No, , , , , , , , , , , , , , , , , , , , , , , , , , , , , , , , , , , , , , , , , , , , , ,8,0,0,0,0,7,1,0,0,1,0,0,0,0,1,0,0,0,2,0,0,0,0,2,0,0,0,1,0,0,0,0,1,0,0,0,0,0,0,0,0,0,0,0,0,1,0,0,0,0,1,0,0,0,0,0,0,0,0,0,0,0,0,1,0,0,0,0,0,1,0,0,1,0,0,0,0,1,0,0,0,1,0,0,0,0,1,0,0,0,0, ,0,0,0,0,0,0,0,0,No, ,No, ,No, ,No, ,No, ,No, ,Si,1,Si,3,Si,1,No, ,No, ,No, ,No, ,Si,3,8,0,No, ,Sí,1,8, , , , , , , , , , , , , , , , , , , , , , , , , , , , , , , , , , , , , , , ,Ninguna, , , , , , , , , , , , , , , , , , ,-17.41876806,-70.51317964
0890,230303,03,ITE,Menos de 5000 Hab,Distrital, , , , , , , , , , , , , , , , , , , , , , , , , , , , ,1,23,3,3,Si,No, , , , , , , , , , , , , , , , , , , , , , , , , , , , , , , , , , , , , , , , , , , , , ,9,1,0,0,0,7,1,0,0,1,0,0,0,0,1,0,0,0,2,0,0,0,0,2,0,0,0,0,0,0,0,0,0,0,0,0,1,0,0,0,0,1,0,0,0,1,0,0,0,0,1,0,0,0,0,0,0,0,0,0,0,0,0,1,0,0,0,0,0,1,0,0,1,0,0,0,0,1,0,0,0,2,1,0,0,0,1,0,0,0,0, ,0,0,0,0,0,0,0,0,No, ,No, ,No, ,No, ,Si,1,No, ,Si,3,Si,3,No, ,No, ,No, ,Si,1,No, ,Si,1,9,0,No, ,Sí,2,4,4, , , , , , , , , , , , , , , , , , , , , , , , , , , , , , , , , , , , , , ,Ninguna, , , , , , , , , , , , , , , , , , ,-17.862348,-70.96392863
0891,230401,01,TARATA,Menos de 5000 Hab,Distrital, , , , , , , , , , , , , , , , , , , , , , , , , , , , ,1,23,4,1,Si,No, , , , , , , , , , , , , , , , , , , , , , , , , , , , , , , , , , , , , , , , , , , , , ,21,1,0,0,0,18,2,0,0,2,0,0,0,0,1,1,0,0,10,0,0,0,0,10,0,0,0,0,0,0,0,0,0,0,0,0,0,0,0,0,0,0,0,0,0,0,0,0,0,0,0,0,0,0,1,0,0,0,0,0,1,0,0,1,0,0,0,0,1,0,0,0,4,0,0,0,0,4,0,0,0,1,1,0,0,0,0,0,0,0,2,"INVESTIGACION DE DELITOS Y FALTAS, ACCIDENTES DE TRANSITO Y VIOLENCIA FAMILIAR",0,0,0,0,2,0,0,0,No, ,Si,1,No, ,No, ,No, ,No, ,Si,2,Si,1,Si,2,No, ,Si,1,Si,3,Si,4,Si,7,21,0,No, ,Sí,2,5,5, , , , , , , , , , , , , , , , , , , , , , , , , , , , , , , , , , , , , , ,Ninguna, , , , , , , , , , , , , , , , , , ,-17.47259385,-70.03109202
0892,230404,04,ESTIQUE-PAMPA,Menos de 5000 Hab,Distrital, , , , , , , , , , , , , , , , , , , , , , , , , , , , ,3,23,4,4,Si,No,23,4,3,Si,No,23,4,7,Si,No, , , , , , , , , , , , , , , , , , , , , , , , , , , , , , , , , , , ,10,1,0,0,0,9,0,0,0,0,0,0,0,0,0,0,0,0,1,0,0,0,0,1,0,0,0,1,0,0,0,0,1,0,0,0,0,0,0,0,0,0,0,0,0,0,0,0,0,0,0,0,0,0,0,0,0,0,0,0,0,0,0,2,0,0,0,0,2,0,0,0,2,0,0,0,0,2,0,0,0,2,1,0,0,0,1,0,0,0,2,"INVESTIGACION DE DELITOS Y FALTAS, ACCIDENTES DE TRANSITO Y VIOLENCIA FAMILIAR",0,0,0,0,2,0,0,0,No, ,No, ,No, ,No, ,Si,1,No, ,Si,2,Si,3,Si,1,Si,2,No, ,No, ,No, ,Si,1,10,0,No, ,Sí,4,1,1,1,1, , , , , , , , , , , , , , , , , , , , , , , , , , , , , , , , , , , , ,Ninguna, , , , , , , , , , , , , , , , , , ,-17.54074408,-70.03033879
0893,230405,05,SITAJARA,Menos de 5000 Hab,Distrital, , , , , , , , , , , , , , , , , , , , , , , , , , , , ,1,23,4,5,Si,No, , , , , , , , , , , , , , , , , , , , , , , , , , , , , , , , , , , , , , , , , , , , , ,7,0,0,0,0,7,0,0,0,0,0,0,0,0,0,0,0,0,2,0,0,0,0,2,0,0,0,1,0,0,0,0,1,0,0,0,0,0,0,0,0,0,0,0,0,0,0,0,0,0,0,0,0,0,0,0,0,0,0,0,0,0,0,1,0,0,0,0,1,0,0,0,1,0,0,0,0,1,0,0,0,1,0,0,0,0,1,0,0,0,1,"INVESTIGACION DE DELITOS Y FALTAS, ACCIDENTES DE TRANSITO Y VIOLENCIA FAMILIAR",0,0,0,0,1,0,0,0,No, ,No, ,No, ,No, ,No, ,No, ,Si,1,Si,2,Si,1,No, ,Si,1,No, ,No, ,Si,2,7,0,No, ,Sí,1,3, , , , , , , , , , , , , , , , , , , , , , , , , , , , , , , , , , , , , , , ,Ninguna, , , , , , , , , , , , , , , , , , ,-17.3755293,-70.13327539
0894,230406,06,SUSAPAYA,Menos de 5000 Hab,Distrital, , , , , , , , , , , , , , , , , , , , , , , , , , , , ,1,23,4,6,Si,No, , , , , , , , , , , , , , , , , , , , , , , , , , , , , , , , , , , , , , , , , , , , , ,8,0,0,0,0,8,0,0,0,0,0,0,0,0,0,0,0,0,2,0,0,0,0,2,0,0,0,0,0,0,0,0,0,0,0,0,0,0,0,0,0,0,0,0,0,0,0,0,0,0,0,0,0,0,0,0,0,0,0,0,0,0,0,1,0,0,0,0,1,0,0,0,3,0,0,0,0,3,0,0,0,1,0,0,0,0,1,0,0,0,1,"INVESTIGACION DE DELITOS Y FALTAS, ACCIDENTES DE TRANSITO Y VIOLENCIA FAMILIAR",0,0,0,0,1,0,0,0,No, ,No, ,No, ,No, ,No, ,No, ,Si,1,Si,2,No, ,No, ,No, ,No, ,Si,1,Si,4,8,0,No, ,Sí,2,3,3, , , , , , , , , , , , , , , , , , , , , , , , , , , , , , , , , , , , , , ,Ninguna, , , , , , , , , , , , , , , , , , ,-17.35273483,-70.13247357
0895,230408,08,TICACO,Menos de 5000 Hab,Distrital, , , , , , , , , , , , , , , , , , , , , , , , , , , , ,1,23,4,8,Si,No, , , , , , , , , , , , , , , , , , , , , , , , , , , , , , , , , , , , , , , , , , , , , ,6,0,0,0,0,6,0,0,0,1,0,0,0,0,1,0,0,0,0,0,0,0,0,0,0,0,0,1,0,0,0,0,1,0,0,0,0,0,0,0,0,0,0,0,0,0,0,0,0,0,0,0,0,0,0,0,0,0,0,0,0,0,0,1,0,0,0,0,1,0,0,0,1,0,0,0,0,1,0,0,0,1,0,0,0,0,1,0,0,0,1,"INVESTIGACION DE DELITOS Y FALTAS, ACCIDENTES DE TRANSITO Y VIOLENCIA FAMILIAR",0,0,0,0,1,0,0,0,No, ,No, ,No, ,No, ,No, ,No, ,Si,1,Si,2,Si,2,No, ,No, ,No, ,No, ,Si,1,6,0,No, ,Sí,2,3,3, , , , , , , , , , , , , , , , , , , , , , , , , , , , , , , , , , , , , , ,Ninguna, , , , , , , , , , , , , , , , , , ,-17.45087778,-70.04462546
0896,210101,01,PUNO,De 80001 a más Hab,Distrital, , , , , , , , , , , , , , , , , , , , , , , , , , , , ,1,21,1,1,No,Si, , , , , , , , , , , , , , , , , , , , , , , , , , , , , , , , , , , , , , , , , , , , , ,151,2,1,0,0,128,20,0,0,5,0,0,0,0,4,1,0,0,22,1,0,0,0,21,0,0,0,25,0,0,0,0,25,0,0,0,19,0,1,0,0,16,2,0,0,7,0,0,0,0,6,1,0,0,4,0,0,0,0,1,3,0,0,3,0,0,0,0,1,2,0,0,63,0,0,0,0,53,10,0,0,1,1,0,0,0,0,0,0,0,2,CHOFER,0,0,0,0,1,1,0,0,No, ,Si,1,No, ,No, ,No, ,Si,2,Si,10,Si,11,Si,6,Si,8,Si,3,Si,11,Si,24,Si,75,151,0,Sí,3,Sí,1,40, , , , , , , , , , , , , , , , , , , , , , , , , , , , , , , , , , , , , , , ,Ninguna, , , , , , , , , , , , , , , , , , ,-15.840215,-70.028607
0898,210101,01,PUNO,De 40001 - 80000 Hab,Distrital, , , , , , , , , , , , , , , , , , , , , , , , , , , , ,1,21,1,1,No,Si, , , , , , , , , , , , , , , , , , , , , , , , , , , , , , , , , , , , , , , , , , , , , ,21,1,0,0,0,17,3,0,0,3,0,0,0,0,2,1,0,0,4,0,0,0,0,4,0,0,0,0,0,0,0,0,0,0,0,0,4,0,0,0,0,4,0,0,0,0,0,0,0,0,0,0,0,0,2,0,0,0,0,0,2,0,0,1,0,0,0,0,1,0,0,0,2,0,0,0,0,2,0,0,0,1,1,0,0,0,0,0,0,0,4,CHOFER,0,0,0,0,4,0,0,0,No, ,No, ,No, ,No, ,Si,1,No, ,Si,2,No, ,No, ,Si,1,Si,1,Si,2,Si,3,Si,11,21,0,No, ,No, , , , , , , , , , , , , , , , , , , , , , , , , , , , , , , , , , , , , , , , , , , , , , , , , , , , , , , , , , , , ,-15.82780794,-70.03424748
0899,210101,01,PUNO,De 5000 - 10000 Hab,Distrital, , , , , , , , , , , , , , , , , , , , , , , , , , , , ,1,21,1,1,No,Si, , , , , , , , , , , , , , , , , , , , , , , , , , , , , , , , , , , , , , , , , , , , , ,16,0,0,0,0,14,2,0,0,1,0,0,0,0,1,0,0,0,2,0,0,0,0,2,0,0,0,2,0,0,0,0,2,0,0,0,1,0,0,0,0,1,0,0,0,1,0,0,0,0,1,0,0,0,2,0,0,0,0,0,2,0,0,1,0,0,0,0,1,0,0,0,5,0,0,0,0,5,0,0,0,1,0,0,0,0,1,0,0,0,0, ,0,0,0,0,0,0,0,0,No, ,No, ,No, ,No, ,No, ,No, ,Si,1,No, ,Si,1,No, ,No, ,No, ,Si,6,Si,8,16,0,Sí,3,Sí,1,5, , , , , , , , , , , , , , , , , , , , , , , , , , , , , , , , , , , , , , , ,Ninguna, , , , , , , , , , , , , , , , , , ,-15.875625,-69.927907
0900,210101,01,PUNO,De 10001 - 20000 Hab,Distrital, , , , , , , , , , , , , , , , , , , , , , , , , , , , ,1,21,1,1,No,Si, , , , , , , , , , , , , , , , , , , , , , , , , , , , , , , , , , , , , , , , , , , , , ,34,0,1,0,0,8,25,0,0,2,0,0,0,0,1,1,0,0,2,0,0,0,0,0,2,0,0,0,0,0,0,0,0,0,0,0,0,0,0,0,0,0,0,0,0,0,0,0,0,0,0,0,0,0,18,0,0,0,0,3,15,0,0,0,0,0,0,0,0,0,0,0,5,0,0,0,0,0,5,0,0,1,0,1,0,0,0,0,0,0,6,CHOFER,0,0,0,0,4,2,0,0,No, ,No, ,No, ,Si,1,No, ,No, ,Si,1,Si,2,Si,1,Si,1,Si,1,Si,3,Si,6,Si,18,34,0,No, ,No, , , , , , , , , , , , , , , , , , , , , , , , , , , , , , , , , , , , , , , , , , , , , , , , , , , , , , , , , , , , ,-15.83620755,-70.02409145
0901,210101,01,PUNO,De 10001 - 20000 Hab,Otros,CENTRO POBLADO, , , , , , , , , , , , , , , , , , , , , , , , , , , , , , , , , , , , , , , , , , , , , , , , , , , , , , , , , , , , , , , , , , , , , , , , , , , , , , ,20,1,0,0,0,17,2,0,0,2,0,0,0,0,2,0,0,0,2,0,0,0,0,2,0,0,0,2,0,0,0,0,2,0,0,0,2,0,0,0,0,2,0,0,0,2,0,0,0,0,2,0,0,0,2,0,0,0,0,0,2,0,0,1,0,0,0,0,1,0,0,0,2,0,0,0,0,2,0,0,0,1,1,0,0,0,0,0,0,0,4,CHOFER,0,0,0,0,4,0,0,0,No, ,No, ,No, ,No, ,No, ,Si,1,Si,2,Si,2,Si,3,No, ,No, ,Si,2,Si,4,Si,6,20,0,Sí,2,No, , , , , , , , , , , , , , , , , , , , , , , , , , , , , , , , , , , , , , , , , , , , , , , , , , , , , , , , , , , , ,-15.81997645,-70.02946646
0902,210102,02,ACORA,De 20001 - 40000 Hab,Distrital, , , , , , , , , , , , , , , , , , , , , , , , , , , , ,1,21,1,2,Si,No, , , , , , , , , , , , , , , , , , , , , , , , , , , , , , , , , , , , , , , , , , , , , ,20,1,0,0,0,18,1,0,0,1,0,0,0,0,1,0,0,0,5,0,0,0,0,5,0,0,0,0,0,0,0,0,0,0,0,0,2,0,0,0,0,2,0,0,0,2,0,0,0,0,2,0,0,0,2,0,0,0,0,1,1,0,0,1,0,0,0,0,1,0,0,0,6,0,0,0,0,6,0,0,0,1,1,0,0,0,0,0,0,0,0, ,0,0,0,0,0,0,0,0,No, ,No, ,No, ,No, ,No, ,Si,1,Si,1,Si,2,Si,2,Si,1,No, ,No, ,Si,2,Si,11,20,0,No, ,No, , , , , , , , , , , , , , , , , , , , , , , , , , , , , , , , , , , , , , , , , , , , , , , , , , , , , , , , , , , , ,-15.97640161,-69.7965453
0903,210105,05,CAPACHICA,De 20001 - 40000 Hab,Distrital, , , , , , , , , , , , , , , , , , , , , , , , , , , , ,2,21,1,5,Si,No,21,1,3,No,Si, , , , , , , , , , , , , , , , , , , , , , , , , , , , , , , , , , , , , , , , ,16,0,0,0,0,16,0,0,0,1,0,0,0,0,1,0,0,0,4,0,0,0,0,4,0,0,0,4,0,0,0,0,4,0,0,0,1,0,0,0,0,1,0,0,0,1,0,0,0,0,1,0,0,0,1,0,0,0,0,1,0,0,0,1,0,0,0,0,1,0,0,0,2,0,0,0,0,2,0,0,0,1,0,0,0,0,1,0,0,0,0, ,0,0,0,0,0,0,0,0,No, ,No, ,No, ,No, ,No, ,No, ,Si,1,No, ,Si,5,No, ,No, ,No, ,Si,4,Si,6,16,0,No, ,Sí,1,16, , , , , , , , , , , , , , , , , , , , , , , , , , , , , , , , , , , , , , , ,Almenos una,1,No,Si,No,No,No,No,No,No,Si,Si,Si,Si,No,No,No,No, ,-15.64187738,-69.83118167
0904,210106,06,CHUCUITO,Menos de 5000 Hab,Distrital, , , , , , , , , , , , , , , , , , , , , , , , , , , , ,1,21,1,6,Si,No, , , , , , , , , , , , , , , , , , , , , , , , , , , , , , , , , , , , , , , , , , , , , ,17,1,0,0,0,14,2,0,0,1,0,0,0,0,1,0,0,0,3,0,0,0,0,3,0,0,0,3,0,0,0,0,3,0,0,0,2,0,0,0,0,2,0,0,0,2,0,0,0,0,2,0,0,0,2,0,0,0,0,0,2,0,0,1,0,0,0,0,1,0,0,0,2,0,0,0,0,2,0,0,0,1,1,0,0,0,0,0,0,0,0, ,0,0,0,0,0,0,0,0,No, ,No, ,No, ,No, ,Si,1,No, ,Si,1,No, ,Si,3,No, ,Si,1,Si,1,Si,5,Si,5,17,0,Sí,2,Sí,1,1, , , , , , , , , , , , , , , , , , , , , , , , , , , , , , , , , , , , , , , ,Ninguna, , , , , , , , , , , , , , , , , , ,-15.89484711,-69.88965132
0905,210108,08,HUATA,De 20001 - 40000 Hab,Distrital, , , , , , , , , , , , , , , , , , , , , , , , , , , , ,2,21,1,8,Si,No,21,1,7,Si,No, , , , , , , , , , , , , , , , , , , , , , , , , , , , , , , , , , , , , , , , ,15,0,0,0,0,14,1,0,0,1,0,0,0,0,0,1,0,0,2,0,0,0,0,2,0,0,0,2,0,0,0,0,2,0,0,0,1,0,0,0,0,1,0,0,0,1,0,0,0,0,1,0,0,0,1,0,0,0,0,1,0,0,0,1,0,0,0,0,1,0,0,0,3,0,0,0,0,3,0,0,0,1,0,0,0,0,1,0,0,0,2,CHOFER,0,0,0,0,2,0,0,0,No, ,No, ,No, ,No, ,No, ,No, ,Si,1,Si,1,Si,3,No, ,Si,1,No, ,Si,4,Si,5,15,0,Sí,1,Sí,2,8,8, , , , , , , , , , , , , , , , , , , , , , , , , , , , , , , , , , , , , , ,Ninguna, , , , , , , , , , , , , , , , , , ,-15.61430701,-69.97176489
0906,210109,09,MAÑAZO,Menos de 5000 Hab,Distrital, , , , , , , , , , , , , , , , , , , , , , , , , , , , ,2,21,1,9,Si,No,21,1,15,Si,No, , , , , , , , , , , , , , , , , , , , , , , , , , , , , , , , , , , , , , , , ,15,0,0,0,0,15,0,0,0,1,0,0,0,0,1,0,0,0,2,0,0,0,0,2,0,0,0,2,0,0,0,0,2,0,0,0,2,0,0,0,0,2,0,0,0,2,0,0,0,0,2,0,0,0,2,0,0,0,0,2,0,0,0,1,0,0,0,0,1,0,0,0,1,0,0,0,0,1,0,0,0,2,0,0,0,0,2,0,0,0,0, ,0,0,0,0,0,0,0,0,No, ,No, ,No, ,No, ,No, ,No, ,Si,1,Si,2,Si,1,No, ,Si,2,No, ,Si,1,Si,8,15,0,Sí,2,Sí,2,3,3, , , , , , , , , , , , , , , , , , , , , , , , , , , , , , , , , , , , , , ,Ninguna, , , , , , , , , , , , , , , , , , ,-15.80137971,-70.34298582
0907,210110,10,PAUCARCOLLA,De 10001 - 20000 Hab,Distrital, , , , , , , , , , , , , , , , , , , , , , , , , , , , ,2,21,1,10,Si,No,21,1,4,Si,No, , , , , , , , , , , , , , , , , , , , , , , , , , , , , , , , , , , , , , , , ,15,0,0,0,0,14,1,0,0,1,0,0,0,0,0,1,0,0,4,0,0,0,0,4,0,0,0,3,0,0,0,0,3,0,0,0,2,0,0,0,0,2,0,0,0,1,0,0,0,0,1,0,0,0,1,0,0,0,0,1,0,0,0,1,0,0,0,0,1,0,0,0,1,0,0,0,0,1,0,0,0,1,0,0,0,0,1,0,0,0,0, ,0,0,0,0,0,0,0,0,No, ,No, ,No, ,No, ,No, ,No, ,No, ,Si,1,Si,5,Si,1,No, ,Si,1,Si,1,Si,6,15,0,Sí,1,No, , , , , , , , , , , , , , , , , , , , , , , , , , , , , , , , , , , , , , , , , , , , , , , , , , , , , , , , , , , , ,-15.7449782,-70.05465302
0908,210111,11,PICHACANI,De 5000 - 10000 Hab,Distrital, , , , , , , , , , , , , , , , , , , , , , , , , , , , ,1,21,1,11,Si,No, , , , , , , , , , , , , , , , , , , , , , , , , , , , , , , , , , , , , , , , , , , , , ,15,1,0,0,0,14,0,0,0,1,0,0,0,0,1,0,0,0,4,0,0,0,0,4,0,0,0,3,0,0,0,0,3,0,0,0,1,0,0,0,0,1,0,0,0,1,0,0,0,0,1,0,0,0,1,0,0,0,0,1,0,0,0,1,0,0,0,0,1,0,0,0,1,0,0,0,0,1,0,0,0,2,1,0,0,0,1,0,0,0,0, ,0,0,0,0,0,0,0,0,No, ,No, ,No, ,No, ,Si,1,No, ,Si,2,Si,4,Si,1,Si,1,No, ,No, ,No, ,Si,6,15,0,No, ,Sí,2,8,8, , , , , , , , , , , , , , , , , , , , , , , , , , , , , , , , , , , , , , ,Ninguna, , , , , , , , , , , , , , , , , , ,-16.15056892,-70.06429214
0909,210114,14,TIQUILLACA,De 5000 - 10000 Hab,Distrital, , , , , , , , , , , , , , , , , , , , , , , , , , , , ,2,21,1,14,Si,No,21,1,13,Si,No, , , , , , , , , , , , , , , , , , , , , , , , , , , , , , , , , , , , , , , , ,14,0,0,0,0,13,1,0,0,1,0,0,0,0,1,0,0,0,3,0,0,0,0,3,0,0,0,2,0,0,0,0,2,0,0,0,1,0,0,0,0,1,0,0,0,1,0,0,0,0,1,0,0,0,1,0,0,0,0,0,1,0,0,1,0,0,0,0,1,0,0,0,2,0,0,0,0,2,0,0,0,1,0,0,0,0,1,0,0,0,1,CHOFER,0,0,0,0,1,0,0,0,No, ,No, ,No, ,No, ,No, ,No, ,Si,1,Si,2,Si,1,No, ,No, ,No, ,Si,1,Si,9,14,0,Sí,1,No, , , , , , , , , , , , , , , , , , , , , , , , , , , , , , , , , , , , , , , , , , , , , , , , , , , , , , , , , , , , ,-15.79747718,-70.18642479
0910,210201,01,AZANGARO,De 20001 - 40000 Hab,Distrital, , , , , , , , , , , , , , , , , , , , , , , , , , , , ,4,21,2,13,Si,No,21,2,12,Si,No,21,2,1,Si,No,21,2,8,Si,No, , , , , , , , , , , , , , , , , , , , , , , , , , , , , , ,28,1,0,0,0,25,2,0,0,1,0,0,0,0,0,1,0,0,12,0,0,0,0,12,0,0,0,3,0,0,0,0,3,0,0,0,1,0,0,0,0,1,0,0,0,2,0,0,0,0,2,0,0,0,3,0,0,0,0,2,1,0,0,1,0,0,0,0,1,0,0,0,4,0,0,0,0,4,0,0,0,1,1,0,0,0,0,0,0,0,0, ,0,0,0,0,0,0,0,0,No, ,No, ,Si,1,No, ,No, ,No, ,No, ,Si,2,Si,4,Si,1,Si,2,Si,3,Si,3,Si,12,28,0,Sí,9,Sí,1,10, , , , , , , , , , , , , , , , , , , , , , , , , , , , , , , , , , , , , , , ,Ninguna, , , , , , , , , , , , , , , , , , ,-14.90959689,-70.19648358
0911,210203,03,ARAPA,De 10001 - 20000 Hab,Distrital, , , , , , , , , , , , , , , , , , , , , , , , , , , , ,5,21,2,3,Si,No,21,2,10,Si,No,21,2,6,Si,No,21,2,5,No,Si,21,2,2,No,Si, , , , , , , , , , , , , , , , , , , , , , , , , ,16,0,0,0,0,15,1,0,0,1,0,0,0,0,0,1,0,0,2,0,0,0,0,2,0,0,0,2,0,0,0,0,2,0,0,0,0,0,0,0,0,0,0,0,0,2,0,0,0,0,2,0,0,0,2,0,0,0,0,2,0,0,0,2,0,0,0,0,2,0,0,0,4,0,0,0,0,4,0,0,0,1,0,0,0,0,1,0,0,0,0, ,0,0,0,0,0,0,0,0,No, ,No, ,No, ,No, ,No, ,No, ,Si,1,No, ,Si,4,Si,2,Si,1,Si,1,Si,1,Si,6,16,0,Sí,1,Sí,1,6, , , , , , , , , , , , , , , , , , , , , , , , , , , , , , , , , , , , , , , ,Ninguna, , , , , , , , , , , , , , , , , , ,-15.13943619,-70.10989562
0912,210204,04,ASILLO,De 10001 - 20000 Hab,Distrital, , , , , , , , , , , , , , , , , , , , , , , , , , , , ,1,21,2,4,Si,No, , , , , , , , , , , , , , , , , , , , , , , , , , , , , , , , , , , , , , , , , , , , , ,13,0,0,0,0,13,0,0,0,1,0,0,0,0,1,0,0,0,2,0,0,0,0,2,0,0,0,2,0,0,0,0,2,0,0,0,0,0,0,0,0,0,0,0,0,2,0,0,0,0,2,0,0,0,1,0,0,0,0,1,0,0,0,1,0,0,0,0,1,0,0,0,3,0,0,0,0,3,0,0,0,1,0,0,0,0,1,0,0,0,0, ,0,0,0,0,0,0,0,0,No, ,No, ,No, ,No, ,No, ,No, ,No, ,Si,3,Si,1,Si,3,No, ,Si,2,Si,2,Si,2,13,0,Sí,1,No, , , , , , , , , , , , , , , , , , , , , , , , , , , , , , , , , , , , , , , , , , , , , , , , , , , , , , , , , , , , ,-14.7862671,-70.35431337
0913,210207,07,JOSE DOMINGO CHOQUEHUANCA,De 10001 - 20000 Hab,Distrital, , , , , , , , , , , , , , , , , , , , , , , , , , , , ,3,21,2,7,No,Si,21,2,14,Si,No,21,2,15,Si,No, , , , , , , , , , , , , , , , , , , , , , , , , , , , , , , , , , , ,14,0,0,0,0,14,0,0,0,2,0,0,0,0,2,0,0,0,4,0,0,0,0,4,0,0,0,2,0,0,0,0,2,0,0,0,0,0,0,0,0,0,0,0,0,1,0,0,0,0,1,0,0,0,0,0,0,0,0,0,0,0,0,1,0,0,0,0,1,0,0,0,3,0,0,0,0,3,0,0,0,1,0,0,0,0,1,0,0,0,0, ,0,0,0,0,0,0,0,0,No, ,No, ,No, ,No, ,No, ,No, ,Si,1,Si,2,Si,2,Si,1,No, ,Si,1,Si,1,Si,6,14,0,Sí,5,No, , , , , , , , , , , , , , , , , , , , , , , , , , , , , , , , , , , , , , , , , , , , , , , , , , , , , , , , , , , , ,-15.03095991,-70.34078021
0914,210211,11,SAN ANTON,De 5000 - 10000 Hab,Distrital, , , , , , , , , , , , , , , , , , , , , , , , , , , , ,2,21,2,11,Si,No,21,2,9,Si,No, , , , , , , , , , , , , , , , , , , , , , , , , , , , , , , , , , , , , , , , ,16,0,0,0,0,16,0,0,0,1,0,0,0,0,1,0,0,0,4,0,0,0,0,4,0,0,0,2,0,0,0,0,2,0,0,0,0,0,0,0,0,0,0,0,0,2,0,0,0,0,2,0,0,0,0,0,0,0,0,0,0,0,0,2,0,0,0,0,2,0,0,0,4,0,0,0,0,4,0,0,0,1,0,0,0,0,1,0,0,0,0, ,0,0,0,0,0,0,0,0,No, ,No, ,No, ,No, ,No, ,No, ,Si,1,Si,2,Si,2,Si,2,Si,1,Si,1,Si,2,Si,5,16,0,Sí,5,Sí,1,8, , , , , , , , , , , , , , , , , , , , , , , , , , , , , , , , , , , , , , , ,Ninguna, , , , , , , , , , , , , , , , , , ,-14.5837711,-70.31689138
0915,210301,01,MACUSANI,De 80001 a más Hab,Provincial, , , , , , , ,1,21,3, , , , , , , , , , , , , , , , , , , , , , , , , , , , , , , , , , , , , , , , , , , , , , , , , , , , , , , , , , , , , , , , , , , , , ,30,1,0,0,0,28,1,0,0,3,0,0,0,0,3,0,0,0,8,0,0,0,0,8,0,0,0,4,0,0,0,0,4,0,0,0,3,0,0,0,0,3,0,0,0,2,0,0,0,0,2,0,0,0,2,0,0,0,0,1,1,0,0,1,0,0,0,0,1,0,0,0,4,0,0,0,0,4,0,0,0,3,1,0,0,0,2,0,0,0,0, ,0,0,0,0,0,0,0,0,No, ,No, ,Si,1,No, ,No, ,No, ,Si,2,Si,2,Si,6,Si,1,Si,2,No, ,Si,5,Si,11,30,0,Sí,8,No, , , , , , , , , , , , , , , , , , , , , , , , , , , , , , , , , , , , , , , , , , , , , , , , , , , , , , , , , , , , ,-14.06800022,-70.43127242
0916,210306,06,CRUCERO,De 10001 - 20000 Hab,Distrital, , , , , , , , , , , , , , , , , , , , , , , , , , , , ,1,21,3,6,Si,No, , , , , , , , , , , , , , , , , , , , , , , , , , , , , , , , , , , , , , , , , , , , , ,18,0,0,0,0,18,0,0,0,1,0,0,0,0,1,0,0,0,6,0,0,0,0,6,0,0,0,3,0,0,0,0,3,0,0,0,2,0,0,0,0,2,0,0,0,1,0,0,0,0,1,0,0,0,1,0,0,0,0,1,0,0,0,1,0,0,0,0,1,0,0,0,2,0,0,0,0,2,0,0,0,1,0,0,0,0,1,0,0,0,0, ,0,0,0,0,0,0,0,0,No, ,No, ,No, ,No, ,No, ,No, ,Si,1,Si,3,Si,1,No, ,Si,2,Si,2,Si,1,Si,8,18,0,Sí,1,No, , , , , , , , , , , , , , , , , , , , , , , , , , , , , , , , , , , , , , , , , , , , , , , , , , , , , , , , , , , , ,-14.36156509,-70.02375432
0917,210401,01,JULI,De 20001 - 40000 Hab,Distrital, , , , , , , , , , , , , , , , , , , , , , , , , , , , ,1,21,4,1,Si,No, , , , , , , , , , , , , , , , , , , , , , , , , , , , , , , , , , , , , , , , , , , , , ,18,0,0,0,0,18,0,0,0,1,0,0,0,0,1,0,0,0,3,0,0,0,0,3,0,0,0,2,0,0,0,0,2,0,0,0,2,0,0,0,0,2,0,0,0,2,0,0,0,0,2,0,0,0,2,0,0,0,0,2,0,0,0,1,0,0,0,0,1,0,0,0,4,0,0,0,0,4,0,0,0,1,0,0,0,0,1,0,0,0,0, ,0,0,0,0,0,0,0,0,No, ,No, ,No, ,No, ,No, ,No, ,Si,1,Si,1,Si,4,Si,1,Si,2,Si,1,Si,1,Si,7,18,0,Sí,5,Sí,1,15, , , , , , , , , , , , , , , , , , , , , , , , , , , , , , , , , , , , , , , ,Ninguna, , , , , , , , , , , , , , , , , , ,-16.21931535,-69.46841559
0918,210402,02,DESAGUADERO,De 20001 - 40000 Hab,Distrital, , , , , , , , , , , , , , , , , , , , , , , , , , , , ,1,21,4,2,Si,No, , , , , , , , , , , , , , , , , , , , , , , , , , , , , , , , , , , , , , , , , , , , , ,28,1,0,0,0,24,3,0,0,4,0,0,0,0,2,2,0,0,4,0,0,0,0,4,0,0,0,4,0,0,0,0,4,0,0,0,2,0,0,0,0,2,0,0,0,2,0,0,0,0,2,0,0,0,3,0,0,0,0,3,0,0,0,2,0,0,0,0,1,1,0,0,6,0,0,0,0,6,0,0,0,1,1,0,0,0,0,0,0,0,0, ,0,0,0,0,0,0,0,0,No, ,No, ,Si,1,No, ,No, ,No, ,No, ,Si,3,Si,1,Si,2,Si,1,Si,3,Si,5,Si,12,28,0,No, ,Sí,2,10,10, , , , , , , , , , , , , , , , , , , , , , , , , , , , , , , , , , , , , , ,Almenos una,2,Si,Si,No,No,No,No,No,No,Si,No,No,Si,No,No,No,Si,PONCHO IMPERMEABLE,-16.56420754,-69.03945739
0919,210403,03,HUACULLANI,De 10001 - 20000 Hab,Distrital, , , , , , , , , , , , , , , , , , , , , , , , , , , , ,1,21,4,3,Si,No, , , , , , , , , , , , , , , , , , , , , , , , , , , , , , , , , , , , , , , , , , , , , ,17,0,0,0,0,17,0,0,0,1,0,0,0,0,1,0,0,0,4,0,0,0,0,4,0,0,0,4,0,0,0,0,4,0,0,0,2,0,0,0,0,2,0,0,0,1,0,0,0,0,1,0,0,0,1,0,0,0,0,1,0,0,0,1,0,0,0,0,1,0,0,0,2,0,0,0,0,2,0,0,0,1,0,0,0,0,1,0,0,0,0, ,0,0,0,0,0,0,0,0,No, ,No, ,No, ,No, ,No, ,No, ,Si,1,Si,1,No, ,No, ,No, ,No, ,Si,9,Si,6,17,0,Sí,4,Sí,1,5, , , , , , , , , , , , , , , , , , , , , , , , , , , , , , , , , , , , , , , ,Ninguna, , , , , , , , , , , , , , , , , , ,-16.63111439,-69.32197675
0920,210406,06,POMATA,De 20001 - 40000 Hab,Distrital, , , , , , , , , , , , , , , , , , , , , , , , , , , , ,1,21,4,6,Si,No, , , , , , , , , , , , , , , , , , , , , , , , , , , , , , , , , , , , , , , , , , , , , ,16,0,0,0,0,16,0,0,0,1,0,0,0,0,1,0,0,0,4,0,0,0,0,4,0,0,0,4,0,0,0,0,4,0,0,0,1,0,0,0,0,1,0,0,0,1,0,0,0,0,1,0,0,0,2,0,0,0,0,2,0,0,0,1,0,0,0,0,1,0,0,0,1,0,0,0,0,1,0,0,0,1,0,0,0,0,1,0,0,0,0, ,0,0,0,0,0,0,0,0,No, ,No, ,No, ,No, ,No, ,No, ,Si,1,Si,1,Si,3,No, ,No, ,No, ,Si,2,Si,9,16,0,No, ,Sí,1,6, , , , , , , , , , , , , , , , , , , , , , , , , , , , , , , , , , , , , , , ,Ninguna, , , , , , , , , , , , , , , , , , ,-16.27178755,-69.29273199
0921,210407,07,ZEPITA,De 10001 - 20000 Hab,Distrital, , , , , , , , , , , , , , , , , , , , , , , , , , , , ,1,21,4,7,Si,No, , , , , , , , , , , , , , , , , , , , , , , , , , , , , , , , , , , , , , , , , , , , , ,17,1,0,0,0,16,0,0,0,1,0,0,0,0,1,0,0,0,4,0,0,0,0,4,0,0,0,0,0,0,0,0,0,0,0,0,2,0,0,0,0,2,0,0,0,2,0,0,0,0,2,0,0,0,1,0,0,0,0,1,0,0,0,1,0,0,0,0,1,0,0,0,2,0,0,0,0,2,0,0,0,1,1,0,0,0,0,0,0,0,3,CHOFER,0,0,0,0,3,0,0,0,No, ,No, ,No, ,No, ,No, ,Si,1,Si,1,No, ,Si,3,No, ,No, ,No, ,Si,4,Si,8,17,0,Sí,4,Sí,1,6, , , , , , , , , , , , , , , , , , , , , , , , , , , , , , , , , , , , , , , ,Ninguna, , , , , , , , , , , , , , , , , , ,-16.49899379,-69.1000699
0922,210501,01,ILAVE,De 40001 - 80000 Hab,Distrital, , , , , , , , , , , , , , , , , , , , , , , , , , , , ,1,21,5,1,Si,No, , , , , , , , , , , , , , , , , , , , , , , , , , , , , , , , , , , , , , , , , , , , , ,46,0,0,0,0,43,3,0,0,4,0,0,0,0,3,1,0,0,12,0,0,0,0,12,0,0,0,8,0,0,0,0,8,0,0,0,2,0,0,0,0,2,0,0,0,1,0,0,0,0,1,0,0,0,5,0,0,0,0,4,1,0,0,3,0,0,0,0,2,1,0,0,10,0,0,0,0,10,0,0,0,1,0,0,0,0,1,0,0,0,0, ,0,0,0,0,0,0,0,0,No, ,No, ,No, ,No, ,No, ,No, ,Si,1,No, ,Si,2,Si,1,No, ,Si,1,Si,4,Si,37,46,0,No, ,Sí,2,4,4, , , , , , , , , , , , , , , , , , , , , , , , , , , , , , , , , , , , , , ,Ninguna, , , , , , , , , , , , , , , , , , ,-16.07527158,-69.62864283
0923,210503,03,PILCUYO,De 10001 - 20000 Hab,Distrital, , , , , , , , , , , , , , , , , , , , , , , , , , , , ,1,21,5,3,Si,No, , , , , , , , , , , , , , , , , , , , , , , , , , , , , , , , , , , , , , , , , , , , , ,16,0,0,0,0,16,0,0,0,1,0,0,0,0,1,0,0,0,3,0,0,0,0,3,0,0,0,2,0,0,0,0,2,0,0,0,2,0,0,0,0,2,0,0,0,2,0,0,0,0,2,0,0,0,2,0,0,0,0,2,0,0,0,2,0,0,0,0,2,0,0,0,1,0,0,0,0,1,0,0,0,1,0,0,0,0,1,0,0,0,0, ,0,0,0,0,0,0,0,0,No, ,No, ,No, ,No, ,No, ,No, ,Si,1,Si,1,Si,1,Si,1,No, ,Si,1,Si,1,Si,10,16,0,Sí,4,Sí,1,1, , , , , , , , , , , , , , , , , , , , , , , , , , , , , , , , , , , , , , , ,Almenos una,1,No,Si,No,No,No,No,No,No,No,No,No,No,No,No,No,Si,BOTIQUIN DE PRIMEROS AUXILIOS,-16.11137935,-69.55587385
0924,210504,04,SANTA ROSA,De 20001 - 40000 Hab,Distrital, , , , , , , , , , , , , , , , , , , , , , , , , , , , ,3,21,5,4,Si,No,21,5,2,Si,No,21,5,5,Si,No, , , , , , , , , , , , , , , , , , , , , , , , , , , , , , , , , , , ,21,1,0,0,0,20,0,0,0,1,0,0,0,0,1,0,0,0,6,0,0,0,0,6,0,0,0,4,0,0,0,0,4,0,0,0,1,0,0,0,0,1,0,0,0,1,0,0,0,0,1,0,0,0,1,0,0,0,0,1,0,0,0,3,0,0,0,0,3,0,0,0,3,0,0,0,0,3,0,0,0,1,1,0,0,0,0,0,0,0,0, ,0,0,0,0,0,0,0,0,No, ,No, ,Si,1,No, ,No, ,No, ,Si,2,Si,3,Si,3,Si,2,Si,1,Si,3,Si,3,Si,3,21,0,Sí,1,Sí,1,5, , , , , , , , , , , , , , , , , , , , , , , , , , , , , , , , , , , , , , , ,Ninguna, , , , , , , , , , , , , , , , , , ,-16.74126669,-69.71717447
0925,210601,01,HUANCANE,De 40001 - 80000 Hab,Provincial, , , , , , , ,1,21,6, , , , , , , , , , , , , , , , , , , , , , , , , , , , , , , , , , , , , , , , , , , , , , , , , , , , , , , , , , , , , , , , , , , , , ,23,1,0,0,0,22,0,0,0,2,0,0,0,0,2,0,0,0,4,0,0,0,0,4,0,0,0,6,0,0,0,0,6,0,0,0,2,0,0,0,0,2,0,0,0,3,0,0,0,0,3,0,0,0,3,0,0,0,0,3,0,0,0,1,0,0,0,0,1,0,0,0,1,0,0,0,0,1,0,0,0,1,1,0,0,0,0,0,0,0,0, ,0,0,0,0,0,0,0,0,No, ,No, ,No, ,Si,1,No, ,No, ,Si,3,Si,1,Si,2,Si,2,No, ,Si,1,No, ,Si,13,23,0,Sí,2,No, , , , , , , , , , , , , , , , , , , , , , , , , , , , , , , , , , , , , , , , , , , , , , , , , , , , , , , , , , , , ,-15.20133193,-69.76561491
0926,210605,05,PUSI,Menos de 5000 Hab,Distrital, , , , , , , , , , , , , , , , , , , , , , , , , , , , ,1,21,6,5,Si,No, , , , , , , , , , , , , , , , , , , , , , , , , , , , , , , , , , , , , , , , , , , , , ,15,0,0,0,0,15,0,0,0,1,0,0,0,0,1,0,0,0,4,0,0,0,0,4,0,0,0,2,0,0,0,0,2,0,0,0,1,0,0,0,0,1,0,0,0,1,0,0,0,0,1,0,0,0,1,0,0,0,0,1,0,0,0,1,0,0,0,0,1,0,0,0,3,0,0,0,0,3,0,0,0,1,0,0,0,0,1,0,0,0,0, ,0,0,0,0,0,0,0,0,No, ,No, ,No, ,No, ,No, ,No, ,Si,1,Si,1,Si,3,Si,1,Si,2,No, ,Si,1,Si,6,15,0,No, ,No, , , , , , , , , , , , , , , , , , , , , , , , , , , , , , , , , , , , , , , , , , , , , , , , , , , , , , , , , , , , ,-15.44216505,-69.92913693
0927,210606,06,ROSASPATA,Menos de 5000 Hab,Distrital, , , , , , , , , , , , , , , , , , , , , , , , , , , , ,1,21,6,6,Si,No, , , , , , , , , , , , , , , , , , , , , , , , , , , , , , , , , , , , , , , , , , , , , ,14,0,0,0,0,13,1,0,0,2,0,0,0,0,1,1,0,0,0,0,0,0,0,0,0,0,0,2,0,0,0,0,2,0,0,0,2,0,0,0,0,2,0,0,0,2,0,0,0,0,2,0,0,0,2,0,0,0,0,2,0,0,0,1,0,0,0,0,1,0,0,0,2,0,0,0,0,2,0,0,0,1,0,0,0,0,1,0,0,0,0, ,0,0,0,0,0,0,0,0,No, ,No, ,No, ,No, ,No, ,No, ,Si,1,No, ,Si,1,No, ,No, ,Si,2,Si,2,Si,8,14,0,No, ,No, , , , , , , , , , , , , , , , , , , , , , , , , , , , , , , , , , , , , , , , , , , , , , , , , , , , , , , , , , , , ,-15.23501787,-69.52808824
0928,210607,07,TARACO,De 10001 - 20000 Hab,Distrital, , , , , , , , , , , , , , , , , , , , , , , , , , , , ,1,21,6,7,Si,No, , , , , , , , , , , , , , , , , , , , , , , , , , , , , , , , , , , , , , , , , , , , , ,17,0,0,0,0,15,2,0,0,1,0,0,0,0,0,1,0,0,3,0,0,0,0,3,0,0,0,3,0,0,0,0,3,0,0,0,2,0,0,0,0,2,0,0,0,2,0,0,0,0,2,0,0,0,1,0,0,0,0,0,1,0,0,1,0,0,0,0,1,0,0,0,3,0,0,0,0,3,0,0,0,1,0,0,0,0,1,0,0,0,0, ,0,0,0,0,0,0,0,0,No, ,No, ,No, ,No, ,No, ,No, ,Si,1,Si,1,Si,3,No, ,No, ,Si,2,Si,2,Si,8,17,0,No, ,No, , , , , , , , , , , , , , , , , , , , , , , , , , , , , , , , , , , , , , , , , , , , , , , , , , , , , , , , , , , , ,-15.29796642,-69.97882371
0929,210608,08,VILQUE CHICO,De 10001 - 20000 Hab,Distrital, , , , , , , , , , , , , , , , , , , , , , , , , , , , ,2,21,6,2,Si,No,21,6,8,Si,No, , , , , , , , , , , , , , , , , , , , , , , , , , , , , , , , , , , , , , , , ,15,1,0,0,0,13,1,0,0,1,0,0,0,0,1,0,0,0,4,0,0,0,0,4,0,0,0,2,0,0,0,0,2,0,0,0,1,0,0,0,0,1,0,0,0,1,0,0,0,0,1,0,0,0,2,0,0,0,0,2,0,0,0,1,0,0,0,0,0,1,0,0,2,0,0,0,0,2,0,0,0,1,1,0,0,0,0,0,0,0,0, ,0,0,0,0,0,0,0,0,No, ,No, ,No, ,No, ,No, ,Si,1,No, ,Si,2,Si,1,No, ,No, ,Si,2,Si,1,Si,8,15,0,No, ,No, , , , , , , , , , , , , , , , , , , , , , , , , , , , , , , , , , , , , , , , , , , , , , , , , , , , , , , , , , , , ,-15.21587359,-69.68921367
0930,210701,01,LAMPA,De 10001 - 20000 Hab,Distrital, , , , , , , , , , , , , , , , , , , , , , , , , , , , ,4,21,7,1,Si,No,21,7,6,Si,No,21,7,10,Si,No,21,7,5,Si,No, , , , , , , , , , , , , , , , , , , , , , , , , , , , , , ,31,1,0,0,0,28,2,0,0,2,0,0,0,0,2,0,0,0,4,0,0,0,0,4,0,0,0,7,0,0,0,0,7,0,0,0,2,0,0,0,0,2,0,0,0,2,0,0,0,0,2,0,0,0,4,0,0,0,0,2,2,0,0,1,0,0,0,0,1,0,0,0,8,0,0,0,0,8,0,0,0,1,1,0,0,0,0,0,0,0,0, ,0,0,0,0,0,0,0,0,No, ,No, ,Si,1,No, ,No, ,No, ,Si,2,Si,1,Si,3,No, ,No, ,No, ,Si,3,Si,21,31,0,Sí,5,No, , , , , , , , , , , , , , , , , , , , , , , , , , , , , , , , , , , , , , , , , , , , , , , , , , , , , , , , , , , , ,-15.363348,-70.367068
0931,211103,03,CABANILLAS,De 10001 - 20000 Hab,Distrital, , , , , , , , , , , , , , , , , , , , , , , , , , , , ,2,21,11,2,Si,No,21,11,3,Si,No, , , , , , , , , , , , , , , , , , , , , , , , , , , , , , , , , , , , , , , , ,18,0,0,0,0,18,0,0,0,1,0,0,0,0,1,0,0,0,3,0,0,0,0,3,0,0,0,2,0,0,0,0,2,0,0,0,2,0,0,0,0,2,0,0,0,2,0,0,0,0,2,0,0,0,2,0,0,0,0,2,0,0,0,1,0,0,0,0,1,0,0,0,4,0,0,0,0,4,0,0,0,1,0,0,0,0,1,0,0,0,0, ,0,0,0,0,0,0,0,0,No, ,No, ,No, ,No, ,No, ,No, ,Si,1,Si,1,Si,3,Si,4,Si,1,No, ,Si,2,Si,6,18,0,No, ,Sí,1,8, , , , , , , , , , , , , , , , , , , , , , , , , , , , , , , , , , , , , , , ,Ninguna, , , , , , , , , , , , , , , , , , ,-15.64358721,-70.351371
0932,210708,08,PUCARA,De 5000 - 10000 Hab,Distrital, , , , , , , , , , , , , , , , , , , , , , , , , , , , ,3,21,7,3,Si,No,21,7,4,Si,No,21,7,8,Si,No, , , , , , , , , , , , , , , , , , , , , , , , , , , , , , , , , , , ,17,0,0,0,0,16,1,0,0,1,0,0,0,0,0,1,0,0,4,0,0,0,0,4,0,0,0,3,0,0,0,0,3,0,0,0,2,0,0,0,0,2,0,0,0,2,0,0,0,0,2,0,0,0,2,0,0,0,0,2,0,0,0,1,0,0,0,0,1,0,0,0,1,0,0,0,0,1,0,0,0,1,0,0,0,0,1,0,0,0,0, ,0,0,0,0,0,0,0,0,No, ,No, ,No, ,No, ,No, ,No, ,Si,1,Si,3,Si,3,Si,2,Si,3,No, ,Si,1,Si,4,17,0,Sí,2,No, , , , , , , , , , , , , , , , , , , , , , , , , , , , , , , , , , , , , , , , , , , , , , , , , , , , , , , , , , , , ,-15.04096857,-70.3656846
0933,210709,09,SANTA LUCIA,De 5000 - 10000 Hab,Distrital, , , , , , , , , , , , , , , , , , , , , , , , , , , , ,2,21,7,7,Si,No,21,7,9,Si,No, , , , , , , , , , , , , , , , , , , , , , , , , , , , , , , , , , , , , , , , ,16,0,0,0,0,16,0,0,0,1,0,0,0,0,1,0,0,0,3,0,0,0,0,3,0,0,0,2,0,0,0,0,2,0,0,0,2,0,0,0,0,2,0,0,0,2,0,0,0,0,2,0,0,0,2,0,0,0,0,2,0,0,0,1,0,0,0,0,1,0,0,0,2,0,0,0,0,2,0,0,0,1,0,0,0,0,1,0,0,0,0, ,0,0,0,0,0,0,0,0,No, ,No, ,No, ,No, ,No, ,No, ,No, ,Si,1,Si,2,Si,5,No, ,Si,1,Si,1,Si,6,16,0,No, ,No, , , , , , , , , , , , , , , , , , , , , , , , , , , , , , , , , , , , , , , , , , , , , , , , , , , , , , , , , , , , ,-15.70175721,-70.60899599
0934,210801,01,AYAVIRI,De 20001 - 40000 Hab,Distrital, , , , , , , , , , , , , , , , , , , , , , , , , , , , ,5,21,8,1,Si,No,21,8,5,Si,No,21,8,3,Si,No,21,8,4,Si,No,21,8,9,Si,No, , , , , , , , , , , , , , , , , , , , , , , , , ,27,1,0,0,0,24,2,0,0,2,0,0,0,0,2,0,0,0,4,0,0,0,0,4,0,0,0,3,0,0,0,0,3,0,0,0,4,0,0,0,0,4,0,0,0,2,0,0,0,0,2,0,0,0,3,0,0,0,0,2,1,0,0,1,0,0,0,0,1,0,0,0,7,0,0,0,0,6,1,0,0,1,1,0,0,0,0,0,0,0,0, ,0,0,0,0,0,0,0,0,No, ,No, ,Si,1,No, ,No, ,No, ,No, ,Si,2,Si,2,Si,8,Si,3,Si,1,Si,1,Si,9,27,0,Sí,3,No, , , , , , , , , , , , , , , , , , , , , , , , , , , , , , , , , , , , , , , , , , , , , , , , , , , , , , , , , , , , ,-14.88199116,-70.59201016
0935,210802,02,ANTAUTA,De 10001 - 20000 Hab,Distrital, , , , , , , , , , , , , , , , , , , , , , , , , , , , ,1,21,8,2,Si,No, , , , , , , , , , , , , , , , , , , , , , , , , , , , , , , , , , , , , , , , , , , , , ,12,0,0,0,0,12,0,0,0,1,0,0,0,0,1,0,0,0,3,0,0,0,0,3,0,0,0,2,0,0,0,0,2,0,0,0,0,0,0,0,0,0,0,0,0,0,0,0,0,0,0,0,0,0,0,0,0,0,0,0,0,0,0,1,0,0,0,0,1,0,0,0,2,0,0,0,0,2,0,0,0,1,0,0,0,0,1,0,0,0,2,"INVESTIGACION DE DELITOS Y FALTAS, ACCIDENTES DE TRANSITO Y VIOLENCIA FAMILIAR",0,0,0,0,2,0,0,0,No, ,No, ,No, ,No, ,No, ,No, ,No, ,Si,1,Si,3,No, ,Si,1,No, ,Si,2,Si,5,12,0,No, ,Sí,1,10, , , , , , , , , , , , , , , , , , , , , , , , , , , , , , , , , , , , , , , ,Ninguna, , , , , , , , , , , , , , , , , , ,-14.30043094,-70.29102807
0936,210806,06,NUÑOA,De 10001 - 20000 Hab,Distrital, , , , , , , , , , , , , , , , , , , , , , , , , , , , ,1,21,8,6,Si,No, , , , , , , , , , , , , , , , , , , , , , , , , , , , , , , , , , , , , , , , , , , , , ,15,0,0,0,0,15,0,0,0,1,0,0,0,0,1,0,0,0,4,0,0,0,0,4,0,0,0,4,0,0,0,0,4,0,0,0,1,0,0,0,0,1,0,0,0,1,0,0,0,0,1,0,0,0,1,0,0,0,0,1,0,0,0,1,0,0,0,0,1,0,0,0,1,0,0,0,0,1,0,0,0,1,0,0,0,0,1,0,0,0,0, ,0,0,0,0,0,0,0,0,No, ,No, ,No, ,No, ,No, ,No, ,Si,1,Si,2,Si,6,Si,2,Si,3,No, ,Si,1,No, ,15,0,No, ,Sí,1,4, , , , , , , , , , , , , , , , , , , , , , , , , , , , , , , , , , , , , , , ,Ninguna, , , , , , , , , , , , , , , , , , ,-14.47890504,-70.63711475
0937,210807,07,ORURILLO,De 10001 - 20000 Hab,Distrital, , , , , , , , , , , , , , , , , , , , , , , , , , , , ,1,21,8,7,Si,No, , , , , , , , , , , , , , , , , , , , , , , , , , , , , , , , , , , , , , , , , , , , , ,16,0,0,0,0,16,0,0,0,1,0,0,0,0,1,0,0,0,4,0,0,0,0,4,0,0,0,4,0,0,0,0,4,0,0,0,2,0,0,0,0,2,0,0,0,1,0,0,0,0,1,0,0,0,1,0,0,0,0,1,0,0,0,1,0,0,0,0,1,0,0,0,1,0,0,0,0,1,0,0,0,1,0,0,0,0,1,0,0,0,0, ,0,0,0,0,0,0,0,0,No, ,No, ,No, ,No, ,No, ,No, ,Si,1,Si,3,Si,5,Si,1,Si,1,Si,2,Si,1,Si,2,16,0,Sí,1,Sí,1,16, , , , , , , , , , , , , , , , , , , , , , , , , , , , , , , , , , , , , , , ,Ninguna, , , , , , , , , , , , , , , , , , ,-14.72710446,-70.51160414
0938,210808,08,SANTA ROSA,De 5000 - 10000 Hab,Distrital, , , , , , , , , , , , , , , , , , , , , , , , , , , , ,1,21,8,8,Si,No, , , , , , , , , , , , , , , , , , , , , , , , , , , , , , , , , , , , , , , , , , , , , ,17,0,0,0,0,17,0,0,0,1,0,0,0,0,1,0,0,0,4,0,0,0,0,4,0,0,0,3,0,0,0,0,3,0,0,0,0,0,0,0,0,0,0,0,0,0,0,0,0,0,0,0,0,0,2,0,0,0,0,2,0,0,0,1,0,0,0,0,1,0,0,0,3,0,0,0,0,3,0,0,0,1,0,0,0,0,1,0,0,0,2,INVESTIGACION DE DELITOS Y FALTAS Y ACCIDENTES DE TRANSITO,0,0,0,0,2,0,0,0,No, ,No, ,No, ,No, ,No, ,No, ,No, ,Si,6,Si,3,Si,3,Si,1,Si,4,No, ,No, ,17,0,No, ,Sí,2,8,8, , , , , , , , , , , , , , , , , , , , , , , , , , , , , , , , , , , , , , ,Ninguna, , , , , , , , , , , , , , , , , , ,-14.60812185,-70.79123216
0939,210901,01,MOHO,De 5000 - 10000 Hab,Distrital, , , , , , , , , , , , , , , , , , , , , , , , , , , , ,2,21,9,1,Si,No,21,9,3,Si,No, , , , , , , , , , , , , , , , , , , , , , , , , , , , , , , , , , , , , , , , ,15,0,0,0,0,14,1,0,0,1,0,0,0,0,1,0,0,0,4,0,0,0,0,4,0,0,0,2,0,0,0,0,2,0,0,0,1,0,0,0,0,1,0,0,0,1,0,0,0,0,1,0,0,0,1,0,0,0,0,1,0,0,0,1,0,0,0,0,0,1,0,0,3,0,0,0,0,3,0,0,0,1,0,0,0,0,1,0,0,0,0, ,0,0,0,0,0,0,0,0,No, ,No, ,No, ,No, ,No, ,No, ,Si,1,No, ,Si,1,No, ,Si,1,Si,1,Si,2,Si,9,15,0,No, ,Sí,2,6,6, , , , , , , , , , , , , , , , , , , , , , , , , , , , , , , , , , , , , , ,Almenos una,1,No,No,No,No,No,No,No,No,No,No,No,Si,No,No,No,Si,PONCHO IMPERMEABLE,-15.359148,-69.49884
0940,210902,02,CONIMA,De 5000 - 10000 Hab,Distrital, , , , , , , , , , , , , , , , , , , , , , , , , , , , ,2,21,9,2,Si,No,21,9,4,Si,No, , , , , , , , , , , , , , , , , , , , , , , , , , , , , , , , , , , , , , , , ,16,0,0,0,0,15,1,0,0,1,0,0,0,0,1,0,0,0,3,0,0,0,0,3,0,0,0,4,0,0,0,0,4,0,0,0,1,0,0,0,0,1,0,0,0,1,0,0,0,0,1,0,0,0,1,0,0,0,0,1,0,0,0,1,0,0,0,0,0,1,0,0,3,0,0,0,0,3,0,0,0,1,0,0,0,0,1,0,0,0,0, ,0,0,0,0,0,0,0,0,No, ,No, ,No, ,No, ,No, ,No, ,Si,1,Si,2,Si,1,Si,2,Si,1,No, ,Si,1,Si,8,16,0,No, ,Sí,2,4,4, , , , , , , , , , , , , , , , , , , , , , , , , , , , , , , , , , , , , , ,Almenos una,2,No,No,No,No,No,No,No,No,No,No,No,Si,No,No,No,Si,PONCHO IMPERMEABLE,-15.45931916,-69.4366506
0941,211001,01,PUTINA,De 10001 - 20000 Hab,Distrital, , , , , , , , , , , , , , , , , , , , , , , , , , , , ,4,21,10,1,Si,No,21,10,4,Si,No,21,10,3,Si,No,21,10,5,Si,No, , , , , , , , , , , , , , , , , , , , , , , , , , , , , , ,32,1,0,0,0,26,5,0,0,2,0,0,0,0,2,0,0,0,8,0,0,0,0,8,0,0,0,8,0,0,0,0,8,0,0,0,2,0,0,0,0,2,0,0,0,2,0,0,0,0,2,0,0,0,5,0,0,0,0,0,5,0,0,1,0,0,0,0,1,0,0,0,3,0,0,0,0,3,0,0,0,1,1,0,0,0,0,0,0,0,0, ,0,0,0,0,0,0,0,0,No, ,No, ,Si,1,No, ,No, ,No, ,Si,1,Si,2,Si,3,Si,2,Si,1,Si,1,Si,5,Si,16,32,0,No, ,No, , , , , , , , , , , , , , , , , , , , , , , , , , , , , , , , , , , , , , , , , , , , , , , , , , , , , , , , , , , , ,-14.91614449,-69.8664436
0942,211002,02,ANANEA,De 40001 - 80000 Hab,Distrital, , , , , , , , , , , , , , , , , , , , , , , , , , , , ,1,21,10,2,No,Si, , , , , , , , , , , , , , , , , , , , , , , , , , , , , , , , , , , , , , , , , , , , , ,61,1,0,0,0,60,0,0,0,2,0,0,0,0,2,0,0,0,8,0,0,0,0,8,0,0,0,39,0,0,0,0,39,0,0,0,2,0,0,0,0,2,0,0,0,2,0,0,0,0,2,0,0,0,2,0,0,0,0,2,0,0,0,1,0,0,0,0,1,0,0,0,3,0,0,0,0,3,0,0,0,2,1,0,0,0,1,0,0,0,0, ,0,0,0,0,0,0,0,0,No, ,No, ,Si,1,No, ,No, ,No, ,Si,3,Si,2,Si,5,Si,3,Si,3,Si,2,Si,5,Si,37,61,0,No, ,No, , , , , , , , , , , , , , , , , , , , , , , , , , , , , , , , , , , , , , , , , , , , , , , , , , , , , , , , , , , , ,-14.63438322,-69.44691889
0943,211002,02,ANANEA,De 10001 - 20000 Hab,Distrital, , , , , , , , , , , , , , , , , , , , , , , , , , , , ,1,21,10,2,No,Si, , , , , , , , , , , , , , , , , , , , , , , , , , , , , , , , , , , , , , , , , , , , , ,20,1,0,0,0,19,0,0,0,1,0,0,0,0,1,0,0,0,2,0,0,0,0,2,0,0,0,4,0,0,0,0,4,0,0,0,1,0,0,0,0,1,0,0,0,1,0,0,0,0,1,0,0,0,1,0,0,0,0,1,0,0,0,2,0,0,0,0,2,0,0,0,6,0,0,0,0,6,0,0,0,2,1,0,0,0,1,0,0,0,0, ,0,0,0,0,0,0,0,0,No, ,No, ,No, ,Si,1,No, ,No, ,Si,3,No, ,Si,2,No, ,Si,1,Si,2,Si,5,Si,6,20,0,No, ,No, , , , , , , , , , , , , , , , , , , , , , , , , , , , , , , , , , , , , , , , , , , , , , , , , , , , , , , , , , , , ,-14.6819911,-69.52835909
0944,211101,01,JULIACA,De 80001 a más Hab,Distrital, , , , , , , , , , , , , , , , , , , , , , , , , , , , ,1,21,11,1,Si,No, , , , , , , , , , , , , , , , , , , , , , , , , , , , , , , , , , , , , , , , , , , , , ,65,2,0,0,0,58,5,0,0,6,0,0,0,0,3,3,0,0,12,0,0,0,0,12,0,0,0,10,0,0,0,0,10,0,0,0,6,0,0,0,0,6,0,0,0,4,0,0,0,0,4,0,0,0,5,0,0,0,0,3,2,0,0,2,0,0,0,0,2,0,0,0,14,0,0,0,0,14,0,0,0,2,2,0,0,0,0,0,0,0,4,ALMACEN,0,0,0,0,4,0,0,0,No, ,Si,1,No, ,No, ,No, ,Si,1,Si,4,Si,9,Si,7,Si,5,Si,1,Si,2,Si,3,Si,32,65,0,No, ,No, , , , , , , , , , , , , , , , , , , , , , , , , , , , , , , , , , , , , , , , , , , , , , , , , , , , , , , , , , , , ,-15.48979,-70.119038
0945,211101,01,JULIACA,De 40001 - 80000 Hab,Distrital, , , , , , , , , , , , , , , , , , , , , , , , , , , , ,1,21,11,1,No,Si, , , , , , , , , , , , , , , , , , , , , , , , , , , , , , , , , , , , , , , , , , , , , ,66,1,0,0,0,57,8,0,0,6,0,0,0,0,3,3,0,0,16,0,0,0,0,16,0,0,0,11,0,0,0,0,10,1,0,0,11,0,0,0,0,11,0,0,0,5,0,0,0,0,5,0,0,0,5,0,0,0,0,1,4,0,0,2,0,0,0,0,2,0,0,0,7,0,0,0,0,7,0,0,0,1,1,0,0,0,0,0,0,0,2,ARMERO,0,0,0,0,2,0,0,0,No, ,No, ,Si,1,No, ,No, ,No, ,Si,3,Si,7,Si,6,Si,2,No, ,Si,3,Si,5,Si,39,66,0,Sí,7,No, , , , , , , , , , , , , , , , , , , , , , , , , , , , , , , , , , , , , , , , , , , , , , , , , , , , , , , , , , , , ,-15.50474095,-70.1280063
0946,211101,01,JULIACA,De 5000 - 10000 Hab,Distrital, , , , , , , , , , , , , , , , , , , , , , , , , , , , ,1,21,11,1,No,Si, , , , , , , , , , , , , , , , , , , , , , , , , , , , , , , , , , , , , , , , , , , , , ,16,0,0,0,0,13,3,0,0,1,0,0,0,0,0,1,0,0,4,0,0,0,0,4,0,0,0,6,0,0,0,0,4,2,0,0,1,0,0,0,0,1,0,0,0,0,0,0,0,0,0,0,0,0,0,0,0,0,0,0,0,0,0,0,0,0,0,0,0,0,0,0,3,0,0,0,0,3,0,0,0,1,0,0,0,0,1,0,0,0,0, ,0,0,0,0,0,0,0,0,No, ,No, ,No, ,No, ,No, ,No, ,Si,1,Si,2,Si,3,No, ,Si,1,No, ,Si,5,Si,4,16,0,No, ,No, , , , , , , , , , , , , , , , , , , , , , , , , , , , , , , , , , , , , , , , , , , , , , , , , , , , , , , , , , , , ,-15.470382,-70.15719
0947,211101,01,JULIACA,De 80001 a más Hab,Distrital, , , , , , , , , , , , , , , , , , , , , , , , , , , , ,1,21,11,1,Si,No, , , , , , , , , , , , , , , , , , , , , , , , , , , , , , , , , , , , , , , , , , , , , ,34,0,0,0,0,15,19,0,0,3,0,0,0,0,0,3,0,0,4,0,0,0,0,4,0,0,0,0,0,0,0,0,0,0,0,0,0,0,0,0,0,0,0,0,0,0,0,0,0,0,0,0,0,0,22,0,0,0,0,6,16,0,0,0,0,0,0,0,0,0,0,0,4,0,0,0,0,4,0,0,0,1,0,0,0,0,1,0,0,0,0, ,0,0,0,0,0,0,0,0,No, ,No, ,No, ,No, ,No, ,No, ,No, ,Si,3,Si,1,No, ,No, ,No, ,Si,2,Si,28,34,0,Sí,7,No, , , , , , , , , , , , , , , , , , , , , , , , , , , , , , , , , , , , , , , , , , , , , , , , , , , , , , , , , , , , ,-15.4916608,-70.13733351
0948,211104,04,CARACOTO,De 5000 - 10000 Hab,Distrital, , , , , , , , , , , , , , , , , , , , , , , , , , , , ,1,21,11,4,Si,No, , , , , , , , , , , , , , , , , , , , , , , , , , , , , , , , , , , , , , , , , , , , , ,16,0,0,0,0,13,3,0,0,1,0,0,0,0,0,1,0,0,2,0,0,0,0,2,0,0,0,2,0,0,0,0,2,0,0,0,2,0,0,0,0,2,0,0,0,2,0,0,0,0,2,0,0,0,2,0,0,0,0,0,2,0,0,1,0,0,0,0,1,0,0,0,3,0,0,0,0,3,0,0,0,1,0,0,0,0,1,0,0,0,0, ,0,0,0,0,0,0,0,0,No, ,No, ,No, ,No, ,No, ,No, ,No, ,Si,1,No, ,Si,2,No, ,Si,1,Si,3,Si,9,16,0,No, ,No, , , , , , , , , , , , , , , , , , , , , , , , , , , , , , , , , , , , , , , , , , , , , , , , , , , , , , , , , , , , ,-15.56649904,-70.10163841
0949,211201,01,SANDIA,De 20001 - 40000 Hab,Distrital, , , , , , , , , , , , , , , , , , , , , , , , , , , , ,4,21,12,2,Si,No,21,12,1,Si,No,21,12,9,Si,No,21,12,4,Si,No, , , , , , , , , , , , , , , , , , , , , , , , , , , , , , ,27,1,0,0,0,25,1,0,0,4,0,0,0,0,4,0,0,0,8,0,0,0,0,8,0,0,0,4,0,0,0,0,4,0,0,0,2,0,0,0,0,2,0,0,0,2,0,0,0,0,2,0,0,0,2,0,0,0,0,1,1,0,0,1,0,0,0,0,1,0,0,0,3,0,0,0,0,3,0,0,0,1,1,0,0,0,0,0,0,0,0, ,0,0,0,0,0,0,0,0,No, ,No, ,Si,1,No, ,No, ,No, ,Si,1,No, ,Si,3,Si,2,No, ,Si,2,Si,6,Si,12,27,0,Sí,8,Sí,1,7, , , , , , , , , , , , , , , , , , , , , , , , , , , , , , , , , , , , , , , ,Ninguna, , , , , , , , , , , , , , , , , , ,-14.32231477,-69.46571147
0950,211203,03,LIMBANI,De 5000 - 10000 Hab,Distrital, , , , , , , , , , , , , , , , , , , , , , , , , , , , ,1,21,12,3,Si,No, , , , , , , , , , , , , , , , , , , , , , , , , , , , , , , , , , , , , , , , , , , , , ,14,0,0,0,0,14,0,0,0,1,0,0,0,0,1,0,0,0,4,0,0,0,0,4,0,0,0,2,0,0,0,0,2,0,0,0,1,0,0,0,0,1,0,0,0,1,0,0,0,0,1,0,0,0,1,0,0,0,0,1,0,0,0,1,0,0,0,0,1,0,0,0,2,0,0,0,0,2,0,0,0,1,0,0,0,0,1,0,0,0,0, ,0,0,0,0,0,0,0,0,No, ,No, ,No, ,No, ,No, ,No, ,No, ,Si,4,Si,1,Si,2,Si,1,Si,1,Si,1,Si,4,14,0,Sí,2,No, , , , , , , , , , , , , , , , , , , , , , , , , , , , , , , , , , , , , , , , , , , , , , , , , , , , , , , , , , , , ,-14.14414378,-69.69138325
0951,211207,07,SAN JUAN DEL ORO,De 10001 - 20000 Hab,Distrital, , , , , , , , , , , , , , , , , , , , , , , , , , , , ,3,21,12,7,Si,No,21,12,8,Si,No,21,12,10,Si,No, , , , , , , , , , , , , , , , , , , , , , , , , , , , , , , , , , , ,21,0,0,0,0,21,0,0,0,1,0,0,0,0,1,0,0,0,6,0,0,0,0,6,0,0,0,4,0,0,0,0,4,0,0,0,2,0,0,0,0,2,0,0,0,2,0,0,0,0,2,0,0,0,2,0,0,0,0,2,0,0,0,1,0,0,0,0,1,0,0,0,2,0,0,0,0,2,0,0,0,1,0,0,0,0,1,0,0,0,0, ,0,0,0,0,0,0,0,0,No, ,No, ,No, ,No, ,No, ,No, ,Si,1,Si,3,Si,2,Si,1,Si,1,Si,2,Si,4,Si,7,21,0,No, ,Sí,1,8, , , , , , , , , , , , , , , , , , , , , , , , , , , , , , , , , , , , , , , ,Almenos una,1,Si,Si,No,No,No,No,No,No,No,No,No,Si,No,No,No,No, ,-14.22160951,-69.15457213
0952,211301,01,YUNGUYO,De 40001 - 80000 Hab,Provincial, , , , , , , ,1,21,13, , , , , , , , , , , , , , , , , , , , , , , , , , , , , , , , , , , , , , , , , , , , , , , , , , , , , , , , , , , , , , , , , , , , , ,21,1,0,0,0,19,1,0,0,2,0,0,0,0,1,1,0,0,6,0,0,0,0,6,0,0,0,0,0,0,0,0,0,0,0,0,2,0,0,0,0,2,0,0,0,2,0,0,0,0,2,0,0,0,2,0,0,0,0,2,0,0,0,1,0,0,0,0,1,0,0,0,5,0,0,0,0,5,0,0,0,1,1,0,0,0,0,0,0,0,0, ,0,0,0,0,0,0,0,0,No, ,No, ,No, ,Si,1,No, ,No, ,Si,1,Si,2,Si,1,Si,1,Si,1,No, ,Si,4,Si,10,21,0,Sí,3,No, , , , , , , , , , , , , , , , , , , , , , , , , , , , , , , , , , , , , , , , , , , , , , , , , , , , , , , , , , , , ,-16.24367617,-69.09190125
0953,211301,01,YUNGUYO,Menos de 5000 Hab,Distrital, , , , , , , , , , , , , , , , , , , , , , , , , , , , ,2,21,13,1,No,Si,21,13,4,Si,No, , , , , , , , , , , , , , , , , , , , , , , , , , , , , , , , , , , , , , , , ,16,0,0,0,0,16,0,0,0,1,0,0,0,0,1,0,0,0,2,0,0,0,0,2,0,0,0,2,0,0,0,0,2,0,0,0,1,0,0,0,0,1,0,0,0,1,0,0,0,0,1,0,0,0,1,0,0,0,0,1,0,0,0,2,0,0,0,0,2,0,0,0,5,0,0,0,0,5,0,0,0,1,0,0,0,0,1,0,0,0,0, ,0,0,0,0,0,0,0,0,No, ,No, ,No, ,No, ,No, ,No, ,Si,1,Si,1,Si,1,Si,1,No, ,No, ,Si,2,Si,10,16,0,Sí,4,No, , , , , , , , , , , , , , , , , , , , , , , , , , , , , , , , , , , , , , , , , , , , , , , , , , , , , , , , , , , , ,-16.262148,-69.157145
0954,211301,01,YUNGUYO,De 5000 - 10000 Hab,Distrital, , , , , , , , , , , , , , , , , , , , , , , , , , , , ,2,21,13,1,No,Si,21,13,3,Si,No, , , , , , , , , , , , , , , , , , , , , , , , , , , , , , , , , , , , , , , , ,14,0,0,0,0,14,0,0,0,1,0,0,0,0,1,0,0,0,4,0,0,0,0,4,0,0,0,0,0,0,0,0,0,0,0,0,1,0,0,0,0,1,0,0,0,2,0,0,0,0,2,0,0,0,2,0,0,0,0,2,0,0,0,1,0,0,0,0,1,0,0,0,2,0,0,0,0,2,0,0,0,1,0,0,0,0,1,0,0,0,0, ,0,0,0,0,0,0,0,0,No, ,No, ,No, ,No, ,No, ,No, ,Si,1,Si,1,Si,1,No, ,No, ,No, ,Si,1,Si,10,14,0,Sí,3,No, , , , , , , , , , , , , , , , , , , , , , , , , , , , , , , , , , , , , , , , , , , , , , , , , , , , , , , , , , , , ,-16.304453,-69.057598
0955,211301,01,YUNGUYO,Menos de 5000 Hab,Distrital, , , , , , , , , , , , , , , , , , , , , , , , , , , , ,1,21,13,1,No,Si, , , , , , , , , , , , , , , , , , , , , , , , , , , , , , , , , , , , , , , , , , , , , ,16,0,0,0,0,16,0,0,0,1,0,0,0,0,1,0,0,0,4,0,0,0,0,4,0,0,0,0,0,0,0,0,0,0,0,0,2,0,0,0,0,2,0,0,0,2,0,0,0,0,2,0,0,0,2,0,0,0,0,2,0,0,0,2,0,0,0,0,2,0,0,0,2,0,0,0,0,2,0,0,0,1,0,0,0,0,1,0,0,0,0, ,0,0,0,0,0,0,0,0,No, ,No, ,No, ,No, ,No, ,No, ,Si,1,No, ,Si,1,No, ,Si,3,Si,1,Si,5,Si,5,16,0,Sí,2,Sí,2,4,4, , , , , , , , , , , , , , , , , , , , , , , , , , , , , , , , , , , , , , ,Ninguna, , , , , , , , , , , , , , , , , , ,-16.253533,-69.05222
0956,211307,07,UNICACHI,De 10001 - 20000 Hab,Distrital, , , , , , , , , , , , , , , , , , , , , , , , , , , , ,3,21,13,7,Si,No,21,13,5,Si,No,21,13,6,Si,No, , , , , , , , , , , , , , , , , , , , , , , , , , , , , , , , , , , ,15,0,0,0,0,15,0,0,0,1,0,0,0,0,1,0,0,0,2,0,0,0,0,2,0,0,0,2,0,0,0,0,2,0,0,0,2,0,0,0,0,2,0,0,0,1,0,0,0,0,1,0,0,0,2,0,0,0,0,2,0,0,0,2,0,0,0,0,2,0,0,0,2,0,0,0,0,2,0,0,0,1,0,0,0,0,1,0,0,0,0, ,0,0,0,0,0,0,0,0,No, ,No, ,No, ,No, ,No, ,No, ,Si,1,Si,2,No, ,No, ,No, ,No, ,Si,1,Si,11,15,0,Sí,4,Sí,1,6, , , , , , , , , , , , , , , , , , , , , , , , , , , , , , , , , , , , , , , ,Ninguna, , , , , , , , , , , , , , , , , , ,-16.22439493,-68.98099527
0957,020101,01,HUARAZ,De 80001 a más Hab,Distrital, , , , , , , , , , , , , , , , , , , , , , , , , , , , ,2,2,1,1,No,Si,2,1,5,No,Si, , , , , , , , , , , , , , , , , , , , , , , , , , , , , , , , , , , , , , , , ,84,2,0,0,0,56,26,0,0,18,0,0,0,0,0,18,0,0,22,0,0,0,0,22,0,0,0,14,1,0,0,0,13,0,0,0,10,0,0,0,0,10,0,0,0,2,0,0,0,0,2,0,0,0,5,0,0,0,0,0,5,0,0,2,0,0,0,0,1,1,0,0,10,0,0,0,0,8,2,0,0,1,1,0,0,0,0,0,0,0,0, ,0,0,0,0,0,0,0,0,No, ,Si,1,No, ,No, ,No, ,Si,1,Si,3,Si,4,No, ,Si,1,No, ,Si,1,Si,9,Si,64,84,0,Sí,17,Sí,2,8,8, , , , , , , , , , , , , , , , , , , , , , , , , , , , , , , , , , , , , , ,Ninguna, , , , , , , , , , , , , , , , , , ,-9.52938327,-77.52979372
0958,020101,01,HUARAZ,De 5000 - 10000 Hab,Distrital, , , , , , , , , , , , , , , , , , , , , , , , , , , , ,2,2,1,5,No,Si,2,1,1,No,Si, , , , , , , , , , , , , , , , , , , , , , , , , , , , , , , , , , , , , , , , ,30,1,0,0,0,22,7,0,0,3,0,0,0,0,0,3,0,0,6,0,0,0,0,6,0,0,0,0,0,0,0,0,0,0,0,0,9,0,0,0,0,9,0,0,0,3,0,0,0,0,3,0,0,0,5,0,0,0,0,2,3,0,0,1,0,0,0,0,0,1,0,0,2,0,0,0,0,2,0,0,0,1,1,0,0,0,0,0,0,0,0, ,0,0,0,0,0,0,0,0,No, ,No, ,Si,1,No, ,No, ,No, ,No, ,Si,1,No, ,No, ,Si,1,No, ,Si,2,Si,25,30,0,Sí,8,No, , , , , , , , , , , , , , , , , , , , , , , , , , , , , , , , , , , , , , , , , , , , , , , , , , , , , , , , , , , , ,-9.52707907,-77.53541276
0959,020101,01,HUARAZ,De 20001 - 40000 Hab,Distrital, , , , , , , , , , , , , , , , , , , , , , , , , , , , ,2,2,1,8,No,Si,2,1,1,No,Si, , , , , , , , , , , , , , , , , , , , , , , , , , , , , , , , , , , , , , , , ,30,1,0,0,0,20,9,0,0,2,0,0,0,0,0,2,0,0,8,0,0,0,0,8,0,0,0,0,0,0,0,0,0,0,0,0,6,0,0,0,0,5,1,0,0,3,0,0,0,0,3,0,0,0,4,0,0,0,0,0,4,0,0,2,0,0,0,0,0,2,0,0,4,0,0,0,0,4,0,0,0,1,1,0,0,0,0,0,0,0,0, ,0,0,0,0,0,0,0,0,No, ,No, ,No, ,No, ,No, ,Si,1,Si,1,Si,1,No, ,Si,2,No, ,No, ,Si,4,Si,21,30,0,Sí,9,No, , , , , , , , , , , , , , , , , , , , , , , , , , , , , , , , , , , , , , , , , , , , , , , , , , , , , , , , , , , , ,-9.54260505,-77.53300929
0960,020105,05,INDEPENDENCIA,De 5000 - 10000 Hab,Distrital, , , , , , , , , , , , , , , , , , , , , , , , , , , , ,1,2,1,5,No,Si, , , , , , , , , , , , , , , , , , , , , , , , , , , , , , , , , , , , , , , , , , , , , ,28,0,0,0,0,19,8,1,0,3,0,0,0,0,1,2,0,0,5,0,0,0,0,5,0,0,0,2,0,0,0,0,2,0,0,0,4,0,0,0,0,4,0,0,0,2,0,0,0,0,2,0,0,0,4,0,0,0,0,0,4,0,0,1,0,0,0,0,0,1,0,0,2,0,0,0,0,1,1,0,0,5,0,0,0,0,4,0,1,0,0, ,0,0,0,0,0,0,0,0,No, ,No, ,No, ,No, ,No, ,No, ,Si,3,Si,2,No, ,Si,2,Si,1,No, ,Si,1,Si,19,28,0,Sí,8,No, , , , , , , , , , , , , , , , , , , , , , , , , , , , , , , , , , , , , , , , , , , , , , , , , , , , , , , , , , , , ,-9.47419344,-77.53750311
0961,020110,10,PARIACOTO,De 5000 - 10000 Hab,Distrital, , , , , , , , , , , , , , , , , , , , , , , , , , , , ,3,2,1,10,Si,No,2,1,2,Si,No,2,1,1,Si,No, , , , , , , , , , , , , , , , , , , , , , , , , , , , , , , , , , , ,17,1,0,0,0,16,0,0,0,2,0,0,0,0,2,0,0,0,6,0,0,0,0,6,0,0,0,4,0,0,0,0,4,0,0,0,1,0,0,0,0,1,0,0,0,0,0,0,0,0,0,0,0,0,0,0,0,0,0,0,0,0,0,1,0,0,0,0,1,0,0,0,2,0,0,0,0,2,0,0,0,1,1,0,0,0,0,0,0,0,0, ,0,0,0,0,0,0,0,0,No, ,No, ,No, ,No, ,Si,1,No, ,No, ,Si,3,No, ,Si,1,Si,1,Si,1,Si,1,Si,9,17,0,No, ,No, , , , , , , , , , , , , , , , , , , , , , , , , , , , , , , , , , , , , , , , , , , , , , , , , , , , , , , , , , , , ,-9.55972629,-77.89025699
0962,020111,11,PIRA,De 10001 - 20000 Hab,Distrital, , , , , , , , , , , , , , , , , , , , , , , , , , , , ,4,2,1,11,No,Si,2,1,7,No,Si,2,1,4,No,Si,2,1,9,No,Si, , , , , , , , , , , , , , , , , , , , , , , , , , , , , , ,15,1,0,0,0,14,0,0,0,1,0,0,0,0,1,0,0,0,2,0,0,0,0,2,0,0,0,2,0,0,0,0,2,0,0,0,2,0,0,0,0,2,0,0,0,1,0,0,0,0,1,0,0,0,3,0,0,0,0,3,0,0,0,1,0,0,0,0,1,0,0,0,1,0,0,0,0,1,0,0,0,1,1,0,0,0,0,0,0,0,1,LABORES MIXTAS,0,0,0,0,1,0,0,0,No, ,No, ,No, ,No, ,No, ,Si,1,No, ,No, ,No, ,No, ,No, ,No, ,Si,3,Si,11,15,0,Sí,5,Sí,4,10,10,10,10, , , , , , , , , , , , , , , , , , , , , , , , , , , , , , , , , , , , ,Ninguna, , , , , , , , , , , , , , , , , , ,-9.580864,-77.70756678
0963,020112,12,TARICA,De 10001 - 20000 Hab,Distrital, , , , , , , , , , , , , , , , , , , , , , , , , , , , ,2,2,1,12,Si,No,2,1,12,Si,No, , , , , , , , , , , , , , , , , , , , , , , , , , , , , , , , , , , , , , , , ,21,0,1,0,0,17,3,0,0,1,0,0,0,0,0,1,0,0,4,0,0,0,0,4,0,0,0,4,0,0,0,0,2,2,0,0,2,0,0,0,0,2,0,0,0,2,0,0,0,0,2,0,0,0,2,0,0,0,0,2,0,0,0,1,0,0,0,0,1,0,0,0,2,0,0,0,0,2,0,0,0,1,0,1,0,0,0,0,0,0,2,ARMERO,0,0,0,0,2,0,0,0,No, ,No, ,No, ,No, ,No, ,Si,1,No, ,Si,1,No, ,No, ,No, ,No, ,Si,2,Si,17,21,0,Sí,6,No, , , , , , , , , , , , , , , , , , , , , , , , , , , , , , , , , , , , , , , , , , , , , , , , , , , , , , , , , , , , ,-9.39288698,-77.5739404
0964,020201,01,AIJA,De 5000 - 10000 Hab,Provincial, , , , , , , ,1,2,2, , , , , , , , , , , , , , , , , , , , , , , , , , , , , , , , , , , , , , , , , , , , , , , , , , , , , , , , , , , , , , , , , , , , , ,14,0,0,0,0,12,2,0,0,2,0,0,0,0,2,0,0,0,2,0,0,0,0,1,1,0,0,2,0,0,0,0,2,0,0,0,2,0,0,0,0,2,0,0,0,2,0,0,0,0,1,1,0,0,1,0,0,0,0,1,0,0,0,1,0,0,0,0,1,0,0,0,1,0,0,0,0,1,0,0,0,1,0,0,0,0,1,0,0,0,0, ,0,0,0,0,0,0,0,0,No, ,No, ,No, ,No, ,No, ,No, ,No, ,Si,1,No, ,No, ,No, ,No, ,Si,3,Si,10,14,0,Sí,2,No, , , , , , , , , , , , , , , , , , , , , , , , , , , , , , , , , , , , , , , , , , , , , , , , , , , , , , , , , , , , ,-9.78325764,-77.60940487
0965,020301,01,LLAMELLIN,De 10001 - 20000 Hab,Provincial, , , , , , , ,1,2,3, , , , , , , , , , , , , , , , , , , , , , , , , , , , , , , , , , , , , , , , , , , , , , , , , , , , , , , , , , , , , , , , , , , , , ,11,0,0,0,0,11,0,0,0,1,0,0,0,0,1,0,0,0,4,0,0,0,0,4,0,0,0,0,0,0,0,0,0,0,0,0,2,0,0,0,0,2,0,0,0,1,0,0,0,0,1,0,0,0,1,0,0,0,0,1,0,0,0,1,0,0,0,0,1,0,0,0,0,0,0,0,0,0,0,0,0,1,0,0,0,0,1,0,0,0,0, ,0,0,0,0,0,0,0,0,No, ,No, ,No, ,No, ,No, ,No, ,Si,1,No, ,No, ,No, ,No, ,No, ,Si,5,Si,5,11,0,Sí,1,No, , , , , , , , , , , , , , , , , , , , , , , , , , , , , , , , , , , , , , , , , , , , , , , , , , , , , , , , , , , , ,-9.10033245,-77.01650839
0966,020401,01,CHACAS,De 10001 - 20000 Hab,Provincial, , , , , , , ,1,2,4, , , , , , , , , , , , , , , , , , , , , , , , , , , , , , , , , , , , , , , , , , , , , , , , , , , , , , , , , , , , , , , , , , , , , ,18,0,0,0,0,17,1,0,0,1,0,0,0,0,0,1,0,0,4,0,0,0,0,4,0,0,0,2,0,0,0,0,2,0,0,0,2,0,0,0,0,2,0,0,0,2,0,0,0,0,2,0,0,0,2,0,0,0,0,2,0,0,0,1,0,0,0,0,1,0,0,0,2,0,0,0,0,2,0,0,0,2,0,0,0,0,2,0,0,0,0, ,0,0,0,0,0,0,0,0,No, ,No, ,No, ,No, ,No, ,No, ,Si,1,No, ,No, ,Si,2,No, ,Si,1,Si,4,Si,10,18,0,Sí,5,No, , , , , , , , , , , , , , , , , , , , , , , , , , , , , , , , , , , , , , , , , , , , , , , , , , , , , , , , , , , , ,-9.16337613,-77.36653446
0967,020501,01,CHIQUIAN,De 10001 - 20000 Hab,Provincial, , , , , , , ,1,2,5, , , , , , , , , , , , , , , , , , , , , , , , , , , , , , , , , , , , , , , , , , , , , , , , , , , , , , , , , , , , , , , , , , , , , ,22,1,0,0,0,18,3,0,0,1,0,0,0,0,0,1,0,0,6,0,0,0,0,6,0,0,0,4,0,0,0,0,4,0,0,0,4,0,0,0,0,4,0,0,0,2,0,0,0,0,2,0,0,0,1,0,0,0,0,0,1,0,0,1,0,0,0,0,0,1,0,0,2,0,0,0,0,2,0,0,0,1,1,0,0,0,0,0,0,0,0, ,0,0,0,0,0,0,0,0,No, ,No, ,Si,1,No, ,No, ,No, ,No, ,Si,1,No, ,No, ,No, ,No, ,Si,4,Si,16,22,0,Sí,8,No, , , , , , , , , , , , , , , , , , , , , , , , , , , , , , , , , , , , , , , , , , , , , , , , , , , , , , , , , , , , ,-10.15478576,-77.15741416
0968,020505,05,CAJACAY,De 10001 - 20000 Hab,Distrital, , , , , , , , , , , , , , , , , , , , , , , , , , , , ,3,2,5,5,No,Si,2,5,3,No,Si,2,17,7,No,Si, , , , , , , , , , , , , , , , , , , , , , , , , , , , , , , , , , , ,13,0,0,0,0,12,1,0,0,1,0,0,0,0,1,0,0,0,2,0,0,0,0,2,0,0,0,2,0,0,0,0,2,0,0,0,2,0,0,0,0,2,0,0,0,2,0,0,0,0,2,0,0,0,1,0,0,0,0,0,1,0,0,1,0,0,0,0,1,0,0,0,1,0,0,0,0,1,0,0,0,1,0,0,0,0,1,0,0,0,0, ,0,0,0,0,0,0,0,0,No, ,No, ,No, ,No, ,No, ,No, ,Si,1,No, ,Si,1,Si,2,Si,9,No, ,No, ,No, ,13,0,No, ,No, , , , , , , , , , , , , , , , , , , , , , , , , , , , , , , , , , , , , , , , , , , , , , , , , , , , , , , , , , , , ,-10.15375204,-77.43865901
0969,020507,07,COLQUIOC,De 5000 - 10000 Hab,Distrital, , , , , , , , , , , , , , , , , , , , , , , , , , , , ,2,2,5,7,Si,No,2,5,10,Si,No, , , , , , , , , , , , , , , , , , , , , , , , , , , , , , , , , , , , , , , , ,19,1,0,0,0,14,4,0,0,2,0,0,0,0,1,1,0,0,6,0,0,0,0,6,0,0,0,2,0,0,0,0,2,0,0,0,1,0,0,0,0,1,0,0,0,2,0,0,0,0,2,0,0,0,1,0,0,0,0,0,1,0,0,2,0,0,0,0,0,2,0,0,2,0,0,0,0,2,0,0,0,1,1,0,0,0,0,0,0,0,0, ,0,0,0,0,0,0,0,0,No, ,No, ,Si,1,No, ,No, ,No, ,No, ,Si,1,No, ,No, ,Si,1,No, ,Si,6,Si,10,19,0,Sí,4,No, , , , , , , , , , , , , , , , , , , , , , , , , , , , , , , , , , , , , , , , , , , , , , , , , , , , , , , , , , , , ,-10.31293277,-77.61756694
0970,020508,08,HUALLANCA,De 5000 - 10000 Hab,Distrital, , , , , , , , , , , , , , , , , , , , , , , , , , , , ,1,2,5,8,Si,No, , , , , , , , , , , , , , , , , , , , , , , , , , , , , , , , , , , , , , , , , , , , , ,11,0,0,0,0,10,1,0,0,1,0,0,0,0,1,0,0,0,2,0,0,0,0,2,0,0,0,2,0,0,0,0,1,1,0,0,1,0,0,0,0,1,0,0,0,1,0,0,0,0,1,0,0,0,1,0,0,0,0,1,0,0,0,1,0,0,0,0,1,0,0,0,1,0,0,0,0,1,0,0,0,1,0,0,0,0,1,0,0,0,0, ,0,0,0,0,0,0,0,0,No, ,No, ,No, ,No, ,No, ,No, ,No, ,No, ,No, ,Si,1,No, ,No, ,Si,2,Si,8,11,0,Sí,7,Sí,2,4,4, , , , , , , , , , , , , , , , , , , , , , , , , , , , , , , , , , , , , , ,Ninguna, , , , , , , , , , , , , , , , , , ,-9.90139427,-76.94111902
0971,020508,08,HUALLANCA,De 20001 - 40000 Hab,Distrital, , , , , , , , , , , , , , , , , , , , , , , , , , , , ,1,2,5,8,No,Si, , , , , , , , , , , , , , , , , , , , , , , , , , , , , , , , , , , , , , , , , , , , , ,9,0,0,0,0,8,1,0,0,1,0,0,0,0,1,0,0,0,2,0,0,0,0,2,0,0,0,2,0,0,0,0,2,0,0,0,0,0,0,0,0,0,0,0,0,0,0,0,0,0,0,0,0,0,1,0,0,0,0,0,1,0,0,1,0,0,0,0,1,0,0,0,1,0,0,0,0,1,0,0,0,1,0,0,0,0,1,0,0,0,0, ,0,0,0,0,0,0,0,0,No, ,No, ,No, ,No, ,No, ,No, ,Si,2,No, ,No, ,No, ,No, ,Si,1,Si,1,Si,5,9,0,No, ,Sí,1,3, , , , , , , , , , , , , , , , , , , , , , , , , , , , , , , , , , , , , , , ,Ninguna, , , , , , , , , , , , , , , , , , ,-9.87046232,-77.01716278
0972,021202,02,HUALLANCA,Menos de 5000 Hab,Distrital, , , , , , , , , , , , , , , , , , , , , , , , , , , , ,2,2,12,2,Si,No,2,12,10,Si,No, , , , , , , , , , , , , , , , , , , , , , , , , , , , , , , , , , , , , , , , ,9,0,0,0,0,7,2,0,0,1,0,0,0,0,1,0,0,0,2,0,0,0,0,2,0,0,0,1,0,0,0,0,1,0,0,0,1,0,0,0,0,1,0,0,0,1,0,0,0,0,1,0,0,0,1,0,0,0,0,0,1,0,0,1,0,0,0,0,1,0,0,0,1,0,0,0,0,0,1,0,0,0,0,0,0,0,0,0,0,0,0, ,0,0,0,0,0,0,0,0,No, ,No, ,No, ,No, ,No, ,No, ,No, ,Si,1,No, ,Si,1,No, ,No, ,Si,2,Si,5,9,0,Sí,2,Sí,1,6, , , , , , , , , , , , , , , , , , , , , , , , , , , , , , , , , , , , , , , ,Almenos una,1,Si,No,No,No,No,No,No,No,Si,No,Si,No,No,Si,Si,No, ,-8.81843259,-77.86211693
0973,020601,01,CARHUAZ,De 10001 - 20000 Hab,Distrital, , , , , , , , , , , , , , , , , , , , , , , , , , , , ,5,2,6,1,Si,No,2,6,5,Si,No,2,6,2,Si,No,2,6,3,Si,No,2,6,9,Si,No, , , , , , , , , , , , , , , , , , , , , , , , , ,30,1,0,0,0,21,8,0,0,3,0,0,0,0,1,2,0,0,4,0,0,0,0,4,0,0,0,5,0,0,0,0,4,1,0,0,2,0,0,0,0,2,0,0,0,3,0,0,0,0,3,0,0,0,2,0,0,0,0,1,1,0,0,1,0,0,0,0,0,1,0,0,4,0,0,0,0,2,2,0,0,1,1,0,0,0,0,0,0,0,5,LABORES MIXTAS,0,0,0,0,4,1,0,0,No, ,No, ,No, ,Si,1,No, ,No, ,No, ,No, ,No, ,No, ,No, ,No, ,No, ,Si,29,30,0,No, ,Sí,1,30, , , , , , , , , , , , , , , , , , , , , , , , , , , , , , , , , , , , , , , ,Ninguna, , , , , , , , , , , , , , , , , , ,-9.28248511,-77.64606581
0974,020604,04,ANTA,De 10001 - 20000 Hab,Distrital, , , , , , , , , , , , , , , , , , , , , , , , , , , , ,2,2,6,4,Si,No,2,6,11,Si,No, , , , , , , , , , , , , , , , , , , , , , , , , , , , , , , , , , , , , , , , ,18,1,0,0,0,14,3,0,0,1,0,0,0,0,0,1,0,0,4,0,0,0,0,4,0,0,0,2,0,0,0,0,2,0,0,0,4,0,0,0,0,4,0,0,0,2,0,0,0,0,2,0,0,0,1,0,0,0,0,0,1,0,0,1,0,0,0,0,0,1,0,0,2,0,0,0,0,2,0,0,0,1,1,0,0,0,0,0,0,0,0, ,0,0,0,0,0,0,0,0,No, ,No, ,No, ,No, ,No, ,Si,1,No, ,Si,1,Si,2,No, ,No, ,No, ,Si,3,Si,11,18,0,Sí,1,No, , , , , , , , , , , , , , , , , , , , , , , , , , , , , , , , , , , , , , , , , , , , , , , , , , , , , , , , , , , , ,-9.35756275,-77.59866296
0975,020606,06,MARCARA,De 10001 - 20000 Hab,Distrital, , , , , , , , , , , , , , , , , , , , , , , , , , , , ,3,2,6,8,No,Si,2,6,7,No,Si,2,6,6,No,Si, , , , , , , , , , , , , , , , , , , , , , , , , , , , , , , , , , , ,17,1,0,0,0,13,3,0,0,1,0,0,0,0,0,1,0,0,4,0,0,0,0,4,0,0,0,2,0,0,0,0,1,1,0,0,2,0,0,0,0,2,0,0,0,2,0,0,0,0,2,0,0,0,1,0,0,0,0,0,1,0,0,2,0,0,0,0,2,0,0,0,2,0,0,0,0,2,0,0,0,1,1,0,0,0,0,0,0,0,0, ,0,0,0,0,0,0,0,0,No, ,No, ,No, ,No, ,No, ,Si,1,No, ,No, ,No, ,Si,1,No, ,Si,1,Si,5,Si,9,17,0,Sí,7,No, , , , , , , , , , , , , , , , , , , , , , , , , , , , , , , , , , , , , , , , , , , , , , , , , , , , , , , , , , , , ,-9.32238612,-77.60430709
0976,020701,01,SAN LUIS,De 5000 - 10000 Hab,Distrital, , , , , , , , , , , , , , , , , , , , , , , , , , , , ,1,2,7,1,Si,No, , , , , , , , , , , , , , , , , , , , , , , , , , , , , , , , , , , , , , , , , , , , , ,10,0,0,0,0,8,2,0,0,1,0,0,0,0,1,0,0,0,0,0,0,0,0,0,0,0,0,4,0,0,0,0,4,0,0,0,1,0,0,0,0,1,0,0,0,1,0,0,0,0,1,0,0,0,1,0,0,0,0,1,0,0,0,1,0,0,0,0,0,1,0,0,0,0,0,0,0,0,0,0,0,1,0,0,0,0,0,1,0,0,0, ,0,0,0,0,0,0,0,0,No, ,No, ,No, ,No, ,No, ,No, ,No, ,No, ,No, ,No, ,No, ,Si,1,Si,1,Si,8,10,0,Sí,4,No, , , , , , , , , , , , , , , , , , , , , , , , , , , , , , , , , , , , , , , , , , , , , , , , , , , , , , , , , , , , ,-9.09459398,-77.33019334
0977,020801,01,CASMA,De 80001 a más Hab,Provincial, , , , , , , ,1,2,8, , , , , , , , , , , , , , , , , , , , , , , , , , , , , , , , , , , , , , , , , , , , , , , , , , , , , , , , , , , , , , , , , , , , , ,87,3,0,0,0,76,8,0,0,6,0,0,0,0,4,2,0,0,30,0,0,0,0,30,0,0,0,11,0,0,0,0,11,0,0,0,8,0,0,0,0,7,1,0,0,2,0,0,0,0,2,0,0,0,2,0,0,0,0,0,2,0,0,4,0,0,0,0,3,1,0,0,6,0,0,0,0,6,0,0,0,4,3,0,0,0,1,0,0,0,14,TERNA,0,0,0,0,12,2,0,0,No, ,Si,1,No, ,No, ,Si,1,Si,1,Si,4,Si,4,Si,3,Si,1,No, ,Si,3,Si,12,Si,57,87,0,No, ,Sí,1,6, , , , , , , , , , , , , , , , , , , , , , , , , , , , , , , , , , , , , , , ,Ninguna, , , , , , , , , , , , , , , , , , ,-9.47565505,-78.30596287
0978,020804,04,YAUTAN,De 20001 - 40000 Hab,Distrital, , , , , , , , , , , , , , , , , , , , , , , , , , , , ,1,2,8,4,Si,No, , , , , , , , , , , , , , , , , , , , , , , , , , , , , , , , , , , , , , , , , , , , , ,21,1,0,0,0,18,2,0,0,1,0,0,0,0,1,0,0,0,4,0,0,0,0,4,0,0,0,5,0,0,0,0,5,0,0,0,2,0,0,0,0,2,0,0,0,2,0,0,0,0,2,0,0,0,2,0,0,0,0,1,1,0,0,1,0,0,0,0,0,1,0,0,3,0,0,0,0,3,0,0,0,1,1,0,0,0,0,0,0,0,0, ,0,0,0,0,0,0,0,0,No, ,No, ,No, ,No, ,Si,1,No, ,Si,1,Si,5,No, ,Si,1,Si,1,Si,1,Si,1,Si,10,21,0,No, ,No, , , , , , , , , , , , , , , , , , , , , , , , , , , , , , , , , , , , , , , , , , , , , , , , , , , , , , , , , , , , ,-9.51186771,-77.99684409
0979,020901,01,CORONGO,Menos de 5000 Hab,Distrital, , , , , , , , , , , , , , , , , , , , , , , , , , , , ,5,2,9,1,Si,No,2,9,2,Si,No,2,9,3,Si,No,2,9,4,Si,No,2,9,7,Si,No, , , , , , , , , , , , , , , , , , , , , , , , , ,10,0,0,0,0,10,0,0,0,1,0,0,0,0,1,0,0,0,2,0,0,0,0,2,0,0,0,2,0,0,0,0,2,0,0,0,1,0,0,0,0,1,0,0,0,1,0,0,0,0,1,0,0,0,0,0,0,0,0,0,0,0,0,1,0,0,0,0,1,0,0,0,1,0,0,0,0,1,0,0,0,1,0,0,0,0,1,0,0,0,0, ,0,0,0,0,0,0,0,0,No, ,No, ,No, ,No, ,No, ,No, ,No, ,Si,2,No, ,No, ,Si,1,No, ,Si,1,Si,6,10,0,Sí,3,No, , , , , , , , , , , , , , , , , , , , , , , , , , , , , , , , , , , , , , , , , , , , , , , , , , , , , , , , , , , , ,-8.57050324,-77.89820492
0980,020905,05,LA PAMPA,Menos de 5000 Hab,Distrital, , , , , , , , , , , , , , , , , , , , , , , , , , , , ,2,2,9,5,Si,No,2,9,6,Si,No, , , , , , , , , , , , , , , , , , , , , , , , , , , , , , , , , , , , , , , , ,10,0,0,0,0,10,0,0,0,1,0,0,0,0,1,0,0,0,2,0,0,0,0,2,0,0,0,2,0,0,0,0,2,0,0,0,1,0,0,0,0,1,0,0,0,1,0,0,0,0,1,0,0,0,0,0,0,0,0,0,0,0,0,1,0,0,0,0,1,0,0,0,1,0,0,0,0,1,0,0,0,1,0,0,0,0,1,0,0,0,0, ,0,0,0,0,0,0,0,0,No, ,No, ,No, ,No, ,No, ,No, ,No, ,Si,1,No, ,No, ,No, ,No, ,Si,2,Si,7,10,0,Sí,2,No, , , , , , , , , , , , , , , , , , , , , , , , , , , , , , , , , , , , , , , , , , , , , , , , , , , , , , , , , , , , ,-8.66255567,-77.90120042
0981,021001,01,HUARI,De 10001 - 20000 Hab,Provincial, , , , , , , ,1,2,10, , , , , , , , , , , , , , , , , , , , , , , , , , , , , , , , , , , , , , , , , , , , , , , , , , , , , , , , , , , , , , , , , , , , , ,12,1,0,0,0,10,1,0,0,1,0,0,0,0,0,1,0,0,0,0,0,0,0,0,0,0,0,2,0,0,0,0,2,0,0,0,2,0,0,0,0,2,0,0,0,2,0,0,0,0,2,0,0,0,2,0,0,0,0,2,0,0,0,1,0,0,0,0,1,0,0,0,1,0,0,0,0,1,0,0,0,1,1,0,0,0,0,0,0,0,0, ,0,0,0,0,0,0,0,0,No, ,No, ,Si,1,No, ,No, ,No, ,No, ,No, ,No, ,No, ,Si,1,No, ,Si,4,Si,6,12,0,No, ,No, , , , , , , , , , , , , , , , , , , , , , , , , , , , , , , , , , , , , , , , , , , , , , , , , , , , , , , , , , , , ,-9.34729651,-77.17070632
0982,021004,04,CHAVIN DE HUANTAR,De 40001 - 80000 Hab,Distrital, , , , , , , , , , , , , , , , , , , , , , , , , , , , ,2,2,10,4,Si,No,2,10,14,No,Si, , , , , , , , , , , , , , , , , , , , , , , , , , , , , , , , , , , , , , , , ,10,0,0,0,0,9,1,0,0,1,0,0,0,0,1,0,0,0,2,0,0,0,0,2,0,0,0,2,0,0,0,0,2,0,0,0,1,0,0,0,0,1,0,0,0,1,0,0,0,0,1,0,0,0,1,0,0,0,0,0,1,0,0,1,0,0,0,0,1,0,0,0,0,0,0,0,0,0,0,0,0,1,0,0,0,0,1,0,0,0,0, ,0,0,0,0,0,0,0,0,No, ,No, ,No, ,No, ,No, ,No, ,Si,1,No, ,No, ,Si,2,Si,7,No, ,No, ,No, ,10,0,Sí,2,No, , , , , , , , , , , , , , , , , , , , , , , , , , , , , , , , , , , , , , , , , , , , , , , , , , , , , , , , , , , , ,-9.58369555,-77.17751942
0983,021009,09,MASIN,De 10001 - 20000 Hab,Distrital, , , , , , , , , , , , , , , , , , , , , , , , , , , , ,5,2,10,9,No,Si,2,10,12,No,Si,2,10,11,No,Si,2,10,7,No,Si,2,10,15,No,Si, , , , , , , , , , , , , , , , , , , , , , , , , ,9,0,0,0,0,9,0,0,0,2,0,0,0,0,2,0,0,0,1,0,0,0,0,1,0,0,0,0,0,0,0,0,0,0,0,0,1,0,0,0,0,1,0,0,0,1,0,0,0,0,1,0,0,0,1,0,0,0,0,1,0,0,0,1,0,0,0,0,1,0,0,0,1,0,0,0,0,1,0,0,0,1,0,0,0,0,1,0,0,0,0, ,0,0,0,0,0,0,0,0,No, ,No, ,No, ,No, ,No, ,No, ,No, ,Si,1,No, ,No, ,No, ,No, ,Si,2,Si,6,9,0,No, ,No, , , , , , , , , , , , , , , , , , , , , , , , , , , , , , , , , , , , , , , , , , , , , , , , , , , , , , , , , , , , ,-9.36102264,-77.08301067
0984,021014,14,SAN MARCOS,De 10001 - 20000 Hab,Distrital, , , , , , , , , , , , , , , , , , , , , , , , , , , , ,2,2,10,14,No,Si,2,10,8,No,Si, , , , , , , , , , , , , , , , , , , , , , , , , , , , , , , , , , , , , , , , ,13,1,0,0,0,11,1,0,0,2,0,0,0,0,2,0,0,0,2,0,0,0,0,2,0,0,0,1,0,0,0,0,1,0,0,0,1,0,0,0,0,1,0,0,0,1,0,0,0,0,1,0,0,0,1,0,0,0,0,0,1,0,0,1,0,0,0,0,1,0,0,0,1,0,0,0,0,1,0,0,0,1,1,0,0,0,0,0,0,0,2,PUESTO DE AUXILIO RAPIDO,0,0,0,0,2,0,0,0,No, ,No, ,No, ,Si,1,No, ,No, ,Si,2,No, ,Si,1,No, ,No, ,No, ,Si,2,Si,7,13,0,No, ,No, , , , , , , , , , , , , , , , , , , , , , , , , , , , , , , , , , , , , , , , , , , , , , , , , , , , , , , , , , , , ,-9.52403031,-77.15753396
0985,021014,14,SAN MARCOS,De 10001 - 20000 Hab,Otros,LOCAL, , , , , , , , , , , , , , , , , , , , , , , , , , , , , , , , , , , , , , , , , , , , , , , , , , , , , , , , , , , , , , , , , , , , , , , , , , , , , , ,12,0,0,0,0,12,0,0,0,1,0,0,0,0,1,0,0,0,1,0,0,0,0,1,0,0,0,2,0,0,0,0,2,0,0,0,2,0,0,0,0,2,0,0,0,2,0,0,0,0,2,0,0,0,1,0,0,0,0,1,0,0,0,0,0,0,0,0,0,0,0,0,2,0,0,0,0,2,0,0,0,1,0,0,0,0,1,0,0,0,0, ,0,0,0,0,0,0,0,0,No, ,No, ,No, ,No, ,No, ,No, ,Si,3,Si,1,Si,2,No, ,No, ,Si,1,Si,1,Si,4,12,0,No, ,No, , , , , , , , , , , , , , , , , , , , , , , , , , , , , , , , , , , , , , , , , , , , , , , , , , , , , , , , , , , , ,-9.597707,-77.01671
0986,021016,16,UCO,De 20001 - 40000 Hab,Distrital, , , , , , , , , , , , , , , , , , , , , , , , , , , , ,5,2,10,16,Si,No,2,10,6,Si,No,2,10,2,Si,No,2,10,10,Si,No,2,10,13,Si,No, , , , , , , , , , , , , , , , , , , , , , , , , ,11,0,0,0,0,11,0,0,0,1,0,0,0,0,1,0,0,0,2,0,0,0,0,2,0,0,0,2,0,0,0,0,2,0,0,0,1,0,0,0,0,1,0,0,0,1,0,0,0,0,1,0,0,0,1,0,0,0,0,1,0,0,0,1,0,0,0,0,1,0,0,0,1,0,0,0,0,1,0,0,0,1,0,0,0,0,1,0,0,0,0, ,0,0,0,0,0,0,0,0,No, ,No, ,No, ,No, ,No, ,No, ,Si,1,No, ,No, ,Si,1,No, ,Si,1,Si,2,Si,6,11,0,No, ,No, , , , , , , , , , , , , , , , , , , , , , , , , , , , , , , , , , , , , , , , , , , , , , , , , , , , , , , , , , , , ,-9.18822587,-76.92831802
0987,021101,01,HUARMEY,De 20001 - 40000 Hab,Provincial, , , , , , , ,1,2,11, , , , , , , , , , , , , , , , , , , , , , , , , , , , , , , , , , , , , , , , , , , , , , , , , , , , , , , , , , , , , , , , , , , , , ,74,3,0,0,0,65,6,0,0,5,0,0,0,0,2,3,0,0,17,0,0,0,0,17,0,0,0,5,0,0,0,0,5,0,0,0,6,0,0,0,0,6,0,0,0,2,0,0,0,0,1,1,0,0,4,0,0,0,0,3,1,0,0,3,0,0,0,0,2,1,0,0,15,0,0,0,0,15,0,0,0,4,3,0,0,0,1,0,0,0,13,PUESTO DE AUXILIO RAPIDO,0,0,0,0,13,0,0,0,No, ,Si,2,No, ,Si,1,No, ,No, ,Si,2,Si,3,Si,4,Si,2,No, ,Si,1,Si,7,Si,52,74,0,No, ,No, , , , , , , , , , , , , , , , , , , , , , , , , , , , , , , , , , , , , , , , , , , , , , , , , , , , , , , , , , , , ,-10.06898726,-78.15444293
0988,021101,01,HUARMEY,Menos de 5000 Hab,Provincial, , , , , , , ,1,2,11, , , , , , , , , , , , , , , , , , , , , , , , , , , , , , , , , , , , , , , , , , , , , , , , , , , , , , , , , , , , , , , , , , , , , ,26,0,0,0,0,26,0,0,0,2,0,0,0,0,2,0,0,0,22,0,0,0,0,22,0,0,0,0,0,0,0,0,0,0,0,0,0,0,0,0,0,0,0,0,0,0,0,0,0,0,0,0,0,0,0,0,0,0,0,0,0,0,0,0,0,0,0,0,0,0,0,0,1,0,0,0,0,1,0,0,0,1,0,0,0,0,1,0,0,0,0, ,0,0,0,0,0,0,0,0,No, ,No, ,No, ,No, ,No, ,No, ,No, ,Si,1,Si,3,No, ,Si,1,Si,6,Si,14,Si,1,26,0,No, ,No, , , , , , , , , , , , , , , , , , , , , , , , , , , , , , , , , , , , , , , , , , , , , , , , , , , , , , , , , , , , ,-10.06853506,-78.15458465
0989,021201,01,CARAZ,De 20001 - 40000 Hab,Distrital, , , , , , , , , , , , , , , , , , , , , , , , , , , , ,4,2,12,1,Si,No,2,12,7,Si,No,2,12,5,Si,No,2,12,3,Si,No, , , , , , , , , , , , , , , , , , , , , , , , , , , , , , ,34,1,0,0,0,19,14,0,0,2,0,0,0,0,0,2,0,0,11,0,0,0,0,11,0,0,0,4,0,0,0,0,0,4,0,0,4,0,0,0,0,3,1,0,0,2,0,0,0,0,1,1,0,0,4,0,0,0,0,0,4,0,0,2,0,0,0,0,1,1,0,0,4,0,0,0,0,3,1,0,0,1,1,0,0,0,0,0,0,0,0, ,0,0,0,0,0,0,0,0,No, ,No, ,Si,1,No, ,No, ,No, ,Si,2,Si,1,Si,1,Si,3,No, ,Si,2,Si,6,Si,18,34,0,Sí,5,No, , , , , , , , , , , , , , , , , , , , , , , , , , , , , , , , , , , , , , , , , , , , , , , , , , , , , , , , , , , , ,-9.04607706,-77.81157488
0990,021204,04,HUAYLAS,De 5000 - 10000 Hab,Distrital, , , , , , , , , , , , , , , , , , , , , , , , , , , , ,2,2,12,4,Si,No,2,12,9,Si,No, , , , , , , , , , , , , , , , , , , , , , , , , , , , , , , , , , , , , , , , ,9,0,0,0,0,9,0,0,0,0,0,0,0,0,0,0,0,0,4,0,0,0,0,4,0,0,0,0,0,0,0,0,0,0,0,0,1,0,0,0,0,1,0,0,0,0,0,0,0,0,0,0,0,0,0,0,0,0,0,0,0,0,0,1,0,0,0,0,1,0,0,0,2,0,0,0,0,2,0,0,0,1,0,0,0,0,1,0,0,0,0, ,0,0,0,0,0,0,0,0,No, ,No, ,No, ,No, ,No, ,No, ,No, ,No, ,Si,1,No, ,No, ,No, ,Si,2,Si,6,9,0,No, ,No, , , , , , , , , , , , , , , , , , , , , , , , , , , , , , , , , , , , , , , , , , , , , , , , , , , , , , , , , , , , ,-8.87269233,-77.8923664
0991,021301,01,PISCOBAMBA,De 20001 - 40000 Hab,Provincial, , , , , , , ,1,2,13, , , , , , , , , , , , , , , , , , , , , , , , , , , , , , , , , , , , , , , , , , , , , , , , , , , , , , , , , , , , , , , , , , , , , ,12,0,0,0,0,10,2,0,0,0,0,0,0,0,0,0,0,0,3,0,0,0,0,3,0,0,0,2,0,0,0,0,1,1,0,0,1,0,0,0,0,1,0,0,0,1,0,0,0,0,1,0,0,0,2,0,0,0,0,1,1,0,0,1,0,0,0,0,1,0,0,0,1,0,0,0,0,1,0,0,0,1,0,0,0,0,1,0,0,0,0, ,0,0,0,0,0,0,0,0,No, ,No, ,No, ,No, ,No, ,No, ,Si,1,No, ,No, ,No, ,No, ,No, ,Si,4,Si,7,12,0,Sí,3,Sí,1,1, , , , , , , , , , , , , , , , , , , , , , , , , , , , , , , , , , , , , , , ,Ninguna, , , , , , , , , , , , , , , , , , ,-8.86457031,-77.35656699
0992,021401,01,OCROS,De 10001 - 20000 Hab,Provincial, , , , , , , ,1,2,14, , , , , , , , , , , , , , , , , , , , , , , , , , , , , , , , , , , , , , , , , , , , , , , , , , , , , , , , , , , , , , , , , , , , , ,13,0,0,0,0,13,0,0,0,1,0,0,0,0,1,0,0,0,2,0,0,0,0,2,0,0,0,3,0,0,0,0,3,0,0,0,2,0,0,0,0,2,0,0,0,1,0,0,0,0,1,0,0,0,1,0,0,0,0,1,0,0,0,1,0,0,0,0,1,0,0,0,1,0,0,0,0,1,0,0,0,1,0,0,0,0,1,0,0,0,0, ,0,0,0,0,0,0,0,0,No, ,No, ,No, ,No, ,No, ,No, ,Si,1,Si,1,Si,1,No, ,No, ,No, ,Si,4,Si,6,13,0,Sí,5,Sí,2,4,4, , , , , , , , , , , , , , , , , , , , , , , , , , , , , , , , , , , , , , ,Ninguna, , , , , , , , , , , , , , , , , , ,-10.40369771,-77.39684782
0993,021408,08,SAN CRISTOBAL DE RAJAN,De 10001 - 20000 Hab,Distrital, , , , , , , , , , , , , , , , , , , , , , , , , , , , ,3,2,14,3,No,Si,2,14,7,No,Si,2,14,8,No,Si, , , , , , , , , , , , , , , , , , , , , , , , , , , , , , , , , , , ,7,0,0,0,0,7,0,0,0,1,0,0,0,0,1,0,0,0,1,0,0,0,0,1,0,0,0,0,0,0,0,0,0,0,0,0,1,0,0,0,0,1,0,0,0,0,0,0,0,0,0,0,0,0,1,0,0,0,0,1,0,0,0,1,0,0,0,0,1,0,0,0,1,0,0,0,0,1,0,0,0,1,0,0,0,0,1,0,0,0,0, ,0,0,0,0,0,0,0,0,No, ,No, ,No, ,No, ,No, ,No, ,Si,1,No, ,No, ,No, ,No, ,No, ,Si,2,Si,4,7,0,No, ,Sí,1,4, , , , , , , , , , , , , , , , , , , , , , , , , , , , , , , , , , , , , , , ,Almenos una,1,No,Si,No,No,No,No,No,No,Si,No,No,Si,No,No,No,Si,PONCHO IMPERMEABLE,-10.38650765,-77.21923281
0995,021501,01,CABANA,De 10001 - 20000 Hab,Provincial, , , , , , , ,1,2,15, , , , , , , , , , , , , , , , , , , , , , , , , , , , , , , , , , , , , , , , , , , , , , , , , , , , , , , , , , , , , , , , , , , , , ,10,0,0,0,0,9,1,0,0,1,0,0,0,0,0,1,0,0,2,0,0,0,0,2,0,0,0,0,0,0,0,0,0,0,0,0,2,0,0,0,0,2,0,0,0,0,0,0,0,0,0,0,0,0,0,0,0,0,0,0,0,0,0,2,0,0,0,0,2,0,0,0,2,0,0,0,0,2,0,0,0,1,0,0,0,0,1,0,0,0,0, ,0,0,0,0,0,0,0,0,No, ,No, ,No, ,No, ,No, ,No, ,Si,1,No, ,Si,1,No, ,No, ,Si,1,Si,2,Si,5,10,0,No, ,No, , , , , , , , , , , , , , , , , , , , , , , , , , , , , , , , , , , , , , , , , , , , , , , , , , , , , , , , , , , , ,-8.392918,-78.008577
0996,021503,03,CONCHUCOS,De 5000 - 10000 Hab,Distrital, , , , , , , , , , , , , , , , , , , , , , , , , , , , ,1,2,15,3,Si,No, , , , , , , , , , , , , , , , , , , , , , , , , , , , , , , , , , , , , , , , , , , , , ,14,0,0,0,0,11,3,0,0,2,0,0,0,0,0,2,0,0,0,0,0,0,0,0,0,0,0,4,0,0,0,0,4,0,0,0,2,0,0,0,0,2,0,0,0,0,0,0,0,0,0,0,0,0,0,0,0,0,0,0,0,0,0,1,0,0,0,0,0,1,0,0,4,0,0,0,0,4,0,0,0,1,0,0,0,0,1,0,0,0,0, ,0,0,0,0,0,0,0,0,No, ,No, ,No, ,No, ,No, ,No, ,No, ,Si,1,Si,2,No, ,No, ,No, ,No, ,Si,11,14,0,No, ,No, , , , , , , , , , , , , , , , , , , , , , , , , , , , , , , , , , , , , , , , , , , , , , , , , , , , , , , , , , , , ,-8.26857021,-77.85288544
0997,021508,08,PALLASCA,Menos de 5000 Hab,Distrital, , , , , , , , , , , , , , , , , , , , , , , , , , , , ,1,2,15,8,Si,No, , , , , , , , , , , , , , , , , , , , , , , , , , , , , , , , , , , , , , , , , , , , , ,11,0,0,0,0,11,0,0,0,1,0,0,0,0,1,0,0,0,2,0,0,0,0,2,0,0,0,2,0,0,0,0,2,0,0,0,1,0,0,0,0,1,0,0,0,1,0,0,0,0,1,0,0,0,1,0,0,0,0,1,0,0,0,1,0,0,0,0,1,0,0,0,1,0,0,0,0,1,0,0,0,1,0,0,0,0,1,0,0,0,0, ,0,0,0,0,0,0,0,0,No, ,No, ,No, ,No, ,No, ,No, ,Si,1,No, ,No, ,No, ,Si,1,No, ,Si,4,Si,5,11,0,No, ,No, , , , , , , , , , , , , , , , , , , , , , , , , , , , , , , , , , , , , , , , , , , , , , , , , , , , , , , , , , , , ,-8.2533235,-77.99931748
0998,021509,09,PAMPAS,Menos de 5000 Hab,Distrital, , , , , , , , , , , , , , , , , , , , , , , , , , , , ,1,2,15,9,Si,No, , , , , , , , , , , , , , , , , , , , , , , , , , , , , , , , , , , , , , , , , , , , , ,11,0,0,0,0,11,0,0,0,1,0,0,0,0,1,0,0,0,0,0,0,0,0,0,0,0,0,2,0,0,0,0,2,0,0,0,1,0,0,0,0,1,0,0,0,1,0,0,0,0,1,0,0,0,1,0,0,0,0,1,0,0,0,1,0,0,0,0,1,0,0,0,3,0,0,0,0,3,0,0,0,1,0,0,0,0,1,0,0,0,0, ,0,0,0,0,0,0,0,0,No, ,No, ,No, ,No, ,No, ,No, ,Si,1,No, ,No, ,Si,2,No, ,No, ,Si,2,Si,6,11,0,No, ,Sí,1,3, , , , , , , , , , , , , , , , , , , , , , , , , , , , , , , , , , , , , , , ,Ninguna, , , , , , , , , , , , , , , , , , ,-8.19532655,-77.89563405
0999,021511,11,TAUCA,De 5000 - 10000 Hab,Distrital, , , , , , , , , , , , , , , , , , , , , , , , , , , , ,3,2,15,11,Si,No,2,15,10,Si,No,2,15,7,Si,No, , , , , , , , , , , , , , , , , , , , , , , , , , , , , , , , , , , ,13,0,0,0,0,12,1,0,0,1,0,0,0,0,0,1,0,0,2,0,0,0,0,2,0,0,0,2,0,0,0,0,2,0,0,0,1,0,0,0,0,1,0,0,0,1,0,0,0,0,1,0,0,0,1,0,0,0,0,1,0,0,0,1,0,0,0,0,1,0,0,0,2,0,0,0,0,2,0,0,0,2,0,0,0,0,2,0,0,0,0, ,0,0,0,0,0,0,0,0,No, ,No, ,No, ,No, ,No, ,No, ,Si,1,Si,1,No, ,No, ,No, ,No, ,Si,3,Si,8,13,0,No, ,Sí,2,4,4, , , , , , , , , , , , , , , , , , , , , , , , , , , , , , , , , , , , , , ,Ninguna, , , , , , , , , , , , , , , , , , ,-8.46997138,-78.0374566
1000,021601,01,POMABAMBA,De 20001 - 40000 Hab,Provincial, , , , , , , ,1,2,16, , , , , , , , , , , , , , , , , , , , , , , , , , , , , , , , , , , , , , , , , , , , , , , , , , , , , , , , , , , , , , , , , , , , , ,14,0,0,0,0,12,2,0,0,1,0,0,0,0,0,1,0,0,2,0,0,0,0,2,0,0,0,2,0,0,0,0,2,0,0,0,2,0,0,0,0,2,0,0,0,1,0,0,0,0,1,0,0,0,2,0,0,0,0,2,0,0,0,1,0,0,0,0,0,1,0,0,2,0,0,0,0,2,0,0,0,1,0,0,0,0,1,0,0,0,0, ,0,0,0,0,0,0,0,0,No, ,No, ,No, ,No, ,No, ,No, ,No, ,Si,1,Si,1,Si,1,No, ,No, ,Si,2,Si,9,14,0,Sí,6,No, , , , , , , , , , , , , , , , , , , , , , , , , , , , , , , , , , , , , , , , , , , , , , , , , , , , , , , , , , , , ,-8.81941943,-77.46139424
1001,021701,01,RECUAY,De 40001 - 80000 Hab,Provincial, , , , , , , ,1,2,17, , , , , , , , , , , , , , , , , , , , , , , , , , , , , , , , , , , , , , , , , , , , , , , , , , , , , , , , , , , , , , , , , , , , , ,25,1,0,0,0,20,4,0,0,2,0,0,0,0,2,0,0,0,4,0,0,0,0,4,0,0,0,6,0,0,0,0,4,2,0,0,2,0,0,0,0,2,0,0,0,2,0,0,0,0,2,0,0,0,2,0,0,0,0,2,0,0,0,4,0,0,0,0,2,2,0,0,2,0,0,0,0,2,0,0,0,1,1,0,0,0,0,0,0,0,0, ,0,0,0,0,0,0,0,0,No, ,No, ,Si,1,No, ,No, ,No, ,Si,1,No, ,Si,1,No, ,No, ,No, ,Si,2,Si,20,25,0,Sí,5,No, , , , , , , , , , , , , , , , , , , , , , , , , , , , , , , , , , , , , , , , , , , , , , , , , , , , , , , , , , , , ,-9.71903119,-77.45661348
1002,021702,02,CATAC,De 5000 - 10000 Hab,Distrital, , , , , , , , , , , , , , , , , , , , , , , , , , , , ,1,2,17,2,Si,No, , , , , , , , , , , , , , , , , , , , , , , , , , , , , , , , , , , , , , , , , , , , , ,15,0,0,0,0,14,1,0,0,1,0,0,0,0,1,0,0,0,4,0,0,0,0,4,0,0,0,2,0,0,0,0,2,0,0,0,1,0,0,0,0,1,0,0,0,1,0,0,0,0,1,0,0,0,2,0,0,0,0,1,1,0,0,1,0,0,0,0,1,0,0,0,2,0,0,0,0,2,0,0,0,1,0,0,0,0,1,0,0,0,0, ,0,0,0,0,0,0,0,0,No, ,No, ,No, ,No, ,No, ,No, ,Si,1,Si,2,Si,1,No, ,No, ,No, ,Si,1,Si,10,15,0,Sí,2,Sí,2,7,7, , , , , , , , , , , , , , , , , , , , , , , , , , , , , , , , , , , , , , ,Almenos una,1,Si,No,No,Si,No,No,No,Si,Si,No,Si,No,No,No,No,No, ,-9.79810892,-77.43246069
1003,021703,03,COTAPARACO,Menos de 5000 Hab,Distrital, , , , , , , , , , , , , , , , , , , , , , , , , , , , ,4,2,17,3,Si,No,2,17,8,Si,No,2,17,8,Si,No,2,17,9,Si,No, , , , , , , , , , , , , , , , , , , , , , , , , , , , , , ,12,0,0,0,0,11,1,0,0,1,0,0,0,0,1,0,0,0,2,0,0,0,0,2,0,0,0,2,0,0,0,0,2,0,0,0,1,0,0,0,0,1,0,0,0,1,0,0,0,0,1,0,0,0,1,0,0,0,0,0,1,0,0,1,0,0,0,0,1,0,0,0,2,0,0,0,0,2,0,0,0,1,0,0,0,0,1,0,0,0,0, ,0,0,0,0,0,0,0,0,No, ,No, ,No, ,No, ,No, ,No, ,No, ,No, ,Si,1,No, ,No, ,No, ,Si,4,Si,7,12,0,Sí,3,No, , , , , , , , , , , , , , , , , , , , , , , , , , , , , , , , , , , , , , , , , , , , , , , , , , , , , , , , , , , , ,-9.99451686,-77.58747285
1004,021706,06,MARCA,Menos de 5000 Hab,Distrital, , , , , , , , , , , , , , , , , , , , , , , , , , , , ,2,2,17,6,Si,No,2,17,4,Si,No, , , , , , , , , , , , , , , , , , , , , , , , , , , , , , , , , , , , , , , , ,11,0,0,0,0,11,0,0,0,1,0,0,0,0,1,0,0,0,2,0,0,0,0,2,0,0,0,2,0,0,0,0,2,0,0,0,1,0,0,0,0,1,0,0,0,1,0,0,0,0,1,0,0,0,1,0,0,0,0,1,0,0,0,1,0,0,0,0,1,0,0,0,1,0,0,0,0,1,0,0,0,1,0,0,0,0,1,0,0,0,0, ,0,0,0,0,0,0,0,0,No, ,No, ,No, ,No, ,No, ,No, ,Si,1,No, ,Si,1,No, ,No, ,No, ,Si,3,Si,6,11,0,No, ,Sí,2,3,3, , , , , , , , , , , , , , , , , , , , , , , , , , , , , , , , , , , , , , ,Ninguna, , , , , , , , , , , , , , , , , , ,-10.08881012,-77.47510949
1005,021801,01,CHIMBOTE,De 80001 a más Hab,Distrital, , , , , , , , , , , , , , , , , , , , , , , , , , , , ,1,2,18,1,No,Si, , , , , , , , , , , , , , , , , , , , , , , , , , , , , , , , , , , , , , , , , , , , , ,78,2,0,0,0,63,13,0,0,14,1,0,0,0,10,3,0,0,22,0,0,0,0,21,1,0,0,13,0,0,0,0,11,2,0,0,10,0,0,0,0,9,1,0,0,3,0,0,0,0,2,1,0,0,4,0,0,0,0,1,3,0,0,3,0,0,0,0,1,2,0,0,6,0,0,0,0,6,0,0,0,3,1,0,0,0,2,0,0,0,0, ,0,0,0,0,0,0,0,0,No, ,Si,1,No, ,Si,1,No, ,No, ,Si,5,Si,3,Si,4,No, ,No, ,No, ,Si,10,Si,54,78,0,Sí,8,No, , , , , , , , , , , , , , , , , , , , , , , , , , , , , , , , , , , , , , , , , , , , , , , , , , , , , , , , , , , , ,-9.07316713,-78.59972883
1006,021809,09,NUEVO CHIMBOTE,Menos de 5000 Hab,Distrital, , , , , , , , , , , , , , , , , , , , , , , , , , , , ,1,2,18,9,No,Si, , , , , , , , , , , , , , , , , , , , , , , , , , , , , , , , , , , , , , , , , , , , , ,34,0,1,0,0,13,20,0,0,4,0,0,0,0,2,2,0,0,5,0,0,0,0,3,2,0,0,17,0,0,0,0,5,12,0,0,0,0,0,0,0,0,0,0,0,0,0,0,0,0,0,0,0,0,4,0,0,0,0,0,4,0,0,1,0,1,0,0,0,0,0,0,3,0,0,0,0,3,0,0,0,0,0,0,0,0,0,0,0,0,0, ,0,0,0,0,0,0,0,0,No, ,No, ,No, ,Si,1,No, ,No, ,Si,4,Si,2,Si,4,No, ,Si,1,Si,1,Si,3,Si,18,34,0,Sí,2,No, , , , , , , , , , , , , , , , , , , , , , , , , , , , , , , , , , , , , , , , , , , , , , , , , , , , , , , , , , , , ,-9.1274648,-78.52195785
1007,021801,01,CHIMBOTE,De 80001 a más Hab,Otros,LOCALIDAD (PARTE DEL DISTRITO), , , , , , , , , , , , , , , , , , , , , , , , , , , , , , , , , , , , , , , , , , , , , , , , , , , , , , , , , , , , , , , , , , , , , , , , , , , , , , ,59,2,0,0,0,45,12,0,0,2,0,0,0,0,1,1,0,0,19,0,0,0,0,19,0,0,0,8,0,0,0,0,8,0,0,0,10,0,0,0,0,7,3,0,0,4,0,0,0,0,4,0,0,0,6,0,0,0,0,0,6,0,0,3,0,0,0,0,1,2,0,0,5,0,0,0,0,5,0,0,0,2,2,0,0,0,0,0,0,0,0, ,0,0,0,0,0,0,0,0,No, ,Si,1,No, ,No, ,No, ,Si,1,Si,2,Si,3,No, ,Si,1,Si,3,No, ,Si,6,Si,42,59,0,Sí,8,Sí,2,4,4, , , , , , , , , , , , , , , , , , , , , , , , , , , , , , , , , , , , , , ,Ninguna, , , , , , , , , , , , , , , , , , ,-9.08680986,-78.57513493
1008,021801,01,CHIMBOTE,De 80001 a más Hab,Distrital, , , , , , , , , , , , , , , , , , , , , , , , , , , , ,1,2,18,1,No,Si, , , , , , , , , , , , , , , , , , , , , , , , , , , , , , , , , , , , , , , , , , , , , ,77,2,1,0,0,62,12,0,0,5,0,0,0,0,0,5,0,0,26,0,0,0,0,26,0,0,0,10,0,0,0,0,10,0,0,0,11,0,0,0,0,11,0,0,0,4,0,0,0,0,4,0,0,0,6,0,0,0,0,0,6,0,0,3,0,0,0,0,2,1,0,0,9,0,0,0,0,9,0,0,0,3,2,1,0,0,0,0,0,0,0, ,0,0,0,0,0,0,0,0,No, ,No, ,Si,1,Si,1,No, ,Si,1,Si,5,Si,5,No, ,Si,2,No, ,Si,2,Si,7,Si,53,77,0,No, ,Sí,4,10,10,10,10, , , , , , , , , , , , , , , , , , , , , , , , , , , , , , , , , , , , ,Ninguna, , , , , , , , , , , , , , , , , , ,-9.07815078,-78.57348137
1009,021801,01,CHIMBOTE,De 80001 a más Hab,Distrital, , , , , , , , , , , , , , , , , , , , , , , , , , , , ,1,2,18,1,No,Si, , , , , , , , , , , , , , , , , , , , , , , , , , , , , , , , , , , , , , , , , , , , , ,86,3,0,0,0,74,9,0,0,8,1,0,0,0,4,3,0,0,38,0,0,0,0,38,0,0,0,0,0,0,0,0,0,0,0,0,14,1,0,0,0,12,1,0,0,3,0,0,0,0,2,1,0,0,4,0,0,0,0,0,4,0,0,3,0,0,0,0,3,0,0,0,11,0,0,0,0,11,0,0,0,1,1,0,0,0,0,0,0,0,4,PUESTO DE AUXILIO RAPIDO,0,0,0,0,4,0,0,0,No, ,Si,1,No, ,No, ,No, ,Si,2,Si,4,Si,4,Si,2,Si,3,No, ,Si,4,Si,14,Si,52,86,1,No, ,No, , , , , , , , , , , , , , , , , , , , , , , , , , , , , , , , , , , , , , , , , , , , , , , , , , , , , , , , , , , , ,-9.0679505,-78.58382483
1010,021801,01,CHIMBOTE,De 5000 - 10000 Hab,Otros,CENTRO POBLADO, , , , , , , , , , , , , , , , , , , , , , , , , , , , , , , , , , , , , , , , , , , , , , , , , , , , , , , , , , , , , , , , , , , , , , , , , , , , , , ,15,0,0,0,0,12,3,0,0,1,0,0,0,0,0,1,0,0,0,0,0,0,0,0,0,0,0,4,0,0,0,0,4,0,0,0,2,0,0,0,0,2,0,0,0,2,0,0,0,0,2,0,0,0,1,0,0,0,0,0,1,0,0,1,0,0,0,0,0,1,0,0,3,0,0,0,0,3,0,0,0,1,0,0,0,0,1,0,0,0,0, ,0,0,0,0,0,0,0,0,No, ,No, ,No, ,No, ,No, ,No, ,Si,1,Si,1,No, ,No, ,No, ,No, ,Si,2,Si,11,15,0,No, ,No, , , , , , , , , , , , , , , , , , , , , , , , , , , , , , , , , , , , , , , , , , , , , , , , , , , , , , , , , , , , ,-8.89314999,-78.5663249
1011,021804,04,MACATE,Menos de 5000 Hab,Otros,CENTRO POBLADO, , , , , , , , , , , , , , , , , , , , , , , , , , , , , , , , , , , , , , , , , , , , , , , , , , , , , , , , , , , , , , , , , , , , , , , , , , , , , , ,7,1,0,0,0,6,0,0,0,0,0,0,0,0,0,0,0,0,2,0,0,0,0,2,0,0,0,0,0,0,0,0,0,0,0,0,1,0,0,0,0,1,0,0,0,1,0,0,0,0,1,0,0,0,0,0,0,0,0,0,0,0,0,1,0,0,0,0,1,0,0,0,1,0,0,0,0,1,0,0,0,1,1,0,0,0,0,0,0,0,0, ,0,0,0,0,0,0,0,0,No, ,No, ,No, ,No, ,No, ,Si,1,No, ,Si,1,Si,1,No, ,No, ,No, ,Si,1,Si,3,7,0,No, ,No, , , , , , , , , , , , , , , , , , , , , , , , , , , , , , , , , , , , , , , , , , , , , , , , , , , , , , , , , , , , ,-8.656057,-78.234672
1012,021802,02,CACERES DEL PERU,De 5000 - 10000 Hab,Distrital, , , , , , , , , , , , , , , , , , , , , , , , , , , , ,1,2,18,2,Si,No, , , , , , , , , , , , , , , , , , , , , , , , , , , , , , , , , , , , , , , , , , , , , ,10,0,0,0,0,9,1,0,0,1,0,0,0,0,0,1,0,0,2,0,0,0,0,2,0,0,0,1,0,0,0,0,1,0,0,0,1,0,0,0,0,1,0,0,0,1,0,0,0,0,1,0,0,0,1,0,0,0,0,1,0,0,0,1,0,0,0,0,1,0,0,0,1,0,0,0,0,1,0,0,0,1,0,0,0,0,1,0,0,0,0, ,0,0,0,0,0,0,0,0,No, ,No, ,No, ,No, ,No, ,No, ,Si,1,Si,1,Si,1,No, ,No, ,No, ,No, ,Si,7,10,0,No, ,No, , , , , , , , , , , , , , , , , , , , , , , , , , , , , , , , , , , , , , , , , , , , , , , , , , , , , , , , , , , , ,-9.01553364,-78.13957108
1013,021803,03,COISHCO,De 20001 - 40000 Hab,Distrital, , , , , , , , , , , , , , , , , , , , , , , , , , , , ,1,2,18,3,Si,No, , , , , , , , , , , , , , , , , , , , , , , , , , , , , , , , , , , , , , , , , , , , , ,39,2,0,0,0,30,7,0,0,3,1,0,0,0,1,1,0,0,14,0,0,0,0,13,1,0,0,3,0,0,0,0,2,1,0,0,5,0,0,0,0,5,0,0,0,2,0,0,0,0,1,1,0,0,2,0,0,0,0,0,2,0,0,2,0,0,0,0,1,1,0,0,7,0,0,0,0,7,0,0,0,1,1,0,0,0,0,0,0,0,0, ,0,0,0,0,0,0,0,0,No, ,No, ,Si,1,No, ,No, ,Si,1,Si,3,No, ,Si,1,No, ,No, ,Si,2,Si,2,Si,29,39,0,No, ,No, , , , , , , , , , , , , , , , , , , , , , , , , , , , , , , , , , , , , , , , , , , , , , , , , , , , , , , , , , , , ,-9.02077603,-78.61538608
1014,021804,04,MACATE,Menos de 5000 Hab,Distrital, , , , , , , , , , , , , , , , , , , , , , , , , , , , ,1,2,18,4,No,Si, , , , , , , , , , , , , , , , , , , , , , , , , , , , , , , , , , , , , , , , , , , , , ,13,0,0,0,0,13,0,0,0,1,0,0,0,0,1,0,0,0,0,0,0,0,0,0,0,0,0,2,0,0,0,0,2,0,0,0,2,0,0,0,0,2,0,0,0,2,0,0,0,0,2,0,0,0,1,0,0,0,0,1,0,0,0,1,0,0,0,0,1,0,0,0,3,0,0,0,0,3,0,0,0,1,0,0,0,0,1,0,0,0,0, ,0,0,0,0,0,0,0,0,No, ,No, ,No, ,No, ,No, ,No, ,Si,1,Si,2,No, ,No, ,No, ,Si,2,Si,3,Si,5,13,0,No, ,No, , , , , , , , , , , , , , , , , , , , , , , , , , , , , , , , , , , , , , , , , , , , , , , , , , , , , , , , , , , , ,-8.76032661,-78.06101262
1015,021805,05,MORO,De 10001 - 20000 Hab,Distrital, , , , , , , , , , , , , , , , , , , , , , , , , , , , ,1,2,18,5,Si,No, , , , , , , , , , , , , , , , , , , , , , , , , , , , , , , , , , , , , , , , , , , , , ,16,1,0,0,0,12,3,0,0,1,0,0,0,0,0,1,0,0,4,0,0,0,0,4,0,0,0,3,0,0,0,0,3,0,0,0,2,0,0,0,0,2,0,0,0,2,0,0,0,0,2,0,0,0,1,0,0,0,0,0,1,0,0,1,0,0,0,0,0,1,0,0,1,0,0,0,0,1,0,0,0,1,1,0,0,0,0,0,0,0,0, ,0,0,0,0,0,0,0,0,No, ,No, ,No, ,No, ,No, ,Si,1,Si,2,Si,1,No, ,No, ,No, ,No, ,Si,3,Si,9,16,0,No, ,Sí,2,7,7, , , , , , , , , , , , , , , , , , , , , , , , , , , , , , , , , , , , , , ,Ninguna, , , , , , , , , , , , , , , , , , ,-9.13960773,-78.18411358
1016,021806,06,NEPEÑA,De 5000 - 10000 Hab,Distrital, , , , , , , , , , , , , , , , , , , , , , , , , , , , ,1,2,18,6,No,Si, , , , , , , , , , , , , , , , , , , , , , , , , , , , , , , , , , , , , , , , , , , , , ,17,1,0,0,0,15,1,0,0,2,0,0,0,0,2,0,0,0,6,0,0,0,0,6,0,0,0,0,0,0,0,0,0,0,0,0,4,0,0,0,0,4,0,0,0,0,0,0,0,0,0,0,0,0,0,0,0,0,0,0,0,0,0,1,0,0,0,0,0,1,0,0,3,0,0,0,0,3,0,0,0,1,1,0,0,0,0,0,0,0,0, ,0,0,0,0,0,0,0,0,No, ,No, ,No, ,No, ,Si,1,No, ,Si,1,Si,1,Si,1,No, ,No, ,No, ,Si,1,Si,12,17,0,No, ,Sí,1,6, , , , , , , , , , , , , , , , , , , , , , , , , , , , , , , , , , , , , , , ,Ninguna, , , , , , , , , , , , , , , , , , ,-9.17209654,-78.3611881
1017,021806,06,NEPEÑA,De 10001 - 20000 Hab,Distrital, , , , , , , , , , , , , , , , , , , , , , , , , , , , ,1,2,18,6,No,Si, , , , , , , , , , , , , , , , , , , , , , , , , , , , , , , , , , , , , , , , , , , , , ,16,1,0,0,0,14,1,0,0,1,0,0,0,0,1,0,0,0,8,0,0,0,0,8,0,0,0,0,0,0,0,0,0,0,0,0,2,0,0,0,0,2,0,0,0,0,0,0,0,0,0,0,0,0,0,0,0,0,0,0,0,0,0,1,0,0,0,0,0,1,0,0,3,0,0,0,0,3,0,0,0,1,1,0,0,0,0,0,0,0,0, ,0,0,0,0,0,0,0,0,No, ,No, ,No, ,Si,1,No, ,No, ,Si,3,No, ,No, ,No, ,No, ,No, ,Si,4,Si,8,16,0,No, ,No, , , , , , , , , , , , , , , , , , , , , , , , , , , , , , , , , , , , , , , , , , , , , , , , , , , , , , , , , , , , ,-9.1516017,-78.27911767
1018,021807,07,SAMANCO,De 5000 - 10000 Hab,Distrital, , , , , , , , , , , , , , , , , , , , , , , , , , , , ,1,2,18,7,No,Si, , , , , , , , , , , , , , , , , , , , , , , , , , , , , , , , , , , , , , , , , , , , , ,18,1,0,0,0,14,3,0,0,1,0,0,0,0,0,1,0,0,4,0,0,0,0,4,0,0,0,0,0,0,0,0,0,0,0,0,3,0,0,0,0,3,0,0,0,0,0,0,0,0,0,0,0,0,0,0,0,0,0,0,0,0,0,1,0,0,0,0,0,1,0,0,6,0,0,0,0,5,1,0,0,1,1,0,0,0,0,0,0,0,2,PUESTO DE AUXILIO RAPIDO,0,0,0,0,2,0,0,0,No, ,No, ,No, ,No, ,No, ,Si,1,Si,1,Si,3,No, ,Si,1,Si,2,No, ,Si,1,Si,9,18,0,No, ,Sí,1,1, , , , , , , , , , , , , , , , , , , , , , , , , , , , , , , , , , , , , , , ,Ninguna, , , , , , , , , , , , , , , , , , ,-9.26170373,-78.49569023
1019,021808,08,SANTA,De 20001 - 40000 Hab,Distrital, , , , , , , , , , , , , , , , , , , , , , , , , , , , ,1,2,18,8,Si,No, , , , , , , , , , , , , , , , , , , , , , , , , , , , , , , , , , , , , , , , , , , , , ,46,1,0,0,0,38,7,0,0,3,0,0,0,0,2,1,0,0,14,0,0,0,0,14,0,0,0,9,0,0,0,0,8,1,0,0,5,0,0,0,0,5,0,0,0,2,0,0,0,0,2,0,0,0,3,0,0,0,0,0,3,0,0,2,0,0,0,0,0,2,0,0,7,0,0,0,0,7,0,0,0,1,1,0,0,0,0,0,0,0,0, ,0,0,0,0,0,0,0,0,No, ,Si,1,No, ,No, ,No, ,No, ,Si,2,Si,3,Si,1,Si,2,Si,1,Si,1,Si,2,Si,33,46,0,No, ,Sí,5,7,7,7,7,7, , , , , , , , , , , , , , , , , , , , , , , , , , , , , , , , , , , ,Almenos una,1,No,No,No,No,No,No,No,No,No,No,No,Si,No,No,No,Si,LAMPAS,-8.98711448,-78.61316407
1020,021809,09,NUEVO CHIMBOTE,De 20001 - 40000 Hab,Distrital, , , , , , , , , , , , , , , , , , , , , , , , , , , , ,3,2,18,9,Si,No,2,18,6,Si,No,2,18,5,Si,No, , , , , , , , , , , , , , , , , , , , , , , , , , , , , , , , , , , ,107,2,0,0,0,90,15,0,0,8,0,0,0,0,3,5,0,0,40,0,0,0,0,40,0,0,0,6,0,0,0,0,6,0,0,0,14,0,0,0,0,13,1,0,0,6,0,0,0,0,3,3,0,0,0,0,0,0,0,0,0,0,0,6,0,0,0,0,4,2,0,0,11,0,0,0,0,7,4,0,0,2,2,0,0,0,0,0,0,0,14,PUESTO DE AUXILIO RAPIDO,0,0,0,0,14,0,0,0,No, ,Si,1,No, ,Si,1,No, ,No, ,Si,11,Si,5,Si,5,Si,4,Si,3,Si,4,Si,23,Si,50,107,0,No, ,No, , , , , , , , , , , , , , , , , , , , , , , , , , , , , , , , , , , , , , , , , , , , , , , , , , , , , , , , , , , , ,-9.12790115,-78.52121155
1021,021206,06,PAMPAROMAS,De 10001 - 20000 Hab,Distrital, , , , , , , , , , , , , , , , , , , , , , , , , , , , ,1,2,12,6,Si,No, , , , , , , , , , , , , , , , , , , , , , , , , , , , , , , , , , , , , , , , , , , , , ,14,0,0,0,0,11,3,0,0,1,0,0,0,0,0,1,0,0,2,0,0,0,0,2,0,0,0,1,0,0,0,0,1,0,0,0,2,0,0,0,0,2,0,0,0,2,0,0,0,0,2,0,0,0,2,0,0,0,0,0,2,0,0,1,0,0,0,0,1,0,0,0,2,0,0,0,0,2,0,0,0,1,0,0,0,0,1,0,0,0,0, ,0,0,0,0,0,0,0,0,No, ,No, ,No, ,No, ,No, ,No, ,No, ,No, ,Si,1,No, ,Si,1,No, ,Si,2,Si,10,14,0,No, ,No, , , , , , , , , , , , , , , , , , , , , , , , , , , , , , , , , , , , , , , , , , , , , , , , , , , , , , , , , , , , ,-9.07304774,-77.98176549
1022,021901,01,SIHUAS,De 5000 - 10000 Hab,Provincial, , , , , , , ,1,2,19, , , , , , , , , , , , , , , , , , , , , , , , , , , , , , , , , , , , , , , , , , , , , , , , , , , , , , , , , , , , , , , , , , , , , ,16,1,0,0,0,11,4,0,0,2,0,0,0,0,1,1,0,0,4,0,0,0,0,4,0,0,0,2,0,0,0,0,2,0,0,0,1,0,0,0,0,1,0,0,0,1,0,0,0,0,1,0,0,0,2,0,0,0,0,0,2,0,0,1,0,0,0,0,0,1,0,0,2,0,0,0,0,2,0,0,0,1,1,0,0,0,0,0,0,0,0, ,0,0,0,0,0,0,0,0,No, ,No, ,No, ,No, ,No, ,Si,1,No, ,Si,1,Si,1,Si,2,No, ,No, ,Si,1,Si,10,16,0,Sí,2,No, , , , , , , , , , , , , , , , , , , , , , , , , , , , , , , , , , , , , , , , , , , , , , , , , , , , , , , , , , , , ,-8.5543449,-77.63136535
1023,022001,01,YUNGAY,De 10001 - 20000 Hab,Distrital, , , , , , , , , , , , , , , , , , , , , , , , , , , , ,2,2,20,1,Si,No,2,20,4,Si,No, , , , , , , , , , , , , , , , , , , , , , , , , , , , , , , , , , , , , , , , ,35,1,0,0,0,19,15,0,0,5,0,0,0,0,2,3,0,0,6,0,0,0,0,4,2,0,0,2,0,0,0,0,1,1,0,0,9,0,0,0,0,8,1,0,0,3,0,0,0,0,3,0,0,0,3,0,0,0,0,0,3,0,0,3,0,0,0,0,0,3,0,0,3,0,0,0,0,1,2,0,0,1,1,0,0,0,0,0,0,0,0, ,0,0,0,0,0,0,0,0,No, ,Si,1,No, ,No, ,No, ,No, ,Si,2,Si,1,No, ,Si,1,No, ,Si,1,Si,4,Si,25,35,0,No, ,No, , , , , , , , , , , , , , , , , , , , , , , , , , , , , , , , , , , , , , , , , , , , , , , , , , , , , , , , , , , , ,-9.14096602,-77.7445578
1024,022003,03,MANCOS,De 10001 - 20000 Hab,Distrital, , , , , , , , , , , , , , , , , , , , , , , , , , , , ,2,2,20,3,Si,No,2,20,1,No,Si, , , , , , , , , , , , , , , , , , , , , , , , , , , , , , , , , , , , , , , , ,20,0,0,0,0,12,8,0,0,2,0,0,0,0,1,1,0,0,4,0,0,0,0,2,2,0,0,4,0,0,0,0,2,2,0,0,2,0,0,0,0,1,1,0,0,2,0,0,0,0,2,0,0,0,2,0,0,0,0,1,1,0,0,2,0,0,0,0,1,1,0,0,1,0,0,0,0,1,0,0,0,1,0,0,0,0,1,0,0,0,0, ,0,0,0,0,0,0,0,0,No, ,No, ,No, ,No, ,No, ,No, ,Si,1,Si,1,Si,2,No, ,No, ,Si,1,Si,2,Si,13,20,0,No, ,No, , , , , , , , , , , , , , , , , , , , , , , , , , , , , , , , , , , , , , , , , , , , , , , , , , , , , , , , , , , , ,-9.19001808,-77.71412782
1025,022005,05,QUILLO,De 10001 - 20000 Hab,Distrital, , , , , , , , , , , , , , , , , , , , , , , , , , , , ,1,2,20,5,Si,No, , , , , , , , , , , , , , , , , , , , , , , , , , , , , , , , , , , , , , , , , , , , , ,13,1,0,0,0,10,2,0,0,2,0,0,0,0,1,1,0,0,2,0,0,0,0,2,0,0,0,0,0,0,0,0,0,0,0,0,2,0,0,0,0,2,0,0,0,2,0,0,0,0,2,0,0,0,1,0,0,0,0,0,1,0,0,1,0,0,0,0,1,0,0,0,2,0,0,0,0,2,0,0,0,1,1,0,0,0,0,0,0,0,0, ,0,0,0,0,0,0,0,0,No, ,No, ,No, ,No, ,No, ,Si,1,No, ,Si,2,No, ,No, ,Si,1,No, ,Si,2,Si,7,13,0,No, ,No, , , , , , , , , , , , , , , , , , , , , , , , , , , , , , , , , , , , , , , , , , , , , , , , , , , , , , , , , , , , ,-9.32881929,-78.04205217
1026,022008,08,YANAMA,De 5000 - 10000 Hab,Distrital, , , , , , , , , , , , , , , , , , , , , , , , , , , , ,1,2,20,8,Si,No, , , , , , , , , , , , , , , , , , , , , , , , , , , , , , , , , , , , , , , , , , , , , ,9,0,0,0,0,9,0,0,0,1,0,0,0,0,1,0,0,0,0,0,0,0,0,0,0,0,0,2,0,0,0,0,2,0,0,0,1,0,0,0,0,1,0,0,0,1,0,0,0,0,1,0,0,0,1,0,0,0,0,1,0,0,0,1,0,0,0,0,1,0,0,0,1,0,0,0,0,1,0,0,0,1,0,0,0,0,1,0,0,0,0, ,0,0,0,0,0,0,0,0,No, ,No, ,No, ,No, ,No, ,No, ,No, ,Si,1,No, ,Si,1,Si,1,No, ,Si,1,Si,5,9,0,Sí,2,No, , , , , , , , , , , , , , , , , , , , , , , , , , , , , , , , , , , , , , , , , , , , , , , , , , , , , , , , , , , , ,-9.02100971,-77.47098578
1027,060101,01,CAJAMARCA,De 80001 a más Hab,Distrital, , , , , , , , , , , , , , , , , , , , , , , , , , , , ,1,6,1,1,No,Si, , , , , , , , , , , , , , , , , , , , , , , , , , , , , , , , , , , , , , , , , , , , , ,112,2,1,0,0,89,19,1,0,10,0,0,0,0,2,8,0,0,33,0,0,0,0,32,0,1,0,4,0,0,0,0,2,2,0,0,12,0,0,0,0,12,0,0,0,6,0,0,0,0,4,2,0,0,0,0,0,0,0,0,0,0,0,5,0,0,0,0,1,4,0,0,37,0,0,0,0,34,3,0,0,5,2,1,0,0,2,0,0,0,0, ,0,0,0,0,0,0,0,0,No, ,Si,1,No, ,No, ,Si,1,Si,1,Si,3,Si,6,Si,3,Si,4,Si,1,Si,5,Si,19,Si,68,112,1,Sí,10,No, , , , , , , , , , , , , , , , , , , , , , , , , , , , , , , , , , , , , , , , , , , , , , , , , , , , , , , , , , , , ,-7.16034361,-78.51303874
1028,060101,01,CAJAMARCA,De 40001 - 80000 Hab,Distrital, , , , , , , , , , , , , , , , , , , , , , , , , , , , ,1,6,1,1,No,Si, , , , , , , , , , , , , , , , , , , , , , , , , , , , , , , , , , , , , , , , , , , , , ,94,4,0,0,0,71,19,0,0,11,1,0,0,0,3,7,0,0,42,1,0,0,0,40,1,0,0,0,0,0,0,0,0,0,0,0,13,1,0,0,0,10,2,0,0,3,0,0,0,0,2,1,0,0,0,0,0,0,0,0,0,0,0,4,0,0,0,0,1,3,0,0,20,0,0,0,0,15,5,0,0,1,1,0,0,0,0,0,0,0,0, ,0,0,0,0,0,0,0,0,No, ,No, ,Si,1,Si,1,No, ,Si,2,Si,5,Si,8,Si,4,Si,3,Si,3,Si,4,Si,21,Si,42,94,0,No, ,No, , , , , , , , , , , , , , , , , , , , , , , , , , , , , , , , , , , , , , , , , , , , , , , , , , , , , , , , , , , , ,-7.15010995,-78.51976384
1029,060102,02,ASUNCION,Menos de 5000 Hab,Distrital, , , , , , , , , , , , , , , , , , , , , , , , , , , , ,1,6,1,2,Si,No, , , , , , , , , , , , , , , , , , , , , , , , , , , , , , , , , , , , , , , , , , , , , ,10,0,0,0,0,8,2,0,0,1,0,0,0,0,1,0,0,0,2,0,0,0,0,2,0,0,0,0,0,0,0,0,0,0,0,0,1,0,0,0,0,1,0,0,0,1,0,0,0,0,1,0,0,0,2,0,0,0,0,0,2,0,0,1,0,0,0,0,1,0,0,0,1,0,0,0,0,1,0,0,0,1,0,0,0,0,1,0,0,0,0, ,0,0,0,0,0,0,0,0,No, ,No, ,No, ,No, ,No, ,No, ,No, ,Si,1,Si,2,No, ,No, ,Si,1,Si,2,Si,4,10,0,No, ,Sí,4,10,10,10,10, , , , , , , , , , , , , , , , , , , , , , , , , , , , , , , , , , , , ,Ninguna, , , , , , , , , , , , , , , , , , ,-7.32412503,-78.51933494
1030,060104,04,COSPAN,De 10001 - 20000 Hab,Distrital, , , , , , , , , , , , , , , , , , , , , , , , , , , , ,1,6,1,4,Si,No, , , , , , , , , , , , , , , , , , , , , , , , , , , , , , , , , , , , , , , , , , , , , ,9,0,0,0,0,9,0,0,0,1,0,0,0,0,1,0,0,0,1,0,0,0,0,1,0,0,0,1,0,0,0,0,1,0,0,0,1,0,0,0,0,1,0,0,0,1,0,0,0,0,1,0,0,0,1,0,0,0,0,1,0,0,0,1,0,0,0,0,1,0,0,0,1,0,0,0,0,1,0,0,0,1,0,0,0,0,1,0,0,0,0, ,0,0,0,0,0,0,0,0,No, ,No, ,No, ,No, ,No, ,No, ,No, ,Si,1,Si,1,No, ,No, ,No, ,Si,2,Si,5,9,0,No, ,No, , , , , , , , , , , , , , , , , , , , , , , , , , , , , , , , , , , , , , , , , , , , , , , , , , , , , , , , , , , , ,-7.42703591,-78.54241106
1031,060105,05,ENCAÑADA,De 10001 - 20000 Hab,Distrital, , , , , , , , , , , , , , , , , , , , , , , , , , , , ,1,6,1,5,Si,No, , , , , , , , , , , , , , , , , , , , , , , , , , , , , , , , , , , , , , , , , , , , , ,10,1,0,0,0,8,1,0,0,1,0,0,0,0,0,1,0,0,2,0,0,0,0,2,0,0,0,2,0,0,0,0,2,0,0,0,0,0,0,0,0,0,0,0,0,1,0,0,0,0,1,0,0,0,0,0,0,0,0,0,0,0,0,1,0,0,0,0,1,0,0,0,2,0,0,0,0,2,0,0,0,1,1,0,0,0,0,0,0,0,0, ,0,0,0,0,0,0,0,0,No, ,No, ,No, ,No, ,No, ,Si,1,No, ,Si,1,No, ,No, ,No, ,Si,1,Si,3,Si,4,10,0,No, ,No, , , , , , , , , , , , , , , , , , , , , , , , , , , , , , , , , , , , , , , , , , , , , , , , , , , , , , , , , , , , ,-7.08671023,-78.34443193
1032,060106,06,JESUS,De 10001 - 20000 Hab,Distrital, , , , , , , , , , , , , , , , , , , , , , , , , , , , ,1,6,1,6,Si,No, , , , , , , , , , , , , , , , , , , , , , , , , , , , , , , , , , , , , , , , , , , , , ,11,1,0,0,0,8,2,0,0,1,0,0,0,0,0,1,0,0,4,0,0,0,0,3,1,0,0,0,0,0,0,0,0,0,0,0,1,0,0,0,0,1,0,0,0,1,0,0,0,0,1,0,0,0,1,0,0,0,0,1,0,0,0,1,0,0,0,0,1,0,0,0,1,0,0,0,0,1,0,0,0,1,1,0,0,0,0,0,0,0,0, ,0,0,0,0,0,0,0,0,No, ,No, ,No, ,No, ,No, ,Si,1,Si,1,Si,1,No, ,No, ,No, ,No, ,Si,2,Si,6,11,0,No, ,No, , , , , , , , , , , , , , , , , , , , , , , , , , , , , , , , , , , , , , , , , , , , , , , , , , , , , , , , , , , , ,-7.24697688,-78.37907244
1033,060105,05,ENCAÑADA,Menos de 5000 Hab,Otros,CENTRO POBLADO, , , , , , , , , , , , , , , , , , , , , , , , , , , , , , , , , , , , , , , , , , , , , , , , , , , , , , , , , , , , , , , , , , , , , , , , , , , , , , ,10,0,0,0,0,10,0,0,0,1,0,0,0,0,1,0,0,0,2,0,0,0,0,2,0,0,0,2,0,0,0,0,2,0,0,0,1,0,0,0,0,1,0,0,0,1,0,0,0,0,1,0,0,0,0,0,0,0,0,0,0,0,0,1,0,0,0,0,1,0,0,0,1,0,0,0,0,1,0,0,0,1,0,0,0,0,1,0,0,0,0, ,0,0,0,0,0,0,0,0,No, ,No, ,No, ,No, ,No, ,No, ,No, ,Si,1,No, ,No, ,No, ,No, ,Si,1,Si,8,10,0,No, ,No, , , , , , , , , , , , , , , , , , , , , , , , , , , , , , , , , , , , , , , , , , , , , , , , , , , , , , , , , , , , ,-6.863555,-78.480422
1034,060108,08,LOS BAÑOS DEL INCA,De 40001 - 80000 Hab,Distrital, , , , , , , , , , , , , , , , , , , , , , , , , , , , ,2,6,1,8,Si,No,6,1,7,Si,No, , , , , , , , , , , , , , , , , , , , , , , , , , , , , , , , , , , , , , , , ,69,1,1,0,0,50,17,0,0,5,0,0,0,0,1,4,0,0,38,0,0,0,0,33,5,0,0,0,0,0,0,0,0,0,0,0,5,0,0,0,0,5,0,0,0,3,0,0,0,0,1,2,0,0,2,0,0,0,0,0,2,0,0,2,0,0,0,0,0,2,0,0,8,0,0,0,0,6,2,0,0,2,1,1,0,0,0,0,0,0,4,PUESTO DE AUXILIO RAPIDO,0,0,0,0,4,0,0,0,No, ,No, ,Si,1,No, ,No, ,Si,1,Si,2,Si,2,No, ,Si,1,Si,1,Si,6,Si,24,Si,31,69,0,No, ,Sí,2,12,12, , , , , , , , , , , , , , , , , , , , , , , , , , , , , , , , , , , , , , ,Almenos una,1,No,No,No,No,No,No,No,No,No,No,No,Si,No,No,No,Si,HACHAS,-7.16423293,-78.46311482
1035,060109,09,MAGDALENA,Menos de 5000 Hab,Distrital, , , , , , , , , , , , , , , , , , , , , , , , , , , , ,1,6,1,9,Si,No, , , , , , , , , , , , , , , , , , , , , , , , , , , , , , , , , , , , , , , , , , , , , ,11,1,0,0,0,8,2,0,0,1,0,0,0,0,0,1,0,0,1,0,0,0,0,1,0,0,0,1,0,0,0,0,1,0,0,0,1,0,0,0,0,1,0,0,0,2,0,0,0,0,2,0,0,0,1,0,0,0,0,0,1,0,0,1,0,0,0,0,1,0,0,0,2,0,0,0,0,2,0,0,0,1,1,0,0,0,0,0,0,0,0, ,0,0,0,0,0,0,0,0,No, ,No, ,No, ,No, ,No, ,Si,1,Si,1,Si,1,No, ,No, ,No, ,Si,1,Si,3,Si,4,11,0,No, ,Sí,5,12,12,12,12,12, , , , , , , , , , , , , , , , , , , , , , , , , , , , , , , , , , , ,Ninguna, , , , , , , , , , , , , , , , , , ,-7.25171499,-78.6565217
1036,060110,10,MATARA,De 20001 - 40000 Hab,Distrital, , , , , , , , , , , , , , , , , , , , , , , , , , , , ,3,6,1,10,Si,No,6,1,10,Si,No,6,1,10,Si,No, , , , , , , , , , , , , , , , , , , , , , , , , , , , , , , , , , , ,9,0,0,0,0,8,1,0,0,1,0,0,0,0,1,0,0,0,0,0,0,0,0,0,0,0,0,2,0,0,0,0,2,0,0,0,1,0,0,0,0,1,0,0,0,1,0,0,0,0,1,0,0,0,1,0,0,0,0,0,1,0,0,1,0,0,0,0,1,0,0,0,1,0,0,0,0,1,0,0,0,1,0,0,0,0,1,0,0,0,0, ,0,0,0,0,0,0,0,0,No, ,No, ,No, ,No, ,No, ,No, ,No, ,Si,1,No, ,No, ,No, ,No, ,No, ,Si,8,9,0,No, ,Sí,2,4,4, , , , , , , , , , , , , , , , , , , , , , , , , , , , , , , , , , , , , , ,Ninguna, , , , , , , , , , , , , , , , , , ,-7.25353593,-78.25823853
1037,060111,11,NAMORA,De 10001 - 20000 Hab,Distrital, , , , , , , , , , , , , , , , , , , , , , , , , , , , ,1,6,1,11,Si,No, , , , , , , , , , , , , , , , , , , , , , , , , , , , , , , , , , , , , , , , , , , , , ,11,1,0,0,0,8,2,0,0,1,0,0,0,0,1,0,0,0,2,0,0,0,0,2,0,0,0,2,0,0,0,0,2,0,0,0,1,0,0,0,0,1,0,0,0,0,0,0,0,0,0,0,0,0,1,0,0,0,0,0,1,0,0,1,0,0,0,0,1,0,0,0,2,0,0,0,0,1,1,0,0,1,1,0,0,0,0,0,0,0,0, ,0,0,0,0,0,0,0,0,No, ,No, ,No, ,No, ,Si,1,No, ,No, ,No, ,No, ,No, ,No, ,No, ,Si,2,Si,8,11,0,No, ,Sí,1,11, , , , , , , , , , , , , , , , , , , , , , , , , , , , , , , , , , , , , , , ,Ninguna, , , , , , , , , , , , , , , , , , ,-7.20255144,-78.32508638
1038,060112,12,SAN JUAN,De 10001 - 20000 Hab,Distrital, , , , , , , , , , , , , , , , , , , , , , , , , , , , ,1,6,1,12,Si,No, , , , , , , , , , , , , , , , , , , , , , , , , , , , , , , , , , , , , , , , , , , , , ,10,0,0,0,0,9,1,0,0,1,0,0,0,0,1,0,0,0,2,0,0,0,0,2,0,0,0,0,0,0,0,0,0,0,0,0,1,0,0,0,0,1,0,0,0,2,0,0,0,0,2,0,0,0,1,0,0,0,0,0,1,0,0,1,0,0,0,0,1,0,0,0,1,0,0,0,0,1,0,0,0,1,0,0,0,0,1,0,0,0,0, ,0,0,0,0,0,0,0,0,No, ,No, ,No, ,No, ,No, ,No, ,No, ,Si,1,No, ,Si,1,No, ,No, ,Si,2,Si,6,10,0,No, ,Sí,1,9, , , , , , , , , , , , , , , , , , , , , , , , , , , , , , , , , , , , , , , ,Ninguna, , , , , , , , , , , , , , , , , , ,-7.29264106,-78.4981445
1039,060201,01,CAJABAMBA,De 40001 - 80000 Hab,Distrital, , , , , , , , , , , , , , , , , , , , , , , , , , , , ,4,6,2,1,Si,No,6,2,2,No,Si,6,2,3,No,Si,6,2,4,No,Si, , , , , , , , , , , , , , , , , , , , , , , , , , , , , , ,38,3,0,0,0,29,6,0,0,3,0,0,0,0,3,0,0,0,8,0,0,0,0,8,0,0,0,10,0,0,0,0,8,2,0,0,4,0,0,0,0,4,0,0,0,2,0,0,0,0,2,0,0,0,2,0,0,0,0,0,2,0,0,2,0,0,0,0,0,2,0,0,4,0,0,0,0,4,0,0,0,3,3,0,0,0,0,0,0,0,0, ,0,0,0,0,0,0,0,0,No, ,Si,1,No, ,No, ,No, ,Si,2,Si,2,No, ,Si,5,Si,3,Si,1,Si,3,Si,11,Si,10,38,0,Sí,3,Sí,2,12,12, , , , , , , , , , , , , , , , , , , , , , , , , , , , , , , , , , , , , , ,Almenos una,2,Si,Si,No,Si,No,No,No,No,Si,No,Si,Si,No,No,No,No, ,-7.62785947,-78.04387459
1040,060202,02,CACHACHI,De 10001 - 20000 Hab,Otros,CENTRO POBLADO, , , , , , , , , , , , , , , , , , , , , , , , , , , , , , , , , , , , , , , , , , , , , , , , , , , , , , , , , , , , , , , , , , , , , , , , , , , , , , ,7,0,0,0,0,7,0,0,0,1,0,0,0,0,1,0,0,0,0,0,0,0,0,0,0,0,0,2,0,0,0,0,2,0,0,0,0,0,0,0,0,0,0,0,0,1,0,0,0,0,1,0,0,0,0,0,0,0,0,0,0,0,0,1,0,0,0,0,1,0,0,0,1,0,0,0,0,1,0,0,0,1,0,0,0,0,1,0,0,0,0, ,0,0,0,0,0,0,0,0,No, ,No, ,No, ,No, ,No, ,No, ,No, ,No, ,Si,1,No, ,No, ,No, ,No, ,Si,6,7,0,Sí,2,No, , , , , , , , , , , , , , , , , , , , , , , , , , , , , , , , , , , , , , , , , , , , , , , , , , , , , , , , , , , , ,-7.633278,-78.138967
1042,060202,02,CACHACHI,De 10001 - 20000 Hab,Distrital, , , , , , , , , , , , , , , , , , , , , , , , , , , , ,1,6,2,2,Si,No, , , , , , , , , , , , , , , , , , , , , , , , , , , , , , , , , , , , , , , , , , , , , ,8,0,0,0,0,8,0,0,0,1,0,0,0,0,1,0,0,0,1,0,0,0,0,1,0,0,0,1,0,0,0,0,1,0,0,0,1,0,0,0,0,1,0,0,0,0,0,0,0,0,0,0,0,0,0,0,0,0,0,0,0,0,0,2,0,0,0,0,2,0,0,0,1,0,0,0,0,1,0,0,0,1,0,0,0,0,1,0,0,0,0, ,0,0,0,0,0,0,0,0,No, ,No, ,No, ,No, ,No, ,No, ,No, ,Si,1,No, ,No, ,No, ,No, ,Si,3,Si,4,8,0,Sí,1,Sí,1,8, , , , , , , , , , , , , , , , , , , , , , , , , , , , , , , , , , , , , , , ,Ninguna, , , , , , , , , , , , , , , , , , ,-7.45106382,-78.27078402
1043,060203,03,CONDEBAMBA,De 5000 - 10000 Hab,Distrital, , , , , , , , , , , , , , , , , , , , , , , , , , , , ,1,6,2,3,Si,No, , , , , , , , , , , , , , , , , , , , , , , , , , , , , , , , , , , , , , , , , , , , , ,9,0,0,0,0,9,0,0,0,1,0,0,0,0,1,0,0,0,2,0,0,0,0,2,0,0,0,0,0,0,0,0,0,0,0,0,1,0,0,0,0,1,0,0,0,1,0,0,0,0,1,0,0,0,1,0,0,0,0,1,0,0,0,1,0,0,0,0,1,0,0,0,1,0,0,0,0,1,0,0,0,1,0,0,0,0,1,0,0,0,0, ,0,0,0,0,0,0,0,0,No, ,No, ,No, ,No, ,No, ,No, ,Si,1,No, ,Si,1,No, ,No, ,No, ,Si,2,Si,5,9,0,No, ,No, , , , , , , , , , , , , , , , , , , , , , , , , , , , , , , , , , , , , , , , , , , , , , , , , , , , , , , , , , , , ,-7.57616307,-78.07019245
1044,060204,04,SITACOCHA,De 10001 - 20000 Hab,Distrital, , , , , , , , , , , , , , , , , , , , , , , , , , , , ,1,6,2,4,Si,No, , , , , , , , , , , , , , , , , , , , , , , , , , , , , , , , , , , , , , , , , , , , , ,7,0,0,0,0,7,0,0,0,0,0,0,0,0,0,0,0,0,0,0,0,0,0,0,0,0,0,1,0,0,0,0,1,0,0,0,1,0,0,0,0,1,0,0,0,1,0,0,0,0,1,0,0,0,1,0,0,0,0,1,0,0,0,1,0,0,0,0,1,0,0,0,1,0,0,0,0,1,0,0,0,1,0,0,0,0,1,0,0,0,0, ,0,0,0,0,0,0,0,0,No, ,No, ,No, ,No, ,No, ,No, ,No, ,Si,1,No, ,No, ,No, ,No, ,Si,1,Si,5,7,0,Sí,3,No, , , , , , , , , , , , , , , , , , , , , , , , , , , , , , , , , , , , , , , , , , , , , , , , , , , , , , , , , , , , ,-7.51953066,-77.96955403
1045,060301,01,CELENDIN,De 40001 - 80000 Hab,Provincial, , , , , , , ,1,6,3, , , , , , , , , , , , , , , , , , , , , , , , , , , , , , , , , , , , , , , , , , , , , , , , , , , , , , , , , , , , , , , , , , , , , ,60,2,0,0,0,50,7,0,1,5,0,0,0,0,1,3,0,1,11,0,0,0,0,8,3,0,0,25,0,0,0,0,25,0,0,0,4,0,0,0,0,4,0,0,0,2,0,0,0,0,2,0,0,0,2,0,0,0,0,2,0,0,0,2,0,0,0,0,1,1,0,0,6,1,0,0,0,5,0,0,0,1,1,0,0,0,0,0,0,0,2,LABORES MIXTAS,0,0,0,0,2,0,0,0,No, ,Si,1,No, ,No, ,Si,1,No, ,No, ,No, ,Si,1,No, ,Si,6,Si,17,Si,34,No, ,60,0,No, ,No, , , , , , , , , , , , , , , , , , , , , , , , , , , , , , , , , , , , , , , , , , , , , , , , , , , , , , , , , , , , ,-6.8721075,-78.14280462
1046,060302,02,CHUMUCH,Menos de 5000 Hab,Distrital, , , , , , , , , , , , , , , , , , , , , , , , , , , , ,1,6,3,2,Si,No, , , , , , , , , , , , , , , , , , , , , , , , , , , , , , , , , , , , , , , , , , , , , ,8,0,0,0,0,8,0,0,0,1,0,0,0,0,1,0,0,0,1,0,0,0,0,1,0,0,0,0,0,0,0,0,0,0,0,0,1,0,0,0,0,1,0,0,0,1,0,0,0,0,1,0,0,0,1,0,0,0,0,1,0,0,0,1,0,0,0,0,1,0,0,0,1,0,0,0,0,1,0,0,0,1,0,0,0,0,1,0,0,0,0, ,0,0,0,0,0,0,0,0,No, ,No, ,No, ,No, ,No, ,No, ,Si,1,No, ,No, ,No, ,No, ,No, ,Si,2,Si,5,8,0,No, ,No, , , , , , , , , , , , , , , , , , , , , , , , , , , , , , , , , , , , , , , , , , , , , , , , , , , , , , , , , , , , ,-6.60311111,-78.20063105
1047,060304,04,HUASMIN,De 5000 - 10000 Hab,Distrital, , , , , , , , , , , , , , , , , , , , , , , , , , , , ,1,6,3,4,Si,No, , , , , , , , , , , , , , , , , , , , , , , , , , , , , , , , , , , , , , , , , , , , , ,9,0,0,0,0,8,1,0,0,2,0,0,0,0,2,0,0,0,1,0,0,0,0,1,0,0,0,0,0,0,0,0,0,0,0,0,1,0,0,0,0,1,0,0,0,1,0,0,0,0,1,0,0,0,1,0,0,0,0,0,1,0,0,1,0,0,0,0,1,0,0,0,1,0,0,0,0,1,0,0,0,1,0,0,0,0,1,0,0,0,0, ,0,0,0,0,0,0,0,0,No, ,No, ,No, ,No, ,No, ,No, ,No, ,Si,1,No, ,Si,1,No, ,No, ,Si,3,Si,4,9,0,No, ,Sí,1,8, , , , , , , , , , , , , , , , , , , , , , , , , , , , , , , , , , , , , , , ,Ninguna, , , , , , , , , , , , , , , , , , ,-6.83695911,-78.24504906
1048,060307,07,MIGUEL IGLESIAS,De 5000 - 10000 Hab,Distrital, , , , , , , , , , , , , , , , , , , , , , , , , , , , ,1,6,3,7,Si,No, , , , , , , , , , , , , , , , , , , , , , , , , , , , , , , , , , , , , , , , , , , , , ,8,0,0,0,0,8,0,0,0,1,0,0,0,0,1,0,0,0,1,0,0,0,0,1,0,0,0,0,0,0,0,0,0,0,0,0,1,0,0,0,0,1,0,0,0,1,0,0,0,0,1,0,0,0,1,0,0,0,0,1,0,0,0,1,0,0,0,0,1,0,0,0,1,0,0,0,0,1,0,0,0,1,0,0,0,0,1,0,0,0,0, ,0,0,0,0,0,0,0,0,No, ,No, ,No, ,No, ,No, ,No, ,No, ,No, ,Si,1,No, ,Si,7,No, ,No, ,No, ,8,0,Sí,4,Sí,2,4,4, , , , , , , , , , , , , , , , , , , , , , , , , , , , , , , , , , , , , , ,Ninguna, , , , , , , , , , , , , , , , , , ,-6.64987998,-78.23170468
1049,060308,08,OXAMARCA,De 5000 - 10000 Hab,Distrital, , , , , , , , , , , , , , , , , , , , , , , , , , , , ,1,6,3,8,Si,No, , , , , , , , , , , , , , , , , , , , , , , , , , , , , , , , , , , , , , , , , , , , , ,7,0,0,0,0,7,0,0,0,0,0,0,0,0,0,0,0,0,1,0,0,0,0,1,0,0,0,0,0,0,0,0,0,0,0,0,1,0,0,0,0,1,0,0,0,1,0,0,0,0,1,0,0,0,1,0,0,0,0,1,0,0,0,1,0,0,0,0,1,0,0,0,1,0,0,0,0,1,0,0,0,1,0,0,0,0,1,0,0,0,0, ,0,0,0,0,0,0,0,0,No, ,No, ,No, ,No, ,No, ,No, ,No, ,No, ,No, ,Si,2,No, ,No, ,Si,2,Si,3,7,0,No, ,No, , , , , , , , , , , , , , , , , , , , , , , , , , , , , , , , , , , , , , , , , , , , , , , , , , , , , , , , , , , , ,-7.04164819,-78.06802431
1050,060309,09,SOROCHUCO,De 5000 - 10000 Hab,Distrital, , , , , , , , , , , , , , , , , , , , , , , , , , , , ,1,6,3,9,Si,No, , , , , , , , , , , , , , , , , , , , , , , , , , , , , , , , , , , , , , , , , , , , , ,9,1,0,0,0,7,1,0,0,1,1,0,0,0,0,0,0,0,1,0,0,0,0,1,0,0,0,1,0,0,0,0,1,0,0,0,1,0,0,0,0,1,0,0,0,1,0,0,0,0,1,0,0,0,1,0,0,0,0,0,1,0,0,1,0,0,0,0,1,0,0,0,1,0,0,0,0,1,0,0,0,1,0,0,0,0,1,0,0,0,0, ,0,0,0,0,0,0,0,0,No, ,No, ,No, ,No, ,No, ,Si,1,No, ,Si,1,No, ,No, ,No, ,No, ,Si,1,Si,6,9,0,No, ,No, , , , , , , , , , , , , , , , , , , , , , , , , , , , , , , , , , , , , , , , , , , , , , , , , , , , , , , , , , , , ,-6.91255567,-78.25494392
1051,060310,10,SUCRE,De 5000 - 10000 Hab,Distrital, , , , , , , , , , , , , , , , , , , , , , , , , , , , ,1,6,3,10,Si,No, , , , , , , , , , , , , , , , , , , , , , , , , , , , , , , , , , , , , , , , , , , , , ,15,0,1,0,0,12,2,0,0,2,0,0,0,0,2,0,0,0,4,0,0,0,0,4,0,0,0,3,0,1,0,0,2,0,0,0,1,0,0,0,0,0,1,0,0,1,0,0,0,0,1,0,0,0,1,0,0,0,0,1,0,0,0,1,0,0,0,0,0,1,0,0,1,0,0,0,0,1,0,0,0,1,0,0,0,0,1,0,0,0,0, ,0,0,0,0,0,0,0,0,No, ,No, ,No, ,No, ,No, ,Si,1,No, ,Si,1,Si,1,No, ,No, ,Si,3,Si,5,Si,4,15,0,No, ,No, , , , , , , , , , , , , , , , , , , , , , , , , , , , , , , , , , , , , , , , , , , , , , , , , , , , , , , , , , , , ,-6.93998343,-78.13472968
1052,060401,01,CHOTA,De 40001 - 80000 Hab,Provincial, , , , , , , ,1,6,4, , , , , , , , , , , , , , , , , , , , , , , , , , , , , , , , , , , , , , , , , , , , , , , , , , , , , , , , , , , , , , , , , , , , , ,45,1,0,0,0,38,6,0,0,3,0,0,0,0,1,2,0,0,10,0,0,0,0,10,0,0,0,4,0,0,0,0,4,0,0,0,8,0,0,0,0,8,0,0,0,2,0,0,0,0,1,1,0,0,3,0,0,0,0,1,2,0,0,2,0,0,0,0,1,1,0,0,12,0,0,0,0,12,0,0,0,1,1,0,0,0,0,0,0,0,0, ,0,0,0,0,0,0,0,0,No, ,No, ,Si,1,No, ,No, ,No, ,Si,7,Si,3,Si,2,Si,1,Si,1,Si,3,Si,15,Si,12,45,0,No, ,No, , , , , , , , , , , , , , , , , , , , , , , , , , , , , , , , , , , , , , , , , , , , , , , , , , , , , , , , , , , , ,-6.56022105,-78.65590316
1053,060402,02,ANGUIA,De 10001 - 20000 Hab,Distrital, , , , , , , , , , , , , , , , , , , , , , , , , , , , ,1,6,4,2,Si,No, , , , , , , , , , , , , , , , , , , , , , , , , , , , , , , , , , , , , , , , , , , , , ,9,0,0,0,0,9,0,0,0,1,0,0,0,0,1,0,0,0,2,0,0,0,0,2,0,0,0,0,0,0,0,0,0,0,0,0,1,0,0,0,0,1,0,0,0,1,0,0,0,0,1,0,0,0,1,0,0,0,0,1,0,0,0,1,0,0,0,0,1,0,0,0,1,0,0,0,0,1,0,0,0,1,0,0,0,0,1,0,0,0,0, ,0,0,0,0,0,0,0,0,No, ,No, ,No, ,No, ,No, ,No, ,Si,1,Si,1,No, ,No, ,Si,1,Si,1,No, ,Si,5,9,0,No, ,Sí,1,9, , , , , , , , , , , , , , , , , , , , , , , , , , , , , , , , , , , , , , , ,Ninguna, , , , , , , , , , , , , , , , , , ,-6.34190069,-78.60528817
1054,060404,04,CHIGUIRIP,De 5000 - 10000 Hab,Distrital, , , , , , , , , , , , , , , , , , , , , , , , , , , , ,1,6,4,4,Si,No, , , , , , , , , , , , , , , , , , , , , , , , , , , , , , , , , , , , , , , , , , , , , ,10,0,0,0,0,10,0,0,0,1,0,0,0,0,1,0,0,0,2,0,0,0,0,2,0,0,0,1,0,0,0,0,1,0,0,0,1,0,0,0,0,1,0,0,0,1,0,0,0,0,1,0,0,0,1,0,0,0,0,1,0,0,0,1,0,0,0,0,1,0,0,0,1,0,0,0,0,1,0,0,0,1,0,0,0,0,1,0,0,0,0, ,0,0,0,0,0,0,0,0,No, ,No, ,No, ,No, ,No, ,No, ,No, ,Si,1,Si,2,No, ,No, ,No, ,Si,3,Si,4,10,0,Sí,3,No, , , , , , , , , , , , , , , , , , , , , , , , , , , , , , , , , , , , , , , , , , , , , , , , , , , , , , , , , , , , ,-6.42966797,-78.72090625
1055,060405,05,CHIMBAN,De 5000 - 10000 Hab,Distrital, , , , , , , , , , , , , , , , , , , , , , , , , , , , ,2,6,4,5,Si,No,6,4,14,Si,No, , , , , , , , , , , , , , , , , , , , , , , , , , , , , , , , , , , , , , , , ,9,0,0,0,0,8,1,0,0,1,0,0,0,0,1,0,0,0,1,0,0,0,0,1,0,0,0,1,0,0,0,0,1,0,0,0,1,0,0,0,0,1,0,0,0,1,0,0,0,0,1,0,0,0,1,0,0,0,0,1,0,0,0,1,0,0,0,0,0,1,0,0,1,0,0,0,0,1,0,0,0,1,0,0,0,0,1,0,0,0,0, ,0,0,0,0,0,0,0,0,No, ,No, ,No, ,No, ,No, ,No, ,No, ,Si,1,Si,2,No, ,No, ,No, ,Si,2,Si,4,9,0,Sí,2,No, , , , , , , , , , , , , , , , , , , , , , , , , , , , , , , , , , , , , , , , , , , , , , , , , , , , , , , , , , , , ,-6.25149345,-78.47827403
1056,060407,07,COCHABAMBA,De 10001 - 20000 Hab,Distrital, , , , , , , , , , , , , , , , , , , , , , , , , , , , ,1,6,4,7,Si,No, , , , , , , , , , , , , , , , , , , , , , , , , , , , , , , , , , , , , , , , , , , , , ,9,0,0,0,0,6,3,0,0,1,0,0,0,0,1,0,0,0,2,0,0,0,0,2,0,0,0,0,0,0,0,0,0,0,0,0,1,0,0,0,0,1,0,0,0,0,0,0,0,0,0,0,0,0,2,0,0,0,0,0,2,0,0,1,0,0,0,0,0,1,0,0,1,0,0,0,0,1,0,0,0,1,0,0,0,0,1,0,0,0,0, ,0,0,0,0,0,0,0,0,No, ,No, ,No, ,No, ,No, ,No, ,No, ,No, ,No, ,Si,1,Si,1,No, ,Si,3,Si,4,9,0,Sí,2,No, , , , , , , , , , , , , , , , , , , , , , , , , , , , , , , , , , , , , , , , , , , , , , , , , , , , , , , , , , , , ,-6.47496651,-78.88594926
1057,060408,08,CONCHAN,De 5000 - 10000 Hab,Distrital, , , , , , , , , , , , , , , , , , , , , , , , , , , , ,1,6,4,8,Si,No, , , , , , , , , , , , , , , , , , , , , , , , , , , , , , , , , , , , , , , , , , , , , ,8,0,0,0,0,8,0,0,0,1,0,0,0,0,1,0,0,0,1,0,0,0,0,1,0,0,0,0,0,0,0,0,0,0,0,0,1,0,0,0,0,1,0,0,0,1,0,0,0,0,1,0,0,0,1,0,0,0,0,1,0,0,0,1,0,0,0,0,1,0,0,0,1,0,0,0,0,1,0,0,0,1,0,0,0,0,1,0,0,0,0, ,0,0,0,0,0,0,0,0,No, ,No, ,No, ,No, ,No, ,No, ,Si,1,No, ,No, ,No, ,No, ,Si,1,Si,1,Si,5,8,0,Sí,3,Sí,1,4, , , , , , , , , , , , , , , , , , , , , , , , , , , , , , , , , , , , , , , ,Ninguna, , , , , , , , , , , , , , , , , , ,-6.44443592,-78.65537076
1058,060409,09,HUAMBOS,De 10001 - 20000 Hab,Distrital, , , , , , , , , , , , , , , , , , , , , , , , , , , , ,1,6,4,9,Si,No, , , , , , , , , , , , , , , , , , , , , , , , , , , , , , , , , , , , , , , , , , , , , ,10,0,0,0,0,10,0,0,0,2,0,0,0,0,2,0,0,0,0,0,0,0,0,0,0,0,0,2,0,0,0,0,2,0,0,0,1,0,0,0,0,1,0,0,0,0,0,0,0,0,0,0,0,0,0,0,0,0,0,0,0,0,0,2,0,0,0,0,2,0,0,0,2,0,0,0,0,2,0,0,0,1,0,0,0,0,1,0,0,0,0, ,0,0,0,0,0,0,0,0,No, ,No, ,No, ,No, ,No, ,No, ,No, ,Si,2,Si,1,Si,2,No, ,No, ,Si,2,Si,3,10,0,No, ,Sí,2,4,4, , , , , , , , , , , , , , , , , , , , , , , , , , , , , , , , , , , , , , ,Almenos una,2,No,Si,Si,No,No,No,No,Si,No,Si,Si,Si,No,No,Si,No, ,-6.45249225,-78.96109312
1059,060410,10,LAJAS,De 10001 - 20000 Hab,Distrital, , , , , , , , , , , , , , , , , , , , , , , , , , , , ,1,6,4,10,Si,No, , , , , , , , , , , , , , , , , , , , , , , , , , , , , , , , , , , , , , , , , , , , , ,9,0,0,0,0,9,0,0,0,1,0,0,0,0,1,0,0,0,2,0,0,0,0,2,0,0,0,0,0,0,0,0,0,0,0,0,1,0,0,0,0,1,0,0,0,1,0,0,0,0,1,0,0,0,1,0,0,0,0,1,0,0,0,1,0,0,0,0,1,0,0,0,1,0,0,0,0,1,0,0,0,1,0,0,0,0,1,0,0,0,0, ,0,0,0,0,0,0,0,0,No, ,No, ,No, ,No, ,No, ,No, ,Si,1,No, ,Si,2,No, ,No, ,No, ,Si,1,Si,5,9,0,Sí,1,No, , , , , , , , , , , , , , , , , , , , , , , , , , , , , , , , , , , , , , , , , , , , , , , , , , , , , , , , , , , , ,-6.56183896,-78.73880194
1060,060413,13,PACCHA,De 5000 - 10000 Hab,Distrital, , , , , , , , , , , , , , , , , , , , , , , , , , , , ,3,6,4,13,Si,No,6,4,3,Si,No,6,4,6,No,Si, , , , , , , , , , , , , , , , , , , , , , , , , , , , , , , , , , , ,9,0,0,0,0,9,0,0,0,1,0,0,0,0,1,0,0,0,2,0,0,0,0,2,0,0,0,0,0,0,0,0,0,0,0,0,1,0,0,0,0,1,0,0,0,1,0,0,0,0,1,0,0,0,1,0,0,0,0,1,0,0,0,1,0,0,0,0,1,0,0,0,1,0,0,0,0,1,0,0,0,1,0,0,0,0,1,0,0,0,0, ,0,0,0,0,0,0,0,0,No, ,No, ,No, ,No, ,No, ,No, ,Si,1,No, ,Si,1,Si,1,Si,1,No, ,No, ,Si,5,9,0,Sí,3,No, , , , , , , , , , , , , , , , , , , , , , , , , , , , , , , , , , , , , , , , , , , , , , , , , , , , , , , , , , , , ,-6.49705979,-78.42400849
1061,060415,15,QUEROCOTO,De 10001 - 20000 Hab,Distrital, , , , , , , , , , , , , , , , , , , , , , , , , , , , ,1,6,4,15,Si,No, , , , , , , , , , , , , , , , , , , , , , , , , , , , , , , , , , , , , , , , , , , , , ,8,0,0,0,0,8,0,0,0,1,0,0,0,0,1,0,0,0,3,0,0,0,0,3,0,0,0,0,0,0,0,0,0,0,0,0,1,0,0,0,0,1,0,0,0,0,0,0,0,0,0,0,0,0,0,0,0,0,0,0,0,0,0,1,0,0,0,0,1,0,0,0,1,0,0,0,0,1,0,0,0,1,0,0,0,0,1,0,0,0,0, ,0,0,0,0,0,0,0,0,No, ,No, ,No, ,No, ,No, ,No, ,Si,1,Si,1,Si,1,No, ,No, ,Si,1,Si,1,Si,3,8,0,Sí,1,No, , , , , , , , , , , , , , , , , , , , , , , , , , , , , , , , , , , , , , , , , , , , , , , , , , , , , , , , , , , , ,-6.35926065,-79.03444793
1062,060417,17,TACABAMBA,De 20001 - 40000 Hab,Distrital, , , , , , , , , , , , , , , , , , , , , , , , , , , , ,1,6,4,17,Si,No, , , , , , , , , , , , , , , , , , , , , , , , , , , , , , , , , , , , , , , , , , , , , ,13,0,1,0,0,10,2,0,0,2,0,0,0,0,1,1,0,0,4,0,0,0,0,4,0,0,0,1,0,0,0,0,1,0,0,0,1,0,0,0,0,1,0,0,0,1,0,0,0,0,1,0,0,0,1,0,0,0,0,1,0,0,0,1,0,0,0,0,0,1,0,0,1,0,0,0,0,1,0,0,0,1,0,1,0,0,0,0,0,0,0, ,0,0,0,0,0,0,0,0,No, ,No, ,No, ,No, ,Si,1,No, ,Si,2,Si,1,No, ,No, ,No, ,No, ,Si,2,Si,7,13,0,Sí,5,No, , , , , , , , , , , , , , , , , , , , , , , , , , , , , , , , , , , , , , , , , , , , , , , , , , , , , , , , , , , , ,-6.39452817,-78.61376945
1063,060419,19,CHALAMARCA,De 5000 - 10000 Hab,Distrital, , , , , , , , , , , , , , , , , , , , , , , , , , , , ,1,6,4,19,Si,No, , , , , , , , , , , , , , , , , , , , , , , , , , , , , , , , , , , , , , , , , , , , , ,8,1,0,0,0,7,0,0,0,1,0,0,0,0,1,0,0,0,1,0,0,0,0,1,0,0,0,0,0,0,0,0,0,0,0,0,1,0,0,0,0,1,0,0,0,1,0,0,0,0,1,0,0,0,1,0,0,0,0,1,0,0,0,1,0,0,0,0,1,0,0,0,1,0,0,0,0,1,0,0,0,1,1,0,0,0,0,0,0,0,0, ,0,0,0,0,0,0,0,0,No, ,No, ,No, ,No, ,No, ,Si,1,No, ,Si,1,No, ,Si,1,No, ,No, ,No, ,Si,5,8,0,Sí,1,No, , , , , , , , , , , , , , , , , , , , , , , , , , , , , , , , , , , , , , , , , , , , , , , , , , , , , , , , , , , , ,-6.50387233,-78.48009014
1064,060501,01,CONTUMAZA,De 20001 - 40000 Hab,Provincial, , , , , , , ,1,6,5, , , , , , , , , , , , , , , , , , , , , , , , , , , , , , , , , , , , , , , , , , , , , , , , , , , , , , , , , , , , , , , , , , , , , ,17,1,0,0,0,15,1,0,0,1,0,0,0,0,1,0,0,0,4,0,0,0,0,4,0,0,0,4,0,0,0,0,4,0,0,0,2,0,0,0,0,2,0,0,0,1,0,0,0,0,1,0,0,0,1,0,0,0,0,0,1,0,0,1,0,0,0,0,1,0,0,0,2,0,0,0,0,2,0,0,0,1,1,0,0,0,0,0,0,0,0, ,0,0,0,0,0,0,0,0,No, ,No, ,No, ,No, ,Si,1,No, ,No, ,Si,1,Si,3,No, ,Si,1,Si,1,Si,3,Si,7,17,0,No, ,Sí,1,4, , , , , , , , , , , , , , , , , , , , , , , , , , , , , , , , , , , , , , , ,Almenos una,1,Si,No,Si,No,Si,No,No,No,Si,No,Si,Si,No,No,Si,No, ,-7.36669437,-78.80691486
1065,060507,07,TANTARICA,Menos de 5000 Hab,Otros,CENTRO POBLADO, , , , , , , , , , , , , , , , , , , , , , , , , , , , , , , , , , , , , , , , , , , , , , , , , , , , , , , , , , , , , , , , , , , , , , , , , , , , , , ,8,0,0,0,0,8,0,0,0,1,0,0,0,0,1,0,0,0,0,0,0,0,0,0,0,0,0,1,0,0,0,0,1,0,0,0,1,0,0,0,0,1,0,0,0,1,0,0,0,0,1,0,0,0,1,0,0,0,0,1,0,0,0,1,0,0,0,0,1,0,0,0,1,0,0,0,0,1,0,0,0,1,0,0,0,0,1,0,0,0,0, ,0,0,0,0,0,0,0,0,No, ,No, ,No, ,No, ,No, ,No, ,Si,1,No, ,Si,2,Si,1,No, ,No, ,Si,2,Si,2,8,0,No, ,No, , , , , , , , , , , , , , , , , , , , , , , , , , , , , , , , , , , , , , , , , , , , , , , , , , , , , , , , , , , , ,-7.21321554,-78.92707393
1066,060502,02,CHILETE,De 10001 - 20000 Hab,Distrital, , , , , , , , , , , , , , , , , , , , , , , , , , , , ,1,6,5,2,Si,No, , , , , , , , , , , , , , , , , , , , , , , , , , , , , , , , , , , , , , , , , , , , , ,10,1,0,0,0,7,2,0,0,0,0,0,0,0,0,0,0,0,4,0,0,0,0,4,0,0,0,1,0,0,0,0,1,0,0,0,1,0,0,0,0,1,0,0,0,0,0,0,0,0,0,0,0,0,0,0,0,0,0,0,0,0,0,1,0,0,0,0,0,1,0,0,2,0,0,0,0,1,1,0,0,1,1,0,0,0,0,0,0,0,0, ,0,0,0,0,0,0,0,0,No, ,No, ,No, ,No, ,No, ,Si,1,No, ,No, ,Si,2,Si,2,No, ,Si,1,Si,1,Si,3,10,1,Sí,1,No, , , , , , , , , , , , , , , , , , , , , , , , , , , , , , , , , , , , , , , , , , , , , , , , , , , , , , , , , , , , ,-7.22173888,-78.83893031
1067,060503,03,CUPISNIQUE,Menos de 5000 Hab,Distrital, , , , , , , , , , , , , , , , , , , , , , , , , , , , ,1,6,5,3,Si,No, , , , , , , , , , , , , , , , , , , , , , , , , , , , , , , , , , , , , , , , , , , , , ,8,0,0,0,0,8,0,0,0,1,0,0,0,0,1,0,0,0,0,0,0,0,0,0,0,0,0,1,0,0,0,0,1,0,0,0,1,0,0,0,0,1,0,0,0,1,0,0,0,0,1,0,0,0,1,0,0,0,0,1,0,0,0,1,0,0,0,0,1,0,0,0,1,0,0,0,0,1,0,0,0,1,0,0,0,0,1,0,0,0,0, ,0,0,0,0,0,0,0,0,No, ,No, ,No, ,No, ,No, ,No, ,Si,1,No, ,No, ,No, ,No, ,No, ,Si,3,Si,4,8,0,No, ,No, , , , , , , , , , , , , , , , , , , , , , , , , , , , , , , , , , , , , , , , , , , , , , , , , , , , , , , , , , , , ,-7.34913129,-79.03021429
1068,060504,04,GUZMANGO,De 5000 - 10000 Hab,Distrital, , , , , , , , , , , , , , , , , , , , , , , , , , , , ,1,6,5,4,Si,No, , , , , , , , , , , , , , , , , , , , , , , , , , , , , , , , , , , , , , , , , , , , , ,9,0,0,0,0,9,0,0,0,1,0,0,0,0,1,0,0,0,2,0,0,0,0,2,0,0,0,2,0,0,0,0,2,0,0,0,1,0,0,0,0,1,0,0,0,0,0,0,0,0,0,0,0,0,0,0,0,0,0,0,0,0,0,1,0,0,0,0,1,0,0,0,1,0,0,0,0,1,0,0,0,1,0,0,0,0,1,0,0,0,0, ,0,0,0,0,0,0,0,0,No, ,No, ,No, ,No, ,No, ,No, ,No, ,Si,1,Si,3,No, ,No, ,No, ,Si,2,Si,3,9,1,No, ,No, , , , , , , , , , , , , , , , , , , , , , , , , , , , , , , , , , , , , , , , , , , , , , , , , , , , , , , , , , , , ,-7.38571494,-78.89649462
1069,060505,05,SAN BENITO,De 10001 - 20000 Hab,Distrital, , , , , , , , , , , , , , , , , , , , , , , , , , , , ,1,6,5,5,No,Si, , , , , , , , , , , , , , , , , , , , , , , , , , , , , , , , , , , , , , , , , , , , , ,11,0,0,0,0,11,0,0,0,1,0,0,0,0,1,0,0,0,0,0,0,0,0,0,0,0,0,5,0,0,0,0,5,0,0,0,1,0,0,0,0,1,0,0,0,0,0,0,0,0,0,0,0,0,0,0,0,0,0,0,0,0,0,1,0,0,0,0,1,0,0,0,2,0,0,0,0,2,0,0,0,1,0,0,0,0,1,0,0,0,0, ,0,0,0,0,0,0,0,0,No, ,No, ,No, ,No, ,No, ,No, ,No, ,Si,1,Si,2,No, ,Si,1,No, ,Si,1,Si,6,11,0,No, ,Sí,2,5,5, , , , , , , , , , , , , , , , , , , , , , , , , , , , , , , , , , , , , , ,Ninguna, , , , , , , , , , , , , , , , , , ,-7.42638867,-78.926463
1070,060506,06,SANTA CRUZ DE TOLED,De 5000 - 10000 Hab,Distrital, , , , , , , , , , , , , , , , , , , , , , , , , , , , ,1,6,5,6,Si,No, , , , , , , , , , , , , , , , , , , , , , , , , , , , , , , , , , , , , , , , , , , , , ,8,0,0,0,0,8,0,0,0,1,0,0,0,0,1,0,0,0,0,0,0,0,0,0,0,0,0,2,0,0,0,0,2,0,0,0,1,0,0,0,0,1,0,0,0,0,0,0,0,0,0,0,0,0,1,0,0,0,0,1,0,0,0,1,0,0,0,0,1,0,0,0,1,0,0,0,0,1,0,0,0,1,0,0,0,0,1,0,0,0,0, ,0,0,0,0,0,0,0,0,No, ,No, ,No, ,No, ,No, ,No, ,No, ,Si,1,Si,2,No, ,Si,1,No, ,Si,2,Si,2,8,0,No, ,No, , , , , , , , , , , , , , , , , , , , , , , , , , , , , , , , , , , , , , , , , , , , , , , , , , , , , , , , , , , , ,-7.34430303,-78.83718468
1071,060507,07,TANTARICA,Menos de 5000 Hab,Distrital, , , , , , , , , , , , , , , , , , , , , , , , , , , , ,1,6,5,7,No,Si, , , , , , , , , , , , , , , , , , , , , , , , , , , , , , , , , , , , , , , , , , , , , ,9,0,0,0,0,9,0,0,0,1,0,0,0,0,1,0,0,0,0,0,0,0,0,0,0,0,0,2,0,0,0,0,2,0,0,0,1,0,0,0,0,1,0,0,0,1,0,0,0,0,1,0,0,0,1,0,0,0,0,1,0,0,0,1,0,0,0,0,1,0,0,0,1,0,0,0,0,1,0,0,0,1,0,0,0,0,1,0,0,0,0, ,0,0,0,0,0,0,0,0,No, ,No, ,No, ,No, ,No, ,No, ,Si,1,Si,1,Si,3,Si,2,No, ,No, ,No, ,Si,2,9,0,No, ,Sí,2,2,2, , , , , , , , , , , , , , , , , , , , , , , , , , , , , , , , , , , , , , ,Ninguna, , , , , , , , , , , , , , , , , , ,-7.3006765,-78.93310234
1072,060508,08,YONAN,De 5000 - 10000 Hab,Distrital, , , , , , , , , , , , , , , , , , , , , , , , , , , , ,4,6,5,2,Si,No,6,5,3,Si,No,6,5,7,No,Si,6,5,8,Si,No, , , , , , , , , , , , , , , , , , , , , , , , , , , , , , ,17,1,0,0,0,14,2,0,0,1,0,0,0,0,1,0,0,0,4,0,0,0,0,4,0,0,0,0,0,0,0,0,0,0,0,0,1,0,0,0,0,1,0,0,0,1,0,0,0,0,1,0,0,0,2,0,0,0,0,0,2,0,0,1,0,0,0,0,1,0,0,0,6,0,0,0,0,6,0,0,0,1,1,0,0,0,0,0,0,0,0, ,0,0,0,0,0,0,0,0,No, ,No, ,No, ,Si,1,No, ,No, ,Si,1,Si,1,Si,6,Si,2,No, ,No, ,Si,2,Si,4,17,0,Sí,1,Sí,2,5,5, , , , , , , , , , , , , , , , , , , , , , , , , , , , , , , , , , , , , , ,Ninguna, , , , , , , , , , , , , , , , , , ,-7.25356639,-79.13045468
1073,060601,01,CUTERVO,De 80001 a más Hab,Distrital, , , , , , , , , , , , , , , , , , , , , , , , , , , , ,9,6,6,1,Si,No,6,6,2,No,Si,6,6,5,No,Si,6,6,7,No,Si,6,6,8,No,Si,6,6,11,No,Si,6,6,12,No,Si,6,6,13,No,Si,6,6,14,No,Si, , , , , ,38,1,0,0,0,28,9,0,0,3,0,0,0,0,3,0,0,0,6,0,0,0,0,6,0,0,0,4,0,0,0,0,0,4,0,0,12,0,0,0,0,10,2,0,0,2,0,0,0,0,1,1,0,0,2,0,0,0,0,0,2,0,0,2,0,0,0,0,2,0,0,0,6,0,0,0,0,6,0,0,0,1,1,0,0,0,0,0,0,0,0, ,0,0,0,0,0,0,0,0,No, ,Si,1,No, ,No, ,No, ,No, ,Si,1,Si,3,No, ,Si,1,No, ,Si,4,Si,15,Si,13,38,0,Sí,5,Sí,4,8,8,8,8, , , , , , , , , , , , , , , , , , , , , , , , , , , , , , , , , , , , ,Ninguna, , , , , , , , , , , , , , , , , , ,-6.38295781,-78.81666828
1074,060602,02,CALLAYUC,De 5000 - 10000 Hab,Distrital, , , , , , , , , , , , , , , , , , , , , , , , , , , , ,1,6,6,2,Si,No, , , , , , , , , , , , , , , , , , , , , , , , , , , , , , , , , , , , , , , , , , , , , ,7,0,0,0,0,7,0,0,0,1,0,0,0,0,1,0,0,0,1,0,0,0,0,1,0,0,0,0,0,0,0,0,0,0,0,0,1,0,0,0,0,1,0,0,0,1,0,0,0,0,1,0,0,0,0,0,0,0,0,0,0,0,0,1,0,0,0,0,1,0,0,0,1,0,0,0,0,1,0,0,0,1,0,0,0,0,1,0,0,0,0, ,0,0,0,0,0,0,0,0,No, ,No, ,No, ,No, ,No, ,No, ,Si,1,No, ,No, ,No, ,No, ,No, ,Si,3,Si,3,7,0,Sí,1,No, , , , , , , , , , , , , , , , , , , , , , , , , , , , , , , , , , , , , , , , , , , , , , , , , , , , , , , , , , , , ,-6.18102053,-78.9103141
1075,060605,05,LA RAMADA,De 10001 - 20000 Hab,Distrital, , , , , , , , , , , , , , , , , , , , , , , , , , , , ,1,6,6,5,Si,No, , , , , , , , , , , , , , , , , , , , , , , , , , , , , , , , , , , , , , , , , , , , , ,7,0,0,0,0,7,0,0,0,0,0,0,0,0,0,0,0,0,0,0,0,0,0,0,0,0,0,2,0,0,0,0,2,0,0,0,1,0,0,0,0,1,0,0,0,0,0,0,0,0,0,0,0,0,1,0,0,0,0,1,0,0,0,1,0,0,0,0,1,0,0,0,1,0,0,0,0,1,0,0,0,1,0,0,0,0,1,0,0,0,0, ,0,0,0,0,0,0,0,0,No, ,No, ,No, ,No, ,No, ,No, ,No, ,No, ,Si,1,No, ,No, ,No, ,Si,1,Si,5,7,0,Sí,3,Sí,1,4, , , , , , , , , , , , , , , , , , , , , , , , , , , , , , , , , , , , , , , ,Almenos una,1,No,Si,Si,No,No,No,No,No,No,No,No,Si,No,No,No,No, ,-6.25302206,-78.57557831
1076,060607,07,QUEROCOTILLO,De 10001 - 20000 Hab,Distrital, , , , , , , , , , , , , , , , , , , , , , , , , , , , ,1,6,6,7,Si,No, , , , , , , , , , , , , , , , , , , , , , , , , , , , , , , , , , , , , , , , , , , , , ,13,0,0,0,0,13,0,0,0,2,0,0,0,0,2,0,0,0,0,0,0,0,0,0,0,0,0,4,0,0,0,0,4,0,0,0,1,0,0,0,0,1,0,0,0,1,0,0,0,0,1,0,0,0,1,0,0,0,0,1,0,0,0,1,0,0,0,0,1,0,0,0,2,0,0,0,0,2,0,0,0,1,0,0,0,0,1,0,0,0,0, ,0,0,0,0,0,0,0,0,No, ,No, ,No, ,No, ,No, ,No, ,No, ,Si,1,Si,1,Si,1,No, ,No, ,Si,2,Si,8,13,0,Sí,2,Sí,2,5,5, , , , , , , , , , , , , , , , , , , , , , , , , , , , , , , , , , , , , , ,Almenos una,2,Si,Si,Si,Si,Si,No,No,Si,Si,Si,No,No,Si,No,Si,No, ,-6.27338985,-79.03862673
1077,060608,08,SAN ANDRES DE CUTERVO,De 10001 - 20000 Hab,Distrital, , , , , , , , , , , , , , , , , , , , , , , , , , , , ,1,6,6,8,Si,No, , , , , , , , , , , , , , , , , , , , , , , , , , , , , , , , , , , , , , , , , , , , , ,6,0,0,0,0,6,0,0,0,1,0,0,0,0,1,0,0,0,0,0,0,0,0,0,0,0,0,1,0,0,0,0,1,0,0,0,0,0,0,0,0,0,0,0,0,0,0,0,0,0,0,0,0,0,1,0,0,0,0,1,0,0,0,1,0,0,0,0,1,0,0,0,1,0,0,0,0,1,0,0,0,1,0,0,0,0,1,0,0,0,0, ,0,0,0,0,0,0,0,0,No, ,No, ,No, ,No, ,No, ,No, ,Si,1,No, ,No, ,No, ,No, ,Si,1,No, ,Si,4,6,0,Sí,1,Sí,1,5, , , , , , , , , , , , , , , , , , , , , , , , , , , , , , , , , , , , , , , ,Ninguna, , , , , , , , , , , , , , , , , , ,-6.23881055,-78.71179
1078,060611,11,SANTA CRUZ,De 10001 - 20000 Hab,Distrital, , , , , , , , , , , , , , , , , , , , , , , , , , , , ,1,6,6,11,Si,No, , , , , , , , , , , , , , , , , , , , , , , , , , , , , , , , , , , , , , , , , , , , , ,7,0,0,0,0,7,0,0,0,1,0,0,0,0,1,0,0,0,2,0,0,0,0,2,0,0,0,0,0,0,0,0,0,0,0,0,1,0,0,0,0,1,0,0,0,0,0,0,0,0,0,0,0,0,0,0,0,0,0,0,0,0,0,1,0,0,0,0,1,0,0,0,1,0,0,0,0,1,0,0,0,1,0,0,0,0,1,0,0,0,0, ,0,0,0,0,0,0,0,0,No, ,No, ,No, ,No, ,No, ,No, ,Si,1,No, ,No, ,No, ,No, ,No, ,Si,3,Si,3,7,0,No, ,No, , , , , , , , , , , , , , , , , , , , , , , , , , , , , , , , , , , , , , , , , , , , , , , , , , , , , , , , , , , , ,-6.09492338,-78.85275206
1079,060612,12,SANTO DOMINGO DE LA CAPILLA,De 10001 - 20000 Hab,Distrital, , , , , , , , , , , , , , , , , , , , , , , , , , , , ,1,6,6,12,Si,No, , , , , , , , , , , , , , , , , , , , , , , , , , , , , , , , , , , , , , , , , , , , , ,6,0,0,0,0,6,0,0,0,1,0,0,0,0,1,0,0,0,0,0,0,0,0,0,0,0,0,1,0,0,0,0,1,0,0,0,1,0,0,0,0,1,0,0,0,0,0,0,0,0,0,0,0,0,0,0,0,0,0,0,0,0,0,1,0,0,0,0,1,0,0,0,1,0,0,0,0,1,0,0,0,1,0,0,0,0,1,0,0,0,0, ,0,0,0,0,0,0,0,0,No, ,No, ,No, ,No, ,No, ,No, ,No, ,No, ,Si,1,Si,1,Si,1,No, ,Si,2,Si,1,6,0,No, ,No, , , , , , , , , , , , , , , , , , , , , , , , , , , , , , , , , , , , , , , , , , , , , , , , , , , , , , , , , , , , ,-6.24435633,-78.85508026
1080,060613,13,SANTO TOMAS,De 10001 - 20000 Hab,Distrital, , , , , , , , , , , , , , , , , , , , , , , , , , , , ,1,6,6,13,Si,No, , , , , , , , , , , , , , , , , , , , , , , , , , , , , , , , , , , , , , , , , , , , , ,6,0,0,0,0,6,0,0,0,1,0,0,0,0,1,0,0,0,1,0,0,0,0,1,0,0,0,1,0,0,0,0,1,0,0,0,0,0,0,0,0,0,0,0,0,0,0,0,0,0,0,0,0,0,0,0,0,0,0,0,0,0,0,1,0,0,0,0,1,0,0,0,1,0,0,0,0,1,0,0,0,1,0,0,0,0,1,0,0,0,0, ,0,0,0,0,0,0,0,0,No, ,No, ,No, ,No, ,No, ,No, ,No, ,No, ,Si,1,No, ,No, ,No, ,Si,1,Si,4,6,0,Sí,1,No, , , , , , , , , , , , , , , , , , , , , , , , , , , , , , , , , , , , , , , , , , , , , , , , , , , , , , , , , , , , ,-6.15140095,-78.68255876
1081,060614,14,SOCOTA,De 5000 - 10000 Hab,Distrital, , , , , , , , , , , , , , , , , , , , , , , , , , , , ,2,6,6,14,Si,No,6,6,10,Si,No, , , , , , , , , , , , , , , , , , , , , , , , , , , , , , , , , , , , , , , , ,7,0,0,0,0,7,0,0,0,1,0,0,0,0,1,0,0,0,1,0,0,0,0,1,0,0,0,0,0,0,0,0,0,0,0,0,1,0,0,0,0,1,0,0,0,1,0,0,0,0,1,0,0,0,0,0,0,0,0,0,0,0,0,1,0,0,0,0,1,0,0,0,1,0,0,0,0,1,0,0,0,1,0,0,0,0,1,0,0,0,0, ,0,0,0,0,0,0,0,0,No, ,No, ,No, ,No, ,No, ,No, ,No, ,Si,1,No, ,No, ,No, ,No, ,Si,2,Si,4,7,0,Sí,1,No, , , , , , , , , , , , , , , , , , , , , , , , , , , , , , , , , , , , , , , , , , , , , , , , , , , , , , , , , , , , ,-6.31690761,-78.69903243
1082,060701,01,BAMBAMARCA,De 40001 - 80000 Hab,Distrital, , , , , , , , , , , , , , , , , , , , , , , , , , , , ,1,6,7,1,Si,No, , , , , , , , , , , , , , , , , , , , , , , , , , , , , , , , , , , , , , , , , , , , , ,29,1,0,0,0,25,3,0,0,2,0,0,0,0,1,1,0,0,4,0,0,0,0,4,0,0,0,4,0,0,0,0,4,0,0,0,3,0,0,0,0,3,0,0,0,2,0,0,0,0,2,0,0,0,1,0,0,0,0,0,1,0,0,2,0,0,0,0,2,0,0,0,9,0,0,0,0,8,1,0,0,1,1,0,0,0,0,0,0,0,1,APOYO A LA JUSTICIA,0,0,0,0,1,0,0,0,No, ,No, ,Si,1,No, ,No, ,No, ,Si,1,Si,2,Si,5,No, ,Si,1,Si,4,Si,3,Si,12,29,0,Sí,3,No, , , , , , , , , , , , , , , , , , , , , , , , , , , , , , , , , , , , , , , , , , , , , , , , , , , , , , , , , , , , ,-6.67814736,-78.51771221
1083,060701,01,BAMBAMARCA,De 5000 - 10000 Hab,Otros,CENTRO POBLADO, , , , , , , , , , , , , , , , , , , , , , , , , , , , , , , , , , , , , , , , , , , , , , , , , , , , , , , , , , , , , , , , , , , , , , , , , , , , , , ,8,0,0,0,0,8,0,0,0,1,0,0,0,0,1,0,0,0,1,0,0,0,0,1,0,0,0,1,0,0,0,0,1,0,0,0,1,0,0,0,0,1,0,0,0,1,0,0,0,0,1,0,0,0,0,0,0,0,0,0,0,0,0,1,0,0,0,0,1,0,0,0,1,0,0,0,0,1,0,0,0,1,0,0,0,0,1,0,0,0,0, ,0,0,0,0,0,0,0,0,No, ,No, ,No, ,No, ,No, ,No, ,Si,1,No, ,No, ,No, ,No, ,Si,1,Si,2,Si,4,8,0,Sí,2,No, , , , , , , , , , , , , , , , , , , , , , , , , , , , , , , , , , , , , , , , , , , , , , , , , , , , , , , , , , , , ,-6.746303,-78.529497
1084,060703,03,HUALGAYOC,De 5000 - 10000 Hab,Distrital, , , , , , , , , , , , , , , , , , , , , , , , , , , , ,1,6,7,3,Si,No, , , , , , , , , , , , , , , , , , , , , , , , , , , , , , , , , , , , , , , , , , , , , ,9,0,0,0,0,9,0,0,0,1,0,0,0,0,1,0,0,0,0,0,0,0,0,0,0,0,0,2,0,0,0,0,2,0,0,0,1,0,0,0,0,1,0,0,0,1,0,0,0,0,1,0,0,0,1,0,0,0,0,1,0,0,0,1,0,0,0,0,1,0,0,0,1,0,0,0,0,1,0,0,0,1,0,0,0,0,1,0,0,0,0, ,0,0,0,0,0,0,0,0,No, ,No, ,No, ,No, ,No, ,No, ,No, ,Si,1,No, ,No, ,No, ,No, ,Si,1,Si,7,9,0,No, ,No, , , , , , , , , , , , , , , , , , , , , , , , , , , , , , , , , , , , , , , , , , , , , , , , , , , , , , , , , , , , ,-6.76708447,-78.60890021
1085,060702,02,CHUGUR,Menos de 5000 Hab,Distrital, , , , , , , , , , , , , , , , , , , , , , , , , , , , ,1,6,7,2,Si,No, , , , , , , , , , , , , , , , , , , , , , , , , , , , , , , , , , , , , , , , , , , , , ,7,0,0,0,0,6,1,0,0,1,0,0,0,0,1,0,0,0,0,0,0,0,0,0,0,0,0,2,0,0,0,0,2,0,0,0,0,0,0,0,0,0,0,0,0,1,0,0,0,0,1,0,0,0,0,0,0,0,0,0,0,0,0,1,0,0,0,0,0,1,0,0,1,0,0,0,0,1,0,0,0,1,0,0,0,0,1,0,0,0,0, ,0,0,0,0,0,0,0,0,No, ,No, ,No, ,No, ,No, ,No, ,Si,1,Si,1,No, ,No, ,No, ,No, ,No, ,Si,5,7,0,No, ,No, , , , , , , , , , , , , , , , , , , , , , , , , , , , , , , , , , , , , , , , , , , , , , , , , , , , , , , , , , , , ,-6.6705152,-78.73839375
1086,061001,01,PEDRO GALVEZ,De 40001 - 80000 Hab,Distrital, , , , , , , , , , , , , , , , , , , , , , , , , , , , ,2,6,10,4,Si,No,6,10,1,Si,No, , , , , , , , , , , , , , , , , , , , , , , , , , , , , , , , , , , , , , , , ,24,1,0,0,0,18,3,2,0,1,0,0,0,0,1,0,0,0,7,0,0,0,0,7,0,0,0,2,0,0,0,0,1,1,0,0,2,0,0,0,0,2,0,0,0,2,0,0,0,0,2,0,0,0,2,0,0,0,0,0,2,0,0,3,0,0,0,0,3,0,0,0,2,0,0,0,0,2,0,0,0,1,1,0,0,0,0,0,0,0,2,CHOFER,0,0,0,0,0,0,2,0,No, ,No, ,Si,1,No, ,No, ,No, ,Si,2,Si,2,Si,1,No, ,No, ,Si,1,Si,4,Si,13,24,0,No, ,Sí,1,5, , , , , , , , , , , , , , , , , , , , , , , , , , , , , , , , , , , , , , , ,Almenos una,1,Si,Si,No,Si,No,No,No,No,Si,Si,No,Si,No,Si,Si,Si,MACHETE,-7.33139051,-78.17325584
1087,061003,03,EDUARDO VILLANUEVA,De 20001 - 40000 Hab,Distrital, , , , , , , , , , , , , , , , , , , , , , , , , , , , ,1,6,10,3,Si,No, , , , , , , , , , , , , , , , , , , , , , , , , , , , , , , , , , , , , , , , , , , , , ,13,0,0,0,0,12,1,0,0,1,0,0,0,0,0,1,0,0,2,0,0,0,0,2,0,0,0,2,0,0,0,0,2,0,0,0,0,0,0,0,0,0,0,0,0,1,0,0,0,0,1,0,0,0,0,0,0,0,0,0,0,0,0,1,0,0,0,0,1,0,0,0,1,0,0,0,0,1,0,0,0,1,0,0,0,0,1,0,0,0,4,PUESTO DE AUXILIO RAPIDO,0,0,0,0,4,0,0,0,No, ,No, ,No, ,No, ,No, ,No, ,Si,1,Si,1,No, ,No, ,No, ,Si,1,Si,5,Si,5,13,0,No, ,Sí,2,2,2, , , , , , , , , , , , , , , , , , , , , , , , , , , , , , , , , , , , , , ,Ninguna, , , , , , , , , , , , , , , , , , ,-7.46168664,-78.12830399
1088,061005,05,ICHOCAN,Menos de 5000 Hab,Distrital, , , , , , , , , , , , , , , , , , , , , , , , , , , , ,1,6,10,5,Si,No, , , , , , , , , , , , , , , , , , , , , , , , , , , , , , , , , , , , , , , , , , , , , ,9,0,0,0,0,8,1,0,0,1,0,0,0,0,1,0,0,0,2,0,0,0,0,2,0,0,0,1,0,0,0,0,1,0,0,0,1,0,0,0,0,1,0,0,0,1,0,0,0,0,1,0,0,0,0,0,0,0,0,0,0,0,0,1,0,0,0,0,0,1,0,0,1,0,0,0,0,1,0,0,0,1,0,0,0,0,1,0,0,0,0, ,0,0,0,0,0,0,0,0,No, ,No, ,No, ,No, ,No, ,No, ,Si,1,No, ,No, ,No, ,No, ,Si,1,Si,2,Si,5,9,0,No, ,No, , , , , , , , , , , , , , , , , , , , , , , , , , , , , , , , , , , , , , , , , , , , , , , , , , , , , , , , , , , , ,-7.36451232,-78.1272327
1089,061007,07,JOSE SABOGAL,De 10001 - 20000 Hab,Distrital, , , , , , , , , , , , , , , , , , , , , , , , , , , , ,1,6,10,7,Si,No, , , , , , , , , , , , , , , , , , , , , , , , , , , , , , , , , , , , , , , , , , , , , ,8,1,0,0,0,7,0,0,0,0,0,0,0,0,0,0,0,0,2,0,0,0,0,2,0,0,0,1,0,0,0,0,1,0,0,0,1,0,0,0,0,1,0,0,0,1,0,0,0,0,1,0,0,0,0,0,0,0,0,0,0,0,0,1,0,0,0,0,1,0,0,0,1,0,0,0,0,1,0,0,0,1,1,0,0,0,0,0,0,0,0, ,0,0,0,0,0,0,0,0,No, ,No, ,No, ,No, ,No, ,Si,1,No, ,No, ,No, ,No, ,No, ,No, ,No, ,Si,7,8,0,No, ,No, , , , , , , , , , , , , , , , , , , , , , , , , , , , , , , , , , , , , , , , , , , , , , , , , , , , , , , , , , , , ,-7.25111009,-78.03688093
1090,061101,01,SAN MIGUEL,De 10001 - 20000 Hab,Provincial, , , , , , , ,2,6,11,6,12, , , , , , , , , , , , , , , , , , , , , , , , , , , , , , , , , , , , , , , , , , , , , , , , , , , , , , , , , , , , , , , , , , , ,24,1,0,0,0,21,2,0,0,1,0,0,0,0,1,0,0,0,8,0,0,0,0,8,0,0,0,7,0,0,0,0,7,0,0,0,1,0,0,0,0,1,0,0,0,1,0,0,0,0,1,0,0,0,1,0,0,0,0,0,1,0,0,1,0,0,0,0,1,0,0,0,3,0,0,0,0,2,1,0,0,1,1,0,0,0,0,0,0,0,0, ,0,0,0,0,0,0,0,0,No, ,No, ,Si,1,No, ,No, ,No, ,Si,4,Si,1,Si,3,No, ,Si,1,No, ,Si,3,Si,11,24,0,Sí,2,Sí,1,3, , , , , , , , , , , , , , , , , , , , , , , , , , , , , , , , , , , , , , , ,Almenos una,1,No,No,No,No,No,No,No,No,Si,No,Si,Si,No,No,No,Si,MAMELUCOS,-7.00018492,-78.8512831
1091,061103,03,CALQUIS,De 5000 - 10000 Hab,Distrital, , , , , , , , , , , , , , , , , , , , , , , , , , , , ,1,6,11,3,Si,No, , , , , , , , , , , , , , , , , , , , , , , , , , , , , , , , , , , , , , , , , , , , , ,7,0,0,0,0,7,0,0,0,1,0,0,0,0,1,0,0,0,1,0,0,0,0,1,0,0,0,2,0,0,0,0,2,0,0,0,0,0,0,0,0,0,0,0,0,0,0,0,0,0,0,0,0,0,0,0,0,0,0,0,0,0,0,1,0,0,0,0,1,0,0,0,1,0,0,0,0,1,0,0,0,1,0,0,0,0,1,0,0,0,0, ,0,0,0,0,0,0,0,0,No, ,No, ,No, ,No, ,No, ,No, ,Si,1,No, ,No, ,Si,1,Si,1,No, ,No, ,Si,4,7,0,No, ,Sí,1,1, , , , , , , , , , , , , , , , , , , , , , , , , , , , , , , , , , , , , , , ,Ninguna, , , , , , , , , , , , , , , , , , ,-6.98005403,-78.84991583
1092,061104,04,CATILLUC,De 5000 - 10000 Hab,Distrital, , , , , , , , , , , , , , , , , , , , , , , , , , , , ,1,6,11,4,Si,No, , , , , , , , , , , , , , , , , , , , , , , , , , , , , , , , , , , , , , , , , , , , , ,7,0,0,0,0,7,0,0,0,1,0,0,0,0,1,0,0,0,0,0,0,0,0,0,0,0,0,2,0,0,0,0,2,0,0,0,0,0,0,0,0,0,0,0,0,0,0,0,0,0,0,0,0,0,0,0,0,0,0,0,0,0,0,1,0,0,0,0,1,0,0,0,2,0,0,0,0,2,0,0,0,1,0,0,0,0,1,0,0,0,0, ,0,0,0,0,0,0,0,0,No, ,No, ,No, ,No, ,No, ,No, ,No, ,Si,1,No, ,No, ,No, ,Si,2,Si,1,Si,3,7,0,No, ,No, , , , , , , , , , , , , , , , , , , , , , , , , , , , , , , , , , , , , , , , , , , , , , , , , , , , , , , , , , , , ,-6.80180503,-78.77719654
1093,061105,05,EL PRADO,Menos de 5000 Hab,Distrital, , , , , , , , , , , , , , , , , , , , , , , , , , , , ,1,6,11,5,Si,No, , , , , , , , , , , , , , , , , , , , , , , , , , , , , , , , , , , , , , , , , , , , , ,7,0,0,0,0,7,0,0,0,1,0,0,0,0,1,0,0,0,1,0,0,0,0,1,0,0,0,1,0,0,0,0,1,0,0,0,1,0,0,0,0,1,0,0,0,0,0,0,0,0,0,0,0,0,0,0,0,0,0,0,0,0,0,1,0,0,0,0,1,0,0,0,1,0,0,0,0,1,0,0,0,1,0,0,0,0,1,0,0,0,0, ,0,0,0,0,0,0,0,0,No, ,No, ,No, ,No, ,No, ,No, ,Si,1,Si,1,Si,2,No, ,No, ,No, ,Si,1,Si,2,7,0,No, ,Sí,1,3, , , , , , , , , , , , , , , , , , , , , , , , , , , , , , , , , , , , , , , ,Almenos una,1,No,Si,No,No,No,No,No,No,No,No,No,No,No,No,No,No, ,-7.03422484,-79.01100748
1094,061107,07,LLAPA,De 10001 - 20000 Hab,Distrital, , , , , , , , , , , , , , , , , , , , , , , , , , , , ,2,6,11,7,Si,No,6,11,11,Si,No, , , , , , , , , , , , , , , , , , , , , , , , , , , , , , , , , , , , , , , , ,8,0,0,0,0,8,0,0,0,1,0,0,0,0,1,0,0,0,2,0,0,0,0,2,0,0,0,2,0,0,0,0,2,0,0,0,0,0,0,0,0,0,0,0,0,0,0,0,0,0,0,0,0,0,0,0,0,0,0,0,0,0,0,1,0,0,0,0,1,0,0,0,1,0,0,0,0,1,0,0,0,1,0,0,0,0,1,0,0,0,0, ,0,0,0,0,0,0,0,0,No, ,No, ,No, ,No, ,No, ,No, ,Si,1,Si,1,Si,3,No, ,No, ,No, ,Si,1,Si,2,8,0,No, ,No, , , , , , , , , , , , , , , , , , , , , , , , , , , , , , , , , , , , , , , , , , , , , , , , , , , , , , , , , , , , ,-6.98032563,-78.80888944
1095,061110,10,SAN GREGORIO,Menos de 5000 Hab,Distrital, , , , , , , , , , , , , , , , , , , , , , , , , , , , ,1,6,11,10,Si,No, , , , , , , , , , , , , , , , , , , , , , , , , , , , , , , , , , , , , , , , , , , , , ,9,0,0,0,0,9,0,0,0,1,0,0,0,0,1,0,0,0,2,0,0,0,0,2,0,0,0,2,0,0,0,0,2,0,0,0,0,0,0,0,0,0,0,0,0,0,0,0,0,0,0,0,0,0,0,0,0,0,0,0,0,0,0,1,0,0,0,0,1,0,0,0,2,0,0,0,0,2,0,0,0,1,0,0,0,0,1,0,0,0,0, ,0,0,0,0,0,0,0,0,No, ,No, ,No, ,No, ,No, ,No, ,No, ,Si,1,Si,4,No, ,No, ,No, ,Si,1,Si,3,9,0,No, ,No, , , , , , , , , , , , , , , , , , , , , , , , , , , , , , , , , , , , , , , , , , , , , , , , , , , , , , , , , , , , ,-7.05721836,-79.09527553
1096,061112,12,TONGOD,Menos de 5000 Hab,Distrital, , , , , , , , , , , , , , , , , , , , , , , , , , , , ,1,6,11,12,Si,No, , , , , , , , , , , , , , , , , , , , , , , , , , , , , , , , , , , , , , , , , , , , , ,8,0,0,0,0,8,0,0,0,1,0,0,0,0,1,0,0,0,1,0,0,0,0,1,0,0,0,1,0,0,0,0,1,0,0,0,1,0,0,0,0,1,0,0,0,1,0,0,0,0,1,0,0,0,0,0,0,0,0,0,0,0,0,1,0,0,0,0,1,0,0,0,1,0,0,0,0,1,0,0,0,1,0,0,0,0,1,0,0,0,0, ,0,0,0,0,0,0,0,0,No, ,No, ,No, ,No, ,No, ,No, ,No, ,Si,1,No, ,No, ,No, ,No, ,Si,2,Si,5,8,0,No, ,Sí,2,4,4, , , , , , , , , , , , , , , , , , , , , , , , , , , , , , , , , , , , , , ,Ninguna, , , , , , , , , , , , , , , , , , ,-6.75629553,-78.82476434
1097,061113,13,UNION AGUA BLANCA,Menos de 5000 Hab,Distrital, , , , , , , , , , , , , , , , , , , , , , , , , , , , ,1,6,11,13,Si,No, , , , , , , , , , , , , , , , , , , , , , , , , , , , , , , , , , , , , , , , , , , , , ,7,0,0,0,0,7,0,0,0,1,0,0,0,0,1,0,0,0,0,0,0,0,0,0,0,0,0,2,0,0,0,0,2,0,0,0,1,0,0,0,0,1,0,0,0,0,0,0,0,0,0,0,0,0,0,0,0,0,0,0,0,0,0,1,0,0,0,0,1,0,0,0,1,0,0,0,0,1,0,0,0,1,0,0,0,0,1,0,0,0,0, ,0,0,0,0,0,0,0,0,No, ,No, ,No, ,No, ,No, ,No, ,Si,1,No, ,Si,1,Si,1,Si,1,Si,1,No, ,Si,2,7,0,Sí,1,No, , , , , , , , , , , , , , , , , , , , , , , , , , , , , , , , , , , , , , , , , , , , , , , , , , , , , , , , , , , , ,-7.0473136,-79.06025067
1098,061201,01,SAN PABLO,De 20001 - 40000 Hab,Provincial, , , , , , , ,1,6,12, , , , , , , , , , , , , , , , , , , , , , , , , , , , , , , , , , , , , , , , , , , , , , , , , , , , , , , , , , , , , , , , , , , , , ,15,1,0,0,0,12,2,0,0,1,0,0,0,0,1,0,0,0,0,0,0,0,0,0,0,0,0,4,0,0,0,0,4,0,0,0,2,0,0,0,0,2,0,0,0,2,0,0,0,0,2,0,0,0,2,0,0,0,0,0,2,0,0,2,0,0,0,0,2,0,0,0,1,0,0,0,0,1,0,0,0,1,1,0,0,0,0,0,0,0,0, ,0,0,0,0,0,0,0,0,No, ,No, ,No, ,No, ,Si,1,No, ,Si,1,No, ,No, ,No, ,No, ,No, ,Si,3,Si,10,15,0,No, ,No, , , , , , , , , , , , , , , , , , , , , , , , , , , , , , , , , , , , , , , , , , , , , , , , , , , , , , , , , , , , ,-7.11750483,-78.82433831
1099,100101,01,HUANUCO,De 80001 a más Hab,Distrital, , , , , , , , , , , , , , , , , , , , , , , , , , , , ,2,10,1,1,Si,No,10,1,6,No,Si, , , , , , , , , , , , , , , , , , , , , , , , , , , , , , , , , , , , , , , , ,110,4,0,0,0,94,12,0,0,4,0,0,0,0,2,2,0,0,30,0,0,0,0,30,0,0,0,17,0,0,0,0,16,1,0,0,18,0,0,0,0,17,1,0,0,8,0,0,0,0,8,0,0,0,13,0,0,0,0,6,7,0,0,4,0,0,0,0,3,1,0,0,12,0,0,0,0,12,0,0,0,4,4,0,0,0,0,0,0,0,0, ,0,0,0,0,0,0,0,0,No, ,Si,1,Si,1,No, ,No, ,Si,2,Si,5,Si,6,Si,5,No, ,Si,3,Si,4,Si,18,Si,65,110,0,No, ,No, , , , , , , , , , , , , , , , , , , , , , , , , , , , , , , , , , , , , , , , , , , , , , , , , , , , , , , , , , , , ,-9.92624451,-76.23943044
1100,100101,01,HUANUCO,Menos de 5000 Hab,Distrital, , , , , , , , , , , , , , , , , , , , , , , , , , , , ,2,10,1,1,No,Si,10,1,9,No,Si, , , , , , , , , , , , , , , , , , , , , , , , , , , , , , , , , , , , , , , , ,7,0,0,0,0,7,0,0,0,1,0,0,0,0,1,0,0,0,1,0,0,0,0,1,0,0,0,0,0,0,0,0,0,0,0,0,1,0,0,0,0,1,0,0,0,0,0,0,0,0,0,0,0,0,1,0,0,0,0,1,0,0,0,1,0,0,0,0,1,0,0,0,1,0,0,0,0,1,0,0,0,1,0,0,0,0,1,0,0,0,0, ,0,0,0,0,0,0,0,0,No, ,No, ,No, ,No, ,No, ,No, ,Si,1,No, ,No, ,No, ,No, ,Si,1,Si,2,Si,3,7,0,No, ,No, , , , , , , , , , , , , , , , , , , , , , , , , , , , , , , , , , , , , , , , , , , , , , , , , , , , , , , , , , , , ,-9.878515,-76.2069
1101,100102,02,AMARILIS,De 40001 - 80000 Hab,Distrital, , , , , , , , , , , , , , , , , , , , , , , , , , , , ,1,10,1,2,Si,No, , , , , , , , , , , , , , , , , , , , , , , , , , , , , , , , , , , , , , , , , , , , , ,93,2,0,0,0,70,21,0,0,4,0,0,0,0,2,2,0,0,24,0,0,0,0,24,0,0,0,0,0,0,0,0,0,0,0,0,7,0,0,0,0,7,0,0,0,5,0,0,0,0,2,3,0,0,9,0,0,0,0,4,5,0,0,3,0,0,0,0,1,2,0,0,39,0,0,0,0,30,9,0,0,2,2,0,0,0,0,0,0,0,0, ,0,0,0,0,0,0,0,0,No, ,Si,1,No, ,No, ,No, ,Si,1,Si,5,Si,4,Si,6,Si,1,Si,3,Si,1,Si,13,Si,58,93,0,Sí,18,No, , , , , , , , , , , , , , , , , , , , , , , , , , , , , , , , , , , , , , , , , , , , , , , , , , , , , , , , , , , , ,-9.94257695,-76.24740583
1102,100103,03,CHINCHAO,De 20001 - 40000 Hab,Distrital, , , , , , , , , , , , , , , , , , , , , , , , , , , , ,2,10,1,13,Si,No,10,1,3,Si,No, , , , , , , , , , , , , , , , , , , , , , , , , , , , , , , , , , , , , , , , ,21,1,0,0,0,17,3,0,0,3,0,0,0,0,1,2,0,0,4,0,0,0,0,4,0,0,0,2,0,0,0,0,2,0,0,0,2,0,0,0,0,2,0,0,0,3,0,0,0,0,3,0,0,0,2,0,0,0,0,2,0,0,0,2,0,0,0,0,1,1,0,0,2,0,0,0,0,2,0,0,0,1,1,0,0,0,0,0,0,0,0, ,0,0,0,0,0,0,0,0,No, ,No, ,Si,1,No, ,No, ,No, ,Si,1,Si,1,No, ,Si,1,Si,1,Si,2,Si,2,Si,12,21,1,No, ,No, , , , , , , , , , , , , , , , , , , , , , , , , , , , , , , , , , , , , , , , , , , , , , , , , , , , , , , , , , , , ,-9.80165159,-76.07137442
1103,100104,04,CHURUBAMBA,De 5000 - 10000 Hab,Distrital, , , , , , , , , , , , , , , , , , , , , , , , , , , , ,1,10,1,4,Si,No, , , , , , , , , , , , , , , , , , , , , , , , , , , , , , , , , , , , , , , , , , , , , ,17,1,0,0,0,14,2,0,0,2,0,0,0,0,2,0,0,0,3,0,0,0,0,3,0,0,0,0,0,0,0,0,0,0,0,0,4,0,0,0,0,4,0,0,0,4,0,0,0,0,4,0,0,0,0,0,0,0,0,0,0,0,0,1,0,0,0,0,0,1,0,0,2,0,0,0,0,1,1,0,0,1,1,0,0,0,0,0,0,0,0, ,0,0,0,0,0,0,0,0,No, ,No, ,No, ,Si,1,No, ,No, ,Si,1,Si,2,Si,4,No, ,Si,1,No, ,Si,3,Si,5,17,0,No, ,No, , , , , , , , , , , , , , , , , , , , , , , , , , , , , , , , , , , , , , , , , , , , , , , , , , , , , , , , , , , , ,-9.831072,-76.09419
1104,100105,05,MARGOS,De 5000 - 10000 Hab,Distrital, , , , , , , , , , , , , , , , , , , , , , , , , , , , ,2,10,1,5,Si,No,10,1,12,Si,No, , , , , , , , , , , , , , , , , , , , , , , , , , , , , , , , , , , , , , , , ,11,0,0,0,0,10,1,0,0,1,0,0,0,0,0,1,0,0,2,0,0,0,0,2,0,0,0,1,0,0,0,0,1,0,0,0,1,0,0,0,0,1,0,0,0,2,0,0,0,0,2,0,0,0,1,0,0,0,0,1,0,0,0,1,0,0,0,0,1,0,0,0,1,0,0,0,0,1,0,0,0,1,0,0,0,0,1,0,0,0,0, ,0,0,0,0,0,0,0,0,No, ,No, ,No, ,No, ,No, ,No, ,No, ,Si,1,Si,1,Si,1,No, ,Si,2,Si,1,Si,5,11,0,No, ,Sí,1,5, , , , , , , , , , , , , , , , , , , , , , , , , , , , , , , , , , , , , , , ,Ninguna, , , , , , , , , , , , , , , , , , ,-10.00453417,-76.52337715
1105,100108,08,SAN PEDRO DE CHAULAN,Menos de 5000 Hab,Distrital, , , , , , , , , , , , , , , , , , , , , , , , , , , , ,2,10,1,8,Si,No,10,1,10,Si,No, , , , , , , , , , , , , , , , , , , , , , , , , , , , , , , , , , , , , , , , ,14,0,0,0,0,13,1,0,0,2,0,0,0,0,2,0,0,0,1,0,0,0,0,1,0,0,0,1,0,0,0,0,1,0,0,0,2,0,0,0,0,2,0,0,0,2,0,0,0,0,2,0,0,0,1,0,0,0,0,1,0,0,0,2,0,0,0,0,1,1,0,0,2,0,0,0,0,2,0,0,0,1,0,0,0,0,1,0,0,0,0, ,0,0,0,0,0,0,0,0,No, ,No, ,No, ,No, ,No, ,No, ,Si,1,No, ,Si,1,Si,1,Si,2,No, ,Si,1,Si,8,14,0,Sí,2,No, , , , , , , , , , , , , , , , , , , , , , , , , , , , , , , , , , , , , , , , , , , , , , , , , , , , , , , , , , , , ,-10.05600623,-76.48557247
1106,100111,11,PILLCO MARCA,De 20001 - 40000 Hab,Distrital, , , , , , , , , , , , , , , , , , , , , , , , , , , , ,1,10,1,11,Si,No, , , , , , , , , , , , , , , , , , , , , , , , , , , , , , , , , , , , , , , , , , , , , ,60,1,0,0,0,47,12,0,0,5,0,0,0,0,3,2,0,0,12,0,0,0,0,12,0,0,0,4,0,0,0,0,4,0,0,0,10,0,0,0,0,9,1,0,0,4,0,0,0,0,4,0,0,0,9,0,0,0,0,3,6,0,0,2,0,0,0,0,2,0,0,0,13,0,0,0,0,10,3,0,0,1,1,0,0,0,0,0,0,0,0, ,0,0,0,0,0,0,0,0,No, ,No, ,Si,1,No, ,No, ,No, ,Si,2,Si,2,Si,2,Si,2,Si,1,Si,1,Si,6,Si,43,60,0,Sí,8,No, , , , , , , , , , , , , , , , , , , , , , , , , , , , , , , , , , , , , , , , , , , , , , , , , , , , , , , , , , , , ,-9.95361189,-76.24943276
1107,100201,01,AMBO,De 20001 - 40000 Hab,Distrital, , , , , , , , , , , , , , , , , , , , , , , , , , , , ,5,10,2,1,Si,No,10,2,4,No,Si,10,2,5,No,Si,10,2,6,No,Si,10,2,8,Si,No, , , , , , , , , , , , , , , , , , , , , , , , , ,35,1,0,0,0,28,6,0,0,3,0,0,0,0,0,3,0,0,8,0,0,0,0,8,0,0,0,8,0,0,0,0,8,0,0,0,2,0,0,0,0,2,0,0,0,2,0,0,0,0,2,0,0,0,2,0,0,0,0,0,2,0,0,1,0,0,0,0,0,1,0,0,2,0,0,0,0,2,0,0,0,1,1,0,0,0,0,0,0,0,6,PUESTO DE AUXILIO RAPIDO,0,0,0,0,6,0,0,0,No, ,No, ,Si,1,No, ,No, ,No, ,Si,1,Si,4,Si,2,No, ,Si,5,Si,2,Si,5,Si,15,35,0,Sí,6,No, , , , , , , , , , , , , , , , , , , , , , , , , , , , , , , , , , , , , , , , , , , , , , , , , , , , , , , , , , , , ,-10.12759066,-76.20441456
1108,100202,02,CAYNA,De 5000 - 10000 Hab,Distrital, , , , , , , , , , , , , , , , , , , , , , , , , , , , ,2,10,2,2,Si,No,10,2,3,Si,No, , , , , , , , , , , , , , , , , , , , , , , , , , , , , , , , , , , , , , , , ,14,0,0,0,0,13,1,0,0,1,0,0,0,0,1,0,0,0,2,0,0,0,0,2,0,0,0,2,0,0,0,0,2,0,0,0,2,0,0,0,0,2,0,0,0,2,0,0,0,0,2,0,0,0,1,0,0,0,0,1,0,0,0,2,0,0,0,0,1,1,0,0,1,0,0,0,0,1,0,0,0,1,0,0,0,0,1,0,0,0,0, ,0,0,0,0,0,0,0,0,No, ,No, ,No, ,No, ,No, ,No, ,Si,1,No, ,No, ,No, ,Si,1,No, ,No, ,Si,12,14,0,Sí,7,Sí,1,8, , , , , , , , , , , , , , , , , , , , , , , , , , , , , , , , , , , , , , , ,Ninguna, , , , , , , , , , , , , , , , , , ,-10.27181154,-76.38899441
1109,100207,07,SAN RAFAEL,De 5000 - 10000 Hab,Distrital, , , , , , , , , , , , , , , , , , , , , , , , , , , , ,1,10,2,7,Si,No, , , , , , , , , , , , , , , , , , , , , , , , , , , , , , , , , , , , , , , , , , , , , ,17,0,0,0,0,15,2,0,0,2,0,0,0,0,0,2,0,0,6,0,0,0,0,6,0,0,0,0,0,0,0,0,0,0,0,0,2,0,0,0,0,2,0,0,0,2,0,0,0,0,2,0,0,0,2,0,0,0,0,2,0,0,0,1,0,0,0,0,1,0,0,0,1,0,0,0,0,1,0,0,0,1,0,0,0,0,1,0,0,0,0, ,0,0,0,0,0,0,0,0,No, ,No, ,No, ,No, ,No, ,No, ,Si,1,Si,1,Si,2,Si,1,No, ,No, ,Si,5,Si,7,17,0,No, ,Sí,1,8, , , , , , , , , , , , , , , , , , , , , , , , , , , , , , , , , , , , , , , ,Ninguna, , , , , , , , , , , , , , , , , , ,-10.33849998,-76.18212502
1110,100301,01,LA UNION,De 20001 - 40000 Hab,Provincial, , , , , , , ,1,10,3, , , , , , , , , , , , , , , , , , , , , , , , , , , , , , , , , , , , , , , , , , , , , , , , , , , , , , , , , , , , , , , , , , , , , ,23,1,0,0,0,20,2,0,0,1,0,0,0,0,1,0,0,0,4,0,0,0,0,4,0,0,0,4,0,0,0,0,4,0,0,0,4,0,0,0,0,4,0,0,0,2,0,0,0,0,2,0,0,0,3,0,0,0,0,1,2,0,0,2,0,0,0,0,2,0,0,0,2,0,0,0,0,2,0,0,0,1,1,0,0,0,0,0,0,0,0, ,0,0,0,0,0,0,0,0,No, ,No, ,No, ,Si,1,No, ,No, ,No, ,No, ,Si,3,No, ,Si,3,No, ,Si,4,Si,12,23,0,No, ,Sí,2,10,10, , , , , , , , , , , , , , , , , , , , , , , , , , , , , , , , , , , , , , ,Ninguna, , , , , , , , , , , , , , , , , , ,-9.82810956,-76.80179358
1111,100401,01,HUACAYBAMBA,De 20001 - 40000 Hab,Provincial, , , , , , , ,1,10,4, , , , , , , , , , , , , , , , , , , , , , , , , , , , , , , , , , , , , , , , , , , , , , , , , , , , , , , , , , , , , , , , , , , , , ,16,1,0,0,0,15,0,0,0,1,0,0,0,0,1,0,0,0,4,0,0,0,0,4,0,0,0,3,0,0,0,0,3,0,0,0,2,0,0,0,0,2,0,0,0,1,0,0,0,0,1,0,0,0,1,0,0,0,0,1,0,0,0,1,0,0,0,0,1,0,0,0,2,0,0,0,0,2,0,0,0,1,1,0,0,0,0,0,0,0,0, ,0,0,0,0,0,0,0,0,No, ,No, ,No, ,No, ,Si,1,No, ,No, ,Si,2,Si,1,No, ,No, ,No, ,Si,2,Si,10,16,0,No, ,Sí,2,7,7, , , , , , , , , , , , , , , , , , , , , , , , , , , , , , , , , , , , , , ,Ninguna, , , , , , , , , , , , , , , , , , ,-9.03784724,-76.95345443
1112,100501,01,LLATA,De 20001 - 40000 Hab,Distrital, , , , , , , , , , , , , , , , , , , , , , , , , , , , ,10,10,5,1,Si,No,10,5,2,Si,No,10,5,3,Si,No,10,5,4,Si,No,10,5,5,Si,No,10,5,6,Si,No,10,5,8,Si,No,10,5,9,Si,No,10,5,10,Si,No,10,5,11,Si,No,21,0,0,0,0,19,2,0,0,2,0,0,0,0,0,2,0,0,4,0,0,0,0,4,0,0,0,4,0,0,0,0,4,0,0,0,2,0,0,0,0,2,0,0,0,2,0,0,0,0,2,0,0,0,2,0,0,0,0,2,0,0,0,2,0,0,0,0,2,0,0,0,2,0,0,0,0,2,0,0,0,1,0,0,0,0,1,0,0,0,0, ,0,0,0,0,0,0,0,0,No, ,No, ,No, ,No, ,No, ,No, ,Si,1,Si,2,No, ,No, ,No, ,No, ,No, ,Si,18,21,0,No, ,No, , , , , , , , , , , , , , , , , , , , , , , , , , , , , , , , , , , , , , , , , , , , , , , , , , , , , , , , , , , , ,-9.55016426,-76.81845406
1113,100701,01,HUACRACHUCO,De 20001 - 40000 Hab,Distrital, , , , , , , , , , , , , , , , , , , , , , , , , , , , ,3,10,7,1,Si,No,10,7,2,Si,No,10,7,3,Si,No, , , , , , , , , , , , , , , , , , , , , , , , , , , , , , , , , , , ,9,0,0,0,0,9,0,0,0,1,0,0,0,0,1,0,0,0,2,0,0,0,0,2,0,0,0,2,0,0,0,0,2,0,0,0,1,0,0,0,0,1,0,0,0,0,0,0,0,0,0,0,0,0,0,0,0,0,0,0,0,0,0,1,0,0,0,0,1,0,0,0,1,0,0,0,0,1,0,0,0,1,0,0,0,0,1,0,0,0,0, ,0,0,0,0,0,0,0,0,No, ,No, ,No, ,No, ,No, ,No, ,Si,1,No, ,No, ,Si,1,No, ,No, ,No, ,Si,7,9,0,Sí,2,No, , , , , , , , , , , , , , , , , , , , , , , , , , , , , , , , , , , , , , , , , , , , , , , , , , , , , , , , , , , , ,-8.60429027,-77.14917593
1114,100801,01,PANAO,De 40001 - 80000 Hab,Provincial, , , , , , , ,1,10,8, , , , , , , , , , , , , , , , , , , , , , , , , , , , , , , , , , , , , , , , , , , , , , , , , , , , , , , , , , , , , , , , , , , , , ,22,1,0,0,0,19,2,0,0,2,0,0,0,0,0,2,0,0,4,0,0,0,0,4,0,0,0,2,0,0,0,0,2,0,0,0,5,0,0,0,0,5,0,0,0,3,0,0,0,0,3,0,0,0,2,0,0,0,0,2,0,0,0,2,0,0,0,0,2,0,0,0,1,0,0,0,0,1,0,0,0,1,1,0,0,0,0,0,0,0,0, ,0,0,0,0,0,0,0,0,No, ,No, ,No, ,Si,1,No, ,No, ,Si,1,Si,1,Si,2,No, ,No, ,Si,3,Si,4,Si,10,22,0,No, ,No, , , , , , , , , , , , , , , , , , , , , , , , , , , , , , , , , , , , , , , , , , , , , , , , , , , , , , , , , , , , ,-9.896673,-75.994772
1115,101001,01,JESUS,De 5000 - 10000 Hab,Distrital, , , , , , , , , , , , , , , , , , , , , , , , , , , , ,2,10,10,1,Si,No,10,10,3,Si,No, , , , , , , , , , , , , , , , , , , , , , , , , , , , , , , , , , , , , , , , ,19,0,0,0,0,19,0,0,0,1,0,0,0,0,1,0,0,0,6,0,0,0,0,6,0,0,0,4,0,0,0,0,4,0,0,0,2,0,0,0,0,2,0,0,0,2,0,0,0,0,2,0,0,0,1,0,0,0,0,1,0,0,0,1,0,0,0,0,1,0,0,0,1,0,0,0,0,1,0,0,0,1,0,0,0,0,1,0,0,0,0, ,0,0,0,0,0,0,0,0,No, ,No, ,No, ,No, ,No, ,No, ,No, ,Si,1,Si,1,No, ,Si,1,Si,1,Si,3,Si,12,19,0,No, ,Sí,2,8,8, , , , , , , , , , , , , , , , , , , , , , , , , , , , , , , , , , , , , , ,Ninguna, , , , , , , , , , , , , , , , , , ,-10.07838927,-76.63154678
1116,101002,02,BAÑOS,De 5000 - 10000 Hab,Distrital, , , , , , , , , , , , , , , , , , , , , , , , , , , , ,2,10,10,2,Si,No,10,10,4,Si,No, , , , , , , , , , , , , , , , , , , , , , , , , , , , , , , , , , , , , , , , ,13,0,0,0,0,12,1,0,0,1,0,0,0,0,1,0,0,0,2,0,0,0,0,2,0,0,0,2,0,0,0,0,2,0,0,0,2,0,0,0,0,2,0,0,0,1,0,0,0,0,1,0,0,0,2,0,0,0,0,1,1,0,0,1,0,0,0,0,1,0,0,0,1,0,0,0,0,1,0,0,0,1,0,0,0,0,1,0,0,0,0, ,0,0,0,0,0,0,0,0,No, ,No, ,No, ,No, ,No, ,No, ,Si,1,Si,1,No, ,No, ,No, ,Si,1,Si,1,Si,9,13,0,No, ,No, , , , , , , , , , , , , , , , , , , , , , , , , , , , , , , , , , , , , , , , , , , , , , , , , , , , , , , , , , , , ,-10.0757086,-76.73554699
1117,101005,05,RONDOS,De 5000 - 10000 Hab,Distrital, , , , , , , , , , , , , , , , , , , , , , , , , , , , ,2,10,10,5,Si,No,10,10,6,Si,No, , , , , , , , , , , , , , , , , , , , , , , , , , , , , , , , , , , , , , , , ,10,0,0,0,0,9,1,0,0,0,0,0,0,0,0,0,0,0,2,0,0,0,0,2,0,0,0,2,0,0,0,0,2,0,0,0,1,0,0,0,0,1,0,0,0,1,0,0,0,0,1,0,0,0,1,0,0,0,0,0,1,0,0,1,0,0,0,0,1,0,0,0,1,0,0,0,0,1,0,0,0,1,0,0,0,0,1,0,0,0,0, ,0,0,0,0,0,0,0,0,No, ,No, ,No, ,No, ,No, ,No, ,No, ,Si,1,Si,1,Si,3,Si,1,No, ,No, ,Si,4,10,0,Sí,2,Sí,1,5, , , , , , , , , , , , , , , , , , , , , , , , , , , , , , , , , , , , , , , ,Ninguna, , , , , , , , , , , , , , , , , , ,-9.98371854,-76.6890175
1118,101101,01,CHAVINILLO,De 20001 - 40000 Hab,Provincial, , , , , , , ,1,10,11, , , , , , , , , , , , , , , , , , , , , , , , , , , , , , , , , , , , , , , , , , , , , , , , , , , , , , , , , , , , , , , , , , , , , ,23,0,0,0,0,21,2,0,0,3,0,0,0,0,1,2,0,0,4,0,0,0,0,4,0,0,0,5,0,0,0,0,5,0,0,0,2,0,0,0,0,2,0,0,0,2,0,0,0,0,2,0,0,0,2,0,0,0,0,2,0,0,0,2,0,0,0,0,2,0,0,0,2,0,0,0,0,2,0,0,0,1,0,0,0,0,1,0,0,0,0, ,0,0,0,0,0,0,0,0,No, ,No, ,No, ,No, ,No, ,No, ,No, ,Si,1,Si,4,Si,1,Si,1,No, ,Si,2,Si,14,23,0,No, ,Sí,1,10, , , , , , , , , , , , , , , , , , , , , , , , , , , , , , , , , , , , , , , ,Ninguna, , , , , , , , , , , , , , , , , , ,-9.85930849,-76.60865167
1119,050608,08,LARAMATE,Menos de 5000 Hab,Distrital, , , , , , , , , , , , , , , , , , , , , , , , , , , , ,1,5,6,8,No,Si, , , , , , , , , , , , , , , , , , , , , , , , , , , , , , , , , , , , , , , , , , , , , ,9,0,0,0,0,9,0,0,0,1,0,0,0,0,1,0,0,0,0,0,0,0,0,0,0,0,0,2,0,0,0,0,2,0,0,0,1,0,0,0,0,1,0,0,0,1,0,0,0,0,1,0,0,0,1,0,0,0,0,1,0,0,0,1,0,0,0,0,1,0,0,0,1,0,0,0,0,1,0,0,0,1,0,0,0,0,1,0,0,0,0, ,0,0,0,0,0,0,0,0,No, ,No, ,No, ,No, ,No, ,No, ,No, ,Si,2,Si,1,Si,3,No, ,No, ,Si,1,Si,2,9,0,No, ,No, , , , , , , , , , , , , , , , , , , , , , , , , , , , , , , , , , , , , , , , , , , , , , , , , , , , , , , , , , , , ,-14.28670516,-74.84272355
1120,050613,13,OTOCA,Menos de 5000 Hab,Distrital, , , , , , , , , , , , , , , , , , , , , , , , , , , , ,1,5,6,13,Si,No, , , , , , , , , , , , , , , , , , , , , , , , , , , , , , , , , , , , , , , , , , , , , ,12,0,0,0,0,12,0,0,0,1,0,0,0,0,1,0,0,0,0,0,0,0,0,0,0,0,0,2,0,0,0,0,2,0,0,0,1,0,0,0,0,1,0,0,0,1,0,0,0,0,1,0,0,0,1,0,0,0,0,1,0,0,0,1,0,0,0,0,1,0,0,0,1,0,0,0,0,1,0,0,0,1,0,0,0,0,1,0,0,0,3,PUESTO DE AUXILIO RAPIDO,0,0,0,0,3,0,0,0,No, ,No, ,No, ,No, ,No, ,No, ,No, ,Si,2,Si,1,Si,1,Si,1,Si,3,Si,3,Si,1,12,0,No, ,No, , , , , , , , , , , , , , , , , , , , , , , , , , , , , , , , , , , , , , , , , , , , , , , , , , , , , , , , , , , , ,-14.49024894,-74.68663969
1121,110101,01,ICA,De 80001 a más Hab,Distrital, , , , , , , , , , , , , , , , , , , , , , , , , , , , ,1,11,1,1,Si,No, , , , , , , , , , , , , , , , , , , , , , , , , , , , , , , , , , , , , , , , , , , , , ,102,3,1,0,0,91,7,0,0,9,0,0,0,0,6,3,0,0,24,0,0,0,0,24,0,0,0,0,0,0,0,0,0,0,0,0,14,0,0,0,0,14,0,0,0,8,0,0,0,0,7,1,0,0,0,0,0,0,0,0,0,0,0,3,0,0,0,0,0,3,0,0,6,0,0,0,0,6,0,0,0,4,3,1,0,0,0,0,0,0,34,PUESTO DE AUXILIO RAPIDO,0,0,0,0,34,0,0,0,No, ,No, ,No, ,Si,1,No, ,Si,3,Si,8,Si,12,Si,8,Si,5,Si,1,Si,2,Si,13,Si,49,102,0,Sí,5,Sí,2,8,8, , , , , , , , , , , , , , , , , , , , , , , , , , , , , , , , , , , , , , ,Ninguna, , , , , , , , , , , , , , , , , , ,-14.06987861,-75.73258476
1122,110101,01,ICA,De 10001 - 20000 Hab,Distrital, , , , , , , , , , , , , , , , , , , , , , , , , , , , ,1,11,1,1,No,Si, , , , , , , , , , , , , , , , , , , , , , , , , , , , , , , , , , , , , , , , , , , , , ,26,0,2,0,0,14,9,0,1,2,0,0,0,0,0,1,0,1,8,0,0,0,0,6,2,0,0,0,0,0,0,0,0,0,0,0,2,0,0,0,0,2,0,0,0,0,0,0,0,0,0,0,0,0,9,0,1,0,0,4,4,0,0,2,0,0,0,0,0,2,0,0,2,0,0,0,0,2,0,0,0,1,0,1,0,0,0,0,0,0,0, ,0,0,0,0,0,0,0,0,No, ,No, ,No, ,Si,1,No, ,Si,1,Si,2,No, ,Si,1,Si,1,No, ,Si,1,Si,3,Si,16,26,0,No, ,Sí,1,1, , , , , , , , , , , , , , , , , , , , , , , , , , , , , , , , , , , , , , , ,Almenos una,1,Si,Si,Si,No,No,Si,No,No,Si,Si,No,Si,No,Si,Si,No, ,-14.06531144,-75.73202206
1123,110102,02,LA TINGUIÑA,De 20001 - 40000 Hab,Distrital, , , , , , , , , , , , , , , , , , , , , , , , , , , , ,1,11,1,2,No,Si, , , , , , , , , , , , , , , , , , , , , , , , , , , , , , , , , , , , , , , , , , , , , ,30,2,0,0,0,21,7,0,0,2,0,0,0,0,1,1,0,0,16,1,0,0,0,14,1,0,0,2,0,0,0,0,2,0,0,0,2,0,0,0,0,2,0,0,0,2,0,0,0,0,1,1,0,0,2,0,0,0,0,0,2,0,0,1,0,0,0,0,0,1,0,0,2,0,0,0,0,1,1,0,0,1,1,0,0,0,0,0,0,0,0, ,0,0,0,0,0,0,0,0,No, ,No, ,Si,1,No, ,No, ,Si,1,Si,1,Si,1,Si,5,No, ,Si,2,Si,1,Si,6,Si,12,30,0,No, ,Sí,2,10,10, , , , , , , , , , , , , , , , , , , , , , , , , , , , , , , , , , , , , , ,Ninguna, , , , , , , , , , , , , , , , , , ,-14.03661058,-75.71067718
1124,110103,03,LOS AQUIJES,De 10001 - 20000 Hab,Distrital, , , , , , , , , , , , , , , , , , , , , , , , , , , , ,2,11,1,3,Si,No,11,1,14,Si,No, , , , , , , , , , , , , , , , , , , , , , , , , , , , , , , , , , , , , , , , ,25,1,0,0,0,17,6,1,0,4,0,0,0,0,0,4,0,0,4,0,0,0,0,3,0,1,0,0,0,0,0,0,0,0,0,0,4,0,0,0,0,4,0,0,0,3,0,0,0,0,3,0,0,0,5,0,0,0,0,3,2,0,0,1,0,0,0,0,1,0,0,0,2,0,0,0,0,2,0,0,0,1,1,0,0,0,0,0,0,0,1,PUESTO DE AUXILIO RAPIDO,0,0,0,0,1,0,0,0,No, ,No, ,No, ,Si,1,No, ,No, ,Si,4,Si,1,No, ,No, ,No, ,Si,2,Si,4,Si,13,25,0,No, ,Sí,2,12,11, , , , , , , , , , , , , , , , , , , , , , , , , , , , , , , , , , , , , , ,Ninguna, , , , , , , , , , , , , , , , , , ,-14.09720699,-75.69090038
1125,110104,04,OCUCAJE,Menos de 5000 Hab,Provincial, , , , , , , ,1,11,1, , , , , , , , , , , , , , , , , , , , , , , , , , , , , , , , , , , , , , , , , , , , , , , , , , , , , , , , , , , , , , , , , , , , , ,24,0,1,0,0,21,2,0,0,2,0,0,0,0,1,1,0,0,4,0,0,0,0,4,0,0,0,3,0,0,0,0,3,0,0,0,2,0,0,0,0,2,0,0,0,2,0,0,0,0,2,0,0,0,2,0,0,0,0,2,0,0,0,3,0,0,0,0,2,1,0,0,5,0,0,0,0,5,0,0,0,1,0,1,0,0,0,0,0,0,0, ,0,0,0,0,0,0,0,0,No, ,No, ,Si,1,No, ,No, ,No, ,Si,2,Si,6,No, ,No, ,No, ,Si,1,Si,1,Si,13,24,0,No, ,Sí,2,2,3, , , , , , , , , , , , , , , , , , , , , , , , , , , , , , , , , , , , , , ,Ninguna, , , , , , , , , , , , , , , , , , ,-14.34687395,-75.6715948
1126,110105,05,PACHACUTEC,De 5000 - 10000 Hab,Distrital, , , , , , , , , , , , , , , , , , , , , , , , , , , , ,2,11,1,5,Si,No,11,1,13,Si,No, , , , , , , , , , , , , , , , , , , , , , , , , , , , , , , , , , , , , , , , ,17,1,0,0,0,13,3,0,0,1,0,0,0,0,0,1,0,0,11,0,0,0,0,11,0,0,0,0,0,0,0,0,0,0,0,0,1,0,0,0,0,1,0,0,0,0,0,0,0,0,0,0,0,0,1,0,0,0,0,0,1,0,0,1,0,0,0,0,0,1,0,0,1,0,0,0,0,1,0,0,0,1,1,0,0,0,0,0,0,0,0, ,0,0,0,0,0,0,0,0,No, ,No, ,No, ,Si,1,No, ,No, ,No, ,Si,5,Si,1,No, ,No, ,No, ,Si,2,Si,8,17,0,No, ,Sí,2,7,7, , , , , , , , , , , , , , , , , , , , , , , , , , , , , , , , , , , , , , ,Ninguna, , , , , , , , , , , , , , , , , , ,-14.15266406,-75.69114693
1127,110106,06,PARCONA,De 40001 - 80000 Hab,Distrital, , , , , , , , , , , , , , , , , , , , , , , , , , , , ,1,11,1,6,Si,No, , , , , , , , , , , , , , , , , , , , , , , , , , , , , , , , , , , , , , , , , , , , , ,60,3,0,0,0,45,11,1,0,5,0,0,0,0,1,3,1,0,29,0,0,0,0,29,0,0,0,0,0,0,0,0,0,0,0,0,6,0,0,0,0,6,0,0,0,4,0,0,0,0,3,1,0,0,4,0,0,0,0,0,4,0,0,2,0,0,0,0,0,2,0,0,7,0,0,0,0,6,1,0,0,3,3,0,0,0,0,0,0,0,0, ,0,0,0,0,0,0,0,0,No, ,Si,1,No, ,No, ,No, ,Si,2,Si,7,Si,4,Si,5,Si,2,Si,1,Si,1,Si,7,Si,30,60,0,No, ,Sí,5,10,10,10,10,10, , , , , , , , , , , , , , , , , , , , , , , , , , , , , , , , , , , ,Ninguna, , , , , , , , , , , , , , , , , , ,-14.0478149,-75.70578041
1128,110107,07,PUEBLO NUEVO,De 5000 - 10000 Hab,Distrital, , , , , , , , , , , , , , , , , , , , , , , , , , , , ,1,11,1,7,No,Si, , , , , , , , , , , , , , , , , , , , , , , , , , , , , , , , , , , , , , , , , , , , , ,20,1,0,0,0,16,3,0,0,1,0,0,0,0,1,0,0,0,7,0,0,0,0,5,2,0,0,4,0,0,0,0,4,0,0,0,0,0,0,0,0,0,0,0,0,2,0,0,0,0,2,0,0,0,2,0,0,0,0,1,1,0,0,1,0,0,0,0,1,0,0,0,2,0,0,0,0,2,0,0,0,1,1,0,0,0,0,0,0,0,0, ,0,0,0,0,0,0,0,0,No, ,No, ,Si,1,No, ,No, ,No, ,Si,1,Si,1,Si,1,Si,1,Si,1,No, ,Si,4,Si,10,20,0,No, ,No, , , , , , , , , , , , , , , , , , , , , , , , , , , , , , , , , , , , , , , , , , , , , , , , , , , , , , , , , , , , ,-14.12692199,-75.70582573
1129,110108,08,SALAS,De 20001 - 40000 Hab,Distrital, , , , , , , , , , , , , , , , , , , , , , , , , , , , ,1,11,1,8,Si,No, , , , , , , , , , , , , , , , , , , , , , , , , , , , , , , , , , , , , , , , , , , , , ,28,1,0,0,0,21,6,0,0,1,0,0,0,0,0,1,0,0,14,0,0,0,0,13,1,0,0,2,0,0,0,0,2,0,0,0,2,0,0,0,0,2,0,0,0,2,0,0,0,0,2,0,0,0,2,0,0,0,0,0,2,0,0,2,0,0,0,0,0,2,0,0,2,0,0,0,0,2,0,0,0,1,1,0,0,0,0,0,0,0,0, ,0,0,0,0,0,0,0,0,No, ,No, ,Si,1,No, ,No, ,No, ,Si,3,Si,1,Si,3,Si,1,No, ,No, ,Si,4,Si,15,28,0,Sí,5,Sí,2,5,5, , , , , , , , , , , , , , , , , , , , , , , , , , , , , , , , , , , , , , ,Ninguna, , , , , , , , , , , , , , , , , , ,-13.98590936,-75.77229479
1130,110108,08,SALAS,De 10001 - 20000 Hab,Otros,CENTRO POBLADO, , , , , , , , , , , , , , , , , , , , , , , , , , , , , , , , , , , , , , , , , , , , , , , , , , , , , , , , , , , , , , , , , , , , , , , , , , , , , , ,21,1,0,0,0,18,2,0,0,2,0,0,0,0,1,1,0,0,6,0,0,0,0,6,0,0,0,0,0,0,0,0,0,0,0,0,3,0,0,0,0,3,0,0,0,2,0,0,0,0,2,0,0,0,3,0,0,0,0,3,0,0,0,2,0,0,0,0,1,1,0,0,2,0,0,0,0,2,0,0,0,1,1,0,0,0,0,0,0,0,0, ,0,0,0,0,0,0,0,0,No, ,No, ,No, ,Si,1,No, ,No, ,Si,2,Si,3,Si,1,No, ,No, ,No, ,Si,3,Si,11,21,0,No, ,No, , , , , , , , , , , , , , , , , , , , , , , , , , , , , , , , , , , , , , , , , , , , , , , , , , , , , , , , , , , , ,-13.932805,-75.90578
1131,110109,09,SAN JOSE DE LOS MOLINOS,De 5000 - 10000 Hab,Distrital, , , , , , , , , , , , , , , , , , , , , , , , , , , , ,1,11,1,9,Si,No, , , , , , , , , , , , , , , , , , , , , , , , , , , , , , , , , , , , , , , , , , , , , ,22,0,0,0,0,21,1,0,0,2,0,0,0,0,2,0,0,0,10,0,0,0,0,10,0,0,0,3,0,0,0,0,3,0,0,0,1,0,0,0,0,1,0,0,0,2,0,0,0,0,2,0,0,0,1,0,0,0,0,0,1,0,0,1,0,0,0,0,1,0,0,0,1,0,0,0,0,1,0,0,0,1,0,0,0,0,1,0,0,0,0, ,0,0,0,0,0,0,0,0,No, ,No, ,No, ,No, ,No, ,No, ,Si,1,No, ,Si,1,Si,2,Si,2,No, ,Si,2,Si,14,22,0,Sí,6,No, , , , , , , , , , , , , , , , , , , , , , , , , , , , , , , , , , , , , , , , , , , , , , , , , , , , , , , , , , , , ,-13.93253654,-75.6709598
1132,110110,10,SAN JUAN BAUTISTA,De 20001 - 40000 Hab,Distrital, , , , , , , , , , , , , , , , , , , , , , , , , , , , ,1,11,1,10,Si,No, , , , , , , , , , , , , , , , , , , , , , , , , , , , , , , , , , , , , , , , , , , , , ,25,1,0,0,0,19,5,0,0,1,0,0,0,0,0,1,0,0,12,0,0,0,0,11,1,0,0,2,0,0,0,0,2,0,0,0,2,0,0,0,0,2,0,0,0,2,0,0,0,0,2,0,0,0,2,0,0,0,0,0,2,0,0,1,0,0,0,0,0,1,0,0,2,0,0,0,0,2,0,0,0,1,1,0,0,0,0,0,0,0,0, ,0,0,0,0,0,0,0,0,No, ,No, ,No, ,No, ,Si,1,No, ,Si,2,Si,1,Si,2,Si,2,No, ,Si,1,No, ,Si,16,25,0,No, ,Sí,2,12,12, , , , , , , , , , , , , , , , , , , , , , , , , , , , , , , , , , , , , , ,Ninguna, , , , , , , , , , , , , , , , , , ,-14.01129162,-75.73469765
1133,110111,11,SANTIAGO,De 20001 - 40000 Hab,Distrital, , , , , , , , , , , , , , , , , , , , , , , , , , , , ,1,11,1,11,Si,No, , , , , , , , , , , , , , , , , , , , , , , , , , , , , , , , , , , , , , , , , , , , , ,30,1,0,0,0,25,4,0,0,2,0,0,0,0,0,2,0,0,12,0,0,0,0,12,0,0,0,0,0,0,0,0,0,0,0,0,2,0,0,0,0,2,0,0,0,2,0,0,0,0,2,0,0,0,4,0,0,0,0,3,1,0,0,1,0,0,0,0,0,1,0,0,6,0,0,0,0,6,0,0,0,1,1,0,0,0,0,0,0,0,0, ,0,0,0,0,0,0,0,0,No, ,No, ,No, ,No, ,Si,1,No, ,Si,2,Si,1,Si,3,Si,1,Si,2,No, ,Si,2,Si,18,30,0,No, ,Sí,3,5,4,4, , , , , , , , , , , , , , , , , , , , , , , , , , , , , , , , , , , , , ,Ninguna, , , , , , , , , , , , , , , , , , ,-14.18416957,-75.71469225
1134,110112,12,SUBTANJALLA,De 20001 - 40000 Hab,Distrital, , , , , , , , , , , , , , , , , , , , , , , , , , , , ,1,11,1,12,Si,No, , , , , , , , , , , , , , , , , , , , , , , , , , , , , , , , , , , , , , , , , , , , , ,25,1,0,0,0,19,5,0,0,2,0,0,0,0,0,2,0,0,12,0,0,0,0,12,0,0,0,0,0,0,0,0,0,0,0,0,4,0,0,0,0,4,0,0,0,1,0,0,0,0,1,0,0,0,3,0,0,0,0,0,3,0,0,1,0,0,0,0,1,0,0,0,1,0,0,0,0,1,0,0,0,1,1,0,0,0,0,0,0,0,0, ,0,0,0,0,0,0,0,0,No, ,No, ,No, ,Si,1,No, ,No, ,Si,2,Si,2,Si,1,Si,1,No, ,No, ,Si,4,Si,14,25,0,No, ,Sí,1,6, , , , , , , , , , , , , , , , , , , , , , , , , , , , , , , , , , , , , , , ,Ninguna, , , , , , , , , , , , , , , , , , ,-14.01890197,-75.75658752
1135,110201,01,CHINCHA ALTA,De 20001 - 40000 Hab,Distrital, , , , , , , , , , , , , , , , , , , , , , , , , , , , ,1,11,2,1,Si,No, , , , , , , , , , , , , , , , , , , , , , , , , , , , , , , , , , , , , , , , , , , , , ,87,2,0,0,0,79,6,0,0,6,0,0,0,0,4,2,0,0,14,0,0,0,0,14,0,0,0,17,0,0,0,0,17,0,0,0,6,0,0,0,0,4,2,0,0,5,0,0,0,0,5,0,0,0,3,0,0,0,0,2,1,0,0,2,0,0,0,0,1,1,0,0,3,0,0,0,0,3,0,0,0,2,2,0,0,0,0,0,0,0,29,APOYO A LA JUSTICIA,0,0,0,0,29,0,0,0,No, ,Si,1,No, ,No, ,No, ,Si,1,Si,5,Si,6,Si,2,Si,3,Si,3,Si,2,Si,8,Si,56,87,0,Sí,23,No, , , , , , , , , , , , , , , , , , , , , , , , , , , , , , , , , , , , , , , , , , , , , , , , , , , , , , , , , , , , ,-13.41704068,-76.13274266
1136,110202,02,ALTO LARAN,De 5000 - 10000 Hab,Distrital, , , , , , , , , , , , , , , , , , , , , , , , , , , , ,1,11,2,2,Si,No, , , , , , , , , , , , , , , , , , , , , , , , , , , , , , , , , , , , , , , , , , , , , ,21,1,0,0,0,17,3,0,0,1,0,0,0,0,0,1,0,0,13,0,0,0,0,13,0,0,0,0,0,0,0,0,0,0,0,0,1,0,0,0,0,1,0,0,0,1,0,0,0,0,1,0,0,0,1,0,0,0,0,0,1,0,0,1,0,0,0,0,0,1,0,0,2,0,0,0,0,2,0,0,0,1,1,0,0,0,0,0,0,0,0, ,0,0,0,0,0,0,0,0,No, ,No, ,Si,1,No, ,No, ,No, ,Si,3,Si,2,Si,2,Si,1,Si,2,No, ,Si,5,Si,5,21,0,No, ,No, , , , , , , , , , , , , , , , , , , , , , , , , , , , , , , , , , , , , , , , , , , , , , , , , , , , , , , , , , , , ,-13.44238044,-76.08323594
1137,110204,04,CHINCHA BAJA,De 10001 - 20000 Hab,Distrital, , , , , , , , , , , , , , , , , , , , , , , , , , , , ,1,11,2,4,Si,No, , , , , , , , , , , , , , , , , , , , , , , , , , , , , , , , , , , , , , , , , , , , , ,20,0,1,0,0,14,5,0,0,2,0,0,0,0,1,1,0,0,8,0,0,0,0,8,0,0,0,0,0,0,0,0,0,0,0,0,2,0,0,0,0,2,0,0,0,1,0,0,0,0,1,0,0,0,3,0,0,0,0,0,3,0,0,1,0,0,0,0,0,1,0,0,2,0,0,0,0,2,0,0,0,1,0,1,0,0,0,0,0,0,0, ,0,0,0,0,0,0,0,0,No, ,No, ,Si,1,No, ,No, ,No, ,Si,1,No, ,Si,1,Si,1,Si,1,Si,1,Si,5,Si,9,20,0,No, ,No, , , , , , , , , , , , , , , , , , , , , , , , , , , , , , , , , , , , , , , , , , , , , , , , , , , , , , , , , , , , ,-13.45884735,-76.16161554
1138,110205,05,EL CARMEN,De 5000 - 10000 Hab,Distrital, , , , , , , , , , , , , , , , , , , , , , , , , , , , ,1,11,2,5,Si,No, , , , , , , , , , , , , , , , , , , , , , , , , , , , , , , , , , , , , , , , , , , , , ,18,1,0,0,0,12,4,1,0,3,0,0,0,0,2,1,0,0,4,0,0,0,0,4,0,0,0,2,0,0,0,0,1,0,1,0,1,0,0,0,0,0,1,0,0,2,0,0,0,0,2,0,0,0,2,0,0,0,0,2,0,0,0,2,0,0,0,0,0,2,0,0,1,0,0,0,0,1,0,0,0,1,1,0,0,0,0,0,0,0,0, ,0,0,0,0,0,0,0,0,No, ,No, ,No, ,No, ,No, ,Si,1,Si,2,No, ,Si,2,Si,1,Si,1,Si,2,Si,2,Si,7,18,0,No, ,No, , , , , , , , , , , , , , , , , , , , , , , , , , , , , , , , , , , , , , , , , , , , , , , , , , , , , , , , , , , , ,-13.4994253,-76.05726544
1139,110206,06,GROCIO PRADO,De 20001 - 40000 Hab,Distrital, , , , , , , , , , , , , , , , , , , , , , , , , , , , ,1,11,2,6,Si,No, , , , , , , , , , , , , , , , , , , , , , , , , , , , , , , , , , , , , , , , , , , , , ,26,1,0,0,0,19,6,0,0,2,0,0,0,0,1,1,0,0,10,0,0,0,0,10,0,0,0,2,0,0,0,0,2,0,0,0,2,0,0,0,0,2,0,0,0,2,0,0,0,0,2,0,0,0,3,0,0,0,0,0,3,0,0,2,0,0,0,0,0,2,0,0,2,0,0,0,0,2,0,0,0,1,1,0,0,0,0,0,0,0,0, ,0,0,0,0,0,0,0,0,No, ,No, ,Si,1,No, ,No, ,No, ,Si,5,Si,1,Si,1,Si,1,No, ,Si,3,Si,6,Si,8,26,0,No, ,Sí,1,30, , , , , , , , , , , , , , , , , , , , , , , , , , , , , , , , , , , , , , , ,Almenos una,1,No,Si,No,No,No,No,No,No,Si,Si,Si,Si,No,Si,Si,Si,BOTIQUIN DE PRIMEROS AUXILIOS,-13.3971199,-76.15538655
1140,110207,07,PUEBLO NUEVO,De 40001 - 80000 Hab,Distrital, , , , , , , , , , , , , , , , , , , , , , , , , , , , ,2,11,2,7,Si,No,11,2,3,Si,No, , , , , , , , , , , , , , , , , , , , , , , , , , , , , , , , , , , , , , , , ,43,2,0,0,0,34,7,0,0,3,0,0,0,0,2,1,0,0,14,0,0,0,0,14,0,0,0,4,0,0,0,0,4,0,0,0,9,0,0,0,0,8,1,0,0,3,0,0,0,0,3,0,0,0,4,0,0,0,0,0,4,0,0,2,0,0,0,0,1,1,0,0,2,0,0,0,0,2,0,0,0,2,2,0,0,0,0,0,0,0,0, ,0,0,0,0,0,0,0,0,No, ,No, ,Si,1,No, ,No, ,Si,1,Si,6,Si,2,Si,3,Si,2,Si,5,Si,3,Si,4,Si,16,43,0,No, ,No, , , , , , , , , , , , , , , , , , , , , , , , , , , , , , , , , , , , , , , , , , , , , , , , , , , , , , , , , , , , ,-13.39557221,-76.13438159
1141,110210,10,SUNAMPE,De 20001 - 40000 Hab,Distrital, , , , , , , , , , , , , , , , , , , , , , , , , , , , ,1,11,2,10,Si,No, , , , , , , , , , , , , , , , , , , , , , , , , , , , , , , , , , , , , , , , , , , , , ,22,2,0,0,0,17,3,0,0,1,0,0,0,0,1,0,0,0,8,0,0,0,0,8,0,0,0,2,0,0,0,0,2,0,0,0,2,0,0,0,0,2,0,0,0,1,0,0,0,0,1,0,0,0,2,0,0,0,0,1,1,0,0,2,0,0,0,0,0,2,0,0,2,0,0,0,0,2,0,0,0,2,2,0,0,0,0,0,0,0,0, ,0,0,0,0,0,0,0,0,No, ,No, ,Si,1,No, ,No, ,Si,1,Si,1,Si,5,Si,3,Si,1,Si,1,Si,4,Si,2,Si,3,22,0,No, ,No, , , , , , , , , , , , , , , , , , , , , , , , , , , , , , , , , , , , , , , , , , , , , , , , , , , , , , , , , , , , ,-13.42691901,-76.16396605
1142,110211,11,TAMBO DE MORA,De 5000 - 10000 Hab,Distrital, , , , , , , , , , , , , , , , , , , , , , , , , , , , ,1,11,2,11,Si,No, , , , , , , , , , , , , , , , , , , , , , , , , , , , , , , , , , , , , , , , , , , , , ,17,1,0,0,0,12,4,0,0,3,0,0,0,0,1,2,0,0,4,0,0,0,0,4,0,0,0,2,0,0,0,0,2,0,0,0,1,0,0,0,0,1,0,0,0,1,0,0,0,0,1,0,0,0,2,0,0,0,0,0,2,0,0,1,0,0,0,0,1,0,0,0,1,0,0,0,0,1,0,0,0,1,1,0,0,0,0,0,0,0,1,APOYO A LA JUSTICIA,0,0,0,0,1,0,0,0,No, ,No, ,No, ,Si,1,No, ,No, ,No, ,Si,1,Si,3,Si,2,Si,1,No, ,Si,1,Si,8,17,0,No, ,No, , , , , , , , , , , , , , , , , , , , , , , , , , , , , , , , , , , , , , , , , , , , , , , , , , , , , , , , , , , , ,-13.46066449,-76.18360225
1143,110301,01,NAZCA,De 20001 - 40000 Hab,Distrital, , , , , , , , , , , , , , , , , , , , , , , , , , , , ,1,11,3,1,Si,No, , , , , , , , , , , , , , , , , , , , , , , , , , , , , , , , , , , , , , , , , , , , , ,63,3,0,0,0,52,8,0,0,4,1,0,0,0,2,1,0,0,27,0,0,0,0,27,0,0,0,10,0,0,0,0,6,4,0,0,5,0,0,0,0,4,1,0,0,2,0,0,0,0,2,0,0,0,2,0,0,0,0,0,2,0,0,2,0,0,0,0,2,0,0,0,9,0,0,0,0,9,0,0,0,2,2,0,0,0,0,0,0,0,0, ,0,0,0,0,0,0,0,0,No, ,Si,1,No, ,No, ,No, ,Si,2,Si,5,Si,4,Si,7,No, ,No, ,Si,1,Si,10,Si,33,63,0,No, ,Sí,2,20,10, , , , , , , , , , , , , , , , , , , , , , , , , , , , , , , , , , , , , , ,Ninguna, , , , , , , , , , , , , , , , , , ,-14.82822001,-74.9444921
1144,110303,03,EL INGENIO,De 5000 - 10000 Hab,Distrital, , , , , , , , , , , , , , , , , , , , , , , , , , , , ,2,11,3,3,Si,No,11,3,2,Si,No, , , , , , , , , , , , , , , , , , , , , , , , , , , , , , , , , , , , , , , , ,11,1,0,0,0,10,0,0,0,1,0,0,0,0,1,0,0,0,2,0,0,0,0,2,0,0,0,2,0,0,0,0,2,0,0,0,1,0,0,0,0,1,0,0,0,1,0,0,0,0,1,0,0,0,1,0,0,0,0,1,0,0,0,1,0,0,0,0,1,0,0,0,1,0,0,0,0,1,0,0,0,1,1,0,0,0,0,0,0,0,0, ,0,0,0,0,0,0,0,0,No, ,No, ,No, ,No, ,Si,1,No, ,No, ,Si,2,Si,1,No, ,No, ,Si,1,Si,2,Si,4,11,0,No, ,No, , , , , , , , , , , , , , , , , , , , , , , , , , , , , , , , , , , , , , , , , , , , , , , , , , , , , , , , , , , , ,-14.64544368,-75.05979089
1145,110304,04,MARCONA,De 10001 - 20000 Hab,Distrital, , , , , , , , , , , , , , , , , , , , , , , , , , , , ,1,11,3,4,Si,No, , , , , , , , , , , , , , , , , , , , , , , , , , , , , , , , , , , , , , , , , , , , , ,24,2,0,0,0,21,1,0,0,5,1,0,0,0,3,1,0,0,7,0,0,0,0,7,0,0,0,0,0,0,0,0,0,0,0,0,2,0,0,0,0,2,0,0,0,2,0,0,0,0,2,0,0,0,2,0,0,0,0,2,0,0,0,1,0,0,0,0,1,0,0,0,4,0,0,0,0,4,0,0,0,1,1,0,0,0,0,0,0,0,0, ,0,0,0,0,0,0,0,0,No, ,No, ,Si,1,No, ,No, ,Si,1,Si,1,Si,3,Si,3,Si,2,Si,1,No, ,Si,1,Si,11,24,0,Sí,2,No, , , , , , , , , , , , , , , , , , , , , , , , , , , , , , , , , , , , , , , , , , , , , , , , , , , , , , , , , , , , ,-15.36183121,-75.16480592
1146,110305,05,VISTA ALEGRE,De 20001 - 40000 Hab,Distrital, , , , , , , , , , , , , , , , , , , , , , , , , , , , ,1,11,3,5,Si,No, , , , , , , , , , , , , , , , , , , , , , , , , , , , , , , , , , , , , , , , , , , , , ,30,1,0,0,0,22,7,0,0,4,0,0,0,0,2,2,0,0,10,0,0,0,0,10,0,0,0,0,0,0,0,0,0,0,0,0,2,0,0,0,0,2,0,0,0,1,0,0,0,0,1,0,0,0,3,0,0,0,0,0,3,0,0,1,0,0,0,0,1,0,0,0,5,0,0,0,0,3,2,0,0,1,1,0,0,0,0,0,0,0,3,PUESTO DE AUXILIO RAPIDO,0,0,0,0,3,0,0,0,No, ,No, ,Si,1,No, ,No, ,No, ,Si,4,Si,2,Si,3,Si,1,Si,1,Si,2,Si,2,Si,14,30,0,Sí,7,No, , , , , , , , , , , , , , , , , , , , , , , , , , , , , , , , , , , , , , , , , , , , , , , , , , , , , , , , , , , , ,-14.84486157,-74.94041603
1147,110401,01,PALPA,De 10001 - 20000 Hab,Provincial, , , , , , , ,1,11,4, , , , , , , , , , , , , , , , , , , , , , , , , , , , , , , , , , , , , , , , , , , , , , , , , , , , , , , , , , , , , , , , , , , , , ,37,1,0,0,0,33,3,0,0,3,0,0,0,0,3,0,0,0,17,0,0,0,0,17,0,0,0,3,0,0,0,0,3,0,0,0,3,0,0,0,0,3,0,0,0,3,0,0,0,0,3,0,0,0,3,0,0,0,0,1,2,0,0,1,0,0,0,0,0,1,0,0,2,0,0,0,0,2,0,0,0,1,1,0,0,0,0,0,0,0,1,APOYO A LA JUSTICIA,0,0,0,0,1,0,0,0,No, ,Si,1,No, ,No, ,No, ,No, ,Si,5,Si,2,Si,4,No, ,No, ,No, ,Si,6,Si,19,37,0,No, ,Sí,2,8,8, , , , , , , , , , , , , , , , , , , , , , , , , , , , , , , , , , , , , , ,Almenos una,2,No,Si,No,No,No,No,No,No,Si,Si,No,Si,No,No,No,No, ,-14.53429131,-75.18820985
1148,110501,01,PISCO,De 5000 - 10000 Hab,Provincial, , , , , , , ,2,11,5,11,5, , , , , , , , , , , , , , , , , , , , , , , , , , , , , , , , , , , , , , , , , , , , , , , , , , , , , , , , , , , , , , , , , , , ,53,1,0,0,0,47,5,0,0,5,0,0,0,0,1,4,0,0,17,0,0,0,0,17,0,0,0,0,0,0,0,0,0,0,0,0,6,0,0,0,0,6,0,0,0,2,0,0,0,0,2,0,0,0,2,0,0,0,0,2,0,0,0,2,0,0,0,0,1,1,0,0,6,0,0,0,0,6,0,0,0,3,1,0,0,0,2,0,0,0,10,ARMERO,0,0,0,0,10,0,0,0,No, ,Si,1,No, ,No, ,No, ,No, ,Si,4,Si,5,Si,9,Si,2,Si,2,Si,1,Si,5,Si,24,53,0,No, ,No, , , , , , , , , , , , , , , , , , , , , , , , , , , , , , , , , , , , , , , , , , , , , , , , , , , , , , , , , , , , ,-13.70943109,-76.20308948
1149,110507,07,SAN CLEMENTE,De 20001 - 40000 Hab,Distrital, , , , , , , , , , , , , , , , , , , , , , , , , , , , ,1,11,5,7,Si,No, , , , , , , , , , , , , , , , , , , , , , , , , , , , , , , , , , , , , , , , , , , , , ,32,1,0,0,0,29,2,0,0,2,0,0,0,0,1,1,0,0,14,0,0,0,0,14,0,0,0,1,0,0,0,0,1,0,0,0,8,0,0,0,0,8,0,0,0,2,0,0,0,0,2,0,0,0,1,0,0,0,0,1,0,0,0,1,0,0,0,0,0,1,0,0,2,0,0,0,0,2,0,0,0,1,1,0,0,0,0,0,0,0,0, ,0,0,0,0,0,0,0,0,No, ,Si,1,No, ,No, ,No, ,No, ,Si,1,Si,3,Si,2,Si,2,Si,2,No, ,No, ,Si,21,32,1,No, ,No, , , , , , , , , , , , , , , , , , , , , , , , , , , , , , , , , , , , , , , , , , , , , , , , , , , , , , , , , , , , ,-13.6831589,-76.15958455
1150,110503,03,HUMAY,De 5000 - 10000 Hab,Distrital, , , , , , , , , , , , , , , , , , , , , , , , , , , , ,2,11,5,3,No,Si,11,5,2,No,Si, , , , , , , , , , , , , , , , , , , , , , , , , , , , , , , , , , , , , , , , ,24,1,0,0,0,22,1,0,0,1,0,0,0,0,0,1,0,0,5,0,0,0,0,5,0,0,0,0,0,0,0,0,0,0,0,0,2,0,0,0,0,2,0,0,0,3,0,0,0,0,3,0,0,0,2,0,0,0,0,2,0,0,0,1,0,0,0,0,1,0,0,0,2,0,0,0,0,2,0,0,0,1,1,0,0,0,0,0,0,0,7,PUESTO DE AUXILIO RAPIDO,0,0,0,0,7,0,0,0,No, ,No, ,No, ,No, ,Si,1,No, ,Si,3,Si,7,No, ,Si,2,Si,1,Si,1,Si,3,Si,6,24,0,No, ,Sí,2,2,2, , , , , , , , , , , , , , , , , , , , , , , , , , , , , , , , , , , , , , ,Ninguna, , , , , , , , , , , , , , , , , , ,-13.72363834,-75.88929409
1151,110504,04,INDEPENDENCIA,De 10001 - 20000 Hab,Distrital, , , , , , , , , , , , , , , , , , , , , , , , , , , , ,1,11,5,4,Si,No, , , , , , , , , , , , , , , , , , , , , , , , , , , , , , , , , , , , , , , , , , , , , ,15,1,0,0,0,11,3,0,0,2,0,0,0,0,1,1,0,0,3,0,0,0,0,3,0,0,0,2,0,0,0,0,2,0,0,0,2,0,0,0,0,2,0,0,0,1,0,0,0,0,1,0,0,0,1,0,0,0,0,0,1,0,0,1,0,0,0,0,0,1,0,0,2,0,0,0,0,2,0,0,0,1,1,0,0,0,0,0,0,0,0, ,0,0,0,0,0,0,0,0,No, ,No, ,No, ,No, ,No, ,Si,1,Si,3,Si,2,No, ,No, ,No, ,Si,1,Si,2,Si,6,15,0,No, ,No, , , , , , , , , , , , , , , , , , , , , , , , , , , , , , , , , , , , , , , , , , , , , , , , , , , , , , , , , , , , ,-13.69323348,-76.03019211
1152,110505,05,PARACAS,Menos de 5000 Hab,Distrital, , , , , , , , , , , , , , , , , , , , , , , , , , , , ,1,11,5,5,Si,No, , , , , , , , , , , , , , , , , , , , , , , , , , , , , , , , , , , , , , , , , , , , , ,22,1,0,0,0,19,2,0,0,3,0,0,0,0,2,1,0,0,8,0,0,0,0,8,0,0,0,0,0,0,0,0,0,0,0,0,2,0,0,0,0,2,0,0,0,2,0,0,0,0,2,0,0,0,2,0,0,0,0,1,1,0,0,2,0,0,0,0,2,0,0,0,2,0,0,0,0,2,0,0,0,1,1,0,0,0,0,0,0,0,0, ,0,0,0,0,0,0,0,0,No, ,No, ,No, ,Si,1,No, ,No, ,No, ,Si,2,Si,4,No, ,No, ,Si,1,Si,4,Si,10,22,0,No, ,Sí,2,10,11, , , , , , , , , , , , , , , , , , , , , , , , , , , , , , , , , , , , , , ,Ninguna, , , , , , , , , , , , , , , , , , ,-13.83270555,-76.2467539
1153,110506,06,SAN ANDRES,De 20001 - 40000 Hab,Distrital, , , , , , , , , , , , , , , , , , , , , , , , , , , , ,1,11,5,6,Si,No, , , , , , , , , , , , , , , , , , , , , , , , , , , , , , , , , , , , , , , , , , , , , ,24,1,0,0,0,22,1,0,0,2,0,0,0,0,1,1,0,0,4,0,0,0,0,4,0,0,0,4,0,0,0,0,4,0,0,0,4,0,0,0,0,4,0,0,0,2,0,0,0,0,2,0,0,0,3,0,0,0,0,3,0,0,0,2,0,0,0,0,2,0,0,0,2,0,0,0,0,2,0,0,0,1,1,0,0,0,0,0,0,0,0, ,0,0,0,0,0,0,0,0,No, ,No, ,Si,1,No, ,No, ,No, ,Si,1,No, ,Si,6,Si,1,Si,1,No, ,Si,2,Si,12,24,0,No, ,Sí,1,12, , , , , , , , , , , , , , , , , , , , , , , , , , , , , , , , , , , , , , , ,Ninguna, , , , , , , , , , , , , , , , , , ,-13.73246507,-76.22114161
1154,110501,01,PISCO,De 5000 - 10000 Hab,Otros,CENTRO POBLADO, , , , , , , , , , , , , , , , , , , , , , , , , , , , , , , , , , , , , , , , , , , , , , , , , , , , , , , , , , , , , , , , , , , , , , , , , , , , , , ,17,0,1,0,0,13,3,0,0,2,0,0,0,0,0,2,0,0,2,0,0,0,0,2,0,0,0,2,0,0,0,0,2,0,0,0,2,0,0,0,0,2,0,0,0,1,0,0,0,0,1,0,0,0,2,0,0,0,0,1,1,0,0,1,0,0,0,0,1,0,0,0,2,0,0,0,0,2,0,0,0,1,0,1,0,0,0,0,0,0,2,PUESTO DE AUXILIO RAPIDO,0,0,0,0,2,0,0,0,No, ,No, ,No, ,No, ,Si,1,No, ,Si,3,Si,3,Si,3,No, ,Si,1,Si,2,Si,2,Si,2,17,1,No, ,No, , , , , , , , , , , , , , , , , , , , , , , , , , , , , , , , , , , , , , , , , , , , , , , , , , , , , , , , , , , , ,-13.70275495,-76.15339385
1155,110508,08,TUPAC AMARU INCA,De 20001 - 40000 Hab,Distrital, , , , , , , , , , , , , , , , , , , , , , , , , , , , ,1,11,5,8,Si,No, , , , , , , , , , , , , , , , , , , , , , , , , , , , , , , , , , , , , , , , , , , , , ,18,1,0,0,0,14,3,0,0,3,0,0,0,0,1,2,0,0,4,0,0,0,0,4,0,0,0,0,0,0,0,0,0,0,0,0,2,0,0,0,0,2,0,0,0,2,0,0,0,0,2,0,0,0,1,0,0,0,0,0,1,0,0,1,0,0,0,0,1,0,0,0,4,0,0,0,0,4,0,0,0,1,1,0,0,0,0,0,0,0,0, ,0,0,0,0,0,0,0,0,No, ,No, ,No, ,Si,1,No, ,No, ,Si,1,No, ,No, ,Si,1,No, ,Si,1,No, ,Si,14,18,0,No, ,Sí,2,4,4, , , , , , , , , , , , , , , , , , , , , , , , , , , , , , , , , , , , , , ,Ninguna, , , , , , , , , , , , , , , , , , ,-13.7144446,-76.14863525
1156,030101,01,ABANCAY,De 80001 a más Hab,Distrital, , , , , , , , , , , , , , , , , , , , , , , , , , , , ,1,3,1,1,Si,No, , , , , , , , , , , , , , , , , , , , , , , , , , , , , , , , , , , , , , , , , , , , , ,54,1,0,0,0,46,7,0,0,4,0,0,0,0,1,3,0,0,18,0,0,0,0,18,0,0,0,0,0,0,0,0,0,0,0,0,18,0,0,0,0,14,4,0,0,3,0,0,0,0,3,0,0,0,0,0,0,0,0,0,0,0,0,2,0,0,0,0,2,0,0,0,8,0,0,0,0,8,0,0,0,1,1,0,0,0,0,0,0,0,0, ,0,0,0,0,0,0,0,0,No, ,No, ,Si,1,No, ,No, ,No, ,Si,3,Si,2,Si,8,Si,2,Si,2,No, ,Si,4,Si,32,54,0,No, ,Sí,4,4,4,4,4, , , , , , , , , , , , , , , , , , , , , , , , , , , , , , , , , , , , ,Ninguna, , , , , , , , , , , , , , , , , , ,-13.63665317,-72.87784842
1157,030101,01,ABANCAY,De 40001 - 80000 Hab,Distrital, , , , , , , , , , , , , , , , , , , , , , , , , , , , ,1,3,1,1,No,Si, , , , , , , , , , , , , , , , , , , , , , , , , , , , , , , , , , , , , , , , , , , , , ,41,2,0,0,0,32,7,0,0,4,0,0,0,0,0,4,0,0,10,0,0,0,0,10,0,0,0,0,0,0,0,0,0,0,0,0,8,0,0,0,0,8,0,0,0,3,0,0,0,0,3,0,0,0,3,0,0,0,0,1,2,0,0,3,0,0,0,0,2,1,0,0,8,0,0,0,0,8,0,0,0,2,2,0,0,0,0,0,0,0,0, ,0,0,0,0,0,0,0,0,No, ,No, ,Si,1,No, ,Si,1,No, ,Si,2,Si,1,Si,1,Si,1,Si,1,Si,4,Si,6,Si,23,41,0,No, ,Sí,3,6,6,6, , , , , , , , , , , , , , , , , , , , , , , , , , , , , , , , , , , , , ,Ninguna, , , , , , , , , , , , , , , , , , ,-13.63703366,-72.89771985
1158,030101,01,ABANCAY,De 5000 - 10000 Hab,Otros,CENTRO POBLADO, , , , , , , , , , , , , , , , , , , , , , , , , , , , , , , , , , , , , , , , , , , , , , , , , , , , , , , , , , , , , , , , , , , , , , , , , , , , , , ,29,0,0,0,0,24,5,0,0,2,0,0,0,0,1,1,0,0,8,0,0,0,0,8,0,0,0,4,0,0,0,0,4,0,0,0,5,0,0,0,0,5,0,0,0,1,0,0,0,0,1,0,0,0,3,0,0,0,0,0,3,0,0,1,0,0,0,0,0,1,0,0,4,0,0,0,0,4,0,0,0,1,0,0,0,0,1,0,0,0,0, ,0,0,0,0,0,0,0,0,No, ,No, ,No, ,No, ,No, ,No, ,Si,1,Si,1,Si,3,Si,1,Si,1,Si,2,Si,3,Si,17,29,0,No, ,No, , , , , , , , , , , , , , , , , , , , , , , , , , , , , , , , , , , , , , , , , , , , , , , , , , , , , , , , , , , , ,-13.63176758,-72.88475977
1160,030104,04,CURAHUASI,De 10001 - 20000 Hab,Distrital, , , , , , , , , , , , , , , , , , , , , , , , , , , , ,1,3,1,4,Si,No, , , , , , , , , , , , , , , , , , , , , , , , , , , , , , , , , , , , , , , , , , , , , ,21,1,0,0,0,18,2,0,0,1,0,0,0,0,1,0,0,0,4,0,0,0,0,4,0,0,0,4,0,0,0,0,4,0,0,0,2,0,0,0,0,2,0,0,0,1,0,0,0,0,1,0,0,0,2,0,0,0,0,0,2,0,0,1,0,0,0,0,1,0,0,0,5,0,0,0,0,5,0,0,0,1,1,0,0,0,0,0,0,0,0, ,0,0,0,0,0,0,0,0,No, ,No, ,No, ,Si,1,No, ,No, ,Si,2,Si,2,Si,3,Si,2,Si,1,Si,1,Si,1,Si,8,21,0,No, ,Sí,1,21, , , , , , , , , , , , , , , , , , , , , , , , , , , , , , , , , , , , , , , ,Ninguna, , , , , , , , , , , , , , , , , , ,-13.54046857,-72.69611738
1161,030105,05,HUANIPACA,Menos de 5000 Hab,Distrital, , , , , , , , , , , , , , , , , , , , , , , , , , , , ,1,3,1,5,Si,No, , , , , , , , , , , , , , , , , , , , , , , , , , , , , , , , , , , , , , , , , , , , , ,8,0,0,0,0,8,0,0,0,1,0,0,0,0,1,0,0,0,2,0,0,0,0,2,0,0,0,0,0,0,0,0,0,0,0,0,1,0,0,0,0,1,0,0,0,0,0,0,0,0,0,0,0,0,1,0,0,0,0,1,0,0,0,1,0,0,0,0,1,0,0,0,1,0,0,0,0,1,0,0,0,1,0,0,0,0,1,0,0,0,0, ,0,0,0,0,0,0,0,0,No, ,No, ,No, ,No, ,No, ,No, ,No, ,Si,1,No, ,Si,1,No, ,No, ,Si,2,Si,4,8,0,No, ,Sí,1,4, , , , , , , , , , , , , , , , , , , , , , , , , , , , , , , , , , , , , , , ,Ninguna, , , , , , , , , , , , , , , , , , ,-13.49290577,-72.93293017
1162,030106,06,LAMBRAMA,Menos de 5000 Hab,Distrital, , , , , , , , , , , , , , , , , , , , , , , , , , , , ,1,3,1,6,Si,No, , , , , , , , , , , , , , , , , , , , , , , , , , , , , , , , , , , , , , , , , , , , , ,12,0,0,0,0,12,0,0,0,1,0,0,0,0,1,0,0,0,2,0,0,0,0,2,0,0,0,0,0,0,0,0,0,0,0,0,2,0,0,0,0,2,0,0,0,1,0,0,0,0,1,0,0,0,2,0,0,0,0,2,0,0,0,1,0,0,0,0,1,0,0,0,2,0,0,0,0,2,0,0,0,1,0,0,0,0,1,0,0,0,0, ,0,0,0,0,0,0,0,0,No, ,No, ,No, ,No, ,No, ,No, ,Si,1,No, ,Si,2,No, ,No, ,No, ,Si,1,Si,8,12,0,No, ,Sí,1,12, , , , , , , , , , , , , , , , , , , , , , , , , , , , , , , , , , , , , , , ,Almenos una,1,Si,Si,No,No,No,No,No,No,Si,Si,Si,No,No,No,No,No, ,-13.87103621,-72.76990206
1163,030102,02,CHACOCHE,Menos de 5000 Hab,Distrital, , , , , , , , , , , , , , , , , , , , , , , , , , , , ,3,3,1,7,Si,No,3,1,2,Si,No,3,1,3,Si,No, , , , , , , , , , , , , , , , , , , , , , , , , , , , , , , , , , , ,12,0,0,0,0,12,0,0,0,1,0,0,0,0,1,0,0,0,2,0,0,0,0,2,0,0,0,2,0,0,0,0,2,0,0,0,1,0,0,0,0,1,0,0,0,2,0,0,0,0,2,0,0,0,1,0,0,0,0,1,0,0,0,1,0,0,0,0,1,0,0,0,1,0,0,0,0,1,0,0,0,1,0,0,0,0,1,0,0,0,0, ,0,0,0,0,0,0,0,0,No, ,No, ,No, ,No, ,No, ,No, ,Si,1,Si,2,Si,3,Si,1,Si,1,No, ,Si,2,Si,2,12,0,No, ,Sí,1,6, , , , , , , , , , , , , , , , , , , , , , , , , , , , , , , , , , , , , , , ,Ninguna, , , , , , , , , , , , , , , , , , ,-13.87633666,-73.02693689
1164,030108,08,SAN PEDRO DE CACHORA,Menos de 5000 Hab,Otros,CENTRO POBLADO, , , , , , , , , , , , , , , , , , , , , , , , , , , , , , , , , , , , , , , , , , , , , , , , , , , , , , , , , , , , , , , , , , , , , , , , , , , , , , ,10,0,0,0,0,10,0,0,0,1,0,0,0,0,1,0,0,0,2,0,0,0,0,2,0,0,0,1,0,0,0,0,1,0,0,0,1,0,0,0,0,1,0,0,0,1,0,0,0,0,1,0,0,0,1,0,0,0,0,1,0,0,0,1,0,0,0,0,1,0,0,0,1,0,0,0,0,1,0,0,0,1,0,0,0,0,1,0,0,0,0, ,0,0,0,0,0,0,0,0,No, ,No, ,No, ,No, ,No, ,No, ,Si,1,No, ,Si,3,Si,1,Si,2,No, ,No, ,Si,3,10,0,No, ,No, , , , , , , , , , , , , , , , , , , , , , , , , , , , , , , , , , , , , , , , , , , , , , , , , , , , , , , , , , , , ,-13.51245188,-72.81312014
1165,030201,01,ANDAHUAYLAS,De 10001 - 20000 Hab,Otros,LOCALIDAD (PARTE DEL DISTRITO), , , , , , , , , , , , , , , , , , , , , , , , , , , , , , , , , , , , , , , , , , , , , , , , , , , , , , , , , , , , , , , , , , , , , , , , , , , , , , ,65,1,0,0,0,50,14,0,0,5,0,0,0,0,0,5,0,0,8,0,0,0,0,8,0,0,0,6,0,0,0,0,6,0,0,0,12,0,0,0,0,10,2,0,0,4,0,0,0,0,4,0,0,0,7,0,0,0,0,0,7,0,0,2,0,0,0,0,2,0,0,0,16,0,0,0,0,16,0,0,0,1,1,0,0,0,0,0,0,0,4,CALABOCERO,0,0,0,0,4,0,0,0,No, ,No, ,No, ,Si,1,No, ,No, ,Si,3,Si,2,Si,1,No, ,Si,1,Si,4,Si,14,Si,39,65,1,Sí,2,No, , , , , , , , , , , , , , , , , , , , , , , , , , , , , , , , , , , , , , , , , , , , , , , , , , , , , , , , , , , , ,-13.65659553,-73.38469236
1166,030220,20,JOSÉ MARÍA ARGUEDAS,Menos de 5000 Hab,Otros,CENTRO POBLADO, , , , , , , , , , , , , , , , , , , , , , , , , , , , , , , , , , , , , , , , , , , , , , , , , , , , , , , , , , , , , , , , , , , , , , , , , , , , , , ,12,0,0,0,0,10,2,0,0,1,0,0,0,0,1,0,0,0,2,0,0,0,0,2,0,0,0,2,0,0,0,0,2,0,0,0,1,0,0,0,0,1,0,0,0,1,0,0,0,0,0,1,0,0,1,0,0,0,0,0,1,0,0,1,0,0,0,0,1,0,0,0,2,0,0,0,0,2,0,0,0,1,0,0,0,0,1,0,0,0,0, ,0,0,0,0,0,0,0,0,No, ,No, ,No, ,No, ,No, ,No, ,No, ,Si,1,No, ,No, ,No, ,No, ,Si,1,Si,10,12,0,No, ,Sí,1,12, , , , , , , , , , , , , , , , , , , , , , , , , , , , , , , , , , , , , , , ,Ninguna, , , , , , , , , , , , , , , , , , ,-13.73001452,-73.35362315
1167,030202,02,ANDARAPA,Menos de 5000 Hab,Distrital, , , , , , , , , , , , , , , , , , , , , , , , , , , , ,1,3,2,2,Si,No, , , , , , , , , , , , , , , , , , , , , , , , , , , , , , , , , , , , , , , , , , , , , ,12,0,0,0,0,12,0,0,0,1,0,0,0,0,1,0,0,0,2,0,0,0,0,2,0,0,0,2,0,0,0,0,2,0,0,0,1,0,0,0,0,1,0,0,0,2,0,0,0,0,2,0,0,0,1,0,0,0,0,1,0,0,0,1,0,0,0,0,1,0,0,0,1,0,0,0,0,1,0,0,0,1,0,0,0,0,1,0,0,0,0, ,0,0,0,0,0,0,0,0,No, ,No, ,No, ,No, ,No, ,No, ,No, ,Si,1,No, ,No, ,Si,1,No, ,Si,5,Si,5,12,0,No, ,Sí,1,1, , , , , , , , , , , , , , , , , , , , , , , , , , , , , , , , , , , , , , , ,Ninguna, , , , , , , , , , , , , , , , , , ,-13.52823785,-73.36619916
1168,030204,04,HUANCARAMA,De 5000 - 10000 Hab,Distrital, , , , , , , , , , , , , , , , , , , , , , , , , , , , ,2,3,2,4,Si,No,3,2,8,Si,No, , , , , , , , , , , , , , , , , , , , , , , , , , , , , , , , , , , , , , , , ,12,0,0,0,0,11,1,0,0,1,0,0,0,0,1,0,0,0,2,0,0,0,0,2,0,0,0,2,0,0,0,0,2,0,0,0,1,0,0,0,0,1,0,0,0,2,0,0,0,0,2,0,0,0,1,0,0,0,0,0,1,0,0,1,0,0,0,0,1,0,0,0,1,0,0,0,0,1,0,0,0,1,0,0,0,0,1,0,0,0,0, ,0,0,0,0,0,0,0,0,No, ,No, ,No, ,No, ,No, ,No, ,Si,1,No, ,No, ,No, ,Si,1,No, ,Si,3,Si,7,12,0,No, ,Sí,1,11, , , , , , , , , , , , , , , , , , , , , , , , , , , , , , , , , , , , , , , ,Ninguna, , , , , , , , , , , , , , , , , , ,-13.64551483,-73.08410603
1169,030205,05,HUANCARAY,Menos de 5000 Hab,Distrital, , , , , , , , , , , , , , , , , , , , , , , , , , , , ,2,3,2,5,Si,No,3,2,18,Si,No, , , , , , , , , , , , , , , , , , , , , , , , , , , , , , , , , , , , , , , , ,15,0,0,0,0,15,0,0,0,2,0,0,0,0,2,0,0,0,2,0,0,0,0,2,0,0,0,2,0,0,0,0,2,0,0,0,1,0,0,0,0,1,0,0,0,2,0,0,0,0,2,0,0,0,2,0,0,0,0,2,0,0,0,1,0,0,0,0,1,0,0,0,2,0,0,0,0,2,0,0,0,1,0,0,0,0,1,0,0,0,0, ,0,0,0,0,0,0,0,0,No, ,No, ,No, ,No, ,No, ,No, ,Si,1,No, ,Si,1,No, ,No, ,No, ,Si,4,Si,9,15,0,No, ,Sí,1,15, , , , , , , , , , , , , , , , , , , , , , , , , , , , , , , , , , , , , , , ,Ninguna, , , , , , , , , , , , , , , , , , ,-13.75698734,-73.52909919
1170,030207,07,KISHUARA,De 5000 - 10000 Hab,Distrital, , , , , , , , , , , , , , , , , , , , , , , , , , , , ,1,3,2,7,Si,No, , , , , , , , , , , , , , , , , , , , , , , , , , , , , , , , , , , , , , , , , , , , , ,15,0,0,0,0,15,0,0,0,1,0,0,0,0,1,0,0,0,2,0,0,0,0,2,0,0,0,2,0,0,0,0,2,0,0,0,2,0,0,0,0,2,0,0,0,2,0,0,0,0,2,0,0,0,2,0,0,0,0,2,0,0,0,1,0,0,0,0,1,0,0,0,2,0,0,0,0,2,0,0,0,1,0,0,0,0,1,0,0,0,0, ,0,0,0,0,0,0,0,0,No, ,No, ,No, ,No, ,No, ,No, ,Si,1,No, ,Si,1,No, ,Si,2,Si,1,Si,4,Si,6,15,0,No, ,Sí,1,3, , , , , , , , , , , , , , , , , , , , , , , , , , , , , , , , , , , , , , , ,Ninguna, , , , , , , , , , , , , , , , , , ,-13.69157951,-73.11830639
1171,030209,09,PACUCHA,De 10001 - 20000 Hab,Distrital, , , , , , , , , , , , , , , , , , , , , , , , , , , , ,2,3,2,9,Si,No,3,2,19,Si,No, , , , , , , , , , , , , , , , , , , , , , , , , , , , , , , , , , , , , , , , ,15,0,0,0,0,12,3,0,0,2,0,0,0,0,1,1,0,0,2,0,0,0,0,2,0,0,0,2,0,0,0,0,2,0,0,0,2,0,0,0,0,2,0,0,0,1,0,0,0,0,1,0,0,0,2,0,0,0,0,0,2,0,0,1,0,0,0,0,1,0,0,0,2,0,0,0,0,2,0,0,0,1,0,0,0,0,1,0,0,0,0, ,0,0,0,0,0,0,0,0,No, ,No, ,No, ,No, ,No, ,No, ,No, ,Si,2,No, ,Si,1,No, ,No, ,Si,4,Si,8,15,0,Sí,1,Sí,1,15, , , , , , , , , , , , , , , , , , , , , , , , , , , , , , , , , , , , , , , ,Almenos una,1,Si,Si,No,No,No,No,No,No,No,No,No,No,No,No,No,No, ,-13.60919006,-73.34253779
1172,030210,10,PAMPACHIRI,Menos de 5000 Hab,Distrital, , , , , , , , , , , , , , , , , , , , , , , , , , , , ,4,3,2,11,Si,No,3,2,17,Si,No,3,2,6,Si,No,3,2,10,Si,No, , , , , , , , , , , , , , , , , , , , , , , , , , , , , , ,15,0,0,0,0,13,2,0,0,2,0,0,0,0,2,0,0,0,2,0,0,0,0,2,0,0,0,0,0,0,0,0,0,0,0,0,2,0,0,0,0,2,0,0,0,2,0,0,0,0,2,0,0,0,2,0,0,0,0,0,2,0,0,2,0,0,0,0,2,0,0,0,2,0,0,0,0,2,0,0,0,1,0,0,0,0,1,0,0,0,0, ,0,0,0,0,0,0,0,0,No, ,No, ,No, ,No, ,No, ,No, ,No, ,Si,1,Si,1,No, ,Si,2,Si,2,Si,3,Si,6,15,0,No, ,Sí,2,5,5, , , , , , , , , , , , , , , , , , , , , , , , , , , , , , , , , , , , , , ,Ninguna, , , , , , , , , , , , , , , , , , ,-14.18713911,-73.5440726
1173,030212,12,SAN ANTONIO DE CACHI,De 5000 - 10000 Hab,Distrital, , , , , , , , , , , , , , , , , , , , , , , , , , , , ,3,3,2,12,Si,No,3,2,14,Si,No,3,2,3,Si,No, , , , , , , , , , , , , , , , , , , , , , , , , , , , , , , , , , , ,11,0,0,0,0,11,0,0,0,1,0,0,0,0,1,0,0,0,2,0,0,0,0,2,0,0,0,2,0,0,0,0,2,0,0,0,1,0,0,0,0,1,0,0,0,1,0,0,0,0,1,0,0,0,1,0,0,0,0,1,0,0,0,1,0,0,0,0,1,0,0,0,1,0,0,0,0,1,0,0,0,1,0,0,0,0,1,0,0,0,0, ,0,0,0,0,0,0,0,0,No, ,No, ,No, ,No, ,No, ,No, ,Si,1,Si,2,No, ,No, ,No, ,No, ,Si,4,Si,4,11,0,No, ,Sí,1,11, , , , , , , , , , , , , , , , , , , , , , , , , , , , , , , , , , , , , , , ,Almenos una,1,No,Si,No,No,No,No,No,No,Si,Si,Si,Si,Si,Si,Si,No, ,-13.77271562,-73.60266085
1174,030213,13,SAN JERONIMO,De 20001 - 40000 Hab,Otros,CENTRO POBLADO, , , , , , , , , , , , , , , , , , , , , , , , , , , , , , , , , , , , , , , , , , , , , , , , , , , , , , , , , , , , , , , , , , , , , , , , , , , , , , ,36,1,0,0,0,28,7,0,0,3,0,0,0,0,1,2,0,0,8,0,0,0,0,8,0,0,0,2,0,0,0,0,0,2,0,0,4,0,0,0,0,4,0,0,0,4,0,0,0,0,4,0,0,0,4,0,0,0,0,1,3,0,0,2,0,0,0,0,2,0,0,0,8,0,0,0,0,8,0,0,0,1,1,0,0,0,0,0,0,0,0, ,0,0,0,0,0,0,0,0,No, ,No, ,No, ,No, ,No, ,Si,1,Si,1,Si,2,Si,1,No, ,Si,1,Si,1,Si,7,Si,22,36,0,No, ,Sí,1,36, , , , , , , , , , , , , , , , , , , , , , , , , , , , , , , , , , , , , , , ,Ninguna, , , , , , , , , , , , , , , , , , ,-13.65171414,-73.36533111
1175,030215,15,SANTA MARIA DE CHICMO,De 5000 - 10000 Hab,Distrital, , , , , , , , , , , , , , , , , , , , , , , , , , , , ,1,3,2,15,Si,No, , , , , , , , , , , , , , , , , , , , , , , , , , , , , , , , , , , , , , , , , , , , , ,12,0,0,0,0,10,2,0,0,1,0,0,0,0,1,0,0,0,2,0,0,0,0,2,0,0,0,2,0,0,0,0,2,0,0,0,1,0,0,0,0,1,0,0,0,1,0,0,0,0,1,0,0,0,2,0,0,0,0,0,2,0,0,1,0,0,0,0,1,0,0,0,1,0,0,0,0,1,0,0,0,1,0,0,0,0,1,0,0,0,0, ,0,0,0,0,0,0,0,0,No, ,No, ,No, ,No, ,No, ,No, ,Si,1,Si,1,No, ,No, ,No, ,Si,1,Si,5,Si,4,12,0,No, ,Sí,1,12, , , , , , , , , , , , , , , , , , , , , , , , , , , , , , , , , , , , , , , ,Ninguna, , , , , , , , , , , , , , , , , , ,-13.65784382,-73.49472981
1176,030216,16,TALAVERA,De 10001 - 20000 Hab,Distrital, , , , , , , , , , , , , , , , , , , , , , , , , , , , ,1,3,2,16,Si,No, , , , , , , , , , , , , , , , , , , , , , , , , , , , , , , , , , , , , , , , , , , , , ,37,1,0,0,0,31,5,0,0,2,0,0,0,0,0,2,0,0,4,0,0,0,0,4,0,0,0,4,0,0,0,0,4,0,0,0,4,0,0,0,0,4,0,0,0,3,0,0,0,0,3,0,0,0,2,0,0,0,0,0,2,0,0,3,0,0,0,0,2,1,0,0,13,0,0,0,0,13,0,0,0,2,1,0,0,0,1,0,0,0,0, ,0,0,0,0,0,0,0,0,No, ,No, ,Si,1,No, ,No, ,No, ,Si,3,No, ,No, ,Si,2,Si,4,No, ,Si,9,Si,18,37,0,Sí,2,Sí,1,37, , , , , , , , , , , , , , , , , , , , , , , , , , , , , , , , , , , , , , , ,Ninguna, , , , , , , , , , , , , , , , , , ,-13.65629865,-73.43000742
1177,030301,01,ANTABAMBA,De 10001 - 20000 Hab,Distrital, , , , , , , , , , , , , , , , , , , , , , , , , , , , ,4,3,3,1,Si,No,3,3,4,Si,No,3,3,3,Si,No,3,3,7,Si,No, , , , , , , , , , , , , , , , , , , , , , , , , , , , , , ,13,1,0,0,0,12,0,0,0,1,0,0,0,0,1,0,0,0,0,0,0,0,0,0,0,0,0,3,0,0,0,0,3,0,0,0,2,0,0,0,0,2,0,0,0,1,0,0,0,0,1,0,0,0,1,0,0,0,0,1,0,0,0,1,0,0,0,0,1,0,0,0,3,0,0,0,0,3,0,0,0,1,1,0,0,0,0,0,0,0,0, ,0,0,0,0,0,0,0,0,No, ,No, ,No, ,No, ,No, ,Si,1,No, ,No, ,Si,1,No, ,No, ,No, ,Si,1,Si,10,13,0,Sí,1,Sí,2,6,7, , , , , , , , , , , , , , , , , , , , , , , , , , , , , , , , , , , , , , ,Almenos una,1,No,No,No,No,No,No,No,No,Si,No,No,Si,No,No,No,Si,IMPERMEABLES,-14.36750001,-72.87280001
1178,030305,05,OROPESA,Menos de 5000 Hab,Distrital, , , , , , , , , , , , , , , , , , , , , , , , , , , , ,1,3,3,5,Si,No, , , , , , , , , , , , , , , , , , , , , , , , , , , , , , , , , , , , , , , , , , , , , ,10,0,0,0,0,10,0,0,0,1,0,0,0,0,1,0,0,0,2,0,0,0,0,2,0,0,0,0,0,0,0,0,0,0,0,0,1,0,0,0,0,1,0,0,0,1,0,0,0,0,1,0,0,0,1,0,0,0,0,1,0,0,0,1,0,0,0,0,1,0,0,0,2,0,0,0,0,2,0,0,0,1,0,0,0,0,1,0,0,0,0, ,0,0,0,0,0,0,0,0,No, ,No, ,No, ,No, ,No, ,No, ,Si,1,No, ,Si,1,Si,1,No, ,No, ,Si,1,Si,6,10,0,No, ,Sí,1,10, , , , , , , , , , , , , , , , , , , , , , , , , , , , , , , , , , , , , , , ,Almenos una,1,No,No,No,No,No,No,No,No,No,No,No,Si,No,No,No,Si,IMPERMEABLES,-14.26037045,-72.56335404
1179,030306,06,PACHACONAS,De 5000 - 10000 Hab,Distrital, , , , , , , , , , , , , , , , , , , , , , , , , , , , ,2,3,3,6,Si,No,3,3,2,Si,No, , , , , , , , , , , , , , , , , , , , , , , , , , , , , , , , , , , , , , , , ,9,0,0,0,0,9,0,0,0,1,0,0,0,0,1,0,0,0,0,0,0,0,0,0,0,0,0,2,0,0,0,0,2,0,0,0,1,0,0,0,0,1,0,0,0,1,0,0,0,0,1,0,0,0,0,0,0,0,0,0,0,0,0,1,0,0,0,0,1,0,0,0,2,0,0,0,0,2,0,0,0,1,0,0,0,0,1,0,0,0,0, ,0,0,0,0,0,0,0,0,No, ,No, ,No, ,No, ,No, ,No, ,No, ,Si,2,Si,1,No, ,No, ,Si,1,Si,1,Si,4,9,0,No, ,Sí,1,11, , , , , , , , , , , , , , , , , , , , , , , , , , , , , , , , , , , , , , , ,Almenos una,1,No,No,No,No,No,No,No,No,Si,No,No,Si,No,No,No,Si,IMPERMEABLES,-14.22348574,-73.01631968
1180,030401,01,CHALHUANCA,De 20001 - 40000 Hab,Distrital, , , , , , , , , , , , , , , , , , , , , , , , , , , , ,7,3,4,1,Si,No,3,4,2,Si,No,3,4,5,Si,No,3,4,13,Si,No,3,4,7,Si,No,3,4,16,Si,No,3,4,12,Si,No, , , , , , , , , , , , , , , ,24,1,0,0,0,18,5,0,0,2,0,0,0,0,1,1,0,0,3,0,0,0,0,3,0,0,0,0,0,0,0,0,0,0,0,0,7,0,0,0,0,7,0,0,0,2,0,0,0,0,2,0,0,0,3,0,0,0,0,0,3,0,0,2,0,0,0,0,1,1,0,0,4,0,0,0,0,4,0,0,0,1,1,0,0,0,0,0,0,0,0, ,0,0,0,0,0,0,0,0,No, ,No, ,No, ,Si,1,No, ,No, ,Si,1,No, ,Si,1,Si,1,No, ,Si,1,Si,1,Si,18,24,0,No, ,Sí,1,8, , , , , , , , , , , , , , , , , , , , , , , , , , , , , , , , , , , , , , , ,Ninguna, , , , , , , , , , , , , , , , , , ,-14.29523923,-73.24763498
1181,030406,06,COTARUSE,Menos de 5000 Hab,Otros,CENTRO POBLADO, , , , , , , , , , , , , , , , , , , , , , , , , , , , , , , , , , , , , , , , , , , , , , , , , , , , , , , , , , , , , , , , , , , , , , , , , , , , , , ,13,0,0,0,0,12,1,0,0,2,0,0,0,0,1,1,0,0,0,0,0,0,0,0,0,0,0,4,0,0,0,0,4,0,0,0,1,0,0,0,0,1,0,0,0,2,0,0,0,0,2,0,0,0,1,0,0,0,0,1,0,0,0,1,0,0,0,0,1,0,0,0,1,0,0,0,0,1,0,0,0,1,0,0,0,0,1,0,0,0,0, ,0,0,0,0,0,0,0,0,No, ,No, ,No, ,No, ,No, ,No, ,Si,1,No, ,Si,1,Si,1,No, ,Si,1,Si,2,Si,7,13,0,No, ,Sí,1,13, , , , , , , , , , , , , , , , , , , , , , , , , , , , , , , , , , , , , , , ,Ninguna, , , , , , , , , , , , , , , , , , ,-14.41532933,-73.20524655
1182,030414,14,TAPAIRIHUA,Menos de 5000 Hab,Distrital, , , , , , , , , , , , , , , , , , , , , , , , , , , , ,2,3,4,14,Si,No,3,4,8,Si,No, , , , , , , , , , , , , , , , , , , , , , , , , , , , , , , , , , , , , , , , ,10,0,0,0,0,10,0,0,0,1,0,0,0,0,1,0,0,0,2,0,0,0,0,2,0,0,0,1,0,0,0,0,1,0,0,0,1,0,0,0,0,1,0,0,0,1,0,0,0,0,1,0,0,0,1,0,0,0,0,1,0,0,0,1,0,0,0,0,1,0,0,0,1,0,0,0,0,1,0,0,0,1,0,0,0,0,1,0,0,0,0, ,0,0,0,0,0,0,0,0,No, ,No, ,No, ,No, ,No, ,No, ,Si,1,Si,1,No, ,No, ,No, ,Si,1,Si,1,Si,6,10,0,No, ,Sí,2,2,2, , , , , , , , , , , , , , , , , , , , , , , , , , , , , , , , , , , , , , ,Ninguna, , , , , , , , , , , , , , , , , , ,-14.14152577,-73.14044208
1183,030415,15,TINTAY,Menos de 5000 Hab,Distrital, , , , , , , , , , , , , , , , , , , , , , , , , , , , ,4,3,4,15,Si,No,3,4,11,Si,No,3,4,9,Si,No,3,4,4,Si,No, , , , , , , , , , , , , , , , , , , , , , , , , , , , , , ,14,0,0,0,0,14,0,0,0,1,0,0,0,0,1,0,0,0,2,0,0,0,0,2,0,0,0,2,0,0,0,0,2,0,0,0,2,0,0,0,0,2,0,0,0,2,0,0,0,0,2,0,0,0,2,0,0,0,0,2,0,0,0,1,0,0,0,0,1,0,0,0,1,0,0,0,0,1,0,0,0,1,0,0,0,0,1,0,0,0,0, ,0,0,0,0,0,0,0,0,No, ,No, ,No, ,No, ,No, ,No, ,No, ,Si,2,Si,1,Si,1,No, ,Si,1,Si,4,Si,5,14,0,No, ,Sí,1,14, , , , , , , , , , , , , , , , , , , , , , , , , , , , , , , , , , , , , , , ,Ninguna, , , , , , , , , , , , , , , , , , ,-13.96041507,-73.18352279
1184,030601,01,CHINCHEROS,De 5000 - 10000 Hab,Distrital, , , , , , , , , , , , , , , , , , , , , , , , , , , , ,2,3,6,1,Si,No,3,6,11,Si,No, , , , , , , , , , , , , , , , , , , , , , , , , , , , , , , , , , , , , , , , ,31,1,0,0,0,28,2,0,0,5,0,0,0,0,4,1,0,0,8,0,0,0,0,8,0,0,0,4,0,0,0,0,4,0,0,0,2,0,0,0,0,2,0,0,0,2,0,0,0,0,2,0,0,0,2,0,0,0,0,1,1,0,0,1,0,0,0,0,1,0,0,0,6,0,0,0,0,6,0,0,0,1,1,0,0,0,0,0,0,0,0, ,0,0,0,0,0,0,0,0,No, ,No, ,No, ,Si,1,No, ,No, ,Si,1,Si,4,Si,3,Si,1,No, ,No, ,Si,5,Si,16,31,0,Sí,4,Sí,4,5,5,5,5, , , , , , , , , , , , , , , , , , , , , , , , , , , , , , , , , , , , ,Ninguna, , , , , , , , , , , , , , , , , , ,-13.51717753,-73.72016752
1185,030602,02,ANCO_HUALLO,De 5000 - 10000 Hab,Distrital, , , , , , , , , , , , , , , , , , , , , , , , , , , , ,1,3,6,2,Si,No, , , , , , , , , , , , , , , , , , , , , , , , , , , , , , , , , , , , , , , , , , , , , ,21,0,0,0,0,18,3,0,0,3,0,0,0,0,1,2,0,0,3,0,0,0,0,3,0,0,0,4,0,0,0,0,4,0,0,0,2,0,0,0,0,2,0,0,0,2,0,0,0,0,2,0,0,0,2,0,0,0,0,1,1,0,0,2,0,0,0,0,2,0,0,0,2,0,0,0,0,2,0,0,0,1,0,0,0,0,1,0,0,0,0, ,0,0,0,0,0,0,0,0,No, ,No, ,No, ,No, ,No, ,No, ,Si,1,Si,1,No, ,Si,1,No, ,Si,3,Si,1,Si,14,21,0,Sí,2,No, , , , , , , , , , , , , , , , , , , , , , , , , , , , , , , , , , , , , , , , , , , , , , , , , , , , , , , , , , , , ,-13.53226947,-73.67853853
1186,030603,03,COCHARCAS,Menos de 5000 Hab,Distrital, , , , , , , , , , , , , , , , , , , , , , , , , , , , ,1,3,6,3,Si,No, , , , , , , , , , , , , , , , , , , , , , , , , , , , , , , , , , , , , , , , , , , , , ,10,0,0,0,0,10,0,0,0,1,0,0,0,0,1,0,0,0,2,0,0,0,0,2,0,0,0,0,0,0,0,0,0,0,0,0,1,0,0,0,0,1,0,0,0,2,0,0,0,0,2,0,0,0,1,0,0,0,0,1,0,0,0,1,0,0,0,0,1,0,0,0,1,0,0,0,0,1,0,0,0,1,0,0,0,0,1,0,0,0,0, ,0,0,0,0,0,0,0,0,No, ,No, ,No, ,No, ,No, ,No, ,No, ,Si,2,Si,2,No, ,Si,1,No, ,Si,3,Si,2,10,0,No, ,No, , , , , , , , , , , , , , , , , , , , , , , , , , , , , , , , , , , , , , , , , , , , , , , , , , , , , , , , , , , , ,-13.61176403,-73.74092909
1187,030604,04,HUACCANA,Menos de 5000 Hab,Distrital, , , , , , , , , , , , , , , , , , , , , , , , , , , , ,1,3,6,4,No,Si, , , , , , , , , , , , , , , , , , , , , , , , , , , , , , , , , , , , , , , , , , , , , ,12,1,0,0,0,11,0,0,0,2,0,0,0,0,2,0,0,0,2,0,0,0,0,2,0,0,0,0,0,0,0,0,0,0,0,0,1,0,0,0,0,1,0,0,0,2,0,0,0,0,2,0,0,0,1,0,0,0,0,1,0,0,0,1,0,0,0,0,1,0,0,0,2,0,0,0,0,2,0,0,0,1,1,0,0,0,0,0,0,0,0, ,0,0,0,0,0,0,0,0,No, ,No, ,No, ,No, ,No, ,Si,1,No, ,Si,1,No, ,Si,1,No, ,No, ,Si,2,Si,7,12,0,Sí,2,Sí,1,5, , , , , , , , , , , , , , , , , , , , , , , , , , , , , , , , , , , , , , , ,Almenos una,1,No,No,No,No,No,No,No,No,Si,No,No,No,No,No,No,No, ,-13.38914091,-73.68960378
1188,030605,05,OCOBAMBA,De 5000 - 10000 Hab,Distrital, , , , , , , , , , , , , , , , , , , , , , , , , , , , ,1,3,6,5,Si,No, , , , , , , , , , , , , , , , , , , , , , , , , , , , , , , , , , , , , , , , , , , , , ,10,0,0,0,0,10,0,0,0,1,0,0,0,0,1,0,0,0,2,0,0,0,0,2,0,0,0,1,0,0,0,0,1,0,0,0,1,0,0,0,0,1,0,0,0,1,0,0,0,0,1,0,0,0,1,0,0,0,0,1,0,0,0,1,0,0,0,0,1,0,0,0,1,0,0,0,0,1,0,0,0,1,0,0,0,0,1,0,0,0,0, ,0,0,0,0,0,0,0,0,No, ,No, ,No, ,No, ,No, ,No, ,No, ,Si,1,No, ,No, ,No, ,Si,1,Si,3,Si,5,10,0,Sí,2,No, , , , , , , , , , , , , , , , , , , , , , , , , , , , , , , , , , , , , , , , , , , , , , , , , , , , , , , , , , , , ,-13.48280437,-73.56007697
1189,030606,06,ONGOY,De 10001 - 20000 Hab,Distrital, , , , , , , , , , , , , , , , , , , , , , , , , , , , ,3,3,6,6,Si,No,3,6,9,Si,No,3,6,10,Si,No, , , , , , , , , , , , , , , , , , , , , , , , , , , , , , , , , , , ,13,0,0,0,0,13,0,0,0,1,0,0,0,0,1,0,0,0,2,0,0,0,0,2,0,0,0,0,0,0,0,0,0,0,0,0,2,0,0,0,0,2,0,0,0,2,0,0,0,0,2,0,0,0,2,0,0,0,0,2,0,0,0,1,0,0,0,0,1,0,0,0,2,0,0,0,0,2,0,0,0,1,0,0,0,0,1,0,0,0,0, ,0,0,0,0,0,0,0,0,No, ,No, ,No, ,No, ,No, ,No, ,Si,1,No, ,No, ,No, ,Si,1,No, ,Si,5,Si,6,13,0,No, ,No, , , , , , , , , , , , , , , , , , , , , , , , , , , , , , , , , , , , , , , , , , , , , , , , , , , , , , , , , , , , ,-13.40310796,-73.66800253
1190,030607,07,URANMARCA,Menos de 5000 Hab,Distrital, , , , , , , , , , , , , , , , , , , , , , , , , , , , ,1,3,6,7,Si,No, , , , , , , , , , , , , , , , , , , , , , , , , , , , , , , , , , , , , , , , , , , , , ,10,0,0,0,0,10,0,0,0,1,0,0,0,0,1,0,0,0,2,0,0,0,0,2,0,0,0,2,0,0,0,0,2,0,0,0,1,0,0,0,0,1,0,0,0,0,0,0,0,0,0,0,0,0,1,0,0,0,0,1,0,0,0,1,0,0,0,0,1,0,0,0,1,0,0,0,0,1,0,0,0,1,0,0,0,0,1,0,0,0,0, ,0,0,0,0,0,0,0,0,No, ,No, ,No, ,No, ,No, ,No, ,Si,1,No, ,Si,1,Si,1,No, ,No, ,Si,3,Si,4,10,0,No, ,Sí,1,10, , , , , , , , , , , , , , , , , , , , , , , , , , , , , , , , , , , , , , , ,Ninguna, , , , , , , , , , , , , , , , , , ,-13.67208309,-73.66937125
1191,030701,01,CHUQUIBAMBILLA,De 20001 - 40000 Hab,Distrital, , , , , , , , , , , , , , , , , , , , , , , , , , , , ,3,3,7,7,Si,No,3,7,10,Si,No,3,7,1,Si,No, , , , , , , , , , , , , , , , , , , , , , , , , , , , , , , , , , , ,12,0,0,0,0,12,0,0,0,1,0,0,0,0,1,0,0,0,0,0,0,0,0,0,0,0,0,0,0,0,0,0,0,0,0,0,2,0,0,0,0,2,0,0,0,2,0,0,0,0,2,0,0,0,2,0,0,0,0,2,0,0,0,1,0,0,0,0,1,0,0,0,3,0,0,0,0,3,0,0,0,1,0,0,0,0,1,0,0,0,0, ,0,0,0,0,0,0,0,0,No, ,No, ,No, ,No, ,No, ,No, ,No, ,Si,1,No, ,Si,1,No, ,Si,1,No, ,Si,9,12,0,No, ,Sí,1,12, , , , , , , , , , , , , , , , , , , , , , , , , , , , , , , , , , , , , , , ,Ninguna, , , , , , , , , , , , , , , , , , ,-14.10328455,-72.70692152
1192,030703,03,GAMARRA,De 5000 - 10000 Hab,Distrital, , , , , , , , , , , , , , , , , , , , , , , , , , , , ,1,3,7,3,Si,No, , , , , , , , , , , , , , , , , , , , , , , , , , , , , , , , , , , , , , , , , , , , , ,11,0,0,0,0,11,0,0,0,1,0,0,0,0,1,0,0,0,2,0,0,0,0,2,0,0,0,0,0,0,0,0,0,0,0,0,1,0,0,0,0,1,0,0,0,1,0,0,0,0,1,0,0,0,2,0,0,0,0,2,0,0,0,1,0,0,0,0,1,0,0,0,2,0,0,0,0,2,0,0,0,1,0,0,0,0,1,0,0,0,0, ,0,0,0,0,0,0,0,0,No, ,No, ,No, ,No, ,No, ,No, ,No, ,Si,1,No, ,Si,1,Si,1,No, ,No, ,Si,8,11,0,No, ,Sí,1,11, , , , , , , , , , , , , , , , , , , , , , , , , , , , , , , , , , , , , , , ,Almenos una,1,Si,No,No,No,No,No,No,No,No,No,No,Si,No,No,No,Si,IMPERMEABLES,-13.87203056,-72.50856561
1193,030705,05,MAMARA,De 5000 - 10000 Hab,Distrital, , , , , , , , , , , , , , , , , , , , , , , , , , , , ,4,3,7,5,Si,No,3,7,9,Si,No,3,7,11,Si,No,3,7,13,Si,No, , , , , , , , , , , , , , , , , , , , , , , , , , , , , , ,9,0,0,0,0,9,0,0,0,1,0,0,0,0,1,0,0,0,1,0,0,0,0,1,0,0,0,0,0,0,0,0,0,0,0,0,1,0,0,0,0,1,0,0,0,1,0,0,0,0,1,0,0,0,1,0,0,0,0,1,0,0,0,1,0,0,0,0,1,0,0,0,2,0,0,0,0,2,0,0,0,1,0,0,0,0,1,0,0,0,0, ,0,0,0,0,0,0,0,0,No, ,No, ,No, ,No, ,No, ,No, ,No, ,Si,1,No, ,No, ,No, ,No, ,Si,2,Si,6,9,0,No, ,Sí,1,9, , , , , , , , , , , , , , , , , , , , , , , , , , , , , , , , , , , , , , , ,Almenos una,1,No,Si,No,No,No,No,No,No,No,No,No,Si,No,No,No,Si,IMPERMEABLES,-14.22948328,-72.59043087
1194,030708,08,PROGRESO,De 5000 - 10000 Hab,Distrital, , , , , , , , , , , , , , , , , , , , , , , , , , , , ,2,3,7,8,Si,No,3,7,4,Si,No, , , , , , , , , , , , , , , , , , , , , , , , , , , , , , , , , , , , , , , , ,12,0,0,0,0,12,0,0,0,1,0,0,0,0,1,0,0,0,2,0,0,0,0,2,0,0,0,0,0,0,0,0,0,0,0,0,1,0,0,0,0,1,0,0,0,1,0,0,0,0,1,0,0,0,2,0,0,0,0,2,0,0,0,1,0,0,0,0,1,0,0,0,3,0,0,0,0,3,0,0,0,1,0,0,0,0,1,0,0,0,0, ,0,0,0,0,0,0,0,0,No, ,No, ,No, ,No, ,No, ,No, ,Si,1,No, ,Si,1,No, ,Si,2,No, ,No, ,Si,8,12,0,No, ,Sí,1,12, , , , , , , , , , , , , , , , , , , , , , , , , , , , , , , , , , , , , , , ,Almenos una,1,No,Si,No,No,No,No,No,No,Si,No,No,Si,No,No,No,Si,IMPERMEABLES,-14.07408892,-72.47545379
1195,030712,12,VILCABAMBA,De 5000 - 10000 Hab,Distrital, , , , , , , , , , , , , , , , , , , , , , , , , , , , ,4,3,7,12,Si,No,3,7,6,Si,No,3,7,14,Si,No,3,7,2,Si,No, , , , , , , , , , , , , , , , , , , , , , , , , , , , , , ,9,0,0,0,0,9,0,0,0,1,0,0,0,0,1,0,0,0,0,0,0,0,0,0,0,0,0,0,0,0,0,0,0,0,0,0,2,0,0,0,0,2,0,0,0,1,0,0,0,0,1,0,0,0,1,0,0,0,0,1,0,0,0,1,0,0,0,0,1,0,0,0,2,0,0,0,0,2,0,0,0,1,0,0,0,0,1,0,0,0,0, ,0,0,0,0,0,0,0,0,No, ,No, ,No, ,No, ,No, ,No, ,No, ,Si,1,No, ,No, ,Si,1,No, ,Si,1,Si,6,9,0,No, ,Sí,1,9, , , , , , , , , , , , , , , , , , , , , , , , , , , , , , , , , , , , , , , ,Ninguna, , , , , , , , , , , , , , , , , , ,-14.07839621,-72.62500789
1196,190113,13,YANACANCHA,De 20001 - 40000 Hab,Distrital, , , , , , , , , , , , , , , , , , , , , , , , , , , , ,2,19,1,13,No,Si,19,1,10,No,Si, , , , , , , , , , , , , , , , , , , , , , , , , , , , , , , , , , , , , , , , ,14,0,0,0,0,13,1,0,0,2,0,0,0,0,1,1,0,0,2,0,0,0,0,2,0,0,0,2,0,0,0,0,2,0,0,0,2,0,0,0,0,2,0,0,0,1,0,0,0,0,1,0,0,0,1,0,0,0,0,1,0,0,0,1,0,0,0,0,1,0,0,0,2,0,0,0,0,2,0,0,0,1,0,0,0,0,1,0,0,0,0, ,0,0,0,0,0,0,0,0,No, ,No, ,No, ,No, ,No, ,No, ,No, ,Si,2,Si,3,No, ,Si,1,No, ,Si,1,Si,7,14,0,Sí,2,No, , , , , , , , , , , , , , , , , , , , , , , , , , , , , , , , , , , , , , , , , , , , , , , , , , , , , , , , , , , , ,-10.57933963,-76.18762394
1197,190101,01,CHAUPIMARCA,De 20001 - 40000 Hab,Distrital, , , , , , , , , , , , , , , , , , , , , , , , , , , , ,1,19,1,1,Si,No, , , , , , , , , , , , , , , , , , , , , , , , , , , , , , , , , , , , , , , , , , , , , ,42,1,0,0,0,38,3,0,0,3,1,0,0,0,2,0,0,0,8,0,0,0,0,8,0,0,0,10,0,0,0,0,9,1,0,0,4,0,0,0,0,4,0,0,0,2,0,0,0,0,2,0,0,0,2,0,0,0,0,0,2,0,0,1,0,0,0,0,1,0,0,0,4,0,0,0,0,4,0,0,0,2,0,0,0,0,2,0,0,0,6,PUESTO DE AUXILIO RAPIDO,0,0,0,0,6,0,0,0,No, ,No, ,Si,1,No, ,No, ,No, ,Si,2,No, ,Si,2,Si,1,Si,1,Si,2,Si,2,Si,31,42,0,Sí,6,No, , , , , , , , , , , , , , , , , , , , , , , , , , , , , , , , , , , , , , , , , , , , , , , , , , , , , , , , , , , , ,-10.68499509,-76.25407162
1198,190109,09,SIMON BOLIVAR,De 10001 - 20000 Hab,Distrital, , , , , , , , , , , , , , , , , , , , , , , , , , , , ,1,19,1,1,Si,No, , , , , , , , , , , , , , , , , , , , , , , , , , , , , , , , , , , , , , , , , , , , , ,30,1,0,0,0,26,3,0,0,2,0,0,0,0,0,2,0,0,2,0,0,0,0,2,0,0,0,6,0,0,0,0,6,0,0,0,8,0,0,0,0,8,0,0,0,2,0,0,0,0,2,0,0,0,4,0,0,0,0,3,1,0,0,3,0,0,0,0,3,0,0,0,2,0,0,0,0,2,0,0,0,1,1,0,0,0,0,0,0,0,0, ,0,0,0,0,0,0,0,0,No, ,No, ,No, ,No, ,No, ,Si,1,Si,1,No, ,No, ,No, ,No, ,Si,1,Si,2,Si,25,30,0,Sí,6,Sí,1,10, , , , , , , , , , , , , , , , , , , , , , , , , , , , , , , , , , , , , , , ,Almenos una,1,No,No,Si,No,No,No,No,No,Si,Si,No,No,No,Si,No,Si,BOTIQUIN DE PRIMEROS AUXILIOS,-10.70366816,-76.2915926
1199,190102,02,HUACHON,De 10001 - 20000 Hab,Distrital, , , , , , , , , , , , , , , , , , , , , , , , , , , , ,1,19,1,2,Si,No, , , , , , , , , , , , , , , , , , , , , , , , , , , , , , , , , , , , , , , , , , , , , ,12,0,0,0,0,12,0,0,0,1,0,0,0,0,1,0,0,0,2,0,0,0,0,2,0,0,0,2,0,0,0,0,2,0,0,0,2,0,0,0,0,2,0,0,0,1,0,0,0,0,1,0,0,0,1,0,0,0,0,1,0,0,0,1,0,0,0,0,1,0,0,0,1,0,0,0,0,1,0,0,0,1,0,0,0,0,1,0,0,0,0, ,0,0,0,0,0,0,0,0,No, ,No, ,No, ,No, ,No, ,No, ,Si,1,Si,1,No, ,No, ,No, ,Si,1,Si,2,Si,7,12,0,No, ,Sí,1,4, , , , , , , , , , , , , , , , , , , , , , , , , , , , , , , , , , , , , , , ,Ninguna, , , , , , , , , , , , , , , , , , ,-10.63676533,-75.95085081
1200,190103,03,HUARIACA,De 20001 - 40000 Hab,Distrital, , , , , , , , , , , , , , , , , , , , , , , , , , , , ,2,19,1,3,No,Si,19,1,6,Si,No, , , , , , , , , , , , , , , , , , , , , , , , , , , , , , , , , , , , , , , , ,18,1,0,0,0,13,4,0,0,1,0,0,0,0,0,1,0,0,2,0,0,0,0,2,0,0,0,2,0,0,0,0,1,1,0,0,3,0,0,0,0,3,0,0,0,1,0,0,0,0,1,0,0,0,1,0,0,0,0,1,0,0,0,1,0,0,0,0,1,0,0,0,4,0,0,0,0,2,2,0,0,1,1,0,0,0,0,0,0,0,2,CHOFER,0,0,0,0,2,0,0,0,No, ,No, ,No, ,No, ,No, ,Si,1,Si,2,No, ,Si,1,Si,1,Si,2,Si,1,No, ,Si,10,18,0,Sí,5,No, , , , , , , , , , , , , , , , , , , , , , , , , , , , , , , , , , , , , , , , , , , , , , , , , , , , , , , , , , , , ,-10.44494511,-76.18645666
1201,190104,04,HUAYLLAY,De 10001 - 20000 Hab,Distrital, , , , , , , , , , , , , , , , , , , , , , , , , , , , ,1,19,1,4,Si,No, , , , , , , , , , , , , , , , , , , , , , , , , , , , , , , , , , , , , , , , , , , , , ,16,1,0,0,0,12,3,0,0,2,0,0,0,0,1,1,0,0,4,0,0,0,0,4,0,0,0,1,0,0,0,0,1,0,0,0,2,0,0,0,0,1,1,0,0,1,0,0,0,0,1,0,0,0,1,0,0,0,0,1,0,0,0,2,0,0,0,0,2,0,0,0,2,0,0,0,0,1,1,0,0,1,1,0,0,0,0,0,0,0,0, ,0,0,0,0,0,0,0,0,No, ,No, ,No, ,No, ,No, ,Si,1,No, ,Si,1,No, ,Si,3,Si,1,No, ,Si,2,Si,8,16,0,No, ,Sí,1,11, , , , , , , , , , , , , , , , , , , , , , , , , , , , , , , , , , , , , , , ,Almenos una,1,No,Si,No,No,No,No,No,No,No,No,Si,No,No,No,No,No, ,-11.00011875,-76.36156631
1203,190107,07,PAUCARTAMBO,De 20001 - 40000 Hab,Distrital, , , , , , , , , , , , , , , , , , , , , , , , , , , , ,1,19,1,7,Si,No, , , , , , , , , , , , , , , , , , , , , , , , , , , , , , , , , , , , , , , , , , , , , ,19,1,0,0,0,14,4,0,0,2,0,0,0,0,0,2,0,0,2,0,0,0,0,1,1,0,0,2,0,0,0,0,1,1,0,0,2,0,0,0,0,2,0,0,0,2,0,0,0,0,2,0,0,0,3,0,0,0,0,3,0,0,0,1,0,0,0,0,1,0,0,0,2,0,0,0,0,2,0,0,0,1,1,0,0,0,0,0,0,0,2,CHOFER,0,0,0,0,2,0,0,0,No, ,No, ,No, ,Si,1,No, ,No, ,No, ,No, ,Si,3,No, ,No, ,Si,1,Si,2,Si,12,19,0,Sí,4,No, , , , , , , , , , , , , , , , , , , , , , , , , , , , , , , , , , , , , , , , , , , , , , , , , , , , , , , , , , , , ,-10.77490648,-75.81342353
1205,190113,13,YANACANCHA,De 40001 - 80000 Hab,Distrital, , , , , , , , , , , , , , , , , , , , , , , , , , , , ,1,19,1,13,No,Si, , , , , , , , , , , , , , , , , , , , , , , , , , , , , , , , , , , , , , , , , , , , , ,39,1,0,0,0,35,3,0,0,8,0,0,0,0,5,3,0,0,4,0,0,0,0,4,0,0,0,6,0,0,0,0,6,0,0,0,2,0,0,0,0,2,0,0,0,4,0,0,0,0,4,0,0,0,0,0,0,0,0,0,0,0,0,2,0,0,0,0,2,0,0,0,12,0,0,0,0,12,0,0,0,1,1,0,0,0,0,0,0,0,0, ,0,0,0,0,0,0,0,0,No, ,No, ,No, ,No, ,No, ,Si,1,Si,1,Si,2,No, ,Si,2,No, ,No, ,Si,2,Si,31,39,0,Sí,8,No, , , , , , , , , , , , , , , , , , , , , , , , , , , , , , , , , , , , , , , , , , , , , , , , , , , , , , , , , , , , ,-10.66593077,-76.25292858
1206,190113,13,YANACANCHA,De 20001 - 40000 Hab,Distrital, , , , , , , , , , , , , , , , , , , , , , , , , , , , ,1,19,1,13,No,Si, , , , , , , , , , , , , , , , , , , , , , , , , , , , , , , , , , , , , , , , , , , , , ,16,1,0,0,0,12,3,0,0,3,0,0,0,0,0,3,0,0,2,0,0,0,0,2,0,0,0,2,0,0,0,0,2,0,0,0,2,0,0,0,0,2,0,0,0,2,0,0,0,0,2,0,0,0,1,0,0,0,0,1,0,0,0,1,0,0,0,0,1,0,0,0,2,0,0,0,0,2,0,0,0,1,1,0,0,0,0,0,0,0,0, ,0,0,0,0,0,0,0,0,No, ,No, ,No, ,No, ,No, ,Si,1,No, ,Si,2,No, ,No, ,Si,1,No, ,Si,1,Si,11,16,0,Sí,2,No, , , , , , , , , , , , , , , , , , , , , , , , , , , , , , , , , , , , , , , , , , , , , , , , , , , , , , , , , , , , ,-10.61492305,-76.1795853
1207,190201,01,YANAHUANCA,De 20001 - 40000 Hab,Provincial, , , , , , , ,1,19,2, , , , , , , , , , , , , , , , , , , , , , , , , , , , , , , , , , , , , , , , , , , , , , , , , , , , , , , , , , , , , , , , , , , , , ,20,2,0,0,0,15,3,0,0,2,1,0,0,0,0,1,0,0,3,0,0,0,0,3,0,0,0,2,0,0,0,0,2,0,0,0,4,0,0,0,0,2,2,0,0,2,0,0,0,0,2,0,0,0,3,0,0,0,0,3,0,0,0,2,0,0,0,0,2,0,0,0,1,0,0,0,0,1,0,0,0,1,1,0,0,0,0,0,0,0,0, ,0,0,0,0,0,0,0,0,No, ,No, ,Si,1,No, ,No, ,Si,1,Si,1,Si,1,Si,1,Si,1,No, ,Si,1,Si,2,Si,11,20,0,No, ,No, , , , , , , , , , , , , , , , , , , , , , , , , , , , , , , , , , , , , , , , , , , , , , , , , , , , , , , , , , , , ,-10.49164355,-76.51453662
1208,190202,02,CHACAYAN,De 5000 - 10000 Hab,Distrital, , , , , , , , , , , , , , , , , , , , , , , , , , , , ,1,19,2,2,Si,No, , , , , , , , , , , , , , , , , , , , , , , , , , , , , , , , , , , , , , , , , , , , , ,13,0,0,0,0,13,0,0,0,2,0,0,0,0,2,0,0,0,2,0,0,0,0,2,0,0,0,2,0,0,0,0,2,0,0,0,1,0,0,0,0,1,0,0,0,1,0,0,0,0,1,0,0,0,1,0,0,0,0,1,0,0,0,2,0,0,0,0,2,0,0,0,1,0,0,0,0,1,0,0,0,1,0,0,0,0,1,0,0,0,0, ,0,0,0,0,0,0,0,0,No, ,No, ,No, ,No, ,No, ,No, ,No, ,No, ,Si,1,Si,1,Si,1,No, ,Si,2,Si,8,13,0,Sí,2,No, , , , , , , , , , , , , , , , , , , , , , , , , , , , , , , , , , , , , , , , , , , , , , , , , , , , , , , , , , , , ,-10.43378506,-76.43757707
1209,190203,03,GOYLLARISQUIZGA,Menos de 5000 Hab,Distrital, , , , , , , , , , , , , , , , , , , , , , , , , , , , ,1,19,2,3,Si,No, , , , , , , , , , , , , , , , , , , , , , , , , , , , , , , , , , , , , , , , , , , , , ,8,0,0,0,0,8,0,0,0,1,0,0,0,0,1,0,0,0,0,0,0,0,0,0,0,0,0,2,0,0,0,0,2,0,0,0,1,0,0,0,0,1,0,0,0,0,0,0,0,0,0,0,0,0,1,0,0,0,0,1,0,0,0,1,0,0,0,0,1,0,0,0,1,0,0,0,0,1,0,0,0,1,0,0,0,0,1,0,0,0,0, ,0,0,0,0,0,0,0,0,No, ,No, ,No, ,No, ,No, ,No, ,No, ,Si,1,Si,1,Si,1,No, ,No, ,Si,1,Si,4,8,0,No, ,No, , , , , , , , , , , , , , , , , , , , , , , , , , , , , , , , , , , , , , , , , , , , , , , , , , , , , , , , , , , , ,-10.47345158,-76.40886365
1210,190204,04,PAUCAR,De 10001 - 20000 Hab,Distrital, , , , , , , , , , , , , , , , , , , , , , , , , , , , ,1,19,2,4,Si,No, , , , , , , , , , , , , , , , , , , , , , , , , , , , , , , , , , , , , , , , , , , , , ,8,1,0,0,0,7,0,0,0,1,0,0,0,0,1,0,0,0,1,0,0,0,0,1,0,0,0,1,0,0,0,0,1,0,0,0,1,0,0,0,0,1,0,0,0,0,0,0,0,0,0,0,0,0,1,0,0,0,0,1,0,0,0,1,0,0,0,0,1,0,0,0,1,0,0,0,0,1,0,0,0,1,1,0,0,0,0,0,0,0,0, ,0,0,0,0,0,0,0,0,No, ,No, ,No, ,No, ,No, ,Si,1,No, ,No, ,Si,1,Si,1,No, ,No, ,Si,2,Si,3,8,0,No, ,No, , , , , , , , , , , , , , , , , , , , , , , , , , , , , , , , , , , , , , , , , , , , , , , , , , , , , , , , , , , , ,-10.37090673,-76.44327119
1211,190206,06,SANTA ANA DE TUSI,De 5000 - 10000 Hab,Distrital, , , , , , , , , , , , , , , , , , , , , , , , , , , , ,1,19,2,6,Si,No, , , , , , , , , , , , , , , , , , , , , , , , , , , , , , , , , , , , , , , , , , , , , ,15,0,0,0,0,15,0,0,0,2,0,0,0,0,2,0,0,0,0,0,0,0,0,0,0,0,0,2,0,0,0,0,2,0,0,0,2,0,0,0,0,2,0,0,0,1,0,0,0,0,1,0,0,0,3,0,0,0,0,3,0,0,0,2,0,0,0,0,2,0,0,0,2,0,0,0,0,2,0,0,0,1,0,0,0,0,1,0,0,0,0, ,0,0,0,0,0,0,0,0,No, ,No, ,No, ,No, ,No, ,No, ,Si,1,No, ,No, ,Si,1,Si,1,Si,1,Si,2,Si,9,15,0,No, ,No, , , , , , , , , , , , , , , , , , , , , , , , , , , , , , , , , , , , , , , , , , , , , , , , , , , , , , , , , , , , ,-10.47228372,-76.35363399
1212,240101,01,TUMBES,De 20001 - 40000 Hab,Distrital, , , , , , , , , , , , , , , , , , , , , , , , , , , , ,1,24,1,1,No,Si, , , , , , , , , , , , , , , , , , , , , , , , , , , , , , , , , , , , , , , , , , , , , ,63,2,0,0,0,56,5,0,0,8,0,0,0,0,5,3,0,0,24,0,0,0,0,24,0,0,0,17,0,0,0,0,17,0,0,0,4,0,0,0,0,4,0,0,0,2,0,0,0,0,1,1,0,0,2,0,0,0,0,1,1,0,0,2,0,0,0,0,2,0,0,0,2,0,0,0,0,2,0,0,0,2,2,0,0,0,0,0,0,0,0, ,0,0,0,0,0,0,0,0,No, ,No, ,Si,1,No, ,No, ,Si,1,Si,3,Si,2,Si,2,No, ,No, ,Si,1,Si,4,Si,49,63,0,Sí,3,Sí,1,5, , , , , , , , , , , , , , , , , , , , , , , , , , , , , , , , , , , , , , , ,Almenos una,1,Si,No,Si,No,No,Si,Si,No,Si,Si,No,No,No,No,No,No, ,-3.56002789,-80.42792102
1213,240101,01,TUMBES,De 20001 - 40000 Hab,Distrital, , , , , , , , , , , , , , , , , , , , , , , , , , , , ,1,24,1,1,No,Si, , , , , , , , , , , , , , , , , , , , , , , , , , , , , , , , , , , , , , , , , , , , , ,88,3,0,0,0,80,5,0,0,3,0,0,0,0,3,0,0,0,34,0,0,0,0,34,0,0,0,30,0,0,0,0,28,2,0,0,3,0,0,0,0,3,0,0,0,3,0,0,0,0,3,0,0,0,4,0,0,0,0,1,3,0,0,2,0,0,0,0,2,0,0,0,6,0,0,0,0,6,0,0,0,3,3,0,0,0,0,0,0,0,0, ,0,0,0,0,0,0,0,0,No, ,Si,1,No, ,Si,1,No, ,Si,1,Si,12,Si,4,Si,1,Si,3,Si,2,No, ,Si,2,Si,61,88,0,No, ,Sí,4,10,8,10,10, , , , , , , , , , , , , , , , , , , , , , , , , , , , , , , , , , , , ,Almenos una,2,Si,Si,No,No,No,No,No,No,Si,Si,Si,Si,No,Si,No,No, ,-3.56300652,-80.46026547
1214,240104,04,PAMPAS DE HOSPITAL,De 10001 - 20000 Hab,Distrital, , , , , , , , , , , , , , , , , , , , , , , , , , , , ,1,24,1,4,Si,No, , , , , , , , , , , , , , , , , , , , , , , , , , , , , , , , , , , , , , , , , , , , , ,15,0,0,0,0,11,4,0,0,2,0,0,0,0,0,2,0,0,4,0,0,0,0,4,0,0,0,0,0,0,0,0,0,0,0,0,1,0,0,0,0,1,0,0,0,1,0,0,0,0,1,0,0,0,1,0,0,0,0,0,1,0,0,1,0,0,0,0,0,1,0,0,4,0,0,0,0,4,0,0,0,1,0,0,0,0,1,0,0,0,0, ,0,0,0,0,0,0,0,0,No, ,No, ,No, ,No, ,No, ,No, ,Si,1,Si,1,Si,1,Si,2,No, ,No, ,No, ,Si,10,15,0,Sí,2,No, , , , , , , , , , , , , , , , , , , , , , , , , , , , , , , , , , , , , , , , , , , , , , , , , , , , , , , , , , , , ,-3.69241224,-80.43880461
1215,240101,01,TUMBES,De 20001 - 40000 Hab,Provincial, , , , , , , ,1,24,1, , , , , , , , , , , , , , , , , , , , , , , , , , , , , , , , , , , , , , , , , , , , , , , , , , , , , , , , , , , , , , , , , , , , , ,66,2,0,0,0,60,4,0,0,7,0,0,0,0,4,3,0,0,27,1,0,0,0,26,0,0,0,6,0,0,0,0,6,0,0,0,7,0,0,0,0,7,0,0,0,2,0,0,0,0,2,0,0,0,2,0,0,0,0,2,0,0,0,3,0,0,0,0,2,1,0,0,8,0,0,0,0,8,0,0,0,2,1,0,0,0,1,0,0,0,2,PUESTO DE RESPUESTA INMEDIATA,0,0,0,0,2,0,0,0,No, ,No, ,Si,1,No, ,No, ,Si,1,Si,4,Si,3,Si,3,Si,5,No, ,Si,1,Si,2,Si,46,66,0,Sí,13,No, , , , , , , , , , , , , , , , , , , , , , , , , , , , , , , , , , , , , , , , , , , , , , , , , , , , , , , , , , , , ,-3.56837159,-80.45015247
1216,240101,01,TUMBES,De 5000 - 10000 Hab,Provincial, , , , , , , ,1,24,1, , , , , , , , , , , , , , , , , , , , , , , , , , , , , , , , , , , , , , , , , , , , , , , , , , , , , , , , , , , , , , , , , , , , , ,23,0,0,0,0,21,2,0,0,4,0,0,0,0,2,2,0,0,12,0,0,0,0,12,0,0,0,0,0,0,0,0,0,0,0,0,1,0,0,0,0,1,0,0,0,1,0,0,0,0,1,0,0,0,1,0,0,0,0,1,0,0,0,1,0,0,0,0,1,0,0,0,2,0,0,0,0,2,0,0,0,1,0,0,0,0,1,0,0,0,0, ,0,0,0,0,0,0,0,0,No, ,No, ,No, ,No, ,No, ,No, ,No, ,Si,1,No, ,Si,1,No, ,No, ,Si,2,Si,19,23,0,Sí,6,No, , , , , , , , , , , , , , , , , , , , , , , , , , , , , , , , , , , , , , , , , , , , , , , , , , , , , , , , , , , , ,-3.50315079,-80.39144648
1217,240102,02,CORRALES,Menos de 5000 Hab,Distrital, , , , , , , , , , , , , , , , , , , , , , , , , , , , ,1,24,1,2,No,Si, , , , , , , , , , , , , , , , , , , , , , , , , , , , , , , , , , , , , , , , , , , , , ,21,0,0,0,0,18,3,0,0,3,0,0,0,0,1,2,0,0,8,0,0,0,0,8,0,0,0,0,0,0,0,0,0,0,0,0,0,0,0,0,0,0,0,0,0,1,0,0,0,0,1,0,0,0,1,0,0,0,0,1,0,0,0,1,0,0,0,0,0,1,0,0,6,0,0,0,0,6,0,0,0,1,0,0,0,0,1,0,0,0,0, ,0,0,0,0,0,0,0,0,No, ,No, ,No, ,No, ,No, ,No, ,Si,1,Si,1,No, ,No, ,No, ,Si,1,Si,2,Si,16,21,0,No, ,No, , , , , , , , , , , , , , , , , , , , , , , , , , , , , , , , , , , , , , , , , , , , , , , , , , , , , , , , , , , , ,-3.61444898,-80.51238972
1218,240102,02,CORRALES,De 20001 - 40000 Hab,Distrital, , , , , , , , , , , , , , , , , , , , , , , , , , , , ,1,24,1,2,Si,No, , , , , , , , , , , , , , , , , , , , , , , , , , , , , , , , , , , , , , , , , , , , , ,34,1,0,0,0,27,6,0,0,8,0,0,0,0,6,2,0,0,10,0,0,0,0,10,0,0,0,5,0,0,0,0,5,0,0,0,2,0,0,0,0,2,0,0,0,2,0,0,0,0,1,1,0,0,2,0,0,0,0,1,1,0,0,2,0,0,0,0,0,2,0,0,2,0,0,0,0,2,0,0,0,1,1,0,0,0,0,0,0,0,0, ,0,0,0,0,0,0,0,0,No, ,No, ,Si,1,No, ,No, ,No, ,Si,2,No, ,Si,1,No, ,No, ,Si,2,No, ,Si,28,34,0,No, ,No, , , , , , , , , , , , , , , , , , , , , , , , , , , , , , , , , , , , , , , , , , , , , , , , , , , , , , , , , , , , ,-3.60142756,-80.48100007
1219,240103,03,LA CRUZ,De 20001 - 40000 Hab,Distrital, , , , , , , , , , , , , , , , , , , , , , , , , , , , ,1,24,1,3,Si,No, , , , , , , , , , , , , , , , , , , , , , , , , , , , , , , , , , , , , , , , , , , , , ,26,1,0,0,0,23,2,0,0,2,0,0,0,0,1,1,0,0,13,0,0,0,0,13,0,0,0,2,0,0,0,0,2,0,0,0,1,0,0,0,0,1,0,0,0,1,0,0,0,0,1,0,0,0,1,0,0,0,0,1,0,0,0,1,0,0,0,0,0,1,0,0,4,0,0,0,0,4,0,0,0,1,1,0,0,0,0,0,0,0,0, ,0,0,0,0,0,0,0,0,No, ,No, ,No, ,No, ,Si,1,No, ,Si,3,No, ,Si,1,Si,3,No, ,No, ,No, ,Si,18,26,0,No, ,No, , , , , , , , , , , , , , , , , , , , , , , , , , , , , , , , , , , , , , , , , , , , , , , , , , , , , , , , , , , , ,-3.63748811,-80.59301703
1220,240105,05,SAN JACINTO,De 5000 - 10000 Hab,Distrital, , , , , , , , , , , , , , , , , , , , , , , , , , , , ,1,24,1,5,Si,No, , , , , , , , , , , , , , , , , , , , , , , , , , , , , , , , , , , , , , , , , , , , , ,22,1,0,0,0,18,3,0,0,2,0,0,0,0,1,1,0,0,12,0,0,0,0,12,0,0,0,0,0,0,0,0,0,0,0,0,1,0,0,0,0,1,0,0,0,1,0,0,0,0,1,0,0,0,1,0,0,0,0,0,1,0,0,1,0,0,0,0,0,1,0,0,3,0,0,0,0,3,0,0,0,1,1,0,0,0,0,0,0,0,0, ,0,0,0,0,0,0,0,0,No, ,No, ,No, ,No, ,No, ,Si,1,Si,1,Si,2,No, ,Si,1,No, ,No, ,Si,1,Si,16,22,0,No, ,No, , , , , , , , , , , , , , , , , , , , , , , , , , , , , , , , , , , , , , , , , , , , , , , , , , , , , , , , , , , , ,-3.6419589,-80.44770738
1221,240106,06,SAN JUAN DE LA VIRGEN,Menos de 5000 Hab,Distrital, , , , , , , , , , , , , , , , , , , , , , , , , , , , ,1,24,1,6,Si,No, , , , , , , , , , , , , , , , , , , , , , , , , , , , , , , , , , , , , , , , , , , , , ,17,1,0,0,0,14,2,0,0,1,0,0,0,0,0,1,0,0,4,0,0,0,0,4,0,0,0,2,0,0,0,0,2,0,0,0,1,0,0,0,0,1,0,0,0,1,0,0,0,0,1,0,0,0,1,0,0,0,0,1,0,0,0,2,0,0,0,0,1,1,0,0,4,0,0,0,0,4,0,0,0,1,1,0,0,0,0,0,0,0,0, ,0,0,0,0,0,0,0,0,No, ,No, ,No, ,No, ,Si,1,No, ,No, ,Si,4,No, ,Si,1,Si,1,No, ,Si,1,Si,9,17,0,No, ,Sí,1,8, , , , , , , , , , , , , , , , , , , , , , , , , , , , , , , , , , , , , , , ,Ninguna, , , , , , , , , , , , , , , , , , ,-3.62698364,-80.43295963
1222,240201,01,ZORRITOS,De 20001 - 40000 Hab,Provincial, , , , , , , ,1,24,2, , , , , , , , , , , , , , , , , , , , , , , , , , , , , , , , , , , , , , , , , , , , , , , , , , , , , , , , , , , , , , , , , , , , , ,40,1,0,0,0,37,2,0,0,3,0,0,0,0,1,2,0,0,16,0,0,0,0,16,0,0,0,0,0,0,0,0,0,0,0,0,1,0,0,0,0,1,0,0,0,2,0,0,0,0,2,0,0,0,2,0,0,0,0,2,0,0,0,2,0,0,0,0,2,0,0,0,13,0,0,0,0,13,0,0,0,1,1,0,0,0,0,0,0,0,0, ,0,0,0,0,0,0,0,0,No, ,No, ,Si,1,No, ,No, ,No, ,No, ,Si,1,Si,2,Si,1,Si,2,No, ,No, ,Si,33,40,0,No, ,No, , , , , , , , , , , , , , , , , , , , , , , , , , , , , , , , , , , , , , , , , , , , , , , , , , , , , , , , , , , , ,-3.68025488,-80.67571814
1223,240202,02,CASITAS,Menos de 5000 Hab,Distrital, , , , , , , , , , , , , , , , , , , , , , , , , , , , ,1,24,2,2,Si,No, , , , , , , , , , , , , , , , , , , , , , , , , , , , , , , , , , , , , , , , , , , , , ,15,0,0,0,0,15,0,0,0,1,0,0,0,0,1,0,0,0,8,0,0,0,0,8,0,0,0,1,0,0,0,0,1,0,0,0,1,0,0,0,0,1,0,0,0,1,0,0,0,0,1,0,0,0,0,0,0,0,0,0,0,0,0,1,0,0,0,0,1,0,0,0,1,0,0,0,0,1,0,0,0,1,0,0,0,0,1,0,0,0,0, ,0,0,0,0,0,0,0,0,No, ,No, ,No, ,No, ,No, ,No, ,No, ,Si,1,Si,1,Si,3,No, ,No, ,No, ,Si,10,15,0,No, ,Sí,1,5, , , , , , , , , , , , , , , , , , , , , , , , , , , , , , , , , , , , , , , ,Ninguna, , , , , , , , , , , , , , , , , , ,-3.94231603,-80.65114101
1224,240203,03,CANOAS DE PUNTA SAL,De 5000 - 10000 Hab,Distrital, , , , , , , , , , , , , , , , , , , , , , , , , , , , ,1,24,2,3,Si,No, , , , , , , , , , , , , , , , , , , , , , , , , , , , , , , , , , , , , , , , , , , , , ,21,1,0,0,0,18,2,0,0,1,0,0,0,0,0,1,0,0,8,0,0,0,0,8,0,0,0,0,0,0,0,0,0,0,0,0,1,0,0,0,0,1,0,0,0,2,0,0,0,0,2,0,0,0,2,0,0,0,0,2,0,0,0,2,0,0,0,0,1,1,0,0,4,0,0,0,0,4,0,0,0,1,1,0,0,0,0,0,0,0,0, ,0,0,0,0,0,0,0,0,No, ,No, ,No, ,Si,1,No, ,No, ,No, ,Si,1,Si,1,No, ,Si,2,Si,3,Si,2,Si,11,21,0,Sí,4,No, , , , , , , , , , , , , , , , , , , , , , , , , , , , , , , , , , , , , , , , , , , , , , , , , , , , , , , , , , , , ,-3.94496456,-80.93724725
1225,240301,01,ZARUMILLA,De 40001 - 80000 Hab,Provincial, , , , , , , ,1,24,3, , , , , , , , , , , , , , , , , , , , , , , , , , , , , , , , , , , , , , , , , , , , , , , , , , , , , , , , , , , , , , , , , , , , , ,75,3,1,0,0,55,16,0,0,10,0,1,0,0,6,3,0,0,28,1,0,0,0,27,0,0,0,8,0,0,0,0,4,4,0,0,10,1,0,0,0,9,0,0,0,3,0,0,0,0,0,3,0,0,4,0,0,0,0,0,4,0,0,3,0,0,0,0,1,2,0,0,8,0,0,0,0,8,0,0,0,1,1,0,0,0,0,0,0,0,0, ,0,0,0,0,0,0,0,0,No, ,Si,1,No, ,No, ,No, ,Si,3,Si,6,Si,1,Si,5,Si,1,No, ,Si,3,Si,3,Si,52,75,0,No, ,Sí,1,10, , , , , , , , , , , , , , , , , , , , , , , , , , , , , , , , , , , , , , , ,Almenos una,1,No,No,No,No,No,No,No,No,Si,No,No,Si,No,Si,No,Si,PICOS,-3.50168003,-80.27596503
1226,240302,02,AGUAS VERDES,De 20001 - 40000 Hab,Distrital, , , , , , , , , , , , , , , , , , , , , , , , , , , , ,1,24,3,2,Si,No, , , , , , , , , , , , , , , , , , , , , , , , , , , , , , , , , , , , , , , , , , , , , ,39,1,0,0,0,34,4,0,0,2,0,0,0,0,1,1,0,0,17,0,0,0,0,17,0,0,0,8,0,0,0,0,8,0,0,0,3,0,0,0,0,3,0,0,0,2,0,0,0,0,1,1,0,0,1,0,0,0,0,1,0,0,0,3,0,0,0,0,1,2,0,0,2,0,0,0,0,2,0,0,0,1,1,0,0,0,0,0,0,0,0, ,0,0,0,0,0,0,0,0,No, ,No, ,No, ,Si,1,No, ,No, ,Si,4,Si,2,Si,3,Si,1,No, ,Si,1,Si,2,Si,25,39,0,Sí,12,No, , , , , , , , , , , , , , , , , , , , , , , , , , , , , , , , , , , , , , , , , , , , , , , , , , , , , , , , , , , , ,-3.48163888,-80.24538241
1227,240304,04,PAPAYAL,De 5000 - 10000 Hab,Distrital, , , , , , , , , , , , , , , , , , , , , , , , , , , , ,1,24,3,4,Si,No, , , , , , , , , , , , , , , , , , , , , , , , , , , , , , , , , , , , , , , , , , , , , ,16,0,0,0,0,15,1,0,0,2,0,0,0,0,1,1,0,0,6,0,0,0,0,6,0,0,0,0,0,0,0,0,0,0,0,0,1,0,0,0,0,1,0,0,0,2,0,0,0,0,2,0,0,0,1,0,0,0,0,1,0,0,0,1,0,0,0,0,1,0,0,0,2,0,0,0,0,2,0,0,0,1,0,0,0,0,1,0,0,0,0, ,0,0,0,0,0,0,0,0,No, ,No, ,No, ,No, ,No, ,No, ,Si,1,Si,1,No, ,No, ,No, ,Si,1,Si,2,Si,11,16,0,No, ,Sí,1,11, , , , , , , , , , , , , , , , , , , , , , , , , , , , , , , , , , , , , , , ,Almenos una,1,Si,No,No,No,No,No,No,No,Si,Si,No,Si,No,No,No,No, ,-3.57115591,-80.23541383
1228,070101,01,CALLAO,De 80001 a más Hab,Distrital, , , , , , , , , , , , , , , , , , , , , , , , , , , , ,1,7,1,1,No,Si, , , , , , , , , , , , , , , , , , , , , , , , , , , , , , , , , , , , , , , , , , , , , ,103,7,0,0,0,93,3,0,0,8,0,0,0,0,5,3,0,0,51,0,0,0,0,51,0,0,0,7,0,0,0,0,7,0,0,0,12,0,0,0,0,12,0,0,0,3,0,0,0,0,3,0,0,0,4,0,0,0,0,4,0,0,0,2,0,0,0,0,2,0,0,0,9,0,0,0,0,9,0,0,0,7,7,0,0,0,0,0,0,0,0, ,0,0,0,0,0,0,0,0,No, ,Si,1,No, ,Si,1,Si,1,Si,4,Si,6,Si,10,Si,8,Si,2,Si,5,Si,5,Si,8,Si,52,103,0,No, ,Sí,3,10,10,10, , , , , , , , , , , , , , , , , , , , , , , , , , , , , , , , , , , , , ,Ninguna, , , , , , , , , , , , , , , , , , ,-12.05499584,-77.12895651
1229,070101,01,CALLAO,De 5000 - 10000 Hab,Distrital, , , , , , , , , , , , , , , , , , , , , , , , , , , , ,1,7,1,1,No,Si, , , , , , , , , , , , , , , , , , , , , , , , , , , , , , , , , , , , , , , , , , , , , ,63,5,0,0,0,56,2,0,0,6,0,0,0,0,5,1,0,0,35,1,0,0,0,34,0,0,0,0,0,0,0,0,0,0,0,0,4,0,0,0,0,4,0,0,0,1,0,0,0,0,1,0,0,0,2,0,0,0,0,2,0,0,0,3,0,0,0,0,2,1,0,0,6,2,0,0,0,4,0,0,0,2,2,0,0,0,0,0,0,0,4,PUESTO DE AUXILIO RAPIDO,0,0,0,0,4,0,0,0,No, ,Si,1,No, ,Si,1,No, ,Si,3,Si,5,Si,3,Si,7,Si,7,Si,1,No, ,Si,4,Si,31,63,0,No, ,Sí,5,10,10,10,10,10, , , , , , , , , , , , , , , , , , , , , , , , , , , , , , , , , , , ,Ninguna, , , , , , , , , , , , , , , , , , ,-12.04388691,-77.12400569
1230,070101,01,CALLAO,De 10001 - 20000 Hab,Distrital, , , , , , , , , , , , , , , , , , , , , , , , , , , , ,1,7,1,1,No,Si, , , , , , , , , , , , , , , , , , , , , , , , , , , , , , , , , , , , , , , , , , , , , ,93,5,0,0,0,85,3,0,0,4,0,0,0,0,3,1,0,0,41,0,0,0,0,41,0,0,0,14,0,0,0,0,14,0,0,0,12,0,0,0,0,12,0,0,0,3,0,0,0,0,3,0,0,0,2,0,0,0,0,0,2,0,0,2,0,0,0,0,2,0,0,0,10,0,0,0,0,10,0,0,0,5,5,0,0,0,0,0,0,0,0, ,0,0,0,0,0,0,0,0,No, ,No, ,Si,1,No, ,No, ,Si,4,Si,7,Si,4,Si,8,Si,3,Si,2,Si,6,Si,7,Si,51,93,0,No, ,Sí,3,15,15,15, , , , , , , , , , , , , , , , , , , , , , , , , , , , , , , , , , , , , ,Ninguna, , , , , , , , , , , , , , , , , , ,-12.02373889,-77.13429252
1231,070101,01,CALLAO,De 5000 - 10000 Hab,Distrital, , , , , , , , , , , , , , , , , , , , , , , , , , , , ,3,7,1,2,No,Si,7,1,1,No,Si,7,1,3,No,Si, , , , , , , , , , , , , , , , , , , , , , , , , , , , , , , , , , , ,72,2,1,0,0,64,4,1,0,5,0,0,0,0,3,2,0,0,38,0,0,0,0,37,0,1,0,4,0,0,0,0,4,0,0,0,6,0,0,0,0,6,0,0,0,3,0,0,0,0,3,0,0,0,3,0,0,0,0,2,1,0,0,2,0,0,0,0,1,1,0,0,10,1,1,0,0,8,0,0,0,1,1,0,0,0,0,0,0,0,0, ,0,0,0,0,0,0,0,0,No, ,Si,1,No, ,No, ,No, ,Si,2,Si,5,Si,5,Si,3,Si,3,Si,4,Si,4,Si,11,Si,34,72,1,Sí,8,Sí,2,6,6, , , , , , , , , , , , , , , , , , , , , , , , , , , , , , , , , , , , , , ,Almenos una,2,No,No,No,No,No,No,No,No,No,No,No,No,No,No,No,No, ,-12.0241935,-77.09560829
1232,070101,01,CALLAO,De 40001 - 80000 Hab,Distrital, , , , , , , , , , , , , , , , , , , , , , , , , , , , ,1,7,1,1,No,Si, , , , , , , , , , , , , , , , , , , , , , , , , , , , , , , , , , , , , , , , , , , , , ,74,5,0,0,0,67,2,0,0,11,1,0,0,0,8,2,0,0,32,0,0,0,0,32,0,0,0,12,0,0,0,0,12,0,0,0,5,1,0,0,0,4,0,0,0,2,0,0,0,0,2,0,0,0,2,0,0,0,0,2,0,0,0,2,0,0,0,0,2,0,0,0,5,0,0,0,0,5,0,0,0,3,3,0,0,0,0,0,0,0,0, ,0,0,0,0,0,0,0,0,No, ,No, ,Si,1,Si,1,No, ,Si,3,Si,6,Si,4,Si,6,Si,2,Si,4,Si,4,Si,5,Si,38,74,0,Sí,5,Sí,7,10,10,10,10,10,10,10, , , , , , , , , , , , , , , , , , , , , , , , , , , , , , , , , ,Ninguna, , , , , , , , , , , , , , , , , , ,-12.04418087,-77.10475952
1233,070101,01,CALLAO,De 40001 - 80000 Hab,Provincial, , , , , , , ,1,7,1, , , , , , , , , , , , , , , , , , , , , , , , , , , , , , , , , , , , , , , , , , , , , , , , , , , , , , , , , , , , , , , , , , , , , ,63,3,1,0,0,55,4,0,0,3,0,0,0,0,2,1,0,0,32,1,0,0,0,31,0,0,0,3,0,0,0,0,3,0,0,0,5,0,0,0,0,5,0,0,0,3,0,0,0,0,3,0,0,0,4,0,1,0,0,2,1,0,0,3,0,0,0,0,1,2,0,0,9,1,0,0,0,8,0,0,0,1,1,0,0,0,0,0,0,0,0, ,0,0,0,0,0,0,0,0,No, ,Si,1,No, ,No, ,No, ,Si,3,Si,7,Si,4,Si,1,Si,7,Si,2,Si,1,Si,4,Si,33,63,0,No, ,Sí,2,19,19, , , , , , , , , , , , , , , , , , , , , , , , , , , , , , , , , , , , , , ,Ninguna, , , , , , , , , , , , , , , , , , ,-12.03759843,-77.09721497
1234,070101,01,CALLAO,De 40001 - 80000 Hab,Distrital, , , , , , , , , , , , , , , , , , , , , , , , , , , , ,1,7,1,1,No,Si, , , , , , , , , , , , , , , , , , , , , , , , , , , , , , , , , , , , , , , , , , , , , ,96,4,2,0,0,84,5,1,0,6,0,0,0,0,4,2,0,0,58,1,0,0,0,56,0,1,0,0,0,0,0,0,0,0,0,0,12,0,0,0,0,12,0,0,0,3,0,0,0,0,3,0,0,0,3,0,1,0,0,0,2,0,0,2,0,0,0,0,1,1,0,0,8,0,0,0,0,8,0,0,0,4,3,1,0,0,0,0,0,0,0, ,0,0,0,0,0,0,0,0,No, ,No, ,Si,1,Si,1,Si,1,Si,3,Si,11,Si,10,Si,4,Si,2,Si,5,Si,8,Si,8,Si,42,96,0,No, ,Sí,4,22,22,22,22, , , , , , , , , , , , , , , , , , , , , , , , , , , , , , , , , , , , ,Ninguna, , , , , , , , , , , , , , , , , , ,-12.01438734,-77.09650133
1235,070101,01,CALLAO,De 20001 - 40000 Hab,Otros,CENTRO POBLADO, , , , , , , , , , , , , , , , , , , , , , , , , , , , , , , , , , , , , , , , , , , , , , , , , , , , , , , , , , , , , , , , , , , , , , , , , , , , , , ,70,4,0,0,0,60,5,1,0,3,0,0,0,0,1,2,0,0,27,0,0,0,0,26,0,1,0,10,0,0,0,0,10,0,0,0,10,0,0,0,0,10,0,0,0,2,0,0,0,0,2,0,0,0,2,0,0,0,0,0,2,0,0,3,0,0,0,0,2,1,0,0,9,0,0,0,0,9,0,0,0,4,4,0,0,0,0,0,0,0,0, ,0,0,0,0,0,0,0,0,No, ,No, ,Si,1,Si,1,No, ,Si,2,Si,3,Si,5,Si,7,Si,3,Si,4,Si,3,Si,9,Si,32,70,0,Sí,9,Sí,2,15,15, , , , , , , , , , , , , , , , , , , , , , , , , , , , , , , , , , , , , , ,Ninguna, , , , , , , , , , , , , , , , , , ,-11.94481396,-77.13398484
1236,070101,01,CALLAO,De 40001 - 80000 Hab,Distrital, , , , , , , , , , , , , , , , , , , , , , , , , , , , ,1,7,1,1,No,Si, , , , , , , , , , , , , , , , , , , , , , , , , , , , , , , , , , , , , , , , , , , , , ,87,5,0,0,0,77,2,3,0,4,0,0,0,0,3,1,0,0,50,0,0,0,0,47,0,3,0,0,0,0,0,0,0,0,0,0,2,0,0,0,0,2,0,0,0,2,0,0,0,0,2,0,0,0,2,0,0,0,0,2,0,0,0,2,1,0,0,0,0,1,0,0,8,0,0,0,0,8,0,0,0,4,4,0,0,0,0,0,0,0,13,PUESTO DE AUXILIO RAPIDO,0,0,0,0,13,0,0,0,No, ,No, ,Si,1,Si,1,No, ,Si,3,Si,6,Si,6,Si,6,Si,4,Si,4,Si,3,Si,8,Si,45,87,0,Sí,23,Sí,4,10,10,10,10, , , , , , , , , , , , , , , , , , , , , , , , , , , , , , , , , , , , ,Ninguna, , , , , , , , , , , , , , , , , , ,-12.05028512,-77.13176784
1237,070102,02,BELLAVISTA,De 40001 - 80000 Hab,Distrital, , , , , , , , , , , , , , , , , , , , , , , , , , , , ,1,7,1,2,No,Si, , , , , , , , , , , , , , , , , , , , , , , , , , , , , , , , , , , , , , , , , , , , , ,82,5,0,0,0,76,0,1,0,5,0,0,0,0,5,0,0,0,36,0,0,0,0,35,0,1,0,0,0,0,0,0,0,0,0,0,7,0,0,0,0,7,0,0,0,2,0,0,0,0,2,0,0,0,2,0,0,0,0,2,0,0,0,2,0,0,0,0,2,0,0,0,6,2,0,0,0,4,0,0,0,3,3,0,0,0,0,0,0,0,19,LABORES MIXTAS,0,0,0,0,19,0,0,0,No, ,Si,1,No, ,Si,2,No, ,Si,2,Si,9,Si,8,Si,7,Si,6,Si,1,Si,2,Si,3,Si,41,82,1,No, ,Sí,3,10,10,10, , , , , , , , , , , , , , , , , , , , , , , , , , , , , , , , , , , , , ,Ninguna, , , , , , , , , , , , , , , , , , ,-12.06119013,-77.12539507
1238,070102,02,BELLAVISTA,De 40001 - 80000 Hab,Distrital, , , , , , , , , , , , , , , , , , , , , , , , , , , , ,1,7,1,2,No,Si, , , , , , , , , , , , , , , , , , , , , , , , , , , , , , , , , , , , , , , , , , , , , ,78,5,1,0,0,67,1,4,0,6,0,0,0,0,5,1,0,0,29,0,0,0,0,25,0,4,0,12,0,0,0,0,12,0,0,0,4,1,0,0,0,3,0,0,0,2,0,0,0,0,2,0,0,0,2,0,0,0,0,2,0,0,0,3,0,1,0,0,2,0,0,0,9,0,0,0,0,9,0,0,0,4,4,0,0,0,0,0,0,0,7,LABORES MIXTAS,0,0,0,0,7,0,0,0,No, ,Si,1,No, ,Si,1,Si,1,Si,3,Si,4,Si,4,Si,8,Si,4,Si,3,Si,3,Si,8,Si,38,78,1,No, ,Sí,8,9,9,9,9,9,6,9,9, , , , , , , , , , , , , , , , , , , , , , , , , , , , , , , , ,Ninguna, , , , , , , , , , , , , , , , , , ,-12.05898604,-77.10533005
1239,070101,01,CALLAO,De 40001 - 80000 Hab,Distrital, , , , , , , , , , , , , , , , , , , , , , , , , , , , ,1,7,1,1,No,Si, , , , , , , , , , , , , , , , , , , , , , , , , , , , , , , , , , , , , , , , , , , , , ,86,4,2,0,0,73,7,0,0,12,0,0,0,0,8,4,0,0,36,1,0,0,0,35,0,0,0,6,0,0,0,0,6,0,0,0,9,0,0,0,0,9,0,0,0,4,0,0,0,0,4,0,0,0,4,0,2,0,0,1,1,0,0,3,1,0,0,0,1,1,0,0,11,1,0,0,0,9,1,0,0,1,1,0,0,0,0,0,0,0,0, ,0,0,0,0,0,0,0,0,No, ,No, ,Si,1,No, ,Si,1,Si,4,Si,2,Si,7,Si,7,Si,5,Si,2,Si,6,Si,7,Si,44,86,2,Sí,4,Sí,3,10,10,10, , , , , , , , , , , , , , , , , , , , , , , , , , , , , , , , , , , , , ,Ninguna, , , , , , , , , , , , , , , , , , ,-12.05269254,-77.09717325
1240,070103,03,CARMEN DE LA LEGUA REYNOSO,De 40001 - 80000 Hab,Distrital, , , , , , , , , , , , , , , , , , , , , , , , , , , , ,1,7,1,3,No,Si, , , , , , , , , , , , , , , , , , , , , , , , , , , , , , , , , , , , , , , , , , , , , ,77,4,0,0,0,66,4,3,0,8,0,0,0,0,6,1,1,0,42,0,0,0,0,40,0,2,0,5,0,0,0,0,5,0,0,0,4,0,0,0,0,4,0,0,0,2,0,0,0,0,2,0,0,0,4,0,0,0,0,2,2,0,0,2,0,0,0,0,1,1,0,0,9,3,0,0,0,6,0,0,0,1,1,0,0,0,0,0,0,0,0, ,0,0,0,0,0,0,0,0,No, ,No, ,Si,1,Si,1,No, ,Si,2,Si,8,Si,4,Si,5,Si,3,Si,1,Si,4,Si,8,Si,40,77,0,No, ,Sí,1,7, , , , , , , , , , , , , , , , , , , , , , , , , , , , , , , , , , , , , , , ,Ninguna, , , , , , , , , , , , , , , , , , ,-12.03893838,-77.08717742
1241,070104,04,LA PERLA,De 80001 a más Hab,Distrital, , , , , , , , , , , , , , , , , , , , , , , , , , , , ,1,7,1,4,Si,No, , , , , , , , , , , , , , , , , , , , , , , , , , , , , , , , , , , , , , , , , , , , , ,83,4,0,0,0,76,3,0,0,5,0,0,0,0,4,1,0,0,47,0,0,0,0,47,0,0,0,0,0,0,0,0,0,0,0,0,12,0,0,0,0,11,1,0,0,2,0,0,0,0,2,0,0,0,4,0,0,0,0,3,1,0,0,1,0,0,0,0,1,0,0,0,8,0,0,0,0,8,0,0,0,4,4,0,0,0,0,0,0,0,0, ,0,0,0,0,0,0,0,0,No, ,Si,1,No, ,No, ,Si,1,Si,2,Si,6,Si,8,Si,3,Si,6,Si,1,Si,1,Si,7,Si,47,83,0,No, ,Sí,2,6,6, , , , , , , , , , , , , , , , , , , , , , , , , , , , , , , , , , , , , , ,Ninguna, , , , , , , , , , , , , , , , , , ,-12.07018294,-77.12593501
1242,070105,05,LA PUNTA,De 40001 - 80000 Hab,Distrital, , , , , , , , , , , , , , , , , , , , , , , , , , , , ,1,7,1,5,Si,No, , , , , , , , , , , , , , , , , , , , , , , , , , , , , , , , , , , , , , , , , , , , , ,44,3,0,0,0,40,1,0,0,7,0,0,0,0,6,1,0,0,18,0,0,0,0,18,0,0,0,0,0,0,0,0,0,0,0,0,3,0,0,0,0,3,0,0,0,1,0,0,0,0,1,0,0,0,1,0,0,0,0,1,0,0,0,1,0,0,0,0,1,0,0,0,10,0,0,0,0,10,0,0,0,3,3,0,0,0,0,0,0,0,0, ,0,0,0,0,0,0,0,0,No, ,No, ,Si,1,Si,1,No, ,Si,1,Si,3,Si,2,Si,1,Si,1,No, ,Si,2,Si,4,Si,28,44,2,No, ,Sí,3,14,17,9, , , , , , , , , , , , , , , , , , , , , , , , , , , , , , , , , , , , , ,Almenos una,3,No,Si,No,No,No,No,No,No,No,Si,Si,No,No,No,No,Si,LAMPAS,-12.06825289,-77.15787094
1243,070107,07,MI PERU,De 40001 - 80000 Hab,Distrital, , , , , , , , , , , , , , , , , , , , , , , , , , , , ,1,7,1,7,Si,No, , , , , , , , , , , , , , , , , , , , , , , , , , , , , , , , , , , , , , , , , , , , , ,78,4,0,0,0,69,5,0,0,4,0,0,0,0,4,0,0,0,20,0,0,0,0,20,0,0,0,17,0,0,0,0,16,1,0,0,7,0,0,0,0,7,0,0,0,2,0,0,0,0,2,0,0,0,2,0,0,0,0,1,1,0,0,4,0,0,0,0,2,2,0,0,12,0,0,0,0,12,0,0,0,4,4,0,0,0,0,0,0,0,6,PUESTO DE AUXILIO RAPIDO,0,0,0,0,5,1,0,0,No, ,Si,1,No, ,Si,1,No, ,Si,2,Si,7,Si,4,Si,5,Si,2,No, ,Si,6,Si,12,Si,38,78,0,No, ,Sí,4,19,19,19,19, , , , , , , , , , , , , , , , , , , , , , , , , , , , , , , , , , , , ,Ninguna, , , , , , , , , , , , , , , , , , ,-11.854405,-77.123262
1244,070106,06,VENTANILLA,De 80001 a más Hab,Distrital, , , , , , , , , , , , , , , , , , , , , , , , , , , , ,1,7,1,6,Si,No, , , , , , , , , , , , , , , , , , , , , , , , , , , , , , , , , , , , , , , , , , , , , ,95,6,0,0,0,86,3,0,0,11,0,0,0,0,9,2,0,0,41,1,0,0,0,40,0,0,0,10,1,0,0,0,9,0,0,0,13,0,0,0,0,13,0,0,0,4,1,0,0,0,3,0,0,0,5,1,0,0,0,4,0,0,0,4,1,0,0,0,2,1,0,0,6,0,0,0,0,6,0,0,0,1,1,0,0,0,0,0,0,0,0, ,0,0,0,0,0,0,0,0,No, ,Si,1,No, ,Si,1,No, ,Si,4,Si,9,Si,13,Si,7,Si,4,Si,5,Si,5,Si,7,Si,39,95,1,No, ,Sí,3,4,4,4, , , , , , , , , , , , , , , , , , , , , , , , , , , , , , , , , , , , , ,Ninguna, , , , , , , , , , , , , , , , , , ,-11.87299402,-77.12619572
1245,070106,06,VENTANILLA,De 20001 - 40000 Hab,Distrital, , , , , , , , , , , , , , , , , , , , , , , , , , , , ,1,7,1,6,No,Si, , , , , , , , , , , , , , , , , , , , , , , , , , , , , , , , , , , , , , , , , , , , , ,79,5,0,0,0,69,4,0,1,5,0,0,0,0,3,2,0,0,28,0,0,0,0,28,0,0,0,4,0,0,0,0,4,0,0,0,9,0,0,0,0,8,1,0,0,3,0,0,0,0,3,0,0,0,4,0,0,0,0,3,1,0,0,3,0,0,0,0,2,0,0,1,6,0,0,0,0,6,0,0,0,5,5,0,0,0,0,0,0,0,12,PUESTO DE AUXILIO RAPIDO,0,0,0,0,12,0,0,0,No, ,Si,1,No, ,Si,1,No, ,Si,3,Si,9,Si,7,Si,9,Si,2,Si,2,Si,5,Si,7,Si,33,79,0,No, ,No, , , , , , , , , , , , , , , , , , , , , , , , , , , , , , , , , , , , , , , , , , , , , , , , , , , , , , , , , , , , ,-11.83163009,-77.14324783
1246,070106,06,VENTANILLA,De 80001 a más Hab,Regional, ,1,7, , , , , , , , , , , , , , , , , , , , , , , , , , , , , , , , , , , , , , , , , , , , , , , , , , , , , , , , , , , , , , , , , , , , , , , , , , , , ,81,4,0,0,0,70,7,0,0,7,1,0,0,0,5,1,0,0,30,0,0,0,0,30,0,0,0,13,0,0,0,0,13,0,0,0,9,0,0,0,0,9,0,0,0,2,0,0,0,0,2,0,0,0,4,0,0,0,0,0,4,0,0,3,0,0,0,0,3,0,0,0,8,0,0,0,0,8,0,0,0,3,3,0,0,0,0,0,0,0,2,VACACIONES Y OTRAS ACTIVIDADES,0,0,0,0,0,2,0,0,No, ,No, ,Si,1,Si,1,No, ,Si,2,Si,5,Si,6,Si,6,Si,2,Si,3,No, ,Si,18,Si,37,81,0,No, ,Sí,4,12,12,12,12, , , , , , , , , , , , , , , , , , , , , , , , , , , , , , , , , , , , ,Ninguna, , , , , , , , , , , , , , , , , , ,-11.83059167,-77.12178679
1247,200101,01,PIURA,De 10001 - 20000 Hab,Distrital, , , , , , , , , , , , , , , , , , , , , , , , , , , , ,5,20,1,1,Si,No,20,1,4,Si,No,20,1,15,Si,No,20,6,1,No,Si,20,1,5,Si,No, , , , , , , , , , , , , , , , , , , , , , , , , ,37,0,1,0,0,9,27,0,0,4,0,0,0,0,1,3,0,0,0,0,0,0,0,0,0,0,0,0,0,0,0,0,0,0,0,0,0,0,0,0,0,0,0,0,0,0,0,0,0,0,0,0,0,0,26,0,0,0,0,2,24,0,0,0,0,0,0,0,0,0,0,0,2,0,0,0,0,2,0,0,0,1,0,1,0,0,0,0,0,0,4,CHOFER,0,0,0,0,4,0,0,0,No, ,No, ,No, ,Si,1,No, ,No, ,Si,2,Si,1,No, ,Si,2,No, ,No, ,Si,5,Si,26,37,0,No, ,Sí,5,1,1,1,1,1, , , , , , , , , , , , , , , , , , , , , , , , , , , , , , , , , , , ,Ninguna, , , , , , , , , , , , , , , , , , ,-5.1841056,-80.65290352
1248,200115,15,VEINTISEIS DE OCTUBRE,De 80001 a más Hab,Regional, ,1,20, , , , , , , , , , , , , , , , , , , , , , , , , , , , , , , , , , , , , , , , , , , , , , , , , , , , , , , , , , , , , , , , , , , , , , , , , , , , ,50,1,0,0,0,49,0,0,0,1,0,0,0,0,1,0,0,0,43,0,0,0,0,43,0,0,0,0,0,0,0,0,0,0,0,0,0,0,0,0,0,0,0,0,0,0,0,0,0,0,0,0,0,0,0,0,0,0,0,0,0,0,0,0,0,0,0,0,0,0,0,0,5,0,0,0,0,5,0,0,0,1,1,0,0,0,0,0,0,0,0, ,0,0,0,0,0,0,0,0,No, ,No, ,Si,1,No, ,No, ,No, ,Si,4,Si,1,Si,4,No, ,Si,1,Si,7,Si,25,Si,7,50,0,No, ,Sí,1,1, , , , , , , , , , , , , , , , , , , , , , , , , , , , , , , , , , , , , , , ,Almenos una,1,Si,Si,Si,No,Si,Si,No,Si,Si,No,No,Si,No,No,No,Si,CINCEL,-5.18144143,-80.65310041
1249,200111,11,LAS LOMAS,De 10001 - 20000 Hab,Distrital, , , , , , , , , , , , , , , , , , , , , , , , , , , , ,1,20,1,11,Si,No, , , , , , , , , , , , , , , , , , , , , , , , , , , , , , , , , , , , , , , , , , , , , ,25,1,0,0,0,24,0,0,0,1,0,0,0,0,1,0,0,0,21,0,0,0,0,21,0,0,0,0,0,0,0,0,0,0,0,0,0,0,0,0,0,0,0,0,0,0,0,0,0,0,0,0,0,0,0,0,0,0,0,0,0,0,0,0,0,0,0,0,0,0,0,0,2,0,0,0,0,2,0,0,0,1,1,0,0,0,0,0,0,0,0, ,0,0,0,0,0,0,0,0,No, ,No, ,Si,1,No, ,No, ,No, ,Si,3,Si,1,No, ,No, ,No, ,No, ,Si,15,Si,5,25,0,No, ,No, , , , , , , , , , , , , , , , , , , , , , , , , , , , , , , , , , , , , , , , , , , , , , , , , , , , , , , , , , , , ,-4.65193078,-80.23214691
1252,200608,08,SALITRAL,De 10001 - 20000 Hab,Distrital, , , , , , , , , , , , , , , , , , , , , , , , , , , , ,1,20,6,8,Si,No, , , , , , , , , , , , , , , , , , , , , , , , , , , , , , , , , , , , , , , , , , , , , ,32,1,0,0,0,31,0,0,0,1,0,0,0,0,1,0,0,0,26,0,0,0,0,26,0,0,0,0,0,0,0,0,0,0,0,0,0,0,0,0,0,0,0,0,0,0,0,0,0,0,0,0,0,0,2,0,0,0,0,2,0,0,0,0,0,0,0,0,0,0,0,0,2,0,0,0,0,2,0,0,0,1,1,0,0,0,0,0,0,0,0, ,0,0,0,0,0,0,0,0,No, ,No, ,Si,1,No, ,No, ,No, ,Si,4,Si,1,Si,2,No, ,Si,1,Si,2,Si,18,Si,3,32,0,No, ,No, , , , , , , , , , , , , , , , , , , , , , , , , , , , , , , , , , , , , , , , , , , , , , , , , , , , , , , , , , , , ,-4.88590541,-80.69814384
1253,200404,04,LA MATANZA,De 10001 - 20000 Hab,Provincial, , , , , , , ,2,20,3,20,4, , , , , , , , , , , , , , , , , , , , , , , , , , , , , , , , , , , , , , , , , , , , , , , , , , , , , , , , , , , , , , , , , , , ,21,1,0,0,0,20,0,0,0,1,0,0,0,0,1,0,0,0,18,0,0,0,0,18,0,0,0,0,0,0,0,0,0,0,0,0,0,0,0,0,0,0,0,0,0,0,0,0,0,0,0,0,0,0,0,0,0,0,0,0,0,0,0,0,0,0,0,0,0,0,0,0,1,0,0,0,0,1,0,0,0,1,1,0,0,0,0,0,0,0,0, ,0,0,0,0,0,0,0,0,No, ,No, ,No, ,No, ,Si,1,No, ,Si,1,No, ,Si,1,Si,1,Si,3,Si,6,Si,6,Si,2,21,0,No, ,Sí,3,4,4,4, , , , , , , , , , , , , , , , , , , , , , , , , , , , , , , , , , , , , ,Ninguna, , , , , , , , , , , , , , , , , , ,-5.243555,-80.113111
1254,200705,05,LOS ORGANOS,De 10001 - 20000 Hab,Distrital, , , , , , , , , , , , , , , , , , , , , , , , , , , , ,1,20,7,5,No,Si, , , , , , , , , , , , , , , , , , , , , , , , , , , , , , , , , , , , , , , , , , , , , ,24,1,0,0,0,23,0,0,0,1,0,0,0,0,1,0,0,0,10,0,0,0,0,10,0,0,0,2,0,0,0,0,2,0,0,0,2,0,0,0,0,2,0,0,0,2,0,0,0,0,2,0,0,0,2,0,0,0,0,2,0,0,0,2,0,0,0,0,2,0,0,0,2,0,0,0,0,2,0,0,0,1,1,0,0,0,0,0,0,0,0, ,0,0,0,0,0,0,0,0,No, ,No, ,Si,1,No, ,No, ,No, ,No, ,No, ,Si,2,Si,2,Si,1,Si,1,Si,12,Si,5,24,0,No, ,No, , , , , , , , , , , , , , , , , , , , , , , , , , , , , , , , , , , , , , , , , , , , , , , , , , , , , , , , , , , , ,-4.1802405,-81.13027204
1255,060409,09,HUAMBOS,De 40001 - 80000 Hab,Regional, ,2,14,6, , , , , , , , , , , , , , , , , , , , , , , , , , , , , , , , , , , , , , , , , , , , , , , , , , , , , , , , , , , , , , , , , , , , , , , , , , , ,22,1,0,0,0,20,1,0,0,4,0,0,0,0,4,0,0,0,16,0,0,0,0,15,1,0,0,0,0,0,0,0,0,0,0,0,0,0,0,0,0,0,0,0,0,0,0,0,0,0,0,0,0,0,0,0,0,0,0,0,0,0,0,0,0,0,0,0,0,0,0,0,1,0,0,0,0,1,0,0,0,1,1,0,0,0,0,0,0,0,0, ,0,0,0,0,0,0,0,0,No, ,No, ,No, ,Si,1,No, ,No, ,No, ,Si,3,Si,3,Si,2,Si,3,Si,2,Si,7,Si,1,22,0,No, ,Sí,4,2,2,2,2, , , , , , , , , , , , , , , , , , , , , , , , , , , , , , , , , , , , ,Almenos una,4,No,No,No,No,No,No,No,No,No,No,No,Si,No,No,No,Si,PALAS,-6.45265647,-78.96134648
1256,060808,08,PUCARA,De 5000 - 10000 Hab,Distrital, , , , , , , , , , , , , , , , , , , , , , , , , , , , ,2,6,8,8,Si,No,6,8,7,No,Si, , , , , , , , , , , , , , , , , , , , , , , , , , , , , , , , , , , , , , , , ,24,1,0,0,0,23,0,0,0,2,0,0,0,0,2,0,0,0,19,0,0,0,0,19,0,0,0,0,0,0,0,0,0,0,0,0,0,0,0,0,0,0,0,0,0,0,0,0,0,0,0,0,0,0,0,0,0,0,0,0,0,0,0,0,0,0,0,0,0,0,0,0,2,0,0,0,0,2,0,0,0,1,1,0,0,0,0,0,0,0,0, ,0,0,0,0,0,0,0,0,No, ,No, ,No, ,No, ,Si,1,No, ,No, ,No, ,Si,2,Si,3,Si,2,Si,2,Si,3,Si,11,24,0,No, ,No, , , , , , , , , , , , , , , , , , , , , , , , , , , , , , , , , , , , , , , , , , , , , , , , , , , , , , , , , , , , ,-6.03977846,-79.1286999
1257,061304,04,CHANCAYBAÑOS,De 20001 - 40000 Hab,Distrital, , , , , , , , , , , , , , , , , , , , , , , , , , , , ,1,6,13,4,Si,No, , , , , , , , , , , , , , , , , , , , , , , , , , , , , , , , , , , , , , , , , , , , , ,16,0,0,0,0,16,0,0,0,2,0,0,0,0,2,0,0,0,10,0,0,0,0,10,0,0,0,0,0,0,0,0,0,0,0,0,0,0,0,0,0,0,0,0,0,0,0,0,0,0,0,0,0,0,0,0,0,0,0,0,0,0,0,0,0,0,0,0,0,0,0,0,3,0,0,0,0,3,0,0,0,1,0,0,0,0,1,0,0,0,0, ,0,0,0,0,0,0,0,0,No, ,No, ,No, ,No, ,No, ,No, ,Si,1,Si,1,Si,3,Si,2,Si,1,Si,2,Si,6,No, ,16,0,No, ,No, , , , , , , , , , , , , , , , , , , , , , , , , , , , , , , , , , , , , , , , , , , , , , , , , , , , , , , , , , , , ,-6.5751455,-78.86822903
1259,140113,13,REQUE,De 40001 - 80000 Hab,Distrital, , , , , , , , , , , , , , , , , , , , , , , , , , , , ,3,14,1,3,Si,No,14,1,13,Si,No,14,1,10,Si,No, , , , , , , , , , , , , , , , , , , , , , , , , , , , , , , , , , , ,51,1,0,0,0,50,0,0,0,2,0,0,0,0,2,0,0,0,40,0,0,0,0,40,0,0,0,0,0,0,0,0,0,0,0,0,0,0,0,0,0,0,0,0,0,0,0,0,0,0,0,0,0,0,0,0,0,0,0,0,0,0,0,0,0,0,0,0,0,0,0,0,6,0,0,0,0,6,0,0,0,1,1,0,0,0,0,0,0,0,2,CHOFER,0,0,0,0,2,0,0,0,No, ,No, ,Si,1,No, ,No, ,No, ,Si,3,Si,5,Si,7,Si,3,Si,1,Si,5,Si,22,Si,4,51,0,No, ,Sí,2,4,4, , , , , , , , , , , , , , , , , , , , , , , , , , , , , , , , , , , , , , ,Almenos una,2,Si,No,No,Si,No,No,No,Si,No,No,No,Si,No,No,No,No, ,-6.85767989,-79.82457179
1260,060808,08,PUCARA,Menos de 5000 Hab,Otros,CENTRO POBLADO, , , , , , , , , , , , , , , , , , , , , , , , , , , , , , , , , , , , , , , , , , , , , , , , , , , , , , , , , , , , , , , , , , , , , , , , , , , , , , ,4,0,0,0,0,4,0,0,0,1,0,0,0,0,1,0,0,0,0,0,0,0,0,0,0,0,0,1,0,0,0,0,1,0,0,0,0,0,0,0,0,0,0,0,0,0,0,0,0,0,0,0,0,0,0,0,0,0,0,0,0,0,0,1,0,0,0,0,1,0,0,0,0,0,0,0,0,0,0,0,0,1,0,0,0,0,1,0,0,0,0, ,0,0,0,0,0,0,0,0,No, ,No, ,No, ,No, ,No, ,No, ,No, ,No, ,Si,1,No, ,No, ,Si,1,Si,1,Si,1,4,0,No, ,No, , , , , , , , , , , , , , , , , , , , , , , , , , , , , , , , , , , , , , , , , , , , , , , , , , , , , , , , , , , , ,-6.102498,-79.179037
1261,140306,06,MORROPE,De 10001 - 20000 Hab,Distrital, , , , , , , , , , , , , , , , , , , , , , , , , , , , ,1,14,3,6,Si,No, , , , , , , , , , , , , , , , , , , , , , , , , , , , , , , , , , , , , , , , , , , , , ,28,1,0,0,0,27,0,0,0,2,0,0,0,0,2,0,0,0,25,0,0,0,0,25,0,0,0,0,0,0,0,0,0,0,0,0,0,0,0,0,0,0,0,0,0,0,0,0,0,0,0,0,0,0,0,0,0,0,0,0,0,0,0,0,0,0,0,0,0,0,0,0,0,0,0,0,0,0,0,0,0,1,1,0,0,0,0,0,0,0,0, ,0,0,0,0,0,0,0,0,No, ,No, ,Si,1,No, ,No, ,No, ,Si,1,Si,3,Si,4,Si,2,Si,2,Si,6,Si,9,No, ,28,0,No, ,No, , , , , , , , , , , , , , , , , , , , , , , , , , , , , , , , , , , , , , , , , , , , , , , , , , , , , , , , , , , , ,-6.54057283,-80.01560871
1262,140308,08,OLMOS,De 10001 - 20000 Hab,Provincial, , , , , , , ,1,14,3, , , , , , , , , , , , , , , , , , , , , , , , , , , , , , , , , , , , , , , , , , , , , , , , , , , , , , , , , , , , , , , , , , , , , ,47,1,0,0,0,46,0,0,0,2,0,0,0,0,2,0,0,0,38,0,0,0,0,38,0,0,0,0,0,0,0,0,0,0,0,0,0,0,0,0,0,0,0,0,0,0,0,0,0,0,0,0,0,0,0,0,0,0,0,0,0,0,0,0,0,0,0,0,0,0,0,0,6,0,0,0,0,6,0,0,0,1,1,0,0,0,0,0,0,0,0, ,0,0,0,0,0,0,0,0,No, ,No, ,Si,1,No, ,No, ,No, ,Si,1,Si,2,Si,5,Si,4,Si,10,Si,5,Si,17,Si,2,47,0,No, ,Sí,2,4,4, , , , , , , , , , , , , , , , , , , , , , , , , , , , , , , , , , , , , , ,Ninguna, , , , , , , , , , , , , , , , , , ,-5.992327,-79.726942
1263,130702,02,GUADALUPE,De 20001 - 40000 Hab,Distrital, , , , , , , , , , , , , , , , , , , , , , , , , , , , ,5,13,7,2,No,Si,13,4,1,No,Si,14,1,7,No,Si,6,5,2,No,Si,13,7,5,No,Si, , , , , , , , , , , , , , , , , , , , , , , , , ,46,1,0,0,0,45,0,0,0,2,0,0,0,0,2,0,0,0,41,0,0,0,0,41,0,0,0,0,0,0,0,0,0,0,0,0,0,0,0,0,0,0,0,0,0,0,0,0,0,0,0,0,0,0,0,0,0,0,0,0,0,0,0,0,0,0,0,0,0,0,0,0,2,0,0,0,0,2,0,0,0,1,1,0,0,0,0,0,0,0,0, ,0,0,0,0,0,0,0,0,No, ,No, ,Si,1,No, ,No, ,No, ,No, ,Si,6,Si,7,Si,3,Si,6,Si,6,Si,16,Si,1,46,0,No, ,No, , , , , , , , , , , , , , , , , , , , , , , , , , , , , , , , , , , , , , , , , , , , , , , , , , , , , , , , , , , , ,-7.24830682,-79.47574661
1264,130101,01,TRUJILLO,De 80001 a más Hab,Provincial, , , , , , , ,2,13,1,13,2, , , , , , , , , , , , , , , , , , , , , , , , , , , , , , , , , , , , , , , , , , , , , , , , , , , , , , , , , , , , , , , , , , , ,36,0,0,0,0,33,3,0,0,1,0,0,0,0,0,1,0,0,30,0,0,0,0,28,2,0,0,0,0,0,0,0,0,0,0,0,0,0,0,0,0,0,0,0,0,0,0,0,0,0,0,0,0,0,0,0,0,0,0,0,0,0,0,0,0,0,0,0,0,0,0,0,2,0,0,0,0,2,0,0,0,1,0,0,0,0,1,0,0,0,2,LABORES DE MONITOREO EN PATRULLAJE,0,0,0,0,2,0,0,0,No, ,No, ,No, ,No, ,No, ,No, ,Si,4,Si,1,No, ,Si,5,Si,4,Si,5,Si,11,Si,6,36,0,No, ,No, , , , , , , , , , , , , , , , , , , , , , , , , , , , , , , , , , , , , , , , , , , , , , , , , , , , , , , , , , , , ,-8.13840153,-79.01591318
1265,130106,06,LAREDO,De 10001 - 20000 Hab,Provincial, , , , , , , ,2,13,1,13,6, , , , , , , , , , , , , , , , , , , , , , , , , , , , , , , , , , , , , , , , , , , , , , , , , , , , , , , , , , , , , , , , , , , ,29,0,0,0,0,28,1,0,0,1,0,0,0,0,1,0,0,0,23,0,0,0,0,22,1,0,0,0,0,0,0,0,0,0,0,0,0,0,0,0,0,0,0,0,0,0,0,0,0,0,0,0,0,0,0,0,0,0,0,0,0,0,0,0,0,0,0,0,0,0,0,0,4,0,0,0,0,4,0,0,0,1,0,0,0,0,1,0,0,0,0, ,0,0,0,0,0,0,0,0,No, ,No, ,No, ,No, ,No, ,No, ,Si,1,Si,3,Si,5,No, ,Si,2,Si,2,Si,14,Si,2,29,0,No, ,No, , , , , , , , , , , , , , , , , , , , , , , , , , , , , , , , , , , , , , , , , , , , , , , , , , , , , , , , , , , , ,-8.064388,-78.860475
1266,130101,01,TRUJILLO,Menos de 5000 Hab,Regional, ,1,13, , , , , , , , , , , , , , , , , , , , , , , , , , , , , , , , , , , , , , , , , , , , , , , , , , , , , , , , , , , , , , , , , , , , , , , , , , , , ,30,1,0,0,0,29,0,0,0,1,0,0,0,0,1,0,0,0,26,0,0,0,0,26,0,0,0,0,0,0,0,0,0,0,0,0,0,0,0,0,0,0,0,0,0,0,0,0,0,0,0,0,0,0,0,0,0,0,0,0,0,0,0,0,0,0,0,0,0,0,0,0,2,0,0,0,0,2,0,0,0,1,1,0,0,0,0,0,0,0,0, ,0,0,0,0,0,0,0,0,No, ,No, ,Si,1,No, ,No, ,No, ,Si,1,Si,1,Si,2,Si,2,Si,2,Si,3,Si,12,Si,6,30,0,No, ,No, , , , , , , , , , , , , , , , , , , , , , , , , , , , , , , , , , , , , , , , , , , , , , , , , , , , , , , , , , , , ,-8.12298221,-79.03514726
1268,131006,06,QUIRUVILCA,Menos de 5000 Hab,Distrital, , , , , , , , , , , , , , , , , , , , , , , , , , , , ,2,13,6,2,Si,No,13,10,6,Si,No, , , , , , , , , , , , , , , , , , , , , , , , , , , , , , , , , , , , , , , , ,23,1,0,0,0,22,0,0,0,1,0,0,0,0,1,0,0,0,19,0,0,0,0,19,0,0,0,0,0,0,0,0,0,0,0,0,0,0,0,0,0,0,0,0,0,0,0,0,0,0,0,0,0,0,0,0,0,0,0,0,0,0,0,0,0,0,0,0,0,0,0,0,2,0,0,0,0,2,0,0,0,1,1,0,0,0,0,0,0,0,0, ,0,0,0,0,0,0,0,0,No, ,No, ,No, ,No, ,Si,1,No, ,No, ,Si,1,Si,1,Si,1,No, ,Si,2,Si,12,Si,5,23,0,No, ,No, , , , , , , , , , , , , , , , , , , , , , , , , , , , , , , , , , , , , , , , , , , , , , , , , , , , , , , , , , , , ,-8.01296334,-78.32916411
1269,131101,01,CASCAS,De 5000 - 10000 Hab,Distrital, , , , , , , , , , , , , , , , , , , , , , , , , , , , ,1,13,11,1,Si,No, , , , , , , , , , , , , , , , , , , , , , , , , , , , , , , , , , , , , , , , , , , , , ,19,1,0,0,0,17,1,0,0,2,0,0,0,0,2,0,0,0,14,0,0,0,0,13,1,0,0,0,0,0,0,0,0,0,0,0,0,0,0,0,0,0,0,0,0,0,0,0,0,0,0,0,0,0,0,0,0,0,0,0,0,0,0,0,0,0,0,0,0,0,0,0,2,0,0,0,0,2,0,0,0,1,1,0,0,0,0,0,0,0,0, ,0,0,0,0,0,0,0,0,No, ,No, ,No, ,Si,1,No, ,No, ,No, ,Si,2,Si,1,Si,3,Si,1,Si,3,Si,6,Si,2,19,0,No, ,No, , , , , , , , , , , , , , , , , , , , , , , , , , , , , , , , , , , , , , , , , , , , , , , , , , , , , , , , , , , , ,-7.564745,-78.805528
1270,131201,01,VIRU,De 20001 - 40000 Hab,Provincial, , , , , , , ,1,13,12, , , , , , , , , , , , , , , , , , , , , , , , , , , , , , , , , , , , , , , , , , , , , , , , , , , , , , , , , , , , , , , , , , , , , ,35,1,0,0,0,33,1,0,0,1,0,0,0,0,1,0,0,0,32,0,0,0,0,31,1,0,0,0,0,0,0,0,0,0,0,0,0,0,0,0,0,0,0,0,0,0,0,0,0,0,0,0,0,0,0,0,0,0,0,0,0,0,0,0,0,0,0,0,0,0,0,0,1,0,0,0,0,1,0,0,0,1,1,0,0,0,0,0,0,0,0, ,0,0,0,0,0,0,0,0,No, ,No, ,Si,1,No, ,No, ,No, ,Si,2,Si,2,Si,4,Si,1,Si,2,Si,4,Si,11,Si,8,35,0,No, ,No, , , , , , , , , , , , , , , , , , , , , , , , , , , , , , , , , , , , , , , , , , , , , , , , , , , , , , , , , , , , ,-8.42373758,-78.78229746
1271,010101,01,CHACHAPOYAS,De 5000 - 10000 Hab,Regional, ,1,1, , , , , , , , , , , , , , , , , , , , , , , , , , , , , , , , , , , , , , , , , , , , , , , , , , , , , , , , , , , , , , , , , , , , , , , , , , , , ,26,0,0,0,0,26,0,0,0,1,0,0,0,0,1,0,0,0,22,0,0,0,0,22,0,0,0,0,0,0,0,0,0,0,0,0,0,0,0,0,0,0,0,0,0,0,0,0,0,0,0,0,0,0,0,0,0,0,0,0,0,0,0,0,0,0,0,0,0,0,0,0,2,0,0,0,0,2,0,0,0,1,0,0,0,0,1,0,0,0,0, ,0,0,0,0,0,0,0,0,No, ,No, ,No, ,No, ,No, ,No, ,No, ,Si,2,Si,3,Si,3,Si,3,No, ,Si,13,Si,2,26,0,No, ,No, , , , , , , , , , , , , , , , , , , , , , , , , , , , , , , , , , , , , , , , , , , , , , , , , , , , , , , , , , , , ,-6.202628,-77.901328
1273,010306,06,FLORIDA,De 5000 - 10000 Hab,Distrital, , , , , , , , , , , , , , , , , , , , , , , , , , , , ,1,1,3,6,Si,No, , , , , , , , , , , , , , , , , , , , , , , , , , , , , , , , , , , , , , , , , , , , , ,19,0,0,0,0,19,0,0,0,3,0,0,0,0,3,0,0,0,13,0,0,0,0,13,0,0,0,0,0,0,0,0,0,0,0,0,0,0,0,0,0,0,0,0,0,0,0,0,0,0,0,0,0,0,0,0,0,0,0,0,0,0,0,0,0,0,0,0,0,0,0,0,2,0,0,0,0,2,0,0,0,1,0,0,0,0,1,0,0,0,0, ,0,0,0,0,0,0,0,0,No, ,No, ,No, ,No, ,No, ,No, ,Si,1,Si,2,Si,3,Si,1,Si,2,Si,1,Si,5,Si,4,19,0,No, ,No, , , , , , , , , , , , , , , , , , , , , , , , , , , , , , , , , , , , , , , , , , , , , , , , , , , , , , , , , , , , ,-5.82474567,-77.97145587
1274,010307,07,JAZAN,Menos de 5000 Hab,Distrital, , , , , , , , , , , , , , , , , , , , , , , , , , , , ,1,1,3,7,Si,No, , , , , , , , , , , , , , , , , , , , , , , , , , , , , , , , , , , , , , , , , , , , , ,16,1,0,0,0,14,1,0,0,2,0,0,0,0,1,1,0,0,11,0,0,0,0,11,0,0,0,0,0,0,0,0,0,0,0,0,0,0,0,0,0,0,0,0,0,0,0,0,0,0,0,0,0,0,0,0,0,0,0,0,0,0,0,0,0,0,0,0,0,0,0,0,2,0,0,0,0,2,0,0,0,1,1,0,0,0,0,0,0,0,0, ,0,0,0,0,0,0,0,0,No, ,No, ,No, ,No, ,Si,1,No, ,No, ,Si,1,No, ,No, ,No, ,Si,3,Si,6,Si,5,16,0,No, ,No, , , , , , , , , , , , , , , , , , , , , , , , , , , , , , , , , , , , , , , , , , , , , , , , , , , , , , , , , , , , ,-5.94196573,-77.97658469
1276,220603,03,HUICUNGO,Menos de 5000 Hab,Otros,CENTRO POBLADO, , , , , , , , , , , , , , , , , , , , , , , , , , , , , , , , , , , , , , , , , , , , , , , , , , , , , , , , , , , , , , , , , , , , , , , , , , , , , , ,8,1,0,0,0,7,0,0,0,1,0,0,0,0,1,0,0,0,2,0,0,0,0,2,0,0,0,2,0,0,0,0,2,0,0,0,0,0,0,0,0,0,0,0,0,0,0,0,0,0,0,0,0,0,0,0,0,0,0,0,0,0,0,1,0,0,0,0,1,0,0,0,1,0,0,0,0,1,0,0,0,1,1,0,0,0,0,0,0,0,0, ,0,0,0,0,0,0,0,0,No, ,No, ,No, ,No, ,Si,1,No, ,No, ,No, ,Si,1,No, ,No, ,No, ,Si,2,Si,4,8,0,Sí,2,No, , , , , , , , , , , , , , , , , , , , , , , , , , , , , , , , , , , , , , , , , , , , , , , , , , , , , , , , , , , , ,-6.551167,-77.237133
1278,010704,04,EL MILAGRO,Menos de 5000 Hab,Otros,CARRETERA, , , , , , , , , , , , , , , , , , , , , , , , , , , , , , , , , , , , , , , , , , , , , , , , , , , , , , , , , , , , , , , , , , , , , , , , , , , , , , ,26,1,0,0,0,25,0,0,0,2,0,0,0,0,2,0,0,0,22,0,0,0,0,22,0,0,0,0,0,0,0,0,0,0,0,0,0,0,0,0,0,0,0,0,0,0,0,0,0,0,0,0,0,0,0,0,0,0,0,0,0,0,0,0,0,0,0,0,0,0,0,0,1,0,0,0,0,1,0,0,0,1,1,0,0,0,0,0,0,0,0, ,0,0,0,0,0,0,0,0,No, ,No, ,No, ,No, ,Si,1,No, ,No, ,Si,1,Si,3,Si,1,Si,1,Si,3,Si,13,Si,3,26,0,No, ,Sí,3,8,8,8, , , , , , , , , , , , , , , , , , , , , , , , , , , , , , , , , , , , , ,Ninguna, , , , , , , , , , , , , , , , , , ,-5.713638,-78.601495
1279,220801,01,RIOJA,De 80001 a más Hab,Provincial, , , , , , , ,2,22,1,22,8, , , , , , , , , , , , , , , , , , , , , , , , , , , , , , , , , , , , , , , , , , , , , , , , , , , , , , , , , , , , , , , , , , , ,19,0,0,0,0,19,0,0,0,1,0,0,0,0,1,0,0,0,15,0,0,0,0,15,0,0,0,0,0,0,0,0,0,0,0,0,0,0,0,0,0,0,0,0,0,0,0,0,0,0,0,0,0,0,0,0,0,0,0,0,0,0,0,0,0,0,0,0,0,0,0,0,2,0,0,0,0,2,0,0,0,1,0,0,0,0,1,0,0,0,0, ,0,0,0,0,0,0,0,0,No, ,No, ,No, ,No, ,No, ,No, ,No, ,Si,2,No, ,Si,1,Si,1,Si,5,Si,6,Si,4,19,0,No, ,No, , , , , , , , , , , , , , , , , , , , , , , , , , , , , , , , , , , , , , , , , , , , , , , , , , , , , , , , , , , , ,-6.06361575,-77.16891807
1280,220502,02,ALONSO DE ALVARADO,De 20001 - 40000 Hab,Distrital, , , , , , , , , , , , , , , , , , , , , , , , , , , , ,1,22,5,2,Si,No, , , , , , , , , , , , , , , , , , , , , , , , , , , , , , , , , , , , , , , , , , , , , ,14,1,0,0,0,13,0,0,0,2,0,0,0,0,2,0,0,0,2,0,0,0,0,2,0,0,0,0,0,0,0,0,0,0,0,0,1,0,0,0,0,1,0,0,0,1,0,0,0,0,1,0,0,0,2,0,0,0,0,2,0,0,0,1,0,0,0,0,1,0,0,0,3,0,0,0,0,3,0,0,0,2,1,0,0,0,1,0,0,0,0, ,0,0,0,0,0,0,0,0,No, ,No, ,No, ,No, ,No, ,Si,1,No, ,Si,1,Si,1,No, ,Si,1,Si,2,Si,3,Si,5,14,0,No, ,No, , , , , , , , , , , , , , , , , , , , , , , , , , , , , , , , , , , , , , , , , , , , , , , , , , , , , , , , , , , , ,-6.35557999,-76.77338912
1281,220805,05,PARDO MIGUEL,De 20001 - 40000 Hab,Distrital, , , , , , , , , , , , , , , , , , , , , , , , , , , , ,2,22,8,4,No,Si,22,8,5,Si,No, , , , , , , , , , , , , , , , , , , , , , , , , , , , , , , , , , , , , , , , ,25,1,0,0,0,24,0,0,0,0,0,0,0,0,0,0,0,0,20,0,0,0,0,20,0,0,0,0,0,0,0,0,0,0,0,0,0,0,0,0,0,0,0,0,0,0,0,0,0,0,0,0,0,0,0,0,0,0,0,0,0,0,0,0,0,0,0,0,0,0,0,0,2,0,0,0,0,2,0,0,0,1,1,0,0,0,0,0,0,0,2,ARMERO,0,0,0,0,2,0,0,0,No, ,No, ,Si,1,No, ,No, ,No, ,No, ,Si,2,Si,1,Si,2,Si,2,No, ,Si,12,Si,5,25,0,No, ,No, , , , , , , , , , , , , , , , , , , , , , , , , , , , , , , , , , , , , , , , , , , , , , , , , , , , , , , , , , , , ,-5.71726671,-77.57249663
1282,220405,05,SACANCHE,De 40001 - 80000 Hab,Provincial, , , , , , , ,4,22,7,22,2,22,4,22,6, , , , , , , , , , , , , , , , , , , , , , , , , , , , , , , , , , , , , , , , , , , , , , , , , , , , , , , , , , , , , , , ,25,0,0,0,0,25,0,0,0,1,0,0,0,0,1,0,0,0,23,0,0,0,0,23,0,0,0,0,0,0,0,0,0,0,0,0,0,0,0,0,0,0,0,0,0,0,0,0,0,0,0,0,0,0,0,0,0,0,0,0,0,0,0,0,0,0,0,0,0,0,0,0,0,0,0,0,0,0,0,0,0,1,0,0,0,0,1,0,0,0,0, ,0,0,0,0,0,0,0,0,No, ,No, ,No, ,No, ,No, ,No, ,Si,1,Si,1,No, ,No, ,Si,2,Si,1,Si,2,Si,18,25,0,No, ,Sí,1,8, , , , , , , , , , , , , , , , , , , , , , , , , , , , , , , , , , , , , , , ,Ninguna, , , , , , , , , , , , , , , , , , ,-7.0701316,-76.71357743
1283,220910,10,MORALES,De 20001 - 40000 Hab,Provincial, , , , , , , ,1,22,9, , , , , , , , , , , , , , , , , , , , , , , , , , , , , , , , , , , , , , , , , , , , , , , , , , , , , , , , , , , , , , , , , , , , , ,31,1,0,0,0,29,1,0,0,1,0,0,0,0,0,1,0,0,28,0,0,0,0,28,0,0,0,0,0,0,0,0,0,0,0,0,0,0,0,0,0,0,0,0,0,0,0,0,0,0,0,0,0,0,0,0,0,0,0,0,0,0,0,0,0,0,0,0,0,0,0,0,1,0,0,0,0,1,0,0,0,1,1,0,0,0,0,0,0,0,0, ,0,0,0,0,0,0,0,0,No, ,No, ,No, ,Si,1,No, ,No, ,No, ,Si,1,Si,4,Si,3,Si,3,Si,5,Si,12,Si,2,31,0,No, ,Sí,3,9,12,10, , , , , , , , , , , , , , , , , , , , , , , , , , , , , , , , , , , , , ,Almenos una,3,Si,Si,No,No,No,No,No,Si,Si,No,Si,Si,No,No,No,No, ,-6.47936492,-76.38293357
1284,160101,01,IQUITOS,De 80001 a más Hab,Distrital, , , , , , , , , , , , , , , , , , , , , , , , , , , , ,2,16,1,13,Si,No,16,1,1,No,Si, , , , , , , , , , , , , , , , , , , , , , , , , , , , , , , , , , , , , , , , ,20,1,0,0,0,19,0,0,0,3,0,0,0,0,3,0,0,0,14,0,0,0,0,14,0,0,0,0,0,0,0,0,0,0,0,0,0,0,0,0,0,0,0,0,0,0,0,0,0,0,0,0,0,0,0,0,0,0,0,0,0,0,0,0,0,0,0,0,0,0,0,0,2,0,0,0,0,2,0,0,0,1,1,0,0,0,0,0,0,0,0, ,0,0,0,0,0,0,0,0,No, ,Si,1,No, ,No, ,No, ,No, ,No, ,Si,2,No, ,Si,4,Si,3,Si,6,Si,1,Si,3,20,0,No, ,Sí,1,20, , , , , , , , , , , , , , , , , , , , , , , , , , , , , , , , , , , , , , , ,Ninguna, , , , , , , , , , , , , , , , , , ,-3.746561,-73.248768
1285,250102,02,CAMPOVERDE,Menos de 5000 Hab,Distrital, , , , , , , , , , , , , , , , , , , , , , , , , , , , ,4,25,1,1,No,Si,25,1,2,No,Si,10,9,4,No,Si,25,1,6,No,Si, , , , , , , , , , , , , , , , , , , , , , , , , , , , , , ,35,0,0,0,0,34,1,0,0,2,0,0,0,0,1,1,0,0,32,0,0,0,0,32,0,0,0,0,0,0,0,0,0,0,0,0,0,0,0,0,0,0,0,0,0,0,0,0,0,0,0,0,0,0,0,0,0,0,0,0,0,0,0,0,0,0,0,0,0,0,0,0,0,0,0,0,0,0,0,0,0,1,0,0,0,0,1,0,0,0,0, ,0,0,0,0,0,0,0,0,No, ,No, ,No, ,No, ,No, ,No, ,No, ,Si,3,Si,3,Si,3,Si,1,Si,3,Si,11,Si,11,35,0,No, ,No, , , , , , , , , , , , , , , , , , , , , , , , , , , , , , , , , , , , , , , , , , , , , , , , , , , , , , , , , , , , ,-8.47407398,-74.80429691
1286,150101,01,LIMA,De 80001 a más Hab,Distrital, , , , , , , , , , , , , , , , , , , , , , , , , , , , ,1,15,1,1,Si,No, , , , , , , , , , , , , , , , , , , , , , , , , , , , , , , , , , , , , , , , , , , , , ,17,0,1,0,0,3,13,0,0,2,0,0,0,0,0,2,0,0,0,0,0,0,0,0,0,0,0,0,0,0,0,0,0,0,0,0,1,0,0,0,0,0,1,0,0,0,0,0,0,0,0,0,0,0,7,0,0,0,0,0,7,0,0,1,0,0,0,0,0,1,0,0,2,0,0,0,0,1,1,0,0,1,0,1,0,0,0,0,0,0,3,CHOFER,0,0,0,0,2,1,0,0,No, ,No, ,Si,1,No, ,No, ,No, ,Si,2,Si,2,Si,2,Si,2,Si,1,No, ,No, ,Si,7,17,1,No, ,Sí,3,6,6,5, , , , , , , , , , , , , , , , , , , , , , , , , , , , , , , , , , , , , ,Ninguna, , , , , , , , , , , , , , , , , , ,-12.05771333,-77.034082
1288,150101,01,LIMA,De 80001 a más Hab,Nacional, , , , , , , , , , , , , , , , , , , , , , , , , , , , , , , , , , , , , , , , , , , , , , , , , , , , , , , , , , , , , , , , , , , , , , , , , , , , , , , ,8,0,1,0,0,3,4,0,0,3,0,0,0,0,2,1,0,0,0,0,0,0,0,0,0,0,0,0,0,0,0,0,0,0,0,0,0,0,0,0,0,0,0,0,0,0,0,0,0,0,0,0,0,0,3,0,0,0,0,0,3,0,0,0,0,0,0,0,0,0,0,0,0,0,0,0,0,0,0,0,0,1,0,1,0,0,0,0,0,0,1,CHOFER,0,0,0,0,1,0,0,0,No, ,No, ,Si,1,No, ,No, ,No, ,Si,3,No, ,No, ,No, ,No, ,No, ,Si,3,Si,1,8,0,No, ,No, , , , , , , , , , , , , , , , , , , , , , , , , , , , , , , , , , , , , , , , , , , , , , , , , , , , , , , , , , , , ,-12.04846379,-77.03472881
1289,150101,01,LIMA,De 10001 - 20000 Hab,Provincial, , , , , , , ,7,15,1,15,2,15,8,15,3,15,4,15,6,15,9, , , , , , , , , , , , , , , , , , , , , , , , , , , , , , , , , , , , , , , , , , , , , , , , , , , , , , , , , ,54,2,0,0,0,12,40,0,0,7,0,0,0,0,0,7,0,0,8,0,0,0,0,3,5,0,0,31,0,0,0,0,3,28,0,0,4,0,0,0,0,4,0,0,0,0,0,0,0,0,0,0,0,0,0,0,0,0,0,0,0,0,0,0,0,0,0,0,0,0,0,0,2,0,0,0,0,2,0,0,0,2,2,0,0,0,0,0,0,0,0, ,0,0,0,0,0,0,0,0,No, ,Si,1,No, ,Si,1,No, ,No, ,Si,4,Si,2,Si,1,Si,3,Si,1,Si,3,Si,13,Si,25,54,0,No, ,Sí,3,4,4,4, , , , , , , , , , , , , , , , , , , , , , , , , , , , , , , , , , , , , ,Ninguna, , , , , , , , , , , , , , , , , , ,-12.05768667,-77.040978
1290,150109,09,CIENEGUILLA,De 10001 - 20000 Hab,Distrital, , , , , , , , , , , , , , , , , , , , , , , , , , , , ,2,15,1,9,No,Si,15,7,2,No,Si, , , , , , , , , , , , , , , , , , , , , , , , , , , , , , , , , , , , , , , , ,4,0,0,0,0,4,0,0,0,0,0,0,0,0,0,0,0,0,3,0,0,0,0,3,0,0,0,0,0,0,0,0,0,0,0,0,0,0,0,0,0,0,0,0,0,0,0,0,0,0,0,0,0,0,0,0,0,0,0,0,0,0,0,0,0,0,0,0,0,0,0,0,0,0,0,0,0,0,0,0,0,1,0,0,0,0,1,0,0,0,0, ,0,0,0,0,0,0,0,0,No, ,No, ,No, ,No, ,No, ,No, ,Si,2,Si,1,No, ,No, ,No, ,Si,1,No, ,No, ,4,0,No, ,No, , , , , , , , , , , , , , , , , , , , , , , , , , , , , , , , , , , , , , , , , , , , , , , , , , , , , , , , , , , , ,-12.115707,-76.81331
1291,150110,10,COMAS,De 20001 - 40000 Hab,Distrital, , , , , , , , , , , , , , , , , , , , , , , , , , , , ,1,15,1,10,Si,No, , , , , , , , , , , , , , , , , , , , , , , , , , , , , , , , , , , , , , , , , , , , , ,19,0,2,0,0,6,11,0,0,5,0,0,0,0,1,4,0,0,4,0,0,0,0,2,2,0,0,0,0,0,0,0,0,0,0,0,0,0,0,0,0,0,0,0,0,0,0,0,0,0,0,0,0,0,4,0,1,0,0,0,3,0,0,0,0,0,0,0,0,0,0,0,5,0,0,0,0,3,2,0,0,1,0,1,0,0,0,0,0,0,0, ,0,0,0,0,0,0,0,0,No, ,No, ,No, ,Si,1,No, ,Si,1,Si,1,Si,3,Si,1,Si,1,Si,2,Si,1,Si,1,Si,7,19,0,No, ,No, , , , , , , , , , , , , , , , , , , , , , , , , , , , , , , , , , , , , , , , , , , , , , , , , , , , , , , , , , , , ,-11.91291052,-77.0103769
1292,150111,11,EL AGUSTINO,De 80001 a más Hab,Distrital, , , , , , , , , , , , , , , , , , , , , , , , , , , , ,1,15,1,11,Si,No, , , , , , , , , , , , , , , , , , , , , , , , , , , , , , , , , , , , , , , , , , , , , ,18,0,2,1,0,6,8,1,0,3,0,1,0,0,0,2,0,0,0,0,0,0,0,0,0,0,0,0,0,0,0,0,0,0,0,0,0,0,0,0,0,0,0,0,0,0,0,0,0,0,0,0,0,0,7,0,0,0,0,3,4,0,0,3,0,0,1,0,1,0,1,0,4,0,0,0,0,2,2,0,0,1,0,1,0,0,0,0,0,0,0, ,0,0,0,0,0,0,0,0,No, ,No, ,No, ,Si,2,No, ,Si,1,Si,2,No, ,Si,2,Si,2,Si,1,Si,1,Si,3,Si,4,18,0,No, ,Sí,1,4, , , , , , , , , , , , , , , , , , , , , , , , , , , , , , , , , , , , , , , ,Ninguna, , , , , , , , , , , , , , , , , , ,-12.05166913,-77.01116771
1293,150112,12,INDEPENDENCIA,De 10001 - 20000 Hab,Distrital, , , , , , , , , , , , , , , , , , , , , , , , , , , , ,1,15,1,12,Si,No, , , , , , , , , , , , , , , , , , , , , , , , , , , , , , , , , , , , , , , , , , , , , ,20,0,1,0,1,6,11,0,1,4,0,0,0,0,0,3,0,1,0,0,0,0,0,0,0,0,0,0,0,0,0,0,0,0,0,0,0,0,0,0,0,0,0,0,0,0,0,0,0,0,0,0,0,0,9,0,0,0,1,0,8,0,0,0,0,0,0,0,0,0,0,0,6,0,0,0,0,6,0,0,0,1,0,1,0,0,0,0,0,0,0, ,0,0,0,0,0,0,0,0,No, ,No, ,No, ,Si,1,Si,1,No, ,No, ,Si,2,Si,1,Si,2,Si,1,Si,3,Si,3,Si,6,20,0,No, ,Sí,2,10,10, , , , , , , , , , , , , , , , , , , , , , , , , , , , , , , , , , , , , , ,Ninguna, , , , , , , , , , , , , , , , , , ,-11.99192712,-77.05078948
1294,150104,04,BARRANCO,De 80001 a más Hab,Provincial, , , , , , , ,1,15,1, , , , , , , , , , , , , , , , , , , , , , , , , , , , , , , , , , , , , , , , , , , , , , , , , , , , , , , , , , , , , , , , , , , , , ,58,2,1,0,0,9,45,0,1,7,0,0,0,0,0,6,0,1,6,0,0,0,0,2,4,0,0,32,0,0,0,0,1,31,0,0,6,0,0,0,0,2,4,0,0,0,0,0,0,0,0,0,0,0,0,0,0,0,0,0,0,0,0,0,0,0,0,0,0,0,0,0,2,0,0,0,0,2,0,0,0,5,2,1,0,0,2,0,0,0,0, ,0,0,0,0,0,0,0,0,No, ,Si,1,No, ,Si,1,No, ,Si,1,Si,3,Si,2,No, ,Si,2,Si,4,Si,2,Si,20,Si,22,58,0,No, ,Sí,2,10,10, , , , , , , , , , , , , , , , , , , , , , , , , , , , , , , , , , , , , , ,Ninguna, , , , , , , , , , , , , , , , , , ,-12.14632547,-77.02272261
1295,150129,29,SAN BARTOLO,De 5000 - 10000 Hab,Distrital, , , , , , , , , , , , , , , , , , , , , , , , , , , , ,7,15,1,19,No,Si,15,1,27,No,Si,15,1,26,No,Si,15,1,29,No,Si,15,1,24,No,Si,15,5,5,No,Si,15,5,13,No,Si, , , , , , , , , , , , , , , ,27,1,0,0,0,25,1,0,0,0,0,0,0,0,0,0,0,0,23,0,0,0,0,23,0,0,0,0,0,0,0,0,0,0,0,0,0,0,0,0,0,0,0,0,0,0,0,0,0,0,0,0,0,0,0,0,0,0,0,0,0,0,0,0,0,0,0,0,0,0,0,0,2,0,0,0,0,2,0,0,0,1,1,0,0,0,0,0,0,0,1,LABORES DE MONITOREO EN PATRULLAJE,0,0,0,0,0,1,0,0,No, ,No, ,No, ,Si,1,No, ,No, ,Si,3,Si,3,Si,1,Si,2,Si,3,Si,5,Si,5,Si,4,27,1,No, ,Sí,3,3,3,3, , , , , , , , , , , , , , , , , , , , , , , , , , , , , , , , , , , , , ,Ninguna, , , , , , , , , , , , , , , , , , ,-12.38722051,-76.7775254
1296,150132,32,SAN JUAN DE LURIGANCHO,De 80001 a más Hab,Distrital, , , , , , , , , , , , , , , , , , , , , , , , , , , , ,1,15,1,32,Si,No, , , , , , , , , , , , , , , , , , , , , , , , , , , , , , , , , , , , , , , , , , , , , ,28,0,2,0,0,10,15,1,0,6,0,0,0,0,1,5,0,0,0,0,0,0,0,0,0,0,0,0,0,0,0,0,0,0,0,0,0,0,0,0,0,0,0,0,0,0,0,0,0,0,0,0,0,0,10,0,0,0,0,2,8,0,0,2,0,0,0,0,0,1,1,0,5,0,0,0,0,4,1,0,0,5,0,2,0,0,3,0,0,0,0, ,0,0,0,0,0,0,0,0,No, ,No, ,No, ,Si,1,No, ,Si,1,Si,5,Si,2,Si,2,Si,2,Si,1,Si,6,Si,1,Si,7,28,0,No, ,Sí,3,5,5,5, , , , , , , , , , , , , , , , , , , , , , , , , , , , , , , , , , , , , ,Ninguna, , , , , , , , , , , , , , , , , , ,-11.97589179,-76.9955253
1297,150133,33,SAN JUAN DE MIRAFLORES,Menos de 5000 Hab,Distrital, , , , , , , , , , , , , , , , , , , , , , , , , , , , ,1,15,1,33,No,Si, , , , , , , , , , , , , , , , , , , , , , , , , , , , , , , , , , , , , , , , , , , , , ,15,0,1,0,0,1,13,0,0,3,0,0,0,0,1,2,0,0,0,0,0,0,0,0,0,0,0,0,0,0,0,0,0,0,0,0,0,0,0,0,0,0,0,0,0,0,0,0,0,0,0,0,0,0,10,0,0,0,0,0,10,0,0,0,0,0,0,0,0,0,0,0,1,0,0,0,0,0,1,0,0,1,0,1,0,0,0,0,0,0,0, ,0,0,0,0,0,0,0,0,No, ,No, ,No, ,Si,1,No, ,No, ,Si,1,Si,1,No, ,No, ,Si,1,No, ,Si,4,Si,7,15,1,No, ,No, , , , , , , , , , , , , , , , , , , , , , , , , , , , , , , , , , , , , , , , , , , , , , , , , , , , , , , , , , , , ,-12.16667817,-76.96651753
1298,150139,39,SANTA ROSA,Menos de 5000 Hab,Otros,CARRETERA, , , , , , , , , , , , , , , , , , , , , , , , , , , , , , , , , , , , , , , , , , , , , , , , , , , , , , , , , , , , , , , , , , , , , , , , , , , , , , ,5,0,0,0,0,4,1,0,0,0,0,0,0,0,0,0,0,0,0,0,0,0,0,0,0,0,0,0,0,0,0,0,0,0,0,0,0,0,0,0,0,0,0,0,0,0,0,0,0,0,0,0,0,0,0,0,0,0,0,0,0,0,0,0,0,0,0,0,0,0,0,0,5,0,0,0,0,4,1,0,0,0,0,0,0,0,0,0,0,0,0, ,0,0,0,0,0,0,0,0,No, ,No, ,No, ,No, ,No, ,No, ,Si,2,Si,2,Si,1,No, ,No, ,No, ,No, ,No, ,5,0,No, ,No, , , , , , , , , , , , , , , , , , , , , , , , , , , , , , , , , , , , , , , , , , , , , , , , , , , , , , , , , , , , ,-11.79227749,-77.14775943
1299,150142,42,VILLA EL SALVADOR,De 80001 a más Hab,Distrital, , , , , , , , , , , , , , , , , , , , , , , , , , , , ,1,15,1,42,No,Si, , , , , , , , , , , , , , , , , , , , , , , , , , , , , , , , , , , , , , , , , , , , , ,21,0,1,1,0,4,15,0,0,3,0,0,1,0,0,2,0,0,0,0,0,0,0,0,0,0,0,0,0,0,0,0,0,0,0,0,0,0,0,0,0,0,0,0,0,0,0,0,0,0,0,0,0,0,15,0,0,0,0,3,12,0,0,0,0,0,0,0,0,0,0,0,2,0,0,0,0,1,1,0,0,1,0,1,0,0,0,0,0,0,0, ,0,0,0,0,0,0,0,0,No, ,No, ,Si,1,Si,1,No, ,No, ,Si,1,Si,3,No, ,No, ,Si,2,Si,2,Si,2,Si,9,21,0,No, ,No, , , , , , , , , , , , , , , , , , , , , , , , , , , , , , , , , , , , , , , , , , , , , , , , , , , , , , , , , , , , ,-12.212735,-76.938315
1300,090704,04,AHUAYCHA,Menos de 5000 Hab,Otros,CARRETERA, , , , , , , , , , , , , , , , , , , , , , , , , , , , , , , , , , , , , , , , , , , , , , , , , , , , , , , , , , , , , , , , , , , , , , , , , , , , , , ,29,1,0,0,0,27,1,0,0,0,0,0,0,0,0,0,0,0,28,0,0,0,0,27,1,0,0,0,0,0,0,0,0,0,0,0,0,0,0,0,0,0,0,0,0,0,0,0,0,0,0,0,0,0,0,0,0,0,0,0,0,0,0,0,0,0,0,0,0,0,0,0,0,0,0,0,0,0,0,0,0,1,1,0,0,0,0,0,0,0,0, ,0,0,0,0,0,0,0,0,No, ,No, ,No, ,Si,1,No, ,No, ,Si,2,Si,1,Si,3,Si,1,Si,3,Si,6,Si,9,Si,3,29,0,No, ,No, , , , , , , , , , , , , , , , , , , , , , , , , , , , , , , , , , , , , , , , , , , , , , , , , , , , , , , , , , , , ,-12.533232,-74.930132
1302,090701,01,PAMPAS,Menos de 5000 Hab,Distrital, , , , , , , , , , , , , , , , , , , , , , , , , , , , ,3,12,1,21,No,Si,9,7,1,No,Si,9,7,6,No,Si, , , , , , , , , , , , , , , , , , , , , , , , , , , , , , , , , , , ,43,1,0,0,0,42,0,0,0,3,0,0,0,0,3,0,0,0,35,0,0,0,0,35,0,0,0,0,0,0,0,0,0,0,0,0,0,0,0,0,0,0,0,0,0,0,0,0,0,0,0,0,0,0,0,0,0,0,0,0,0,0,0,0,0,0,0,0,0,0,0,0,4,0,0,0,0,4,0,0,0,1,1,0,0,0,0,0,0,0,0, ,0,0,0,0,0,0,0,0,No, ,No, ,Si,1,No, ,No, ,No, ,Si,1,Si,1,Si,2,Si,6,Si,4,Si,8,Si,19,Si,1,43,0,No, ,No, , , , , , , , , , , , , , , , , , , , , , , , , , , , , , , , , , , , , , , , , , , , , , , , , , , , , , , , , , , , ,-12.39328636,-74.8698232
1303,120305,05,SAN RAMON,De 10001 - 20000 Hab,Regional, ,2,12,19, , , , , , , , , , , , , , , , , , , , , , , , , , , , , , , , , , , , , , , , , , , , , , , , , , , , , , , , , , , , , , , , , , , , , , , , , , , ,24,1,0,0,0,23,0,0,0,1,0,0,0,0,1,0,0,0,21,0,0,0,0,21,0,0,0,0,0,0,0,0,0,0,0,0,0,0,0,0,0,0,0,0,0,0,0,0,0,0,0,0,0,0,0,0,0,0,0,0,0,0,0,0,0,0,0,0,0,0,0,0,1,0,0,0,0,1,0,0,0,1,1,0,0,0,0,0,0,0,0, ,0,0,0,0,0,0,0,0,No, ,No, ,No, ,No, ,Si,1,No, ,Si,1,Si,3,Si,3,No, ,Si,3,Si,5,Si,8,No, ,24,0,No, ,No, , , , , , , , , , , , , , , , , , , , , , , , , , , , , , , , , , , , , , , , , , , , , , , , , , , , , , , , , , , , ,-11.07904512,-75.32893841
1304,190307,07,VILLA RICA,De 40001 - 80000 Hab,Regional, ,2,19,12, , , , , , , , , , , , , , , , , , , , , , , , , , , , , , , , , , , , , , , , , , , , , , , , , , , , , , , , , , , , , , , , , , , , , , , , , , , ,36,0,0,0,0,35,1,0,0,1,0,0,0,0,0,1,0,0,33,0,0,0,0,33,0,0,0,0,0,0,0,0,0,0,0,0,0,0,0,0,0,0,0,0,0,0,0,0,0,0,0,0,0,0,0,0,0,0,0,0,0,0,0,0,0,0,0,0,0,0,0,0,1,0,0,0,0,1,0,0,0,1,0,0,0,0,1,0,0,0,0, ,0,0,0,0,0,0,0,0,No, ,No, ,No, ,No, ,No, ,No, ,Si,1,Si,1,Si,1,Si,1,Si,1,Si,9,Si,21,Si,1,36,0,No, ,No, , , , , , , , , , , , , , , , , , , , , , , , , , , , , , , , , , , , , , , , , , , , , , , , , , , , , , , , , , , , ,-10.73772573,-75.26918964
1305,120402,02,ACOLLA,Menos de 5000 Hab,Provincial, , , , , , , ,1,12,4, , , , , , , , , , , , , , , , , , , , , , , , , , , , , , , , , , , , , , , , , , , , , , , , , , , , , , , , , , , , , , , , , , , , , ,21,0,0,0,0,21,0,0,0,1,0,0,0,0,1,0,0,0,18,0,0,0,0,18,0,0,0,0,0,0,0,0,0,0,0,0,0,0,0,0,0,0,0,0,0,0,0,0,0,0,0,0,0,0,0,0,0,0,0,0,0,0,0,0,0,0,0,0,0,0,0,0,1,0,0,0,0,1,0,0,0,1,0,0,0,0,1,0,0,0,0, ,0,0,0,0,0,0,0,0,No, ,No, ,No, ,No, ,No, ,No, ,Si,1,Si,2,Si,1,Si,4,Si,3,Si,4,Si,5,Si,1,21,0,No, ,Sí,2,11,10, , , , , , , , , , , , , , , , , , , , , , , , , , , , , , , , , , , , , , ,Ninguna, , , , , , , , , , , , , , , , , , ,-11.73505693,-75.54305089
1306,120501,01,JUNIN,De 5000 - 10000 Hab,Distrital, , , , , , , , , , , , , , , , , , , , , , , , , , , , ,3,12,5,1,Si,No,12,5,2,Si,No,12,5,3,Si,No, , , , , , , , , , , , , , , , , , , , , , , , , , , , , , , , , , , ,24,1,0,0,0,23,0,0,0,1,0,0,0,0,1,0,0,0,21,0,0,0,0,21,0,0,0,0,0,0,0,0,0,0,0,0,0,0,0,0,0,0,0,0,0,0,0,0,0,0,0,0,0,0,0,0,0,0,0,0,0,0,0,0,0,0,0,0,0,0,0,0,1,0,0,0,0,1,0,0,0,1,1,0,0,0,0,0,0,0,0, ,0,0,0,0,0,0,0,0,No, ,No, ,No, ,No, ,Si,1,No, ,Si,1,Si,1,Si,6,Si,2,No, ,Si,6,Si,7,No, ,24,0,No, ,Sí,2,9,10, , , , , , , , , , , , , , , , , , , , , , , , , , , , , , , , , , , , , , ,Ninguna, , , , , , , , , , , , , , , , , , ,-11.16571836,-75.99926342
1307,120607,07,RIO NEGRO,De 20001 - 40000 Hab,Distrital, , , , , , , , , , , , , , , , , , , , , , , , , , , , ,4,12,6,1,Si,No,12,6,4,Si,No,12,6,6,Si,No,12,6,7,Si,No, , , , , , , , , , , , , , , , , , , , , , , , , , , , , , ,19,1,0,0,0,17,1,0,0,1,0,0,0,0,0,1,0,0,15,0,0,0,0,15,0,0,0,0,0,0,0,0,0,0,0,0,0,0,0,0,0,0,0,0,0,0,0,0,0,0,0,0,0,0,0,0,0,0,0,0,0,0,0,0,0,0,0,0,0,0,0,0,2,0,0,0,0,2,0,0,0,1,1,0,0,0,0,0,0,0,0, ,0,0,0,0,0,0,0,0,No, ,No, ,Si,1,No, ,No, ,No, ,Si,1,Si,2,Si,1,Si,3,Si,1,Si,4,Si,5,Si,1,19,0,No, ,Sí,2,1,2, , , , , , , , , , , , , , , , , , , , , , , , , , , , , , , , , , , , , , ,Ninguna, , , , , , , , , , , , , , , , , , ,-11.20958783,-74.65950927
1308,120706,06,PALCA,De 10001 - 20000 Hab,Distrital, , , , , , , , , , , , , , , , , , , , , , , , , , , , ,4,12,7,1,Si,No,12,7,2,Si,No,12,7,6,Si,No,12,7,3,Si,No, , , , , , , , , , , , , , , , , , , , , , , , , , , , , , ,28,1,0,0,0,26,1,0,0,1,0,0,0,0,0,1,0,0,25,0,0,0,0,25,0,0,0,0,0,0,0,0,0,0,0,0,0,0,0,0,0,0,0,0,0,0,0,0,0,0,0,0,0,0,0,0,0,0,0,0,0,0,0,0,0,0,0,0,0,0,0,0,1,0,0,0,0,1,0,0,0,1,1,0,0,0,0,0,0,0,0, ,0,0,0,0,0,0,0,0,No, ,No, ,Si,1,No, ,No, ,No, ,No, ,No, ,Si,5,Si,1,Si,1,Si,3,Si,17,No, ,28,0,No, ,Sí,1,6, , , , , , , , , , , , , , , , , , , , , , , , , , , , , , , , , , , , , , , ,Ninguna, , , , , , , , , , , , , , , , , , ,-11.34441949,-75.56503325
1309,120801,01,LA OROYA,De 10001 - 20000 Hab,Provincial, , , , , , , ,1,12,8, , , , , , , , , , , , , , , , , , , , , , , , , , , , , , , , , , , , , , , , , , , , , , , , , , , , , , , , , , , , , , , , , , , , , ,18,0,0,0,0,18,0,0,0,1,0,0,0,0,1,0,0,0,16,0,0,0,0,16,0,0,0,0,0,0,0,0,0,0,0,0,0,0,0,0,0,0,0,0,0,0,0,0,0,0,0,0,0,0,0,0,0,0,0,0,0,0,0,0,0,0,0,0,0,0,0,0,0,0,0,0,0,0,0,0,0,1,0,0,0,0,1,0,0,0,0, ,0,0,0,0,0,0,0,0,No, ,No, ,No, ,No, ,No, ,No, ,No, ,Si,1,Si,4,Si,1,Si,3,Si,4,Si,5,No, ,18,0,No, ,No, , , , , , , , , , , , , , , , , , , , , , , , , , , , , , , , , , , , , , , , , , , , , , , , , , , , , , , , , , , , ,-11.52258116,-75.90945443
1310,120901,01,CHUPACA,De 80001 a más Hab,Regional, ,2,9,12, , , , , , , , , , , , , , , , , , , , , , , , , , , , , , , , , , , , , , , , , , , , , , , , , , , , , , , , , , , , , , , , , , , , , , , , , , , ,9,1,0,0,0,8,0,0,0,1,0,0,0,0,1,0,0,0,7,0,0,0,0,7,0,0,0,0,0,0,0,0,0,0,0,0,0,0,0,0,0,0,0,0,0,0,0,0,0,0,0,0,0,0,0,0,0,0,0,0,0,0,0,0,0,0,0,0,0,0,0,0,0,0,0,0,0,0,0,0,0,1,1,0,0,0,0,0,0,0,0, ,0,0,0,0,0,0,0,0,No, ,Si,1,No, ,No, ,No, ,No, ,Si,1,Si,1,Si,1,No, ,Si,1,Si,3,Si,1,No, ,9,0,No, ,No, , , , , , , , , , , , , , , , , , , , , , , , , , , , , , , , , , , , , , , , , , , , , , , , , , , , , , , , , , , , ,-12.39311959,-74.87013046
1311,190113,13,YANACANCHA,Menos de 5000 Hab,Distrital, , , , , , , , , , , , , , , , , , , , , , , , , , , , ,5,19,1,1,Si,No,19,1,3,Si,No,19,1,11,Si,No,19,1,13,Si,No,19,1,10,Si,No, , , , , , , , , , , , , , , , , , , , , , , , , ,22,0,0,0,0,22,0,0,0,1,0,0,0,0,1,0,0,0,18,0,0,0,0,18,0,0,0,0,0,0,0,0,0,0,0,0,0,0,0,0,0,0,0,0,0,0,0,0,0,0,0,0,0,0,0,0,0,0,0,0,0,0,0,0,0,0,0,0,0,0,0,0,2,0,0,0,0,2,0,0,0,1,0,0,0,0,1,0,0,0,0, ,0,0,0,0,0,0,0,0,No, ,No, ,No, ,No, ,No, ,No, ,Si,1,Si,2,Si,3,Si,2,Si,5,Si,4,Si,5,No, ,22,0,No, ,No, , , , , , , , , , , , , , , , , , , , , , , , , , , , , , , , , , , , , , , , , , , , , , , , , , , , , , , , , , , , ,-10.61505469,-76.17986328
1312,050116,16,ANDRÉS AVELINO CÁCERES DORREGARAY,De 10001 - 20000 Hab,Provincial, , , , , , , ,1,5,1, , , , , , , , , , , , , , , , , , , , , , , , , , , , , , , , , , , , , , , , , , , , , , , , , , , , , , , , , , , , , , , , , , , , , ,17,1,0,0,0,15,1,0,0,1,0,0,0,0,0,1,0,0,14,0,0,0,0,14,0,0,0,0,0,0,0,0,0,0,0,0,0,0,0,0,0,0,0,0,0,0,0,0,0,0,0,0,0,0,0,0,0,0,0,0,0,0,0,0,0,0,0,0,0,0,0,0,1,0,0,0,0,1,0,0,0,1,1,0,0,0,0,0,0,0,0, ,0,0,0,0,0,0,0,0,No, ,No, ,Si,1,No, ,No, ,No, ,Si,2,Si,2,No, ,Si,1,No, ,Si,2,Si,8,Si,1,17,0,No, ,Sí,2,6,6, , , , , , , , , , , , , , , , , , , , , , , , , , , , , , , , , , , , , , ,Ninguna, , , , , , , , , , , , , , , , , , ,-13.16623183,-74.19856978
1313,050609,09,LEONCIO PRADO,Menos de 5000 Hab,Distrital, , , , , , , , , , , , , , , , , , , , , , , , , , , , ,1,5,6,9,Si,No, , , , , , , , , , , , , , , , , , , , , , , , , , , , , , , , , , , , , , , , , , , , , ,28,0,0,0,0,28,0,0,0,0,0,0,0,0,0,0,0,0,26,0,0,0,0,26,0,0,0,0,0,0,0,0,0,0,0,0,0,0,0,0,0,0,0,0,0,0,0,0,0,0,0,0,0,0,0,0,0,0,0,0,0,0,0,0,0,0,0,0,0,0,0,0,1,0,0,0,0,1,0,0,0,1,0,0,0,0,1,0,0,0,0, ,0,0,0,0,0,0,0,0,No, ,No, ,No, ,No, ,No, ,No, ,Si,3,Si,2,Si,3,Si,4,Si,2,Si,2,Si,2,Si,10,28,0,No, ,No, , , , , , , , , , , , , , , , , , , , , , , , , , , , , , , , , , , , , , , , , , , , , , , , , , , , , , , , , , , , ,-14.84764526,-74.94931045
1314,050621,21,SANTA LUCIA,Menos de 5000 Hab,Distrital, , , , , , , , , , , , , , , , , , , , , , , , , , , , ,1,5,6,21,No,Si, , , , , , , , , , , , , , , , , , , , , , , , , , , , , , , , , , , , , , , , , , , , , ,7,0,0,0,0,7,0,0,0,1,0,0,0,0,1,0,0,0,0,0,0,0,0,0,0,0,0,2,0,0,0,0,2,0,0,0,1,0,0,0,0,1,0,0,0,0,0,0,0,0,0,0,0,0,0,0,0,0,0,0,0,0,0,1,0,0,0,0,1,0,0,0,1,0,0,0,0,1,0,0,0,1,0,0,0,0,1,0,0,0,0, ,0,0,0,0,0,0,0,0,No, ,No, ,No, ,No, ,No, ,No, ,Si,1,Si,1,Si,1,Si,2,Si,1,No, ,No, ,Si,1,7,0,No, ,No, , , , , , , , , , , , , , , , , , , , , , , , , , , , , , , , , , , , , , , , , , , , , , , , , , , , , , , , , , , , ,-15.11354621,-74.48105765
1315,051005,05,CANARIA,De 20001 - 40000 Hab,Distrital, , , , , , , , , , , , , , , , , , , , , , , , , , , , ,3,5,10,5,No,Si,5,10,3,Si,No,5,10,4,Si,No, , , , , , , , , , , , , , , , , , , , , , , , , , , , , , , , , , , ,8,0,0,0,0,8,0,0,0,1,0,0,0,0,1,0,0,0,1,0,0,0,0,1,0,0,0,0,0,0,0,0,0,0,0,0,1,0,0,0,0,1,0,0,0,1,0,0,0,0,1,0,0,0,1,0,0,0,0,1,0,0,0,1,0,0,0,0,1,0,0,0,1,0,0,0,0,1,0,0,0,1,0,0,0,0,1,0,0,0,0, ,0,0,0,0,0,0,0,0,No, ,No, ,No, ,No, ,No, ,No, ,No, ,Si,1,No, ,No, ,No, ,No, ,Si,7,No, ,8,0,No, ,Sí,1,1, , , , , , , , , , , , , , , , , , , , , , , , , , , , , , , , , , , , , , , ,Ninguna, , , , , , , , , , , , , , , , , , ,-13.95873628,-73.91766325
1316,080101,01,CUSCO,De 20001 - 40000 Hab,Distrital, , , , , , , , , , , , , , , , , , , , , , , , , , , , ,1,8,1,1,No,Si, , , , , , , , , , , , , , , , , , , , , , , , , , , , , , , , , , , , , , , , , , , , , ,60,1,0,0,0,46,13,0,0,8,0,0,0,0,5,3,0,0,28,0,0,0,0,26,2,0,0,4,0,0,0,0,3,1,0,0,3,0,0,0,0,3,0,0,0,3,0,0,0,0,2,1,0,0,3,0,0,0,0,0,3,0,0,2,0,0,0,0,1,1,0,0,8,0,0,0,0,6,2,0,0,1,1,0,0,0,0,0,0,0,0, ,0,0,0,0,0,0,0,0,No, ,No, ,No, ,Si,1,No, ,No, ,Si,4,Si,7,Si,2,Si,3,Si,5,Si,5,Si,13,Si,20,60,0,No, ,Sí,2,8,10, , , , , , , , , , , , , , , , , , , , , , , , , , , , , , , , , , , , , , ,Ninguna, , , , , , , , , , , , , , , , , , ,-13.52150116,-71.98794245
1317,080104,04,SAN JERONIMO,De 10001 - 20000 Hab,Provincial, , , , , , , ,4,8,12,8,10,8,3,8,1, , , , , , , , , , , , , , , , , , , , , , , , , , , , , , , , , , , , , , , , , , , , , , , , , , , , , , , , , , , , , , , ,50,0,0,0,0,50,0,0,0,3,0,0,0,0,3,0,0,0,44,0,0,0,0,44,0,0,0,0,0,0,0,0,0,0,0,0,0,0,0,0,0,0,0,0,0,0,0,0,0,0,0,0,0,0,0,0,0,0,0,0,0,0,0,0,0,0,0,0,0,0,0,0,2,0,0,0,0,2,0,0,0,1,0,0,0,0,1,0,0,0,0, ,0,0,0,0,0,0,0,0,No, ,No, ,No, ,No, ,No, ,No, ,Si,3,Si,6,Si,2,Si,11,Si,6,Si,5,Si,14,Si,3,50,0,Sí,1,Sí,2,15,15, , , , , , , , , , , , , , , , , , , , , , , , , , , , , , , , , , , , , , ,Ninguna, , , , , , , , , , , , , , , , , , ,-13.54923425,-71.87544265
1318,080401,01,CALCA,De 10001 - 20000 Hab,Provincial, , , , , , , ,2,8,4,8,13, , , , , , , , , , , , , , , , , , , , , , , , , , , , , , , , , , , , , , , , , , , , , , , , , , , , , , , , , , , , , , , , , , , ,35,1,0,0,0,34,0,0,0,2,0,0,0,0,2,0,0,0,32,0,0,0,0,32,0,0,0,0,0,0,0,0,0,0,0,0,0,0,0,0,0,0,0,0,0,0,0,0,0,0,0,0,0,0,0,0,0,0,0,0,0,0,0,0,0,0,0,0,0,0,0,0,0,0,0,0,0,0,0,0,0,1,1,0,0,0,0,0,0,0,0, ,0,0,0,0,0,0,0,0,No, ,No, ,No, ,Si,1,No, ,No, ,Si,2,Si,4,Si,4,Si,2,Si,3,Si,7,Si,11,Si,1,35,0,No, ,No, , , , , , , , , , , , , , , , , , , , , , , , , , , , , , , , , , , , , , , , , , , , , , , , , , , , , , , , , , , , ,-13.32040145,-71.95569301
1320,080801,01,ESPINAR,Menos de 5000 Hab,Distrital, , , , , , , , , , , , , , , , , , , , , , , , , , , , ,8,8,8,1,Si,No,8,8,2,Si,No,8,8,3,Si,No,8,8,4,Si,No,8,8,5,Si,No,8,8,6,Si,No,8,8,7,Si,No,8,8,8,Si,No, , , , , , , , , , ,37,0,0,0,0,37,0,0,0,1,0,0,0,0,1,0,0,0,34,0,0,0,0,34,0,0,0,0,0,0,0,0,0,0,0,0,0,0,0,0,0,0,0,0,0,0,0,0,0,0,0,0,0,0,0,0,0,0,0,0,0,0,0,0,0,0,0,0,0,0,0,0,1,0,0,0,0,1,0,0,0,1,0,0,0,0,1,0,0,0,0, ,0,0,0,0,0,0,0,0,No, ,No, ,No, ,No, ,No, ,No, ,No, ,Si,2,Si,4,Si,8,Si,3,Si,3,Si,8,Si,9,37,0,No, ,Sí,2,6,6, , , , , , , , , , , , , , , , , , , , , , , , , , , , , , , , , , , , , , ,Almenos una,2,Si,Si,Si,Si,No,Si,Si,Si,Si,Si,No,No,No,No,No,No, ,-14.79282149,-71.41357301
1321,080903,03,HUAYOPATA,De 10001 - 20000 Hab,Distrital, , , , , , , , , , , , , , , , , , , , , , , , , , , , ,4,8,9,3,Si,No,8,9,4,Si,No,8,9,1,Si,No,8,9,2,No,Si, , , , , , , , , , , , , , , , , , , , , , , , , , , , , , ,32,1,0,0,0,31,0,0,0,2,0,0,0,0,2,0,0,0,28,0,0,0,0,28,0,0,0,0,0,0,0,0,0,0,0,0,0,0,0,0,0,0,0,0,0,0,0,0,0,0,0,0,0,0,0,0,0,0,0,0,0,0,0,0,0,0,0,0,0,0,0,0,1,0,0,0,0,1,0,0,0,1,1,0,0,0,0,0,0,0,0, ,0,0,0,0,0,0,0,0,No, ,No, ,No, ,No, ,Si,1,No, ,Si,1,Si,1,Si,4,Si,5,Si,3,Si,4,Si,11,Si,2,32,0,No, ,Sí,2,10,10, , , , , , , , , , , , , , , , , , , , , , , , , , , , , , , , , , , , , , ,Ninguna, , , , , , , , , , , , , , , , , , ,-13.0067803,-72.55368619
1322,170101,01,TAMBOPATA,De 40001 - 80000 Hab,Distrital, , , , , , , , , , , , , , , , , , , , , , , , , , , , ,3,17,1,3,No,Si,17,1,4,No,Si,17,1,1,No,Si, , , , , , , , , , , , , , , , , , , , , , , , , , , , , , , , , , , ,18,1,0,0,0,17,0,0,0,0,0,0,0,0,0,0,0,0,17,0,0,0,0,17,0,0,0,0,0,0,0,0,0,0,0,0,0,0,0,0,0,0,0,0,0,0,0,0,0,0,0,0,0,0,0,0,0,0,0,0,0,0,0,0,0,0,0,0,0,0,0,0,0,0,0,0,0,0,0,0,0,1,1,0,0,0,0,0,0,0,0, ,0,0,0,0,0,0,0,0,No, ,No, ,No, ,Si,1,No, ,No, ,No, ,Si,1,Si,1,Si,2,Si,2,Si,4,Si,7,No, ,18,0,No, ,Sí,1,3, , , , , , , , , , , , , , , , , , , , , , , , , , , , , , , , , , , , , , , ,Almenos una,1,No,No,No,Si,Si,No,No,No,No,No,No,No,No,No,No,No, ,-12.59251986,-69.17539047
1323,170102,02,INAMBARI,Menos de 5000 Hab,Distrital, , , , , , , , , , , , , , , , , , , , , , , , , , , , ,1,17,1,2,No,Si, , , , , , , , , , , , , , , , , , , , , , , , , , , , , , , , , , , , , , , , , , , , , ,15,1,0,0,0,14,0,0,0,2,0,0,0,0,2,0,0,0,12,0,0,0,0,12,0,0,0,0,0,0,0,0,0,0,0,0,0,0,0,0,0,0,0,0,0,0,0,0,0,0,0,0,0,0,0,0,0,0,0,0,0,0,0,0,0,0,0,0,0,0,0,0,0,0,0,0,0,0,0,0,0,1,1,0,0,0,0,0,0,0,0, ,0,0,0,0,0,0,0,0,No, ,No, ,No, ,Si,1,No, ,No, ,Si,1,No, ,Si,1,No, ,Si,4,Si,3,Si,5,No, ,15,0,No, ,Sí,1,15, , , , , , , , , , , , , , , , , , , , , , , , , , , , , , , , , , , , , , , ,Almenos una,1,Si,No,No,Si,Si,No,No,No,No,No,No,No,No,No,No,No, ,-12.92616781,-70.30259864
1325,040208,08,SAMUEL PASTOR,Menos de 5000 Hab,Provincial, , , , , , , ,1,4,2, , , , , , , , , , , , , , , , , , , , , , , , , , , , , , , , , , , , , , , , , , , , , , , , , , , , , , , , , , , , , , , , , , , , , ,34,1,0,0,0,33,0,0,0,3,0,0,0,0,3,0,0,0,28,0,0,0,0,28,0,0,0,0,0,0,0,0,0,0,0,0,0,0,0,0,0,0,0,0,0,0,0,0,0,0,0,0,0,0,0,0,0,0,0,0,0,0,0,0,0,0,0,0,0,0,0,0,2,0,0,0,0,2,0,0,0,1,1,0,0,0,0,0,0,0,0, ,0,0,0,0,0,0,0,0,No, ,No, ,Si,1,No, ,No, ,No, ,Si,1,Si,4,Si,3,Si,3,Si,8,Si,5,Si,9,No, ,34,0,No, ,No, , , , , , , , , , , , , , , , , , , , , , , , , , , , , , , , , , , , , , , , , , , , , , , , , , , , , , , , , , , , ,-16.646807,-72.625587
1326,040303,03,ATICO,De 40001 - 80000 Hab,Provincial, , , , , , , ,2,4,2,4,3, , , , , , , , , , , , , , , , , , , , , , , , , , , , , , , , , , , , , , , , , , , , , , , , , , , , , , , , , , , , , , , , , , , ,24,1,0,0,0,23,0,0,0,1,0,0,0,0,1,0,0,0,21,0,0,0,0,21,0,0,0,0,0,0,0,0,0,0,0,0,0,0,0,0,0,0,0,0,0,0,0,0,0,0,0,0,0,0,0,0,0,0,0,0,0,0,0,0,0,0,0,0,0,0,0,0,1,0,0,0,0,1,0,0,0,1,1,0,0,0,0,0,0,0,0, ,0,0,0,0,0,0,0,0,No, ,No, ,No, ,Si,1,No, ,No, ,Si,1,Si,1,Si,4,Si,2,Si,2,Si,5,Si,5,Si,3,24,0,No, ,Sí,4,2,2,2,2, , , , , , , , , , , , , , , , , , , , , , , , , , , , , , , , , , , , ,Almenos una,4,Si,Si,Si,No,No,No,No,No,Si,Si,Si,Si,No,No,No,No, ,-16.22838587,-73.60945315
1327,040313,13,YAUCA,Menos de 5000 Hab,Distrital, , , , , , , , , , , , , , , , , , , , , , , , , , , , ,4,4,3,13,No,Si,4,3,4,No,Si,4,3,5,No,Si,4,3,11,No,Si, , , , , , , , , , , , , , , , , , , , , , , , , , , , , , ,27,1,0,0,0,26,0,0,0,1,0,0,0,0,1,0,0,0,24,0,0,0,0,24,0,0,0,0,0,0,0,0,0,0,0,0,0,0,0,0,0,0,0,0,0,0,0,0,0,0,0,0,0,0,0,0,0,0,0,0,0,0,0,0,0,0,0,0,0,0,0,0,1,0,0,0,0,1,0,0,0,1,1,0,0,0,0,0,0,0,0, ,0,0,0,0,0,0,0,0,No, ,No, ,Si,1,No, ,No, ,No, ,Si,1,Si,3,Si,2,Si,3,Si,4,Si,8,Si,3,Si,2,27,0,No, ,No, , , , , , , , , , , , , , , , , , , , , , , , , , , , , , , , , , , , , , , , , , , , , , , , , , , , , , , , , , , , ,-15.66240753,-74.52763816
1332,210601,01,HUANCANE,De 40001 - 80000 Hab,Provincial, , , , , , , ,1,21,6, , , , , , , , , , , , , , , , , , , , , , , , , , , , , , , , , , , , , , , , , , , , , , , , , , , , , , , , , , , , , , , , , , , , , ,17,1,0,0,0,16,0,0,0,1,0,0,0,0,1,0,0,0,15,0,0,0,0,15,0,0,0,0,0,0,0,0,0,0,0,0,0,0,0,0,0,0,0,0,0,0,0,0,0,0,0,0,0,0,0,0,0,0,0,0,0,0,0,0,0,0,0,0,0,0,0,0,0,0,0,0,0,0,0,0,0,1,1,0,0,0,0,0,0,0,0, ,0,0,0,0,0,0,0,0,No, ,No, ,No, ,Si,1,No, ,No, ,No, ,No, ,No, ,Si,1,Si,2,Si,7,Si,6,No, ,17,0,No, ,No, , , , , , , , , , , , , , , , , , , , , , , , , , , , , , , , , , , , , , , , , , , , , , , , , , , , , , , , , , , , ,-15.20129189,-69.76516323
1333,210709,09,SANTA LUCIA,De 10001 - 20000 Hab,Distrital, , , , , , , , , , , , , , , , , , , , , , , , , , , , ,2,21,7,9,Si,No,21,11,3,Si,No, , , , , , , , , , , , , , , , , , , , , , , , , , , , , , , , , , , , , , , , ,20,0,0,0,0,20,0,0,0,3,0,0,0,0,3,0,0,0,16,0,0,0,0,16,0,0,0,0,0,0,0,0,0,0,0,0,0,0,0,0,0,0,0,0,0,0,0,0,0,0,0,0,0,0,0,0,0,0,0,0,0,0,0,0,0,0,0,0,0,0,0,0,0,0,0,0,0,0,0,0,0,1,0,0,0,0,1,0,0,0,0, ,0,0,0,0,0,0,0,0,No, ,No, ,No, ,No, ,No, ,No, ,No, ,Si,1,Si,1,No, ,Si,1,Si,4,Si,6,Si,7,20,0,No, ,Sí,1,7, , , , , , , , , , , , , , , , , , , , , , , , , , , , , , , , , , , , , , , ,Ninguna, , , , , , , , , , , , , , , , , , ,-15.701547,-70.609105
1334,210801,01,AYAVIRI,De 40001 - 80000 Hab,Distrital, , , , , , , , , , , , , , , , , , , , , , , , , , , , ,6,21,8,1,No,Si,21,8,9,Si,No,21,8,8,Si,No,21,2,4,No,Si,21,8,5,Si,No,21,7,8,No,Si, , , , , , , , , , , , , , , , , , , , ,25,1,0,0,0,24,0,0,0,1,0,0,0,0,1,0,0,0,22,0,0,0,0,22,0,0,0,0,0,0,0,0,0,0,0,0,0,0,0,0,0,0,0,0,0,0,0,0,0,0,0,0,0,0,0,0,0,0,0,0,0,0,0,0,0,0,0,0,0,0,0,0,0,0,0,0,0,0,0,0,0,1,1,0,0,0,0,0,0,0,1,LABORES DE MONITOREO EN PATRULLAJE,0,0,0,0,1,0,0,0,No, ,No, ,No, ,Si,1,No, ,No, ,No, ,Si,1,Si,1,Si,1,Si,2,Si,4,Si,11,Si,4,25,0,No, ,Sí,5,4,4,4,4,4, , , , , , , , , , , , , , , , , , , , , , , , , , , , , , , , , , , ,Ninguna, , , , , , , , , , , , , , , , , , ,-14.88481,-70.59668
1337,211101,01,JULIACA,De 20001 - 40000 Hab,Provincial, , , , , , , ,3,21,11,21,2,21,6, , , , , , , , , , , , , , , , , , , , , , , , , , , , , , , , , , , , , , , , , , , , , , , , , , , , , , , , , , , , , , , , , ,41,1,0,0,0,40,0,0,0,2,0,0,0,0,2,0,0,0,34,0,0,0,0,34,0,0,0,0,0,0,0,0,0,0,0,0,0,0,0,0,0,0,0,0,0,0,0,0,0,0,0,0,0,0,0,0,0,0,0,0,0,0,0,0,0,0,0,0,0,0,0,0,2,0,0,0,0,2,0,0,0,1,1,0,0,0,0,0,0,0,2,LABORES DE MONITOREO EN PATRULLAJE,0,0,0,0,2,0,0,0,No, ,No, ,Si,1,No, ,No, ,No, ,No, ,No, ,Si,2,No, ,Si,6,Si,8,Si,20,Si,4,41,0,No, ,No, , , , , , , , , , , , , , , , , , , , , , , , , , , , , , , , , , , , , , , , , , , , , , , , , , , , , , , , , , , , ,-15.49219,-70.122145
1338,020112,12,TARICA,De 10001 - 20000 Hab,Distrital, , , , , , , , , , , , , , , , , , , , , , , , , , , , ,5,2,5,5,No,Si,2,1,12,No,Si,2,17,2,No,Si,2,10,1,No,Si,2,19,1,No,Si, , , , , , , , , , , , , , , , , , , , , , , , , ,11,1,0,0,0,6,4,0,0,10,0,0,0,0,6,4,0,0,0,0,0,0,0,0,0,0,0,0,0,0,0,0,0,0,0,0,0,0,0,0,0,0,0,0,0,0,0,0,0,0,0,0,0,0,0,0,0,0,0,0,0,0,0,0,0,0,0,0,0,0,0,0,0,0,0,0,0,0,0,0,0,1,1,0,0,0,0,0,0,0,0, ,0,0,0,0,0,0,0,0,No, ,Si,1,No, ,No, ,No, ,No, ,No, ,No, ,Si,1,Si,1,Si,1,Si,2,Si,2,Si,3,11,0,No, ,No, , , , , , , , , , , , , , , , , , , , , , , , , , , , , , , , , , , , , , , , , , , , , , , , , , , , , , , , , , , , ,-9.3927321,-77.57411535
1339,020508,08,HUALLANCA,De 10001 - 20000 Hab,Provincial, , , , , , , ,1,2,5, , , , , , , , , , , , , , , , , , , , , , , , , , , , , , , , , , , , , , , , , , , , , , , , , , , , , , , , , , , , , , , , , , , , , ,15,0,0,0,0,15,0,0,0,2,0,0,0,0,2,0,0,0,6,0,0,0,0,6,0,0,0,2,0,0,0,0,2,0,0,0,0,0,0,0,0,0,0,0,0,2,0,0,0,0,2,0,0,0,0,0,0,0,0,0,0,0,0,0,0,0,0,0,0,0,0,0,2,0,0,0,0,2,0,0,0,1,0,0,0,0,1,0,0,0,0, ,0,0,0,0,0,0,0,0,No, ,No, ,No, ,No, ,No, ,No, ,No, ,No, ,Si,1,No, ,Si,3,Si,1,Si,6,Si,4,15,0,No, ,No, , , , , , , , , , , , , , , , , , , , , , , , , , , , , , , , , , , , , , , , , , , , , , , , , , , , , , , , , , , , ,-9.8705541,-77.01718569
1340,020503,03,ANTONIO RAYMONDI,De 10001 - 20000 Hab,Provincial, , , , , , , ,2,2,5,2,17, , , , , , , , , , , , , , , , , , , , , , , , , , , , , , , , , , , , , , , , , , , , , , , , , , , , , , , , , , , , , , , , , , , ,12,0,1,0,0,10,1,0,0,2,0,0,0,0,2,0,0,0,7,0,0,0,0,7,0,0,0,0,0,0,0,0,0,0,0,0,0,0,0,0,0,0,0,0,0,0,0,0,0,0,0,0,0,0,0,0,0,0,0,0,0,0,0,0,0,0,0,0,0,0,0,0,2,0,0,0,0,1,1,0,0,1,0,1,0,0,0,0,0,0,0, ,0,0,0,0,0,0,0,0,No, ,No, ,No, ,No, ,Si,1,No, ,No, ,No, ,Si,1,Si,1,Si,1,No, ,Si,2,Si,6,12,0,No, ,No, , , , , , , , , , , , , , , , , , , , , , , , , , , , , , , , , , , , , , , , , , , , , , , , , , , , , , , , , , , , ,-10.15611825,-77.4721022
1341,020507,07,COLQUIOC,De 10001 - 20000 Hab,Distrital, , , , , , , , , , , , , , , , , , , , , , , , , , , , ,3,2,5,7,No,Si,15,2,2,No,Si,15,2,3,No,Si, , , , , , , , , , , , , , , , , , , , , , , , , , , , , , , , , , , ,27,1,0,0,0,26,0,0,0,1,0,0,0,0,1,0,0,0,24,0,0,0,0,24,0,0,0,0,0,0,0,0,0,0,0,0,0,0,0,0,0,0,0,0,0,0,0,0,0,0,0,0,0,0,0,0,0,0,0,0,0,0,0,0,0,0,0,0,0,0,0,0,1,0,0,0,0,1,0,0,0,1,1,0,0,0,0,0,0,0,0, ,0,0,0,0,0,0,0,0,No, ,No, ,Si,1,No, ,No, ,No, ,Si,1,No, ,Si,2,Si,1,Si,3,Si,4,Si,11,Si,4,27,0,No, ,No, , , , , , , , , , , , , , , , , , , , , , , , , , , , , , , , , , , , , , , , , , , , , , , , , , , , , , , , , , , , ,-10.31251983,-77.61531107
1342,020801,01,CASMA,De 20001 - 40000 Hab,Provincial, , , , , , , ,1,2,8, , , , , , , , , , , , , , , , , , , , , , , , , , , , , , , , , , , , , , , , , , , , , , , , , , , , , , , , , , , , , , , , , , , , , ,31,0,0,0,0,31,0,0,0,2,0,0,0,0,2,0,0,0,27,0,0,0,0,27,0,0,0,0,0,0,0,0,0,0,0,0,0,0,0,0,0,0,0,0,0,0,0,0,0,0,0,0,0,0,0,0,0,0,0,0,0,0,0,0,0,0,0,0,0,0,0,0,1,0,0,0,0,1,0,0,0,1,0,0,0,0,1,0,0,0,0, ,0,0,0,0,0,0,0,0,No, ,No, ,No, ,No, ,No, ,No, ,No, ,Si,1,Si,1,Si,2,Si,5,Si,4,Si,13,Si,5,31,0,No, ,No, , , , , , , , , , , , , , , , , , , , , , , , , , , , , , , , , , , , , , , , , , , , , , , , , , , , , , , , , , , , ,-9.47529421,-78.30641817
1343,021004,04,CHAVIN DE HUANTAR,De 10001 - 20000 Hab,Distrital, , , , , , , , , , , , , , , , , , , , , , , , , , , , ,2,2,10,4,No,Si,2,10,1,No,Si, , , , , , , , , , , , , , , , , , , , , , , , , , , , , , , , , , , , , , , , ,19,0,0,0,0,19,0,0,0,2,0,0,0,0,2,0,0,0,14,0,0,0,0,14,0,0,0,0,0,0,0,0,0,0,0,0,0,0,0,0,0,0,0,0,0,0,0,0,0,0,0,0,0,0,0,0,0,0,0,0,0,0,0,0,0,0,0,0,0,0,0,0,2,0,0,0,0,2,0,0,0,1,0,0,0,0,1,0,0,0,0, ,0,0,0,0,0,0,0,0,No, ,No, ,No, ,No, ,No, ,No, ,No, ,Si,1,No, ,No, ,No, ,No, ,Si,1,Si,17,19,0,No, ,No, , , , , , , , , , , , , , , , , , , , , , , , , , , , , , , , , , , , , , , , , , , , , , , , , , , , , , , , , , , , ,-9.582435,-77.178684
1344,021702,02,CATAC,De 10001 - 20000 Hab,Provincial, , , , , , , ,1,2,17, , , , , , , , , , , , , , , , , , , , , , , , , , , , , , , , , , , , , , , , , , , , , , , , , , , , , , , , , , , , , , , , , , , , , ,18,0,0,0,0,18,0,0,0,1,0,0,0,0,1,0,0,0,16,0,0,0,0,16,0,0,0,0,0,0,0,0,0,0,0,0,0,0,0,0,0,0,0,0,0,0,0,0,0,0,0,0,0,0,0,0,0,0,0,0,0,0,0,0,0,0,0,0,0,0,0,0,0,0,0,0,0,0,0,0,0,1,0,0,0,0,1,0,0,0,0, ,0,0,0,0,0,0,0,0,No, ,No, ,No, ,No, ,No, ,No, ,Si,1,No, ,Si,2,Si,1,Si,1,Si,1,Si,4,Si,8,18,0,No, ,No, , , , , , , , , , , , , , , , , , , , , , , , , , , , , , , , , , , , , , , , , , , , , , , , , , , , , , , , , , , , ,-9.80182783,-77.43184091
1345,021809,09,NUEVO CHIMBOTE,De 80001 a más Hab,Provincial, , , , , , , ,1,2,18, , , , , , , , , , , , , , , , , , , , , , , , , , , , , , , , , , , , , , , , , , , , , , , , , , , , , , , , , , , , , , , , , , , , , ,38,0,0,0,0,38,0,0,0,4,0,0,0,0,4,0,0,0,30,0,0,0,0,30,0,0,0,0,0,0,0,0,0,0,0,0,0,0,0,0,0,0,0,0,0,0,0,0,0,0,0,0,0,0,0,0,0,0,0,0,0,0,0,0,0,0,0,0,0,0,0,0,3,0,0,0,0,3,0,0,0,1,0,0,0,0,1,0,0,0,0, ,0,0,0,0,0,0,0,0,No, ,No, ,No, ,No, ,No, ,No, ,Si,1,Si,3,Si,1,No, ,Si,4,Si,5,Si,22,Si,2,38,0,No, ,No, , , , , , , , , , , , , , , , , , , , , , , , , , , , , , , , , , , , , , , , , , , , , , , , , , , , , , , , , , , , ,-9.12672283,-78.52770375
1346,021809,09,NUEVO CHIMBOTE,De 20001 - 40000 Hab,Distrital, , , , , , , , , , , , , , , , , , , , , , , , , , , , ,1,2,18,9,No,Si, , , , , , , , , , , , , , , , , , , , , , , , , , , , , , , , , , , , , , , , , , , , , ,64,2,0,0,0,46,16,0,0,3,0,0,0,0,2,1,0,0,24,0,0,0,0,24,0,0,0,4,0,0,0,0,4,0,0,0,6,0,0,0,0,6,0,0,0,2,0,0,0,0,2,0,0,0,6,0,0,0,0,0,6,0,0,3,0,0,0,0,1,2,0,0,11,0,0,0,0,4,7,0,0,2,2,0,0,0,0,0,0,0,3,PUESTO DE AUXILIO RAPIDO,0,0,0,0,3,0,0,0,No, ,No, ,No, ,Si,1,Si,1,No, ,Si,3,Si,9,Si,4,Si,1,No, ,Si,1,Si,5,Si,39,64,0,No, ,No, , , , , , , , , , , , , , , , , , , , , , , , , , , , , , , , , , , , , , , , , , , , , , , , , , , , , , , , , , , , ,-9.11691983,-78.54481272
1347,021901,01,SIHUAS,De 5000 - 10000 Hab,Provincial, , , , , , , ,2,2,19,2,9, , , , , , , , , , , , , , , , , , , , , , , , , , , , , , , , , , , , , , , , , , , , , , , , , , , , , , , , , , , , , , , , , , , ,24,0,0,0,0,24,0,0,0,1,0,0,0,0,1,0,0,0,21,0,0,0,0,21,0,0,0,0,0,0,0,0,0,0,0,0,0,0,0,0,0,0,0,0,0,0,0,0,0,0,0,0,0,0,0,0,0,0,0,0,0,0,0,0,0,0,0,0,0,0,0,0,1,0,0,0,0,1,0,0,0,1,0,0,0,0,1,0,0,0,0, ,0,0,0,0,0,0,0,0,No, ,No, ,No, ,No, ,No, ,No, ,No, ,No, ,Si,5,Si,1,Si,7,Si,2,Si,6,Si,3,24,0,No, ,No, , , , , , , , , , , , , , , , , , , , , , , , , , , , , , , , , , , , , , , , , , , , , , , , , , , , , , , , , , , , ,-8.5531695,-77.63118666
1348,060301,01,CELENDIN,De 20001 - 40000 Hab,Provincial, , , , , , , ,1,6,3, , , , , , , , , , , , , , , , , , , , , , , , , , , , , , , , , , , , , , , , , , , , , , , , , , , , , , , , , , , , , , , , , , , , , ,21,0,0,0,0,21,0,0,0,2,0,0,0,0,2,0,0,0,18,0,0,0,0,18,0,0,0,0,0,0,0,0,0,0,0,0,0,0,0,0,0,0,0,0,0,0,0,0,0,0,0,0,0,0,0,0,0,0,0,0,0,0,0,0,0,0,0,0,0,0,0,0,0,0,0,0,0,0,0,0,0,1,0,0,0,0,1,0,0,0,0, ,0,0,0,0,0,0,0,0,No, ,No, ,No, ,No, ,No, ,No, ,No, ,Si,1,No, ,Si,2,Si,3,Si,3,Si,12,No, ,21,0,No, ,Sí,1,7, , , , , , , , , , , , , , , , , , , , , , , , , , , , , , , , , , , , , , , ,Ninguna, , , , , , , , , , , , , , , , , , ,-6.87209343,-78.14288253
1349,060502,02,CHILETE,De 20001 - 40000 Hab,Distrital, , , , , , , , , , , , , , , , , , , , , , , , , , , , ,1,6,5,2,Si,No, , , , , , , , , , , , , , , , , , , , , , , , , , , , , , , , , , , , , , , , , , , , , ,31,0,0,0,0,31,0,0,0,2,0,0,0,0,2,0,0,0,28,0,0,0,0,28,0,0,0,0,0,0,0,0,0,0,0,0,0,0,0,0,0,0,0,0,0,0,0,0,0,0,0,0,0,0,0,0,0,0,0,0,0,0,0,0,0,0,0,0,0,0,0,0,0,0,0,0,0,0,0,0,0,1,0,0,0,0,1,0,0,0,0, ,0,0,0,0,0,0,0,0,No, ,No, ,No, ,No, ,No, ,No, ,Si,1,Si,4,Si,4,Si,1,Si,2,Si,3,Si,15,Si,1,31,0,No, ,No, , , , , , , , , , , , , , , , , , , , , , , , , , , , , , , , , , , , , , , , , , , , , , , , , , , , , , , , , , , , ,-7.22199169,-78.83890851
1350,060703,03,HUALGAYOC,De 5000 - 10000 Hab,Otros,CARRETERA, , , , , , , , , , , , , , , , , , , , , , , , , , , , , , , , , , , , , , , , , , , , , , , , , , , , , , , , , , , , , , , , , , , , , , , , , , , , , , ,21,0,0,0,0,21,0,0,0,2,0,0,0,0,2,0,0,0,16,0,0,0,0,16,0,0,0,0,0,0,0,0,0,0,0,0,0,0,0,0,0,0,0,0,0,0,0,0,0,0,0,0,0,0,0,0,0,0,0,0,0,0,0,0,0,0,0,0,0,0,0,0,2,0,0,0,0,2,0,0,0,1,0,0,0,0,1,0,0,0,0, ,0,0,0,0,0,0,0,0,No, ,No, ,No, ,No, ,No, ,No, ,No, ,Si,2,Si,1,No, ,Si,3,Si,5,Si,8,Si,2,21,0,No, ,No, , , , , , , , , , , , , , , , , , , , , , , , , , , , , , , , , , , , , , , , , , , , , , , , , , , , , , , , , , , , ,-6.76703516,-78.608634
1351,061002,02,CHANCAY,De 10001 - 20000 Hab,Distrital, , , , , , , , , , , , , , , , , , , , , , , , , , , , ,1,6,10,2,No,Si, , , , , , , , , , , , , , , , , , , , , , , , , , , , , , , , , , , , , , , , , , , , , ,21,0,0,0,0,21,0,0,0,1,0,0,0,0,1,0,0,0,18,0,0,0,0,18,0,0,0,0,0,0,0,0,0,0,0,0,0,0,0,0,0,0,0,0,0,0,0,0,0,0,0,0,0,0,0,0,0,0,0,0,0,0,0,0,0,0,0,0,0,0,0,0,1,0,0,0,0,1,0,0,0,1,0,0,0,0,1,0,0,0,0, ,0,0,0,0,0,0,0,0,No, ,No, ,No, ,No, ,No, ,No, ,No, ,Si,2,Si,4,Si,2,No, ,Si,5,Si,8,No, ,21,0,No, ,Sí,1,7, , , , , , , , , , , , , , , , , , , , , , , , , , , , , , , , , , , , , , , ,Almenos una,1,No,No,No,Si,No,No,No,No,Si,No,No,Si,No,No,No,Si,SACOS DE POLIETILENO,-7.39236967,-78.12372798
1352,061202,02,SAN BERNARDINO,De 10001 - 20000 Hab,Provincial, , , , , , , ,1,6,12, , , , , , , , , , , , , , , , , , , , , , , , , , , , , , , , , , , , , , , , , , , , , , , , , , , , , , , , , , , , , , , , , , , , , ,14,0,0,0,0,14,0,0,0,2,0,0,0,0,2,0,0,0,11,0,0,0,0,11,0,0,0,0,0,0,0,0,0,0,0,0,0,0,0,0,0,0,0,0,0,0,0,0,0,0,0,0,0,0,0,0,0,0,0,0,0,0,0,0,0,0,0,0,0,0,0,0,0,0,0,0,0,0,0,0,0,1,0,0,0,0,1,0,0,0,0, ,0,0,0,0,0,0,0,0,No, ,No, ,No, ,No, ,No, ,No, ,No, ,Si,1,No, ,Si,1,No, ,Si,3,Si,7,Si,2,14,0,No, ,No, , , , , , , , , , , , , , , , , , , , , , , , , , , , , , , , , , , , , , , , , , , , , , , , , , , , , , , , , , , , ,-7.1688587,-78.8279187
1353,090601,01,HUAYTARA,Menos de 5000 Hab,Distrital, , , , , , , , , , , , , , , , , , , , , , , , , , , , ,3,11,5,2,No,Si,9,6,1,No,Si,9,6,7,No,Si, , , , , , , , , , , , , , , , , , , , , , , , , , , , , , , , , , , ,15,1,0,0,0,14,0,0,0,1,0,0,0,0,1,0,0,0,13,0,0,0,0,13,0,0,0,0,0,0,0,0,0,0,0,0,0,0,0,0,0,0,0,0,0,0,0,0,0,0,0,0,0,0,0,0,0,0,0,0,0,0,0,0,0,0,0,0,0,0,0,0,0,0,0,0,0,0,0,0,0,1,1,0,0,0,0,0,0,0,0, ,0,0,0,0,0,0,0,0,No, ,No, ,No, ,No, ,Si,1,No, ,Si,1,Si,1,Si,2,No, ,No, ,Si,2,Si,5,Si,3,15,0,No, ,No, , , , , , , , , , , , , , , , , , , , , , , , , , , , , , , , , , , , , , , , , , , , , , , , , , , , , , , , , , , , ,-13.6043519,-75.35353483
1354,110108,08,SALAS,Menos de 5000 Hab,Distrital, , , , , , , , , , , , , , , , , , , , , , , , , , , , ,2,11,1,8,No,Si,11,1,8,Si,No, , , , , , , , , , , , , , , , , , , , , , , , , , , , , , , , , , , , , , , , ,37,0,0,0,0,37,0,0,0,2,0,0,0,0,2,0,0,0,34,0,0,0,0,34,0,0,0,0,0,0,0,0,0,0,0,0,0,0,0,0,0,0,0,0,0,0,0,0,0,0,0,0,0,0,0,0,0,0,0,0,0,0,0,0,0,0,0,0,0,0,0,0,1,0,0,0,0,1,0,0,0,0,0,0,0,0,0,0,0,0,0, ,0,0,0,0,0,0,0,0,No, ,No, ,No, ,No, ,No, ,No, ,Si,3,Si,9,Si,5,Si,1,Si,4,Si,4,Si,7,Si,4,37,0,No, ,No, , , , , , , , , , , , , , , , , , , , , , , , , , , , , , , , , , , , , , , , , , , , , , , , , , , , , , , , , , , , ,-13.933095,-75.905867
1355,110201,01,CHINCHA ALTA,De 80001 a más Hab,Provincial, , , , , , , ,2,11,2,11,5, , , , , , , , , , , , , , , , , , , , , , , , , , , , , , , , , , , , , , , , , , , , , , , , , , , , , , , , , , , , , , , , , , , ,34,1,0,0,0,33,0,0,0,2,0,0,0,0,2,0,0,0,31,0,0,0,0,31,0,0,0,0,0,0,0,0,0,0,0,0,0,0,0,0,0,0,0,0,0,0,0,0,0,0,0,0,0,0,0,0,0,0,0,0,0,0,0,0,0,0,0,0,0,0,0,0,0,0,0,0,0,0,0,0,0,1,1,0,0,0,0,0,0,0,0, ,0,0,0,0,0,0,0,0,No, ,No, ,Si,1,No, ,No, ,No, ,No, ,Si,2,Si,8,Si,6,Si,4,Si,2,Si,3,Si,8,34,0,No, ,Sí,2,15,15, , , , , , , , , , , , , , , , , , , , , , , , , , , , , , , , , , , , , , ,Ninguna, , , , , , , , , , , , , , , , , , ,-13.42490102,-76.13350955
1356,110305,05,VISTA ALEGRE,De 40001 - 80000 Hab,Provincial, , , , , , , ,2,11,3,11,4, , , , , , , , , , , , , , , , , , , , , , , , , , , , , , , , , , , , , , , , , , , , , , , , , , , , , , , , , , , , , , , , , , , ,30,1,0,0,0,29,0,0,0,2,0,0,0,0,2,0,0,0,27,0,0,0,0,27,0,0,0,0,0,0,0,0,0,0,0,0,0,0,0,0,0,0,0,0,0,0,0,0,0,0,0,0,0,0,0,0,0,0,0,0,0,0,0,0,0,0,0,0,0,0,0,0,0,0,0,0,0,0,0,0,0,1,1,0,0,0,0,0,0,0,0, ,0,0,0,0,0,0,0,0,No, ,No, ,No, ,Si,1,No, ,No, ,Si,5,Si,3,Si,3,Si,3,Si,2,Si,4,Si,6,Si,3,30,0,No, ,No, , , , , , , , , , , , , , , , , , , , , , , , , , , , , , , , , , , , , , , , , , , , , , , , , , , , , , , , , , , , ,-14.84765545,-74.94932437
1357,110503,03,HUMAY,De 20001 - 40000 Hab,Distrital, , , , , , , , , , , , , , , , , , , , , , , , , , , , ,3,11,5,7,No,Si,11,5,4,No,Si,11,5,3,No,Si, , , , , , , , , , , , , , , , , , , , , , , , , , , , , , , , , , , ,25,1,0,0,0,24,0,0,0,1,0,0,0,0,1,0,0,0,22,0,0,0,0,22,0,0,0,0,0,0,0,0,0,0,0,0,0,0,0,0,0,0,0,0,0,0,0,0,0,0,0,0,0,0,0,0,0,0,0,0,0,0,0,0,0,0,0,0,0,0,0,0,1,0,0,0,0,1,0,0,0,1,1,0,0,0,0,0,0,0,0, ,0,0,0,0,0,0,0,0,No, ,No, ,No, ,No, ,Si,1,No, ,Si,1,Si,1,Si,2,Si,2,Si,3,Si,2,Si,5,Si,8,25,0,No, ,Sí,4,4,4,4,4, , , , , , , , , , , , , , , , , , , , , , , , , , , , , , , , , , , , ,Ninguna, , , , , , , , , , , , , , , , , , ,-13.72363715,-75.88928712
1358,110505,05,PARACAS,Menos de 5000 Hab,Distrital, , , , , , , , , , , , , , , , , , , , , , , , , , , , ,1,11,5,5,Si,No, , , , , , , , , , , , , , , , , , , , , , , , , , , , , , , , , , , , , , , , , , , , , ,18,0,0,0,0,18,0,0,0,2,0,0,0,0,2,0,0,0,14,0,0,0,0,14,0,0,0,0,0,0,0,0,0,0,0,0,0,0,0,0,0,0,0,0,0,0,0,0,0,0,0,0,0,0,0,0,0,0,0,0,0,0,0,0,0,0,0,0,0,0,0,0,1,0,0,0,0,1,0,0,0,1,0,0,0,0,1,0,0,0,0, ,0,0,0,0,0,0,0,0,No, ,No, ,No, ,No, ,No, ,No, ,Si,1,Si,4,Si,3,Si,2,Si,1,Si,1,Si,4,Si,2,18,0,No, ,Sí,1,18, , , , , , , , , , , , , , , , , , , , , , , , , , , , , , , , , , , , , , , ,Ninguna, , , , , , , , , , , , , , , , , , ,-13.8330725,-76.24699562
1359,030101,01,ABANCAY,De 5000 - 10000 Hab,Provincial, , , , , , , ,3,3,1,3,2,3,4, , , , , , , , , , , , , , , , , , , , , , , , , , , , , , , , , , , , , , , , , , , , , , , , , , , , , , , , , , , , , , , , , ,27,0,0,0,0,27,0,0,0,2,0,0,0,0,2,0,0,0,23,0,0,0,0,23,0,0,0,0,0,0,0,0,0,0,0,0,0,0,0,0,0,0,0,0,0,0,0,0,0,0,0,0,0,0,0,0,0,0,0,0,0,0,0,0,0,0,0,0,0,0,0,0,1,0,0,0,0,1,0,0,0,1,0,0,0,0,1,0,0,0,0, ,0,0,0,0,0,0,0,0,No, ,No, ,No, ,No, ,No, ,No, ,Si,1,Si,3,No, ,Si,2,Si,7,Si,4,Si,8,Si,2,27,0,No, ,Sí,2,14,13, , , , , , , , , , , , , , , , , , , , , , , , , , , , , , , , , , , , , , ,Almenos una,1,Si,Si,No,No,No,No,No,Si,Si,No,No,No,No,No,No,No, ,-13.63351298,-72.86885227
1360,030104,04,CURAHUASI,De 20001 - 40000 Hab,Distrital, , , , , , , , , , , , , , , , , , , , , , , , , , , , ,1,3,1,4,Si,No, , , , , , , , , , , , , , , , , , , , , , , , , , , , , , , , , , , , , , , , , , , , , ,18,0,0,0,0,17,1,0,0,2,0,0,0,0,1,1,0,0,13,0,0,0,0,13,0,0,0,0,0,0,0,0,0,0,0,0,0,0,0,0,0,0,0,0,0,0,0,0,0,0,0,0,0,0,0,0,0,0,0,0,0,0,0,0,0,0,0,0,0,0,0,0,2,0,0,0,0,2,0,0,0,1,0,0,0,0,1,0,0,0,0, ,0,0,0,0,0,0,0,0,No, ,No, ,No, ,No, ,No, ,No, ,Si,2,Si,1,Si,3,No, ,No, ,Si,9,Si,2,Si,1,18,0,No, ,Sí,2,9,9, , , , , , , , , , , , , , , , , , , , , , , , , , , , , , , , , , , , , , ,Ninguna, , , , , , , , , , , , , , , , , , ,-13.53862982,-72.6955136
1361,030201,01,ANDAHUAYLAS,De 10001 - 20000 Hab,Regional, ,2,3,5, , , , , , , , , , , , , , , , , , , , , , , , , , , , , , , , , , , , , , , , , , , , , , , , , , , , , , , , , , , , , , , , , , , , , , , , , , , ,38,0,0,0,0,36,2,0,0,2,0,0,0,0,0,2,0,0,33,0,0,0,0,33,0,0,0,0,0,0,0,0,0,0,0,0,0,0,0,0,0,0,0,0,0,0,0,0,0,0,0,0,0,0,0,0,0,0,0,0,0,0,0,0,0,0,0,0,0,0,0,0,2,0,0,0,0,2,0,0,0,1,0,0,0,0,1,0,0,0,0, ,0,0,0,0,0,0,0,0,No, ,No, ,No, ,No, ,No, ,No, ,Si,1,Si,1,No, ,Si,5,Si,1,Si,7,Si,12,Si,11,38,0,No, ,Sí,2,19,19, , , , , , , , , , , , , , , , , , , , , , , , , , , , , , , , , , , , , , ,Almenos una,1,Si,No,No,Si,Si,No,Si,No,Si,No,No,No,Si,No,No,Si,PICOS,-13.66472811,-73.41338586
1362,030401,01,CHALHUANCA,De 20001 - 40000 Hab,Provincial, , , , , , , ,2,3,4,5,6, , , , , , , , , , , , , , , , , , , , , , , , , , , , , , , , , , , , , , , , , , , , , , , , , , , , , , , , , , , , , , , , , , , ,35,1,0,0,0,34,0,0,0,0,0,0,0,0,0,0,0,0,32,0,0,0,0,32,0,0,0,0,0,0,0,0,0,0,0,0,0,0,0,0,0,0,0,0,0,0,0,0,0,0,0,0,0,0,0,0,0,0,0,0,0,0,0,0,0,0,0,0,0,0,0,0,0,0,0,0,0,0,0,0,0,1,1,0,0,0,0,0,0,0,2,LABORES DE MONITOREO EN PATRULLAJE,0,0,0,0,2,0,0,0,No, ,No, ,No, ,No, ,Si,1,No, ,Si,1,Si,1,Si,3,Si,2,Si,3,Si,5,Si,11,Si,8,35,0,No, ,No, , , , , , , , , , , , , , , , , , , , , , , , , , , , , , , , , , , , , , , , , , , , , , , , , , , , , , , , , , , , ,-14.29515184,-73.24752386
1363,190107,07,PAUCARTAMBO,Menos de 5000 Hab,Distrital, , , , , , , , , , , , , , , , , , , , , , , , , , , , ,1,19,1,7,No,Si, , , , , , , , , , , , , , , , , , , , , , , , , , , , , , , , , , , , , , , , , , , , , ,18,0,0,0,0,18,0,0,0,1,0,0,0,0,1,0,0,0,16,0,0,0,0,16,0,0,0,0,0,0,0,0,0,0,0,0,0,0,0,0,0,0,0,0,0,0,0,0,0,0,0,0,0,0,0,0,0,0,0,0,0,0,0,0,0,0,0,0,0,0,0,0,0,0,0,0,0,0,0,0,0,1,0,0,0,0,1,0,0,0,0, ,0,0,0,0,0,0,0,0,No, ,No, ,No, ,No, ,No, ,No, ,No, ,Si,1,Si,3,Si,2,Si,3,Si,1,Si,8,No, ,18,0,No, ,Sí,2,6,6, , , , , , , , , , , , , , , , , , , , , , , , , , , , , , , , , , , , , , ,Almenos una,2,Si,Si,No,No,No,No,No,Si,No,Si,No,Si,No,No,No,No, ,-10.77453376,-75.81318409
1364,190111,11,TINYAHUARCO,De 80001 a más Hab,Distrital, , , , , , , , , , , , , , , , , , , , , , , , , , , , ,2,19,1,5,No,Si,19,1,11,Si,No, , , , , , , , , , , , , , , , , , , , , , , , , , , , , , , , , , , , , , , , ,22,2,0,0,0,16,4,0,0,4,1,0,0,0,3,0,0,0,3,0,0,0,0,3,0,0,0,3,0,0,0,0,1,2,0,0,5,0,0,0,0,3,2,0,0,2,0,0,0,0,2,0,0,0,1,0,0,0,0,1,0,0,0,2,0,0,0,0,2,0,0,0,1,0,0,0,0,1,0,0,0,1,1,0,0,0,0,0,0,0,0, ,0,0,0,0,0,0,0,0,No, ,Si,1,No, ,No, ,No, ,Si,1,No, ,No, ,Si,3,Si,2,Si,15,No, ,No, ,No, ,22,0,Sí,3,No, , , , , , , , , , , , , , , , , , , , , , , , , , , , , , , , , , , , , , , , , , , , , , , , , , , , , , , , , , , , ,-10.75502472,-76.26483949
1365,190113,13,YANACANCHA,De 20001 - 40000 Hab,Distrital, , , , , , , , , , , , , , , , , , , , , , , , , , , , ,1,19,1,13,Si,No, , , , , , , , , , , , , , , , , , , , , , , , , , , , , , , , , , , , , , , , , , , , , ,22,0,0,0,0,5,17,0,0,2,0,0,0,0,0,2,0,0,0,0,0,0,0,0,0,0,0,0,0,0,0,0,0,0,0,0,0,0,0,0,0,0,0,0,0,0,0,0,0,0,0,0,0,0,16,0,0,0,0,1,15,0,0,0,0,0,0,0,0,0,0,0,1,0,0,0,0,1,0,0,0,1,0,0,0,0,1,0,0,0,2,CHOFER,0,0,0,0,2,0,0,0,No, ,No, ,No, ,No, ,No, ,No, ,Si,1,No, ,No, ,Si,1,Si,1,No, ,Si,1,Si,18,22,0,No, ,No, , , , , , , , , , , , , , , , , , , , , , , , , , , , , , , , , , , , , , , , , , , , , , , , , , , , , , , , , , , , ,-10.66593095,-76.25292828
1366,240101,01,TUMBES,De 80001 a más Hab,Provincial, , , , , , , ,1,24,1, , , , , , , , , , , , , , , , , , , , , , , , , , , , , , , , , , , , , , , , , , , , , , , , , , , , , , , , , , , , , , , , , , , , , ,24,0,1,0,0,14,9,0,0,3,0,0,0,0,2,1,0,0,4,0,0,0,0,4,0,0,0,0,0,0,0,0,0,0,0,0,0,0,0,0,0,0,0,0,0,0,0,0,0,0,0,0,0,0,7,0,0,0,0,0,7,0,0,1,0,0,0,0,0,1,0,0,8,0,0,0,0,8,0,0,0,1,0,1,0,0,0,0,0,0,0, ,0,0,0,0,0,0,0,0,No, ,No, ,No, ,No, ,No, ,Si,1,Si,1,Si,2,Si,1,No, ,No, ,Si,1,No, ,Si,18,24,0,Sí,2,No, , , , , , , , , , , , , , , , , , , , , , , , , , , , , , , , , , , , , , , , , , , , , , , , , , , , , , , , , , , , ,-3.57274996,-80.45183893
1367,240201,01,ZORRITOS,De 40001 - 80000 Hab,Provincial, , , , , , , ,1,24,2, , , , , , , , , , , , , , , , , , , , , , , , , , , , , , , , , , , , , , , , , , , , , , , , , , , , , , , , , , , , , , , , , , , , , ,29,1,0,0,0,28,0,0,0,1,0,0,0,0,1,0,0,0,27,0,0,0,0,27,0,0,0,0,0,0,0,0,0,0,0,0,0,0,0,0,0,0,0,0,0,0,0,0,0,0,0,0,0,0,0,0,0,0,0,0,0,0,0,0,0,0,0,0,0,0,0,0,0,0,0,0,0,0,0,0,0,1,1,0,0,0,0,0,0,0,0, ,0,0,0,0,0,0,0,0,No, ,No, ,No, ,No, ,Si,1,No, ,No, ,Si,3,Si,4,No, ,Si,2,Si,5,Si,14,No, ,29,0,No, ,Sí,3,8,8,8, , , , , , , , , , , , , , , , , , , , , , , , , , , , , , , , , , , , , ,Ninguna, , , , , , , , , , , , , , , , , , ,-3.73395735,-80.76656246
1368,100102,02,AMARILIS,De 10001 - 20000 Hab,Provincial, , , , , , , ,1,10,1, , , , , , , , , , , , , , , , , , , , , , , , , , , , , , , , , , , , , , , , , , , , , , , , , , , , , , , , , , , , , , , , , , , , , ,28,1,0,0,0,27,0,0,0,2,0,0,0,0,2,0,0,0,25,0,0,0,0,25,0,0,0,0,0,0,0,0,0,0,0,0,0,0,0,0,0,0,0,0,0,0,0,0,0,0,0,0,0,0,0,0,0,0,0,0,0,0,0,0,0,0,0,0,0,0,0,0,0,0,0,0,0,0,0,0,0,1,1,0,0,0,0,0,0,0,0, ,0,0,0,0,0,0,0,0,No, ,No, ,No, ,Si,1,No, ,No, ,No, ,No, ,No, ,Si,1,Si,3,Si,9,Si,10,Si,4,28,0,No, ,No, , , , , , , , , , , , , , , , , , , , , , , , , , , , , , , , , , , , , , , , , , , , , , , , , , , , , , , , , , , , ,-9.9328305,-76.23577681
1369,100317,17,RIPAN,De 10001 - 20000 Hab,Provincial, , , , , , , ,2,10,11,10,3, , , , , , , , , , , , , , , , , , , , , , , , , , , , , , , , , , , , , , , , , , , , , , , , , , , , , , , , , , , , , , , , , , , ,24,0,0,0,0,24,0,0,0,2,0,0,0,0,2,0,0,0,20,0,0,0,0,20,0,0,0,0,0,0,0,0,0,0,0,0,0,0,0,0,0,0,0,0,0,0,0,0,0,0,0,0,0,0,0,0,0,0,0,0,0,0,0,0,0,0,0,0,0,0,0,0,1,0,0,0,0,1,0,0,0,1,0,0,0,0,1,0,0,0,0, ,0,0,0,0,0,0,0,0,No, ,No, ,No, ,No, ,No, ,No, ,Si,1,Si,1,Si,1,No, ,Si,2,Si,3,Si,14,Si,2,24,0,No, ,Sí,1,8, , , , , , , , , , , , , , , , , , , , , , , , , , , , , , , , , , , , , , , ,Ninguna, , , , , , , , , , , , , , , , , , ,-9.82801067,-76.80187492
1370,070101,01,CALLAO,De 40001 - 80000 Hab,Distrital, , , , , , , , , , , , , , , , , , , , , , , , , , , , ,1,7,1,1,Si,No, , , , , , , , , , , , , , , , , , , , , , , , , , , , , , , , , , , , , , , , , , , , , ,21,0,1,0,0,9,11,0,0,7,0,0,0,0,3,4,0,0,4,0,0,0,0,4,0,0,0,0,0,0,0,0,0,0,0,0,3,0,0,0,0,0,3,0,0,0,0,0,0,0,0,0,0,0,4,0,0,0,0,0,4,0,0,0,0,0,0,0,0,0,0,0,2,0,0,0,0,2,0,0,0,1,0,1,0,0,0,0,0,0,0, ,0,0,0,0,0,0,0,0,No, ,No, ,No, ,No, ,Si,1,No, ,Si,1,Si,1,Si,6,Si,1,Si,1,Si,1,Si,6,Si,3,21,1,Sí,1,No, , , , , , , , , , , , , , , , , , , , , , , , , , , , , , , , , , , , , , , , , , , , , , , , , , , , , , , , , , , , ,-12.06121447,-77.14532676
1371,180101,01,MOQUEGUA,De 80001 a más Hab,Regional, ,2,18,23, , , , , , , , , , , , , , , , , , , , , , , , , , , , , , , , , , , , , , , , , , , , , , , , , , , , , , , , , , , , , , , , , , , , , , , , , , , ,21,1,0,0,0,20,0,0,0,2,0,0,0,0,2,0,0,0,18,0,0,0,0,18,0,0,0,0,0,0,0,0,0,0,0,0,0,0,0,0,0,0,0,0,0,0,0,0,0,0,0,0,0,0,0,0,0,0,0,0,0,0,0,0,0,0,0,0,0,0,0,0,0,0,0,0,0,0,0,0,0,1,1,0,0,0,0,0,0,0,0, ,0,0,0,0,0,0,0,0,No, ,No, ,Si,1,No, ,No, ,No, ,Si,3,Si,6,No, ,No, ,Si,5,Si,4,Si,2,No, ,21,0,No, ,No, , , , , , , , , , , , , , , , , , , , , , , , , , , , , , , , , , , , , , , , , , , , , , , , , , , , , , , , , , , , ,-17.213857,-70.974822
1372,180106,06,TORATA,De 10001 - 20000 Hab,Regional, ,2,18,21, , , , , , , , , , , , , , , , , , , , , , , , , , , , , , , , , , , , , , , , , , , , , , , , , , , , , , , , , , , , , , , , , , , , , , , , , , , ,23,1,0,0,0,21,1,0,0,2,0,0,0,0,1,1,0,0,18,0,0,0,0,18,0,0,0,0,0,0,0,0,0,0,0,0,0,0,0,0,0,0,0,0,0,0,0,0,0,0,0,0,0,0,0,0,0,0,0,0,0,0,0,0,0,0,0,0,0,0,0,0,2,0,0,0,0,2,0,0,0,1,1,0,0,0,0,0,0,0,0, ,0,0,0,0,0,0,0,0,No, ,No, ,Si,1,No, ,No, ,No, ,Si,3,Si,3,Si,4,Si,2,Si,1,No, ,Si,7,Si,2,23,0,No, ,No, , , , , , , , , , , , , , , , , , , , , , , , , , , , , , , , , , , , , , , , , , , , , , , , , , , , , , , , , , , , ,-17.104808,-70.853183
1373,180301,01,ILO,De 80001 a más Hab,Provincial, , , , , , , ,1,18,3, , , , , , , , , , , , , , , , , , , , , , , , , , , , , , , , , , , , , , , , , , , , , , , , , , , , , , , , , , , , , , , , , , , , , ,21,1,0,0,0,20,0,0,0,1,0,0,0,0,1,0,0,0,18,0,0,0,0,18,0,0,0,0,0,0,0,0,0,0,0,0,0,0,0,0,0,0,0,0,0,0,0,0,0,0,0,0,0,0,0,0,0,0,0,0,0,0,0,0,0,0,0,0,0,0,0,0,1,0,0,0,0,1,0,0,0,1,1,0,0,0,0,0,0,0,0, ,0,0,0,0,0,0,0,0,No, ,No, ,Si,1,No, ,No, ,No, ,Si,5,Si,3,Si,2,Si,3,Si,4,Si,1,Si,1,Si,1,21,0,No, ,No, , , , , , , , , , , , , , , , , , , , , , , , , , , , , , , , , , , , , , , , , , , , , , , , , , , , , , , , , , , , ,-17.66090344,-71.32915714
1374,230303,03,ITE,De 80001 a más Hab,Regional, ,1,23, , , , , , , , , , , , , , , , , , , , , , , , , , , , , , , , , , , , , , , , , , , , , , , , , , , , , , , , , , , , , , , , , , , , , , , , , , , , ,19,1,0,0,0,18,0,0,0,2,0,0,0,0,2,0,0,0,14,0,0,0,0,14,0,0,0,0,0,0,0,0,0,0,0,0,0,0,0,0,0,0,0,0,0,0,0,0,0,0,0,0,0,0,0,0,0,0,0,0,0,0,0,0,0,0,0,0,0,0,0,0,2,0,0,0,0,2,0,0,0,1,1,0,0,0,0,0,0,0,0, ,0,0,0,0,0,0,0,0,No, ,No, ,No, ,Si,1,No, ,No, ,Si,9,Si,3,Si,1,Si,2,Si,2,No, ,Si,1,No, ,19,0,No, ,Sí,2,7,7, , , , , , , , , , , , , , , , , , , , , , , , , , , , , , , , , , , , , , ,Ninguna, , , , , , , , , , , , , , , , , , ,-17.897005,-70.969192
1375,230301,01,LOCUMBA,De 80001 a más Hab,Regional, ,1,23, , , , , , , , , , , , , , , , , , , , , , , , , , , , , , , , , , , , , , , , , , , , , , , , , , , , , , , , , , , , , , , , , , , , , , , , , , , , ,18,1,0,0,0,17,0,0,0,2,0,0,0,0,2,0,0,0,13,0,0,0,0,13,0,0,0,0,0,0,0,0,0,0,0,0,0,0,0,0,0,0,0,0,0,0,0,0,0,0,0,0,0,0,0,0,0,0,0,0,0,0,0,0,0,0,0,0,0,0,0,0,2,0,0,0,0,2,0,0,0,1,1,0,0,0,0,0,0,0,0, ,0,0,0,0,0,0,0,0,No, ,No, ,Si,1,No, ,No, ,No, ,Si,7,Si,2,No, ,Si,1,Si,3,No, ,Si,3,Si,1,18,0,No, ,Sí,4,4,5,4,5, , , , , , , , , , , , , , , , , , , , , , , , , , , , , , , , , , , , ,Almenos una,2,No,No,No,No,No,No,No,No,Si,Si,Si,Si,No,Si,No,No, ,-17.647437,-70.900462
1377,150204,04,SUPE,De 40001 - 80000 Hab,Provincial, , , , , , , ,7,15,8,15,8,15,8,15,2,15,2,15,2,15,2, , , , , , , , , , , , , , , , , , , , , , , , , , , , , , , , , , , , , , , , , , , , , , , , , , , , , , , , , ,58,1,0,0,0,57,0,0,0,2,0,0,0,0,2,0,0,0,54,0,0,0,0,54,0,0,0,0,0,0,0,0,0,0,0,0,0,0,0,0,0,0,0,0,0,0,0,0,0,0,0,0,0,0,0,0,0,0,0,0,0,0,0,0,0,0,0,0,0,0,0,0,1,0,0,0,0,1,0,0,0,1,1,0,0,0,0,0,0,0,0, ,0,0,0,0,0,0,0,0,No, ,No, ,Si,1,No, ,No, ,No, ,Si,3,Si,8,Si,7,Si,5,Si,4,Si,8,Si,13,Si,9,58,0,No, ,Sí,4,8,8,8,8, , , , , , , , , , , , , , , , , , , , , , , , , , , , , , , , , , , , ,Ninguna, , , , , , , , , , , , , , , , , , ,-10.80069,-77.71126
1379,150501,01,SAN VICENTE DE CAÑETE,Menos de 5000 Hab,Otros,CARRETERA, , , , , , , , , , , , , , , , , , , , , , , , , , , , , , , , , , , , , , , , , , , , , , , , , , , , , , , , , , , , , , , , , , , , , , , , , , , , , , ,40,1,0,0,0,36,3,0,0,4,0,0,0,0,1,3,0,0,30,0,0,0,0,30,0,0,0,0,0,0,0,0,0,0,0,0,0,0,0,0,0,0,0,0,0,0,0,0,0,0,0,0,0,0,0,0,0,0,0,0,0,0,0,0,0,0,0,0,0,0,0,0,5,0,0,0,0,5,0,0,0,1,1,0,0,0,0,0,0,0,0, ,0,0,0,0,0,0,0,0,No, ,No, ,Si,1,No, ,No, ,No, ,Si,2,Si,4,Si,10,Si,9,Si,2,Si,4,Si,7,Si,1,40,0,No, ,Sí,2,4,4, , , , , , , , , , , , , , , , , , , , , , , , , , , , , , , , , , , , , , ,Almenos una,2,Si,Si,No,No,No,No,No,Si,Si,Si,Si,No,No,Si,No,No, ,-13.139295,-76.366195
1380,150509,09,MALA,Menos de 5000 Hab,Otros,CARRETERA, , , , , , , , , , , , , , , , , , , , , , , , , , , , , , , , , , , , , , , , , , , , , , , , , , , , , , , , , , , , , , , , , , , , , , , , , , , , , , ,33,1,0,0,0,30,2,0,0,4,0,0,0,0,2,2,0,0,24,0,0,0,0,24,0,0,0,0,0,0,0,0,0,0,0,0,0,0,0,0,0,0,0,0,0,0,0,0,0,0,0,0,0,0,0,0,0,0,0,0,0,0,0,0,0,0,0,0,0,0,0,0,4,0,0,0,0,4,0,0,0,1,1,0,0,0,0,0,0,0,0, ,0,0,0,0,0,0,0,0,No, ,No, ,Si,1,No, ,No, ,No, ,Si,3,Si,4,Si,5,Si,6,Si,2,Si,3,Si,8,Si,1,33,0,No, ,No, , , , , , , , , , , , , , , , , , , , , , , , , , , , , , , , , , , , , , , , , , , , , , , , , , , , , , , , , , , , ,-12.71932693,-76.62922266
1381,150605,05,CHANCAY,De 80001 a más Hab,Otros,CARRETERA, , , , , , , , , , , , , , , , , , , , , , , , , , , , , , , , , , , , , , , , , , , , , , , , , , , , , , , , , , , , , , , , , , , , , , , , , , , , , , ,61,2,0,6,0,50,3,0,0,9,0,0,0,0,6,3,0,0,48,0,0,6,0,42,0,0,0,0,0,0,0,0,0,0,0,0,0,0,0,0,0,0,0,0,0,0,0,0,0,0,0,0,0,0,0,0,0,0,0,0,0,0,0,0,0,0,0,0,0,0,0,0,2,0,0,0,0,2,0,0,0,2,2,0,0,0,0,0,0,0,0, ,0,0,0,0,0,0,0,0,No, ,Si,1,No, ,No, ,No, ,Si,7,Si,4,Si,6,Si,7,Si,11,Si,6,Si,5,Si,10,Si,4,61,0,No, ,No, , , , , , , , , , , , , , , , , , , , , , , , , , , , , , , , , , , , , , , , , , , , , , , , , , , , , , , , , , , , ,-11.5619484,-77.26851319
1382,150605,05,CHANCAY,De 40001 - 80000 Hab,Distrital, , , , , , , , , , , , , , , , , , , , , , , , , , , , ,2,15,6,5,Si,No,15,8,1,No,Si, , , , , , , , , , , , , , , , , , , , , , , , , , , , , , , , , , , , , , , , ,54,1,0,0,0,52,1,0,0,1,0,0,0,0,0,1,0,0,40,0,0,0,0,40,0,0,0,0,0,0,0,0,0,0,0,0,0,0,0,0,0,0,0,0,0,0,0,0,0,0,0,0,0,0,0,0,0,0,0,0,0,0,0,0,0,0,0,0,0,0,0,0,4,0,0,0,0,4,0,0,0,9,1,0,0,0,8,0,0,0,0, ,0,0,0,0,0,0,0,0,No, ,No, ,Si,1,No, ,No, ,No, ,Si,3,Si,7,Si,5,Si,6,Si,7,Si,5,Si,19,Si,1,54,0,No, ,Sí,2,12,6, , , , , , , , , , , , , , , , , , , , , , , , , , , , , , , , , , , , , , ,Almenos una,2,No,Si,No,No,No,No,No,No,Si,No,No,No,No,No,No,No, ,-11.447833,-77.344297
1383,150705,05,CHICLA,De 80001 a más Hab,Distrital, , , , , , , , , , , , , , , , , , , , , , , , , , , , ,2,15,7,22,Si,No,15,7,5,Si,No, , , , , , , , , , , , , , , , , , , , , , , , , , , , , , , , , , , , , , , , ,26,1,0,0,0,25,0,0,0,2,0,0,0,0,2,0,0,0,21,0,0,0,0,21,0,0,0,0,0,0,0,0,0,0,0,0,0,0,0,0,0,0,0,0,0,0,0,0,0,0,0,0,0,0,0,0,0,0,0,0,0,0,0,0,0,0,0,0,0,0,0,0,2,0,0,0,0,2,0,0,0,1,1,0,0,0,0,0,0,0,0, ,0,0,0,0,0,0,0,0,No, ,No, ,Si,1,No, ,No, ,No, ,Si,3,Si,3,Si,4,Si,4,No, ,Si,6,Si,5,No, ,26,0,No, ,No, , , , , , , , , , , , , , , , , , , , , , , , , , , , , , , , , , , , , , , , , , , , , , , , , , , , , , , , , , , , ,-11.70498501,-76.26877081
1384,150727,27,SANTA CRUZ DE COCACHACRA,De 10001 - 20000 Hab,Distrital, , , , , , , , , , , , , , , , , , , , , , , , , , , , ,1,15,7,27,No,Si, , , , , , , , , , , , , , , , , , , , , , , , , , , , , , , , , , , , , , , , , , , , , ,18,0,0,0,0,17,1,0,0,1,0,0,0,0,0,1,0,0,16,0,0,0,0,16,0,0,0,0,0,0,0,0,0,0,0,0,0,0,0,0,0,0,0,0,0,0,0,0,0,0,0,0,0,0,0,0,0,0,0,0,0,0,0,0,0,0,0,0,0,0,0,0,0,0,0,0,0,0,0,0,0,1,0,0,0,0,1,0,0,0,0, ,0,0,0,0,0,0,0,0,No, ,No, ,No, ,No, ,No, ,No, ,Si,1,Si,1,Si,6,Si,4,Si,2,No, ,Si,2,Si,2,18,0,Sí,1,Sí,1,8, , , , , , , , , , , , , , , , , , , , , , , , , , , , , , , , , , , , , , , ,Almenos una,1,No,No,No,No,No,No,No,No,Si,Si,No,Si,Si,Si,No,No, ,-11.91050887,-76.58097094
1385,150732,32,SURCO,Menos de 5000 Hab,Distrital, , , , , , , , , , , , , , , , , , , , , , , , , , , , ,3,15,7,1,No,Si,15,7,22,No,Si,15,7,32,No,Si, , , , , , , , , , , , , , , , , , , , , , , , , , , , , , , , , , , ,34,1,0,0,0,32,1,0,0,2,0,0,0,0,2,0,0,0,29,0,0,0,0,28,1,0,0,0,0,0,0,0,0,0,0,0,0,0,0,0,0,0,0,0,0,0,0,0,0,0,0,0,0,0,0,0,0,0,0,0,0,0,0,0,0,0,0,0,0,0,0,0,2,0,0,0,0,2,0,0,0,1,1,0,0,0,0,0,0,0,0, ,0,0,0,0,0,0,0,0,No, ,No, ,No, ,Si,1,No, ,No, ,Si,3,Si,6,Si,7,Si,7,Si,2,Si,2,Si,3,Si,3,34,0,No, ,Sí,2,3,3, , , , , , , , , , , , , , , , , , , , , , , , , , , , , , , , , , , , , , ,Almenos una,2,Si,No,No,Si,Si,Si,Si,Si,No,Si,Si,Si,Si,No,No,Si,CANASTILLA,-11.88416778,-76.4400506
1386,150811,11,SAYAN,De 20001 - 40000 Hab,Provincial, , , , , , , ,1,15,8, , , , , , , , , , , , , , , , , , , , , , , , , , , , , , , , , , , , , , , , , , , , , , , , , , , , , , , , , , , , , , , , , , , , , ,25,0,0,0,0,25,0,0,0,0,0,0,0,0,0,0,0,0,23,0,0,0,0,23,0,0,0,0,0,0,0,0,0,0,0,0,0,0,0,0,0,0,0,0,0,0,0,0,0,0,0,0,0,0,0,0,0,0,0,0,0,0,0,0,0,0,0,0,0,0,0,0,1,0,0,0,0,1,0,0,0,1,0,0,0,0,1,0,0,0,0, ,0,0,0,0,0,0,0,0,No, ,No, ,No, ,No, ,No, ,No, ,Si,2,Si,1,Si,3,Si,3,Si,2,Si,3,Si,2,Si,9,25,0,No, ,Sí,4,2,2,2,2, , , , , , , , , , , , , , , , , , , , , , , , , , , , , , , , , , , , ,Ninguna, , , , , , , , , , , , , , , , , , ,-11.13464862,-77.19858764
1387,100601,01,RUPA-RUPA,De 10001 - 20000 Hab,Distrital, , , , , , , , , , , , , , , , , , , , , , , , , , , , ,7,10,6,1,Si,No,10,6,6,Si,No,10,6,5,Si,No,10,6,4,Si,No,10,6,3,Si,No,10,6,2,Si,No,10,1,3,No,Si, , , , , , , , , , , , , , , ,24,1,0,0,0,23,0,0,0,1,0,0,0,0,1,0,0,0,20,0,0,0,0,20,0,0,0,0,0,0,0,0,0,0,0,0,0,0,0,0,0,0,0,0,0,0,0,0,0,0,0,0,0,0,0,0,0,0,0,0,0,0,0,0,0,0,0,0,0,0,0,0,2,0,0,0,0,2,0,0,0,1,1,0,0,0,0,0,0,0,0, ,0,0,0,0,0,0,0,0,No, ,No, ,No, ,Si,1,No, ,No, ,No, ,No, ,Si,1,Si,4,Si,3,Si,5,Si,8,Si,2,24,0,No, ,Sí,1,10, , , , , , , , , , , , , , , , , , , , , , , , , , , , , , , , , , , , , , , ,Ninguna, , , , , , , , , , , , , , , , , , ,-9.30307094,-76.00386828
1389,221001,01,TOCACHE,De 5000 - 10000 Hab,Provincial, , , , , , , ,1,22,10, , , , , , , , , , , , , , , , , , , , , , , , , , , , , , , , , , , , , , , , , , , , , , , , , , , , , , , , , , , , , , , , , , , , , ,25,1,0,0,0,24,0,0,0,2,0,0,0,0,2,0,0,0,20,0,0,0,0,20,0,0,0,0,0,0,0,0,0,0,0,0,0,0,0,0,0,0,0,0,0,0,0,0,0,0,0,0,0,0,0,0,0,0,0,0,0,0,0,0,0,0,0,0,0,0,0,0,2,0,0,0,0,2,0,0,0,1,1,0,0,0,0,0,0,0,0, ,0,0,0,0,0,0,0,0,No, ,No, ,No, ,Si,1,No, ,No, ,No, ,Si,1,No, ,No, ,Si,2,Si,8,Si,12,Si,1,25,0,No, ,No, , , , , , , , , , , , , , , , , , , , , , , , , , , , , , , , , , , , , , , , , , , , , , , , , , , , , , , , , , , , ,-8.19110542,-76.51074326
1390,250301,01,PADRE ABAD,De 80001 a más Hab,Provincial, , , , , , , ,1,25,3, , , , , , , , , , , , , , , , , , , , , , , , , , , , , , , , , , , , , , , , , , , , , , , , , , , , , , , , , , , , , , , , , , , , , ,34,1,0,0,0,31,1,1,0,2,0,0,0,0,1,1,0,0,31,0,0,0,0,30,0,1,0,0,0,0,0,0,0,0,0,0,0,0,0,0,0,0,0,0,0,0,0,0,0,0,0,0,0,0,0,0,0,0,0,0,0,0,0,0,0,0,0,0,0,0,0,0,0,0,0,0,0,0,0,0,0,1,1,0,0,0,0,0,0,0,0, ,0,0,0,0,0,0,0,0,No, ,No, ,Si,1,No, ,No, ,No, ,Si,2,Si,6,Si,2,Si,2,No, ,Si,1,Si,2,Si,18,34,0,No, ,No, , , , , , , , , , , , , , , , , , , , , , , , , , , , , , , , , , , , , , , , , , , , , , , , , , , , , , , , , , , , ,-9.03794829,-75.50690635
1391,250305,05,ALEXANDER VON HUMBOLDT,De 20001 - 40000 Hab,Distrital, , , , , , , , , , , , , , , , , , , , , , , , , , , , ,1,25,3,5,Si,No, , , , , , , , , , , , , , , , , , , , , , , , , , , , , , , , , , , , , , , , , , , , , ,42,1,0,0,0,41,0,0,0,3,0,0,0,0,3,0,0,0,38,0,0,0,0,38,0,0,0,0,0,0,0,0,0,0,0,0,0,0,0,0,0,0,0,0,0,0,0,0,0,0,0,0,0,0,0,0,0,0,0,0,0,0,0,0,0,0,0,0,0,0,0,0,0,0,0,0,0,0,0,0,0,1,1,0,0,0,0,0,0,0,0, ,0,0,0,0,0,0,0,0,No, ,No, ,No, ,Si,1,No, ,No, ,Si,1,Si,5,Si,5,Si,3,Si,5,Si,4,Si,8,Si,10,42,0,No, ,No, , , , , , , , , , , , , , , , , , , , , , , , , , , , , , , , , , , , , , , , , , , , , , , , , , , , , , , , , , , , ,-8.825228,-75.05164
1392,050401,01,HUANTA,De 80001 a más Hab,Provincial, , , , , , , ,3,5,1,5,4,5,5, , , , , , , , , , , , , , , , , , , , , , , , , , , , , , , , , , , , , , , , , , , , , , , , , , , , , , , , , , , , , , , , , ,103,2,0,0,0,98,3,0,0,6,0,0,0,0,3,3,0,0,92,0,0,0,0,92,0,0,0,0,0,0,0,0,0,0,0,0,0,0,0,0,0,0,0,0,0,0,0,0,0,0,0,0,0,0,0,0,0,0,0,0,0,0,0,0,0,0,0,0,0,0,0,0,3,0,0,0,0,3,0,0,0,2,2,0,0,0,0,0,0,0,0, ,0,0,0,0,0,0,0,0,No, ,Si,1,Si,1,No, ,No, ,No, ,Si,4,Si,7,Si,5,Si,9,Si,9,Si,17,Si,41,Si,9,103,0,No, ,No, , , , , , , , , , , , , , , , , , , , , , , , , , , , , , , , , , , , , , , , , , , , , , , , , , , , , , , , , , , , ,-12.94147903,-74.24707129
1393,050508,08,TAMBO,De 5000 - 10000 Hab,Distrital, , , , , , , , , , , , , , , , , , , , , , , , , , , , ,2,5,5,8,Si,No,5,1,8,Si,No, , , , , , , , , , , , , , , , , , , , , , , , , , , , , , , , , , , , , , , , ,33,1,0,0,0,32,0,0,0,2,0,0,0,0,2,0,0,0,29,0,0,0,0,29,0,0,0,0,0,0,0,0,0,0,0,0,0,0,0,0,0,0,0,0,0,0,0,0,0,0,0,0,0,0,0,0,0,0,0,0,0,0,0,0,0,0,0,0,0,0,0,0,1,0,0,0,0,1,0,0,0,1,1,0,0,0,0,0,0,0,0, ,0,0,0,0,0,0,0,0,No, ,No, ,Si,1,No, ,No, ,No, ,Si,2,Si,4,Si,2,Si,2,Si,4,Si,8,Si,7,Si,3,33,0,No, ,Sí,2,4,4, , , , , , , , , , , , , , , , , , , , , , , , , , , , , , , , , , , , , , ,Almenos una,2,Si,Si,Si,No,No,No,No,Si,No,Si,No,No,No,No,No,No, ,-12.94866599,-74.02081029
1395,180101,01,MOQUEGUA,De 20001 - 40000 Hab,Distrital, , , , , , , , , , , , , , , , , , , , , , , , , , , , ,1,18,1,1,Si,No, , , , , , , , , , , , , , , , , , , , , , , , , , , , , , , , , , , , , , , , , , , , , ,41,2,1,0,0,27,11,0,0,7,0,1,0,0,3,3,0,0,8,0,0,0,0,8,0,0,0,0,0,0,0,0,0,0,0,0,2,0,0,0,0,2,0,0,0,2,0,0,0,0,2,0,0,0,2,0,0,0,0,0,2,0,0,2,0,0,0,0,0,2,0,0,16,0,0,0,0,12,4,0,0,2,2,0,0,0,0,0,0,0,0, ,0,0,0,0,0,0,0,0,No, ,No, ,Si,1,No, ,Si,2,No, ,Si,5,Si,5,Si,1,Si,2,No, ,Si,2,Si,2,Si,21,41,0,No, ,No, , , , , , , , , , , , , , , , , , , , , , , , , , , , , , , , , , , , , , , , , , , , , , , , , , , , , , , , , , , , ,-17.20785862,-70.94883587
2000,101007,07,SAN MIGUEL DE CAURI,De 5000 - 10000 Hab,Distrital, , , , , , , , , , , , , , , , , , , , , , , , , , , , ,1,10,10,7,Si,No, , , , , , , , , , , , , , , , , , , , , , , , , , , , , , , , , , , , , , , , , , , , , ,18,0,0,0,0,18,0,0,0,1,0,0,0,0,1,0,0,0,4,0,0,0,0,4,0,0,0,5,0,0,0,0,5,0,0,0,2,0,0,0,0,2,0,0,0,1,0,0,0,0,1,0,0,0,2,0,0,0,0,2,0,0,0,1,0,0,0,0,1,0,0,0,1,0,0,0,0,1,0,0,0,1,0,0,0,0,1,0,0,0,0, ,0,0,0,0,0,0,0,0,No, ,No, ,No, ,No, ,No, ,No, ,No, ,Si,1,No, ,No, ,No, ,Si,1,Si,4,Si,12,18,0,No, ,Sí,2,8,8, , , , , , , , , , , , , , , , , , , , , , , , , , , , , , , , , , , , , , ,Ninguna, , , , , , , , , , , , , , , , , , ,-10.14249193,-76.62565391
2001,170101,01,TAMBOPATA,De 80001 a más Hab,Provincial, , , , , , , ,3,17,1,17,2,17,3, , , , , , , , , , , , , , , , , , , , , , , , , , , , , , , , , , , , , , , , , , , , , , , , , , , , , , , , , , , , , , , , , ,23,0,0,0,0,12,11,0,0,3,0,0,0,0,1,2,0,0,2,0,0,0,0,2,0,0,0,0,0,0,0,0,0,0,0,0,0,0,0,0,0,0,0,0,0,0,0,0,0,0,0,0,0,0,8,0,0,0,0,2,6,0,0,1,0,0,0,0,0,1,0,0,8,0,0,0,0,6,2,0,0,1,0,0,0,0,1,0,0,0,0, ,0,0,0,0,0,0,0,0,No, ,No, ,No, ,No, ,No, ,No, ,No, ,Si,1,Si,2,No, ,Si,1,No, ,Si,9,Si,10,23,0,No, ,Sí,2,5,5, , , , , , , , , , , , , , , , , , , , , , , , , , , , , , , , , , , , , , ,Almenos una,2,No,Si,Si,No,No,No,No,No,No,No,No,No,No,Si,No,Si,LINTERNA,-12.60146329,-69.18891626
2002,250303,03,CURIMANA,De 10001 - 20000 Hab,Distrital, , , , , , , , , , , , , , , , , , , , , , , , , , , , ,1,25,3,3,Si,No, , , , , , , , , , , , , , , , , , , , , , , , , , , , , , , , , , , , , , , , , , , , , ,19,2,0,0,0,16,1,0,0,2,0,0,0,0,2,0,0,0,0,0,0,0,0,0,0,0,0,10,0,0,0,0,10,0,0,0,1,0,0,0,0,1,0,0,0,1,0,0,0,0,1,0,0,0,1,0,0,0,0,1,0,0,0,1,0,0,0,0,0,1,0,0,1,0,0,0,0,1,0,0,0,2,2,0,0,0,0,0,0,0,0, ,0,0,0,0,0,0,0,0,No, ,No, ,Si,1,No, ,No, ,Si,1,No, ,No, ,Si,1,Si,1,No, ,Si,1,Si,2,Si,12,19,0,No, ,Sí,1,4, , , , , , , , , , , , , , , , , , , , , , , , , , , , , , , , , , , , , , , ,Ninguna, , , , , , , , , , , , , , , , , , ,-8.43479207,-75.15058646
2003,120601,01,SATIPO,De 20001 - 40000 Hab,Distrital, , , , , , , , , , , , , , , , , , , , , , , , , , , , ,4,12,6,1,Si,No,12,6,2,Si,No,12,6,7,Si,No,12,6,5,Si,No, , , , , , , , , , , , , , , , , , , , , , , , , , , , , , ,80,2,0,0,0,71,7,0,0,7,0,0,0,0,5,2,0,0,20,0,0,0,0,20,0,0,0,14,0,0,0,0,13,1,0,0,13,1,0,0,0,11,1,0,0,6,0,0,0,0,5,1,0,0,0,0,0,0,0,0,0,0,0,3,0,0,0,0,1,2,0,0,10,0,0,0,0,10,0,0,0,1,1,0,0,0,0,0,0,0,6,MINISTERIO PUBLICO,0,0,0,0,6,0,0,0,No, ,No, ,Si,1,No, ,No, ,Si,1,Si,2,Si,5,Si,2,Si,6,Si,7,Si,19,Si,19,Si,18,80,0,Sí,10,Sí,2,10,10, , , , , , , , , , , , , , , , , , , , , , , , , , , , , , , , , , , , , , ,Ninguna, , , , , , , , , , , , , , , , , , ,-11.2559095,-74.63845519
2004,151001,01,YAUYOS,De 5000 - 10000 Hab,Distrital, , , , , , , , , , , , , , , , , , , , , , , , , , , , ,9,15,10,1,Si,No,15,10,16,Si,No,15,10,18,Si,No,15,10,7,Si,No,15,10,2,Si,No,15,10,30,Si,No,15,10,21,Si,No,15,10,33,Si,No,15,10,14,Si,No, , , , , ,15,1,0,0,0,14,0,0,0,1,0,0,0,0,1,0,0,0,4,0,0,0,0,4,0,0,0,0,0,0,0,0,0,0,0,0,1,0,0,0,0,1,0,0,0,1,0,0,0,0,1,0,0,0,2,0,0,0,0,2,0,0,0,1,0,0,0,0,1,0,0,0,4,0,0,0,0,4,0,0,0,1,1,0,0,0,0,0,0,0,0, ,0,0,0,0,0,0,0,0,No, ,No, ,Si,1,No, ,No, ,No, ,No, ,Si,2,Si,2,Si,1,Si,1,Si,1,Si,6,Si,1,15,2,Sí,10,No, , , , , , , , , , , , , , , , , , , , , , , , , , , , , , , , , , , , , , , , , , , , , , , , , , , , , , , , , , , , ,-12.45941379,-75.91894161
2005,150128,28,RIMAC,De 40001 - 80000 Hab,Distrital, , , , , , , , , , , , , , , , , , , , , , , , , , , , ,1,15,1,28,No,Si, , , , , , , , , , , , , , , , , , , , , , , , , , , , , , , , , , , , , , , , , , , , , ,75,5,0,0,0,60,8,1,1,6,2,0,0,0,4,0,0,0,30,0,0,0,0,29,0,1,0,6,0,0,0,0,6,0,0,0,11,1,0,0,0,7,3,0,0,2,0,0,0,0,2,0,0,0,6,0,0,0,0,1,4,0,1,3,0,0,0,0,2,1,0,0,10,1,0,0,0,9,0,0,0,1,1,0,0,0,0,0,0,0,0, ,0,0,0,0,0,0,0,0,No, ,No, ,Si,1,Si,1,No, ,Si,3,Si,6,Si,8,Si,12,Si,7,Si,3,Si,5,Si,10,Si,19,75,5,Sí,5,Sí,1,8, , , , , , , , , , , , , , , , , , , , , , , , , , , , , , , , , , , , , , , ,Ninguna, , , , , , , , , , , , , , , , , , ,-12.02829817,-77.03012257
3000,061102,02,BOLIVAR,Menos de 5000 Hab,Distrital, , , , , , , , , , , , , , , , , , , , , , , , , , , , ,1,6,11,2,Si,No, , , , , , , , , , , , , , , , , , , , , , , , , , , , , , , , , , , , , , , , , , , , , ,7,0,0,0,0,7,0,0,0,1,0,0,0,0,1,0,0,0,0,0,0,0,0,0,0,0,0,1,0,0,0,0,1,0,0,0,0,0,0,0,0,0,0,0,0,0,0,0,0,0,0,0,0,0,0,0,0,0,0,0,0,0,0,1,0,0,0,0,1,0,0,0,1,0,0,0,0,1,0,0,0,1,0,0,0,0,1,0,0,0,2,INVESTIGACION DE DELITOS Y FALTAS Y ACCIDENTES DE TRANSITO,0,0,0,0,2,0,0,0,No, ,No, ,No, ,No, ,No, ,No, ,No, ,Si,2,Si,4,No, ,No, ,No, ,Si,1,No, ,7,0,No, ,Sí,2,3,3, , , , , , , , , , , , , , , , , , , , , , , , , , , , , , , , , , , , , , ,Almenos una,2,No,No,No,No,No,No,No,No,No,No,No,Si,No,No,No,No, ,-6.97623962,-79.17816907
3001,150114,14,LA MOLINA,De 10001 - 20000 Hab,Distrital, , , , , , , , , , , , , , , , , , , , , , , , , , , , ,1,15,1,14,No,Si, , , , , , , , , , , , , , , , , , , , , , , , , , , , , , , , , , , , , , , , , , , , , ,51,3,3,0,0,35,8,2,0,5,0,0,0,0,2,2,1,0,20,0,0,0,0,19,0,1,0,0,0,0,0,0,0,0,0,0,5,0,0,0,0,3,2,0,0,3,0,0,0,0,3,0,0,0,3,0,0,0,0,1,2,0,0,2,0,0,0,0,0,2,0,0,6,0,0,0,0,6,0,0,0,6,3,3,0,0,0,0,0,0,1,LABORES DE CAPACITACION,0,0,0,0,1,0,0,0,No, ,No, ,Si,1,No, ,Si,2,Si,3,Si,6,Si,5,Si,4,Si,3,Si,1,Si,4,Si,5,Si,17,51,5,No, ,Sí,4,3,3,3,3, , , , , , , , , , , , , , , , , , , , , , , , , , , , , , , , , , , , ,Ninguna, , , , , , , , , , , , , , , , , , ,-12.11458673,-76.93704836
3002,150140,40,SANTIAGO DE SURCO,De 80001 a más Hab,Distrital, , , , , , , , , , , , , , , , , , , , , , , , , , , , ,2,15,1,40,No,Si,15,1,33,No,Si, , , , , , , , , , , , , , , , , , , , , , , , , , , , , , , , , , , , , , , , ,92,5,1,0,0,75,8,3,0,9,0,0,0,0,4,4,1,0,50,0,0,0,0,46,3,1,0,0,0,0,0,0,0,0,0,0,6,0,0,0,0,6,0,0,0,3,0,0,0,0,3,0,0,0,5,0,0,0,0,4,1,0,0,2,0,0,0,0,1,0,1,0,11,0,0,0,0,11,0,0,0,6,5,1,0,0,0,0,0,0,0, ,0,0,0,0,0,0,0,0,No, ,Si,1,Si,1,Si,1,No, ,Si,3,Si,12,Si,19,Si,5,Si,8,Si,4,Si,6,Si,5,Si,27,92,5,No, ,No, , , , , , , , , , , , , , , , , , , , , , , , , , , , , , , , , , , , , , , , , , , , , , , , , , , , , , , , , , , , ,-12.16500053,-76.99694235
3003,021801,01,CHIMBOTE,De 40001 - 80000 Hab,Distrital, , , , , , , , , , , , , , , , , , , , , , , , , , , , ,1,2,18,1,No,Si, , , , , , , , , , , , , , , , , , , , , , , , , , , , , , , , , , , , , , , , , , , , , ,99,2,0,0,0,83,14,0,0,3,0,0,0,0,1,2,0,0,42,1,0,0,0,41,0,0,0,31,0,0,0,0,26,5,0,0,3,0,0,0,0,3,0,0,0,2,0,0,0,0,2,0,0,0,4,0,0,0,0,0,4,0,0,2,0,0,0,0,1,1,0,0,9,0,0,0,0,7,2,0,0,3,1,0,0,0,2,0,0,0,0, ,0,0,0,0,0,0,0,0,No, ,No, ,No, ,Si,1,No, ,Si,1,Si,3,Si,4,Si,2,Si,2,No, ,Si,1,Si,5,Si,80,99,0,Sí,20,Sí,4,10,10,10,10, , , , , , , , , , , , , , , , , , , , , , , , , , , , , , , , , , , , ,Almenos una,2,No,Si,Si,Si,No,No,No,No,Si,Si,Si,Si,No,Si,Si,No, ,-9.04911154,-78.58684341
3004,050612,12,OCAÑA,Menos de 5000 Hab,Distrital, , , , , , , , , , , , , , , , , , , , , , , , , , , , ,1,5,6,12,No,Si, , , , , , , , , , , , , , , , , , , , , , , , , , , , , , , , , , , , , , , , , , , , , ,11,0,0,0,0,11,0,0,0,2,0,0,0,0,2,0,0,0,0,0,0,0,0,0,0,0,0,2,0,0,0,0,2,0,0,0,1,0,0,0,0,1,0,0,0,1,0,0,0,0,1,0,0,0,1,0,0,0,0,1,0,0,0,1,0,0,0,0,1,0,0,0,2,0,0,0,0,2,0,0,0,1,0,0,0,0,1,0,0,0,0, ,0,0,0,0,0,0,0,0,No, ,No, ,No, ,No, ,No, ,No, ,Si,2,Si,2,Si,4,No, ,No, ,No, ,Si,1,Si,2,11,0,No, ,No, , , , , , , , , , , , , , , , , , , , , , , , , , , , , , , , , , , , , , , , , , , , , , , , , , , , , , , , , , , , ,-14.39856565,-74.82408467
3005,030109,09,TAMBURCO,De 5000 - 10000 Hab,Distrital, , , , , , , , , , , , , , , , , , , , , , , , , , , , ,2,3,1,9,No,Si,3,1,9,Si,No, , , , , , , , , , , , , , , , , , , , , , , , , , , , , , , , , , , , , , , , ,33,1,0,0,0,26,6,0,0,2,0,0,0,0,1,1,0,0,8,0,0,0,0,8,0,0,0,6,0,0,0,0,6,0,0,0,4,0,0,0,0,4,0,0,0,3,0,0,0,0,3,0,0,0,3,0,0,0,0,1,2,0,0,3,0,0,0,0,0,3,0,0,3,0,0,0,0,3,0,0,0,1,1,0,0,0,0,0,0,0,0, ,0,0,0,0,0,0,0,0,No, ,No, ,No, ,No, ,Si,1,No, ,Si,1,Si,2,Si,1,Si,2,No, ,Si,1,Si,5,Si,20,33,0,No, ,Sí,1,33, , , , , , , , , , , , , , , , , , , , , , , , , , , , , , , , , , , , , , , ,Almenos una,1,No,No,No,No,No,No,No,No,Si,No,No,No,No,No,No,Si,BOTIQUIN DE PRIMEROS AUXILIOS,-13.62243134,-72.8736407
3006,060303,03,CORTEGANA,De 5000 - 10000 Hab,Distrital, , , , , , , , , , , , , , , , , , , , , , , , , , , , ,1,6,3,3,Si,No, , , , , , , , , , , , , , , , , , , , , , , , , , , , , , , , , , , , , , , , , , , , , ,8,0,0,0,0,8,0,0,0,1,0,0,0,0,1,0,0,0,0,0,0,0,0,0,0,0,0,1,0,0,0,0,1,0,0,0,1,0,0,0,0,1,0,0,0,1,0,0,0,0,1,0,0,0,1,0,0,0,0,1,0,0,0,1,0,0,0,0,1,0,0,0,1,0,0,0,0,1,0,0,0,1,0,0,0,0,1,0,0,0,0, ,0,0,0,0,0,0,0,0,No, ,No, ,No, ,No, ,No, ,No, ,Si,1,No, ,Si,1,No, ,Si,6,No, ,No, ,No, ,8,0,No, ,No, , , , , , , , , , , , , , , , , , , , , , , , , , , , , , , , , , , , , , , , , , , , , , , , , , , , , , , , , , , , ,-6.51301098,-78.32930925
3007,130604,04,CHARAT,De 5000 - 10000 Hab,Distrital, , , , , , , , , , , , , , , , , , , , , , , , , , , , ,1,13,6,4,No,Si, , , , , , , , , , , , , , , , , , , , , , , , , , , , , , , , , , , , , , , , , , , , , ,9,0,0,0,0,9,0,0,0,1,0,0,0,0,1,0,0,0,2,0,0,0,0,2,0,0,0,0,0,0,0,0,0,0,0,0,2,0,0,0,0,2,0,0,0,0,0,0,0,0,0,0,0,0,1,0,0,0,0,1,0,0,0,1,0,0,0,0,1,0,0,0,1,0,0,0,0,1,0,0,0,1,0,0,0,0,1,0,0,0,0, ,0,0,0,0,0,0,0,0,No, ,No, ,No, ,No, ,No, ,No, ,Si,2,No, ,Si,1,No, ,No, ,Si,2,Si,1,Si,3,9,0,No, ,Sí,2,5,4, , , , , , , , , , , , , , , , , , , , , , , , , , , , , , , , , , , , , , ,Almenos una,2,Si,No,No,Si,No,No,No,Si,No,Si,No,Si,No,Si,Si,Si,RODILLERAS,-7.76637241,-78.4785868
3008,220803,03,ELIAS SOPLIN VARGAS,De 10001 - 20000 Hab,Distrital, , , , , , , , , , , , , , , , , , , , , , , , , , , , ,1,22,8,3,Si,No, , , , , , , , , , , , , , , , , , , , , , , , , , , , , , , , , , , , , , , , , , , , , ,14,0,0,0,0,13,1,0,0,2,0,0,0,0,1,1,0,0,4,0,0,0,0,4,0,0,0,0,0,0,0,0,0,0,0,0,2,0,0,0,0,2,0,0,0,1,0,0,0,0,1,0,0,0,1,0,0,0,0,1,0,0,0,1,0,0,0,0,1,0,0,0,2,0,0,0,0,2,0,0,0,1,0,0,0,0,1,0,0,0,0, ,0,0,0,0,0,0,0,0,No, ,No, ,No, ,No, ,No, ,No, ,Si,1,No, ,No, ,No, ,No, ,Si,1,Si,1,Si,11,14,0,No, ,No, , , , , , , , , , , , , , , , , , , , , , , , , , , , , , , , , , , , , , , , , , , , , , , , , , , , , , , , , , , , ,-5.98817051,-77.27755021
3010,040109,09,MARIANO MELGAR,De 20001 - 40000 Hab,Distrital, , , , , , , , , , , , , , , , , , , , , , , , , , , , ,1,4,1,9,No,Si, , , , , , , , , , , , , , , , , , , , , , , , , , , , , , , , , , , , , , , , , , , , , ,32,1,0,0,0,20,10,1,0,5,0,0,0,0,3,2,0,0,9,0,0,0,0,9,0,0,0,0,0,0,0,0,0,0,0,0,4,0,0,0,0,4,0,0,0,0,0,0,0,0,0,0,0,0,3,0,0,0,0,0,3,0,0,2,0,0,0,0,0,1,1,0,8,0,0,0,0,4,4,0,0,1,1,0,0,0,0,0,0,0,0, ,0,0,0,0,0,0,0,0,No, ,No, ,No, ,No, ,Si,1,No, ,Si,7,Si,4,Si,2,No, ,Si,4,Si,2,Si,4,Si,8,32,0,No, ,Sí,2,6,8, , , , , , , , , , , , , , , , , , , , , , , , , , , , , , , , , , , , , , ,Ninguna, , , , , , , , , , , , , , , , , , ,-16.40098415,-71.49091877
3011,040110,10,MIRAFLORES,Menos de 5000 Hab,Regional, ,1,4, , , , , , , , , , , , , , , , , , , , , , , , , , , , , , , , , , , , , , , , , , , , , , , , , , , , , , , , , , , , , , , , , , , , , , , , , , , , ,28,0,1,0,0,6,21,0,0,5,0,0,0,0,0,5,0,0,5,0,0,0,0,5,0,0,0,0,0,0,0,0,0,0,0,0,1,0,0,0,0,1,0,0,0,0,0,0,0,0,0,0,0,0,14,0,0,0,0,0,14,0,0,0,0,0,0,0,0,0,0,0,2,0,0,0,0,0,2,0,0,1,0,1,0,0,0,0,0,0,0, ,0,0,0,0,0,0,0,0,No, ,No, ,No, ,Si,1,No, ,No, ,No, ,No, ,Si,2,Si,2,Si,1,Si,3,Si,6,Si,13,28,0,No, ,No, , , , , , , , , , , , , , , , , , , , , , , , , , , , , , , , , , , , , , , , , , , , , , , , , , , , , , , , , , , , ,-16.39870917,-71.51705068
3012,080705,05,LIVITACA,Menos de 5000 Hab,Distrital, , , , , , , , , , , , , , , , , , , , , , , , , , , , ,1,8,7,5,Si,No, , , , , , , , , , , , , , , , , , , , , , , , , , , , , , , , , , , , , , , , , , , , , ,13,0,0,0,0,13,0,0,0,1,0,0,0,0,1,0,0,0,2,0,0,0,0,2,0,0,0,2,0,0,0,0,2,0,0,0,2,0,0,0,0,2,0,0,0,1,0,0,0,0,1,0,0,0,2,0,0,0,0,2,0,0,0,1,0,0,0,0,1,0,0,0,1,0,0,0,0,1,0,0,0,1,0,0,0,0,1,0,0,0,0, ,0,0,0,0,0,0,0,0,No, ,No, ,No, ,No, ,No, ,No, ,No, ,Si,1,No, ,No, ,No, ,Si,1,Si,2,Si,9,13,0,No, ,Sí,1,9, , , , , , , , , , , , , , , , , , , , , , , , , , , , , , , , , , , , , , , ,Ninguna, , , , , , , , , , , , , , , , , , ,-14.31374745,-71.68900208
3013,080901,01,SANTA ANA,De 10001 - 20000 Hab,Provincial, , , , , , , ,1,8,9, , , , , , , , , , , , , , , , , , , , , , , , , , , , , , , , , , , , , , , , , , , , , , , , , , , , , , , , , , , , , , , , , , , , , ,16,0,0,0,0,4,12,0,0,2,0,0,0,0,1,1,0,0,2,0,0,0,0,2,0,0,0,0,0,0,0,0,0,0,0,0,0,0,0,0,0,0,0,0,0,0,0,0,0,0,0,0,0,0,11,0,0,0,0,0,11,0,0,0,0,0,0,0,0,0,0,0,0,0,0,0,0,0,0,0,0,1,0,0,0,0,1,0,0,0,0, ,0,0,0,0,0,0,0,0,No, ,No, ,No, ,No, ,No, ,No, ,Si,1,No, ,Si,1,Si,1,Si,2,No, ,Si,4,Si,7,16,0,No, ,Sí,1,8, , , , , , , , , , , , , , , , , , , , , , , , , , , , , , , , , , , , , , , ,Ninguna, , , , , , , , , , , , , , , , , , ,-12.85724891,-72.69680108
3014,010205,05,IMAZA,Menos de 5000 Hab,Distrital, , , , , , , , , , , , , , , , , , , , , , , , , , , , ,1,1,2,5,Si,No, , , , , , , , , , , , , , , , , , , , , , , , , , , , , , , , , , , , , , , , , , , , , ,5,0,0,0,0,5,0,0,0,1,0,0,0,0,1,0,0,0,0,0,0,0,0,0,0,0,0,1,0,0,0,0,1,0,0,0,0,0,0,0,0,0,0,0,0,0,0,0,0,0,0,0,0,0,0,0,0,0,0,0,0,0,0,1,0,0,0,0,1,0,0,0,1,0,0,0,0,1,0,0,0,1,0,0,0,0,1,0,0,0,0, ,0,0,0,0,0,0,0,0,No, ,No, ,No, ,No, ,No, ,No, ,No, ,No, ,Si,1,No, ,No, ,No, ,Si,4,No, ,5,0,No, ,No, , , , , , , , , , , , , , , , , , , , , , , , , , , , , , , , , , , , , , , , , , , , , , , , , , , , , , , , , , , , ,-5.05857886,-78.33201262
3015,010202,02,ARAMANGO,De 5000 - 10000 Hab,Distrital, , , , , , , , , , , , , , , , , , , , , , , , , , , , ,1,1,2,2,No,Si, , , , , , , , , , , , , , , , , , , , , , , , , , , , , , , , , , , , , , , , , , , , , ,5,0,0,0,0,5,0,0,0,0,0,0,0,0,0,0,0,0,1,0,0,0,0,1,0,0,0,1,0,0,0,0,1,0,0,0,0,0,0,0,0,0,0,0,0,0,0,0,0,0,0,0,0,0,0,0,0,0,0,0,0,0,0,1,0,0,0,0,1,0,0,0,1,0,0,0,0,1,0,0,0,1,0,0,0,0,1,0,0,0,0, ,0,0,0,0,0,0,0,0,No, ,No, ,No, ,No, ,No, ,No, ,Si,1,No, ,Si,2,No, ,No, ,No, ,Si,1,Si,1,5,0,No, ,No, , , , , , , , , , , , , , , , , , , , , , , , , , , , , , , , , , , , , , , , , , , , , , , , , , , , , , , , , , , , ,-5.41552786,-78.43845434
3017,150802,02,AMBAR,Menos de 5000 Hab,Distrital, , , , , , , , , , , , , , , , , , , , , , , , , , , , ,1,15,8,2,Si,No, , , , , , , , , , , , , , , , , , , , , , , , , , , , , , , , , , , , , , , , , , , , , ,9,0,0,0,0,9,0,0,0,0,0,0,0,0,0,0,0,0,3,0,0,0,0,3,0,0,0,1,0,0,0,0,1,0,0,0,0,0,0,0,0,0,0,0,0,1,0,0,0,0,1,0,0,0,1,0,0,0,0,1,0,0,0,1,0,0,0,0,1,0,0,0,1,0,0,0,0,1,0,0,0,1,0,0,0,0,1,0,0,0,0, ,0,0,0,0,0,0,0,0,No, ,No, ,No, ,No, ,No, ,No, ,Si,2,Si,1,Si,3,No, ,No, ,No, ,Si,1,Si,2,9,2,No, ,Sí,3,5,10,15, , , , , , , , , , , , , , , , , , , , , , , , , , , , , , , , , , , , , ,Ninguna, , , , , , , , , , , , , , , , , , ,-10.75673483,-77.27217148
3018,150811,11,SAYAN,Menos de 5000 Hab,Distrital, , , , , , , , , , , , , , , , , , , , , , , , , , , , ,1,15,8,11,No,Si, , , , , , , , , , , , , , , , , , , , , , , , , , , , , , , , , , , , , , , , , , , , , ,15,1,0,0,0,14,0,0,0,0,0,0,0,0,0,0,0,0,8,0,0,0,0,8,0,0,0,1,0,0,0,0,1,0,0,0,1,0,0,0,0,1,0,0,0,1,0,0,0,0,1,0,0,0,0,0,0,0,0,0,0,0,0,1,0,0,0,0,1,0,0,0,2,0,0,0,0,2,0,0,0,1,1,0,0,0,0,0,0,0,0, ,0,0,0,0,0,0,0,0,No, ,No, ,No, ,Si,1,No, ,No, ,Si,2,Si,2,Si,2,Si,1,Si,1,Si,1,Si,5,No, ,15,2,No, ,Sí,2,3,4, , , , , , , , , , , , , , , , , , , , , , , , , , , , , , , , , , , , , , ,Ninguna, , , , , , , , , , , , , , , , , , ,-11.235912,-77.381072
3019,160101,01,IQUITOS,De 20001 - 40000 Hab,Regional, ,1,16, , , , , , , , , , , , , , , , , , , , , , , , , , , , , , , , , , , , , , , , , , , , , , , , , , , , , , , , , , , , , , , , , , , , , , , , , , , , ,42,1,0,0,0,20,21,0,0,7,0,0,0,0,1,6,0,0,1,0,0,0,0,1,0,0,0,7,0,0,0,0,1,6,0,0,0,0,0,0,0,0,0,0,0,0,0,0,0,0,0,0,0,0,11,0,0,0,0,6,5,0,0,0,0,0,0,0,0,0,0,0,14,0,0,0,0,10,4,0,0,2,1,0,0,0,1,0,0,0,0, ,0,0,0,0,0,0,0,0,No, ,No, ,No, ,Si,1,No, ,No, ,No, ,Si,1,Si,1,No, ,Si,1,Si,4,Si,8,Si,26,42,0,No, ,No, , , , , , , , , , , , , , , , , , , , , , , , , , , , , , , , , , , , , , , , , , , , , , , , , , , , , , , , , , , , ,-3.745683,-73.264788
5000,100602,02,DANIEL ALOMIA ROBLES,De 10001 - 20000 Hab,Distrital, , , , , , , , , , , , , , , , , , , , , , , , , , , , ,2,10,6,2,Si,No,10,6,3,No,Si, , , , , , , , , , , , , , , , , , , , , , , , , , , , , , , , , , , , , , , , ,17,1,0,0,0,16,0,0,0,2,0,0,0,0,2,0,0,0,4,0,0,0,0,4,0,0,0,0,0,0,0,0,0,0,0,0,2,0,0,0,0,2,0,0,0,2,0,0,0,0,2,0,0,0,2,0,0,0,0,2,0,0,0,2,0,0,0,0,2,0,0,0,2,0,0,0,0,2,0,0,0,1,1,0,0,0,0,0,0,0,0, ,0,0,0,0,0,0,0,0,No, ,No, ,No, ,Si,1,No, ,No, ,Si,3,No, ,Si,1,Si,1,Si,2,Si,2,Si,2,Si,5,17,0,Sí,1,No, , , , , , , , , , , , , , , , , , , , , , , , , , , , , , , , , , , , , , , , , , , , , , , , , , , , , , , , , , , , ,-9.18825373,-75.9543898
5001,221002,02,NUEVO PROGRESO,De 10001 - 20000 Hab,Distrital, , , , , , , , , , , , , , , , , , , , , , , , , , , , ,1,22,10,2,Si,No, , , , , , , , , , , , , , , , , , , , , , , , , , , , , , , , , , , , , , , , , , , , , ,25,0,0,0,0,24,1,0,0,1,0,0,0,0,0,1,0,0,4,0,0,0,0,4,0,0,0,0,0,0,0,0,0,0,0,0,2,0,0,0,0,2,0,0,0,2,0,0,0,0,2,0,0,0,2,0,0,0,0,2,0,0,0,2,0,0,0,0,2,0,0,0,11,0,0,0,0,11,0,0,0,1,0,0,0,0,1,0,0,0,0, ,0,0,0,0,0,0,0,0,No, ,No, ,No, ,No, ,No, ,No, ,No, ,Si,1,No, ,Si,1,Si,1,No, ,Si,3,Si,19,25,0,Sí,4,No, , , , , , , , , , , , , , , , , , , , , , , , , , , , , , , , , , , , , , , , , , , , , , , , , , , , , , , , , , , , ,-8.748712,-76.223505
5002,060601,01,CUTERVO,De 5000 - 10000 Hab,Otros,CENTRO POBLADO, , , , , , , , , , , , , , , , , , , , , , , , , , , , , , , , , , , , , , , , , , , , , , , , , , , , , , , , , , , , , , , , , , , , , , , , , , , , , , ,7,0,0,0,0,7,0,0,0,1,0,0,0,0,1,0,0,0,0,0,0,0,0,0,0,0,0,2,0,0,0,0,2,0,0,0,0,0,0,0,0,0,0,0,0,0,0,0,0,0,0,0,0,0,0,0,0,0,0,0,0,0,0,1,0,0,0,0,1,0,0,0,2,0,0,0,0,2,0,0,0,1,0,0,0,0,1,0,0,0,0, ,0,0,0,0,0,0,0,0,No, ,No, ,No, ,No, ,No, ,No, ,No, ,Si,1,No, ,No, ,No, ,No, ,Si,3,Si,3,7,0,No, ,No, , , , , , , , , , , , , , , , , , , , , , , , , , , , , , , , , , , , , , , , , , , , , , , , , , , , , , , , , , , , ,-6.31879,-78.90573
5003,060601,01,CUTERVO,De 5000 - 10000 Hab,Otros,CENTRO POBLADO, , , , , , , , , , , , , , , , , , , , , , , , , , , , , , , , , , , , , , , , , , , , , , , , , , , , , , , , , , , , , , , , , , , , , , , , , , , , , , ,7,0,0,0,0,7,0,0,0,1,0,0,0,0,1,0,0,0,0,0,0,0,0,0,0,0,0,2,0,0,0,0,2,0,0,0,1,0,0,0,0,1,0,0,0,0,0,0,0,0,0,0,0,0,0,0,0,0,0,0,0,0,0,1,0,0,0,0,1,0,0,0,1,0,0,0,0,1,0,0,0,1,0,0,0,0,1,0,0,0,0, ,0,0,0,0,0,0,0,0,No, ,No, ,No, ,No, ,No, ,No, ,No, ,No, ,Si,1,No, ,No, ,No, ,Si,2,Si,4,7,0,No, ,No, , , , , , , , , , , , , , , , , , , , , , , , , , , , , , , , , , , , , , , , , , , , , , , , , , , , , , , , , , , , ,-6.280395,-78.959053
5005,050206,06,TOTOS,Menos de 5000 Hab,Distrital, , , , , , , , , , , , , , , , , , , , , , , , , , , , ,1,5,2,6,Si,No, , , , , , , , , , , , , , , , , , , , , , , , , , , , , , , , , , , , , , , , , , , , , ,9,0,0,0,0,9,0,0,0,1,0,0,0,0,1,0,0,0,2,0,0,0,0,2,0,0,0,0,0,0,0,0,0,0,0,0,1,0,0,0,0,1,0,0,0,1,0,0,0,0,1,0,0,0,1,0,0,0,0,1,0,0,0,1,0,0,0,0,1,0,0,0,1,0,0,0,0,1,0,0,0,1,0,0,0,0,1,0,0,0,0, ,0,0,0,0,0,0,0,0,No, ,No, ,No, ,No, ,No, ,No, ,Si,1,No, ,No, ,No, ,No, ,No, ,Si,5,Si,3,9,0,No, ,No, , , , , , , , , , , , , , , , , , , , , , , , , , , , , , , , , , , , , , , , , , , , , , , , , , , , , , , , , , , , ,-13.5677258,-74.52272099
5006,050505,05,CHUNGUI,De 20001 - 40000 Hab,Distrital, , , , , , , , , , , , , , , , , , , , , , , , , , , , ,4,5,5,5,Si,No,5,5,2,Si,No,5,5,10,Si,No,5,5,11,Si,No, , , , , , , , , , , , , , , , , , , , , , , , , , , , , , ,18,1,0,0,0,17,0,0,0,3,0,0,0,0,3,0,0,0,4,0,0,0,0,4,0,0,0,2,0,0,0,0,2,0,0,0,1,0,0,0,0,1,0,0,0,1,0,0,0,0,1,0,0,0,1,0,0,0,0,1,0,0,0,1,0,0,0,0,1,0,0,0,4,0,0,0,0,4,0,0,0,1,1,0,0,0,0,0,0,0,0, ,0,0,0,0,0,0,0,0,No, ,No, ,Si,1,No, ,No, ,No, ,Si,1,Si,1,No, ,Si,1,No, ,Si,2,Si,10,Si,2,18,0,No, ,Sí,1,10, , , , , , , , , , , , , , , , , , , , , , , , , , , , , , , , , , , , , , , ,Ninguna, , , , , , , , , , , , , , , , , , ,-13.22167416,-73.62179779
5007,090717,17,SURCUBAMBA,Menos de 5000 Hab,Distrital, , , , , , , , , , , , , , , , , , , , , , , , , , , , ,3,9,7,15,Si,No,9,7,16,Si,No,9,7,17,Si,No, , , , , , , , , , , , , , , , , , , , , , , , , , , , , , , , , , , ,28,1,0,0,0,27,0,0,0,1,0,0,0,0,1,0,0,0,2,0,0,0,0,2,0,0,0,2,0,0,0,0,2,0,0,0,6,0,0,0,0,6,0,0,0,6,0,0,0,0,6,0,0,0,5,0,0,0,0,5,0,0,0,4,0,0,0,0,4,0,0,0,1,0,0,0,0,1,0,0,0,1,1,0,0,0,0,0,0,0,0, ,0,0,0,0,0,0,0,0,No, ,No, ,No, ,Si,1,No, ,No, ,Si,1,No, ,No, ,Si,4,Si,3,Si,8,Si,5,Si,6,28,0,No, ,No, , , , , , , , , , , , , , , , , , , , , , , , , , , , , , , , , , , , , , , , , , , , , , , , , , , , , , , , , , , , ,-12.11707404,-74.63073259
5008,250304,04,NESHUYA,De 5000 - 10000 Hab,Provincial, , , , , , , ,1,25,3, , , , , , , , , , , , , , , , , , , , , , , , , , , , , , , , , , , , , , , , , , , , , , , , , , , , , , , , , , , , , , , , , , , , , ,25,1,0,0,0,23,1,0,0,2,0,0,0,0,1,1,0,0,8,0,0,0,0,8,0,0,0,1,0,0,0,0,1,0,0,0,2,0,0,0,0,2,0,0,0,2,0,0,0,0,2,0,0,0,2,0,0,0,0,2,0,0,0,2,0,0,0,0,2,0,0,0,5,0,0,0,0,5,0,0,0,1,1,0,0,0,0,0,0,0,0, ,0,0,0,0,0,0,0,0,No, ,No, ,Si,1,No, ,No, ,No, ,Si,1,Si,1,No, ,Si,2,Si,3,No, ,Si,3,Si,14,25,0,No, ,No, , , , , , , , , , , , , , , , , , , , , , , , , , , , , , , , , , , , , , , , , , , , , , , , , , , , , , , , , , , , ,-8.64206622,-74.96161491
5009,200407,07,SAN JUAN DE BIGOTE,De 10001 - 20000 Hab,Distrital, , , , , , , , , , , , , , , , , , , , , , , , , , , , ,1,20,4,7,Si,No, , , , , , , , , , , , , , , , , , , , , , , , , , , , , , , , , , , , , , , , , , , , , ,9,0,0,0,0,9,0,0,0,1,0,0,0,0,1,0,0,0,1,0,0,0,0,1,0,0,0,1,0,0,0,0,1,0,0,0,1,0,0,0,0,1,0,0,0,1,0,0,0,0,1,0,0,0,1,0,0,0,0,1,0,0,0,1,0,0,0,0,1,0,0,0,1,0,0,0,0,1,0,0,0,1,0,0,0,0,1,0,0,0,0, ,0,0,0,0,0,0,0,0,No, ,No, ,No, ,No, ,No, ,No, ,Si,1,Si,1,Si,1,No, ,No, ,No, ,No, ,Si,6,9,0,No, ,Sí,1,2, , , , , , , , , , , , , , , , , , , , , , , , , , , , , , , , , , , , , , , ,Almenos una,1,No,Si,No,No,No,No,No,No,No,Si,Si,No,No,No,Si,No, ,-5.31886859,-79.78670003
5010,150105,05,BREÑA,De 80001 a más Hab,Distrital, , , , , , , , , , , , , , , , , , , , , , , , , , , , ,2,15,1,5,No,Si,15,1,1,No,Si, , , , , , , , , , , , , , , , , , , , , , , , , , , , , , , , , , , , , , , , ,105,4,1,0,0,89,9,2,0,3,0,0,0,0,2,1,0,0,65,0,0,0,0,60,3,2,0,8,0,0,0,0,5,3,0,0,9,0,0,0,0,8,1,0,0,3,0,0,0,0,3,0,0,0,2,0,0,0,0,1,1,0,0,2,0,0,0,0,2,0,0,0,8,0,0,0,0,8,0,0,0,5,4,1,0,0,0,0,0,0,0, ,0,0,0,0,0,0,0,0,No, ,Si,1,No, ,Si,1,No, ,Si,3,Si,10,Si,10,Si,12,Si,6,Si,8,Si,4,Si,12,Si,38,105,7,No, ,Sí,5,10,8,12,8,20, , , , , , , , , , , , , , , , , , , , , , , , , , , , , , , , , , , ,Almenos una,4,Si,No,No,No,No,No,No,No,No,No,No,No,No,No,No,No, ,-12.05419228,-77.05107781
5011,051012,12,VILCANCHOS,Menos de 5000 Hab,Distrital, , , , , , , , , , , , , , , , , , , , , , , , , , , , ,1,5,10,12,Si,No, , , , , , , , , , , , , , , , , , , , , , , , , , , , , , , , , , , , , , , , , , , , , ,9,0,0,0,0,9,0,0,0,1,0,0,0,0,1,0,0,0,2,0,0,0,0,2,0,0,0,0,0,0,0,0,0,0,0,0,1,0,0,0,0,1,0,0,0,1,0,0,0,0,1,0,0,0,1,0,0,0,0,1,0,0,0,1,0,0,0,0,1,0,0,0,1,0,0,0,0,1,0,0,0,1,0,0,0,0,1,0,0,0,0, ,0,0,0,0,0,0,0,0,No, ,No, ,No, ,No, ,No, ,No, ,No, ,Si,1,No, ,Si,1,No, ,No, ,Si,1,Si,6,9,0,No, ,No, , , , , , , , , , , , , , , , , , , , , , , , , , , , , , , , , , , , , , , , , , , , , , , , , , , , , , , , , , , , ,-13.6104668,-74.5330625
5012,100507,07,MONZON,De 5000 - 10000 Hab,Otros,CENTRO POBLADO, , , , , , , , , , , , , , , , , , , , , , , , , , , , , , , , , , , , , , , , , , , , , , , , , , , , , , , , , , , , , , , , , , , , , , , , , , , , , , ,15,1,0,0,0,14,0,0,0,1,0,0,0,0,1,0,0,0,4,0,0,0,0,4,0,0,0,0,0,0,0,0,0,0,0,0,2,0,0,0,0,2,0,0,0,2,0,0,0,0,2,0,0,0,2,0,0,0,0,2,0,0,0,1,0,0,0,0,1,0,0,0,2,0,0,0,0,2,0,0,0,1,1,0,0,0,0,0,0,0,0, ,0,0,0,0,0,0,0,0,No, ,No, ,No, ,Si,1,No, ,No, ,No, ,No, ,No, ,Si,1,Si,1,Si,1,Si,3,Si,8,15,0,No, ,Sí,1,10, , , , , , , , , , , , , , , , , , , , , , , , , , , , , , , , , , , , , , , ,Almenos una,1,Si,Si,No,No,No,No,No,No,No,Si,Si,Si,No,Si,No,Si,MACHETE,-9.21845482,-76.21240834
5013,100507,07,MONZON,De 5000 - 10000 Hab,Distrital, , , , , , , , , , , , , , , , , , , , , , , , , , , , ,1,10,5,7,No,Si, , , , , , , , , , , , , , , , , , , , , , , , , , , , , , , , , , , , , , , , , , , , , ,15,1,0,0,0,14,0,0,0,2,0,0,0,0,2,0,0,0,4,0,0,0,0,4,0,0,0,2,0,0,0,0,2,0,0,0,2,0,0,0,0,2,0,0,0,1,0,0,0,0,1,0,0,0,1,0,0,0,0,1,0,0,0,1,0,0,0,0,1,0,0,0,1,0,0,0,0,1,0,0,0,1,1,0,0,0,0,0,0,0,0, ,0,0,0,0,0,0,0,0,No, ,No, ,No, ,No, ,No, ,Si,1,No, ,No, ,Si,2,Si,1,No, ,Si,1,Si,2,Si,8,15,0,No, ,No, , , , , , , , , , , , , , , , , , , , , , , , , , , , , , , , , , , , , , , , , , , , , , , , , , , , , , , , , , , , ,-9.27879,-76.400525
5014,100507,07,MONZON,De 5000 - 10000 Hab,Otros,CENTRO POBLADO, , , , , , , , , , , , , , , , , , , , , , , , , , , , , , , , , , , , , , , , , , , , , , , , , , , , , , , , , , , , , , , , , , , , , , , , , , , , , , ,17,1,0,0,0,16,0,0,0,2,0,0,0,0,2,0,0,0,6,0,0,0,0,6,0,0,0,0,0,0,0,0,0,0,0,0,2,0,0,0,0,2,0,0,0,2,0,0,0,0,2,0,0,0,2,0,0,0,0,2,0,0,0,1,0,0,0,0,1,0,0,0,1,0,0,0,0,1,0,0,0,1,1,0,0,0,0,0,0,0,0, ,0,0,0,0,0,0,0,0,No, ,No, ,No, ,No, ,No, ,Si,1,No, ,Si,1,Si,2,Si,2,Si,1,Si,2,Si,4,Si,4,17,0,No, ,Sí,1,8, , , , , , , , , , , , , , , , , , , , , , , , , , , , , , , , , , , , , , , ,Ninguna, , , , , , , , , , , , , , , , , , ,-9.23589585,-76.08925336
5015,100702,02,CHOLON,De 20001 - 40000 Hab,Distrital, , , , , , , , , , , , , , , , , , , , , , , , , , , , ,1,10,7,2,No,Si, , , , , , , , , , , , , , , , , , , , , , , , , , , , , , , , , , , , , , , , , , , , , ,14,0,0,0,0,14,0,0,0,1,0,0,0,0,1,0,0,0,4,0,0,0,0,4,0,0,0,2,0,0,0,0,2,0,0,0,1,0,0,0,0,1,0,0,0,1,0,0,0,0,1,0,0,0,1,0,0,0,0,1,0,0,0,1,0,0,0,0,1,0,0,0,2,0,0,0,0,2,0,0,0,1,0,0,0,0,1,0,0,0,0, ,0,0,0,0,0,0,0,0,No, ,No, ,No, ,No, ,No, ,No, ,Si,1,No, ,Si,1,Si,1,Si,2,Si,1,Si,2,Si,6,14,0,Sí,2,No, , , , , , , , , , , , , , , , , , , , , , , , , , , , , , , , , , , , , , , , , , , , , , , , , , , , , , , , , , , , ,-8.48667206,-76.38627114
5016,100705,05,SANTA ROSA DE ALTO YANAJANCA,De 20001 - 40000 Hab,Distrital, , , , , , , , , , , , , , , , , , , , , , , , , , , , ,1,10,7,2,No,Si, , , , , , , , , , , , , , , , , , , , , , , , , , , , , , , , , , , , , , , , , , , , , ,15,0,0,0,0,15,0,0,0,1,0,0,0,0,1,0,0,0,4,0,0,0,0,4,0,0,0,0,0,0,0,0,0,0,0,0,2,0,0,0,0,2,0,0,0,2,0,0,0,0,2,0,0,0,2,0,0,0,0,2,0,0,0,1,0,0,0,0,1,0,0,0,2,0,0,0,0,2,0,0,0,1,0,0,0,0,1,0,0,0,0, ,0,0,0,0,0,0,0,0,No, ,No, ,No, ,No, ,No, ,No, ,Si,1,No, ,No, ,Si,3,Si,1,No, ,Si,1,Si,9,15,0,No, ,Sí,1,7, , , , , , , , , , , , , , , , , , , , , , , , , , , , , , , , , , , , , , , ,Ninguna, , , , , , , , , , , , , , , , , , ,-8.65314354,-76.3140806
5017,100601,01,RUPA-RUPA,De 5000 - 10000 Hab,Otros,CENTRO POBLADO, , , , , , , , , , , , , , , , , , , , , , , , , , , , , , , , , , , , , , , , , , , , , , , , , , , , , , , , , , , , , , , , , , , , , , , , , , , , , , ,16,0,0,0,0,16,0,0,0,2,0,0,0,0,2,0,0,0,3,0,0,0,0,3,0,0,0,2,0,0,0,0,2,0,0,0,1,0,0,0,0,1,0,0,0,1,0,0,0,0,1,0,0,0,1,0,0,0,0,1,0,0,0,1,0,0,0,0,1,0,0,0,4,0,0,0,0,4,0,0,0,1,0,0,0,0,1,0,0,0,0, ,0,0,0,0,0,0,0,0,No, ,No, ,No, ,No, ,No, ,No, ,Si,1,Si,1,No, ,Si,1,Si,2,Si,3,Si,4,Si,4,16,0,Sí,2,No, , , , , , , , , , , , , , , , , , , , , , , , , , , , , , , , , , , , , , , , , , , , , , , , , , , , , , , , , , , , ,-9.089125,-76.09476
5019,130803,03,CHILLIA,De 5000 - 10000 Hab,Distrital, , , , , , , , , , , , , , , , , , , , , , , , , , , , ,1,13,8,3,Si,No, , , , , , , , , , , , , , , , , , , , , , , , , , , , , , , , , , , , , , , , , , , , , ,8,0,0,0,0,8,0,0,0,1,0,0,0,0,1,0,0,0,2,0,0,0,0,2,0,0,0,0,0,0,0,0,0,0,0,0,1,0,0,0,0,1,0,0,0,1,0,0,0,0,1,0,0,0,1,0,0,0,0,1,0,0,0,0,0,0,0,0,0,0,0,0,1,0,0,0,0,1,0,0,0,1,0,0,0,0,1,0,0,0,0, ,0,0,0,0,0,0,0,0,No, ,No, ,No, ,No, ,No, ,No, ,No, ,Si,1,No, ,No, ,No, ,No, ,Si,1,Si,6,8,0,No, ,No, , , , , , , , , , , , , , , , , , , , , , , , , , , , , , , , , , , , , , , , , , , , , , , , , , , , , , , , , , , , ,-8.12416228,-77.5152969
5020,130808,08,PARCOY,De 5000 - 10000 Hab,Distrital, , , , , , , , , , , , , , , , , , , , , , , , , , , , ,1,13,8,8,Si,No, , , , , , , , , , , , , , , , , , , , , , , , , , , , , , , , , , , , , , , , , , , , , ,11,1,0,0,0,10,0,0,0,2,0,0,0,0,2,0,0,0,2,0,0,0,0,2,0,0,0,2,0,0,0,0,2,0,0,0,1,0,0,0,0,1,0,0,0,1,0,0,0,0,1,0,0,0,1,0,0,0,0,1,0,0,0,0,0,0,0,0,0,0,0,0,1,0,0,0,0,1,0,0,0,1,1,0,0,0,0,0,0,0,0, ,0,0,0,0,0,0,0,0,No, ,No, ,No, ,Si,1,No, ,No, ,No, ,Si,2,No, ,No, ,No, ,Si,2,Si,1,Si,5,11,0,No, ,No, , , , , , , , , , , , , , , , , , , , , , , , , , , , , , , , , , , , , , , , , , , , , , , , , , , , , , , , , , , , ,-8.03779963,-77.45023796
5021,221003,03,POLVORA,Menos de 5000 Hab,Distrital, , , , , , , , , , , , , , , , , , , , , , , , , , , , ,1,22,10,3,No,Si, , , , , , , , , , , , , , , , , , , , , , , , , , , , , , , , , , , , , , , , , , , , , ,17,0,0,0,0,15,2,0,0,2,0,0,0,0,1,1,0,0,2,0,0,0,0,2,0,0,0,2,0,0,0,0,2,0,0,0,2,0,0,0,0,2,0,0,0,1,0,0,0,0,1,0,0,0,2,0,0,0,0,1,1,0,0,3,0,0,0,0,3,0,0,0,2,0,0,0,0,2,0,0,0,1,0,0,0,0,1,0,0,0,0, ,0,0,0,0,0,0,0,0,No, ,No, ,No, ,No, ,No, ,No, ,No, ,Si,1,No, ,No, ,No, ,No, ,Si,2,Si,14,17,0,No, ,Sí,1,2, , , , , , , , , , , , , , , , , , , , , , , , , , , , , , , , , , , , , , , ,Ninguna, , , , , , , , , , , , , , , , , , ,-8.009047,-76.650326
5022,220602,02,CAMPANILLA,De 5000 - 10000 Hab,Distrital, , , , , , , , , , , , , , , , , , , , , , , , , , , , ,1,22,6,2,Si,No, , , , , , , , , , , , , , , , , , , , , , , , , , , , , , , , , , , , , , , , , , , , , ,18,0,0,0,0,18,0,0,0,1,0,0,0,0,1,0,0,0,4,0,0,0,0,4,0,0,0,3,0,0,0,0,3,0,0,0,1,0,0,0,0,1,0,0,0,1,0,0,0,0,1,0,0,0,0,0,0,0,0,0,0,0,0,1,0,0,0,0,1,0,0,0,4,0,0,0,0,4,0,0,0,3,0,0,0,0,3,0,0,0,0, ,0,0,0,0,0,0,0,0,No, ,No, ,No, ,No, ,No, ,No, ,Si,1,No, ,No, ,Si,2,Si,1,No, ,No, ,Si,14,18,0,Sí,5,Sí,1,18, , , , , , , , , , , , , , , , , , , , , , , , , , , , , , , , , , , , , , , ,Ninguna, , , , , , , , , , , , , , , , , , ,-7.48389471,-76.64948701
5023,221003,03,POLVORA,Menos de 5000 Hab,Distrital, , , , , , , , , , , , , , , , , , , , , , , , , , , , ,1,22,10,3,No,Si, , , , , , , , , , , , , , , , , , , , , , , , , , , , , , , , , , , , , , , , , , , , , ,18,0,0,0,0,18,0,0,0,2,0,0,0,0,2,0,0,0,4,0,0,0,0,4,0,0,0,5,0,0,0,0,5,0,0,0,1,0,0,0,0,1,0,0,0,1,0,0,0,0,1,0,0,0,1,0,0,0,0,1,0,0,0,1,0,0,0,0,1,0,0,0,2,0,0,0,0,2,0,0,0,1,0,0,0,0,1,0,0,0,0, ,0,0,0,0,0,0,0,0,No, ,No, ,No, ,No, ,No, ,No, ,No, ,Si,1,Si,1,No, ,No, ,No, ,Si,1,Si,15,18,0,No, ,No, , , , , , , , , , , , , , , , , , , , , , , , , , , , , , , , , , , , , , , , , , , , , , , , , , , , , , , , , , , , ,-7.78148,-76.67071
5025,140202,02,CAÑARIS,De 10001 - 20000 Hab,Distrital, , , , , , , , , , , , , , , , , , , , , , , , , , , , ,1,14,2,2,Si,No, , , , , , , , , , , , , , , , , , , , , , , , , , , , , , , , , , , , , , , , , , , , , ,6,1,0,0,0,5,0,0,0,0,0,0,0,0,0,0,0,0,0,0,0,0,0,0,0,0,0,2,0,0,0,0,2,0,0,0,1,0,0,0,0,1,0,0,0,0,0,0,0,0,0,0,0,0,0,0,0,0,0,0,0,0,0,1,0,0,0,0,1,0,0,0,1,0,0,0,0,1,0,0,0,1,1,0,0,0,0,0,0,0,0, ,0,0,0,0,0,0,0,0,No, ,No, ,No, ,No, ,No, ,Si,1,No, ,No, ,No, ,Si,1,No, ,No, ,Si,1,Si,3,6,0,No, ,No, , , , , , , , , , , , , , , , , , , , , , , , , , , , , , , , , , , , , , , , , , , , , , , , , , , , , , , , , , , , ,-6.04670217,-79.26579936
5030,060101,01,CAJAMARCA,De 20001 - 40000 Hab,Distrital, , , , , , , , , , , , , , , , , , , , , , , , , , , , ,1,6,1,1,Si,No, , , , , , , , , , , , , , , , , , , , , , , , , , , , , , , , , , , , , , , , , , , , , ,46,0,1,0,0,25,20,0,0,4,0,0,0,0,0,4,0,0,16,0,0,0,0,16,0,0,0,0,0,0,0,0,0,0,0,0,0,0,0,0,0,0,0,0,0,0,0,0,0,0,0,0,0,0,19,0,0,0,0,3,16,0,0,0,0,0,0,0,0,0,0,0,1,0,1,0,0,0,0,0,0,4,0,0,0,0,4,0,0,0,2,SEGURIDAD DE LAS INSTALACIONES DEL COMPLEJO,0,0,0,0,2,0,0,0,No, ,No, ,No, ,No, ,No, ,Si,1,Si,1,Si,2,Si,2,Si,1,No, ,Si,2,Si,12,Si,25,46,0,Sí,1,No, , , , , , , , , , , , , , , , , , , , , , , , , , , , , , , , , , , , , , , , , , , , , , , , , , , , , , , , , , , , ,-7.15949893,-78.512698
5031,190108,08,SAN FRANCISCO DE ASIS DE YARUSYACAN,De 5000 - 10000 Hab,Distrital, , , , , , , , , , , , , , , , , , , , , , , , , , , , ,1,19,1,8,Si,No, , , , , , , , , , , , , , , , , , , , , , , , , , , , , , , , , , , , , , , , , , , , , ,15,0,0,0,0,13,2,0,0,1,0,0,0,0,0,1,0,0,2,0,0,0,0,2,0,0,0,5,0,0,0,0,4,1,0,0,2,0,0,0,0,2,0,0,0,1,0,0,0,0,1,0,0,0,1,0,0,0,0,1,0,0,0,1,0,0,0,0,1,0,0,0,1,0,0,0,0,1,0,0,0,1,0,0,0,0,1,0,0,0,0, ,0,0,0,0,0,0,0,0,No, ,No, ,No, ,No, ,No, ,No, ,Si,1,Si,1,Si,1,No, ,No, ,Si,1,Si,1,Si,10,15,0,No, ,Sí,2,4,5, , , , , , , , , , , , , , , , , , , , , , , , , , , , , , , , , , , , , , ,Ninguna, , , , , , , , , , , , , , , , , , ,-10.48891763,-76.19608247
5033,060202,02,CACHACHI,De 10001 - 20000 Hab,Otros,CENTRO POBLADO, , , , , , , , , , , , , , , , , , , , , , , , , , , , , , , , , , , , , , , , , , , , , , , , , , , , , , , , , , , , , , , , , , , , , , , , , , , , , , ,13,0,0,0,0,13,0,0,0,1,0,0,0,0,1,0,0,0,2,0,0,0,0,2,0,0,0,0,0,0,0,0,0,0,0,0,0,0,0,0,0,0,0,0,0,1,0,0,0,0,1,0,0,0,0,0,0,0,0,0,0,0,0,1,0,0,0,0,1,0,0,0,1,0,0,0,0,1,0,0,0,1,0,0,0,0,1,0,0,0,6,PUESTO DE AUXILIO RAPIDO,0,0,0,0,6,0,0,0,No, ,No, ,No, ,No, ,No, ,No, ,No, ,Si,1,Si,2,No, ,No, ,No, ,Si,2,Si,8,13,0,Sí,2,No, , , , , , , , , , , , , , , , , , , , , , , , , , , , , , , , , , , , , , , , , , , , , , , , , , , , , , , , , , , , ,-7.655912,-78.182908
5034,180210,10,UBINAS,Menos de 5000 Hab,Distrital, , , , , , , , , , , , , , , , , , , , , , , , , , , , ,1,18,2,10,No,Si, , , , , , , , , , , , , , , , , , , , , , , , , , , , , , , , , , , , , , , , , , , , , ,9,0,0,0,0,9,0,0,0,1,0,0,0,0,1,0,0,0,1,0,0,0,0,1,0,0,0,1,0,0,0,0,1,0,0,0,1,0,0,0,0,1,0,0,0,1,0,0,0,0,1,0,0,0,1,0,0,0,0,1,0,0,0,1,0,0,0,0,1,0,0,0,1,0,0,0,0,1,0,0,0,1,0,0,0,0,1,0,0,0,0, ,0,0,0,0,0,0,0,0,No, ,No, ,No, ,No, ,No, ,No, ,No, ,Si,1,No, ,Si,2,Si,2,Si,1,Si,2,Si,1,9,0,No, ,Sí,1,1, , , , , , , , , , , , , , , , , , , , , , , , , , , , , , , , , , , , , , , ,Ninguna, , , , , , , , , , , , , , , , , , ,-16.28320904,-70.75523614
5036,030505,05,MARA,De 5000 - 10000 Hab,Distrital, , , , , , , , , , , , , , , , , , , , , , , , , , , , ,1,3,5,5,No,Si, , , , , , , , , , , , , , , , , , , , , , , , , , , , , , , , , , , , , , , , , , , , , ,12,0,0,0,0,12,0,0,0,2,0,0,0,0,2,0,0,0,2,0,0,0,0,2,0,0,0,2,0,0,0,0,2,0,0,0,1,0,0,0,0,1,0,0,0,1,0,0,0,0,1,0,0,0,1,0,0,0,0,1,0,0,0,1,0,0,0,0,1,0,0,0,1,0,0,0,0,1,0,0,0,1,0,0,0,0,1,0,0,0,0, ,0,0,0,0,0,0,0,0,No, ,No, ,No, ,No, ,No, ,No, ,Si,1,Si,1,Si,1,No, ,No, ,Si,3,Si,1,Si,5,12,0,No, ,No, , , , , , , , , , , , , , , , , , , , , , , , , , , , , , , , , , , , , , , , , , , , , , , , , , , , , , , , , , , , ,-14.08645351,-72.10228731
5037,180301,01,ILO,De 20001 - 40000 Hab,Distrital, , , , , , , , , , , , , , , , , , , , , , , , , , , , ,1,18,3,1,Si,No, , , , , , , , , , , , , , , , , , , , , , , , , , , , , , , , , , , , , , , , , , , , , ,34,1,0,0,0,27,6,0,0,5,0,0,0,0,2,3,0,0,12,0,0,0,0,12,0,0,0,2,0,0,0,0,2,0,0,0,3,0,0,0,0,3,0,0,0,2,0,0,0,0,2,0,0,0,2,0,0,0,0,0,2,0,0,1,0,0,0,0,0,1,0,0,6,0,0,0,0,6,0,0,0,1,1,0,0,0,0,0,0,0,0, ,0,0,0,0,0,0,0,0,No, ,Si,1,No, ,No, ,No, ,No, ,Si,8,Si,8,Si,1,Si,1,Si,4,Si,2,Si,3,Si,6,34,0,Sí,8,Sí,2,17,17, , , , , , , , , , , , , , , , , , , , , , , , , , , , , , , , , , , , , , ,Ninguna, , , , , , , , , , , , , , , , , , ,-17.64466981,-71.34376432
5038,100601,01,RUPA-RUPA,De 20001 - 40000 Hab,Distrital, , , , , , , , , , , , , , , , , , , , , , , , , , , , ,3,10,6,1,Si,No,10,6,5,Si,No,10,6,8,Si,No, , , , , , , , , , , , , , , , , , , , , , , , , , , , , , , , , , , ,24,0,1,0,0,6,17,0,0,5,0,0,0,0,0,5,0,0,0,0,0,0,0,0,0,0,0,0,0,0,0,0,0,0,0,0,0,0,0,0,0,0,0,0,0,0,0,0,0,0,0,0,0,0,8,0,0,0,0,0,8,0,0,0,0,0,0,0,0,0,0,0,3,0,0,0,0,1,2,0,0,3,0,1,0,0,0,2,0,0,5,CHOFER,0,0,0,0,5,0,0,0,No, ,No, ,No, ,No, ,No, ,Si,1,No, ,No, ,Si,1,No, ,Si,1,No, ,Si,9,Si,12,24,0,Sí,4,No, , , , , , , , , , , , , , , , , , , , , , , , , , , , , , , , , , , , , , , , , , , , , , , , , , , , , , , , , , , , ,-9.29147478,-75.99678191
5039,170302,02,IBERIA,De 5000 - 10000 Hab,Provincial, , , , , , , ,1,17,3, , , , , , , , , , , , , , , , , , , , , , , , , , , , , , , , , , , , , , , , , , , , , , , , , , , , , , , , , , , , , , , , , , , , , ,15,0,0,0,0,15,0,0,0,1,0,0,0,0,1,0,0,0,13,0,0,0,0,13,0,0,0,0,0,0,0,0,0,0,0,0,0,0,0,0,0,0,0,0,0,0,0,0,0,0,0,0,0,0,0,0,0,0,0,0,0,0,0,0,0,0,0,0,0,0,0,0,0,0,0,0,0,0,0,0,0,1,0,0,0,0,1,0,0,0,0, ,0,0,0,0,0,0,0,0,No, ,No, ,No, ,No, ,No, ,No, ,No, ,No, ,Si,2,No, ,Si,1,Si,5,Si,6,Si,1,15,0,No, ,Sí,1,4, , , , , , , , , , , , , , , , , , , , , , , , , , , , , , , , , , , , , , , ,Ninguna, , , , , , , , , , , , , , , , , , ,-11.4051257,-69.48972419
5040,050509,09,SAMUGARI,De 5000 - 10000 Hab,Distrital, , , , , , , , , , , , , , , , , , , , , , , , , , , , ,1,5,5,9,Si,No, , , , , , , , , , , , , , , , , , , , , , , , , , , , , , , , , , , , , , , , , , , , , ,19,1,0,0,0,18,0,0,0,1,0,0,0,0,1,0,0,0,6,0,0,0,0,6,0,0,0,3,0,0,0,0,3,0,0,0,1,0,0,0,0,1,0,0,0,1,0,0,0,0,1,0,0,0,1,0,0,0,0,1,0,0,0,1,0,0,0,0,1,0,0,0,4,0,0,0,0,4,0,0,0,1,1,0,0,0,0,0,0,0,0, ,0,0,0,0,0,0,0,0,No, ,Si,1,No, ,No, ,No, ,No, ,No, ,No, ,Si,1,Si,2,Si,1,Si,3,Si,6,Si,5,19,0,No, ,Sí,1,6, , , , , , , , , , , , , , , , , , , , , , , , , , , , , , , , , , , , , , , ,Ninguna, , , , , , , , , , , , , , , , , , ,-12.76692205,-73.6553414
5041,040520,20,MAJES,De 80001 a más Hab,Distrital, , , , , , , , , , , , , , , , , , , , , , , , , , , , ,1,4,5,20,Si,No, , , , , , , , , , , , , , , , , , , , , , , , , , , , , , , , , , , , , , , , , , , , , ,14,0,1,0,0,4,9,0,0,1,0,0,0,0,0,1,0,0,1,0,0,0,0,1,0,0,0,0,0,0,0,0,0,0,0,0,0,0,0,0,0,0,0,0,0,0,0,0,0,0,0,0,0,0,9,0,0,0,0,1,8,0,0,0,0,0,0,0,0,0,0,0,2,0,0,0,0,2,0,0,0,1,0,1,0,0,0,0,0,0,0, ,0,0,0,0,0,0,0,0,No, ,No, ,No, ,No, ,No, ,Si,1,Si,1,Si,1,Si,1,No, ,Si,1,Si,2,Si,5,Si,2,14,0,No, ,Sí,1,2, , , , , , , , , , , , , , , , , , , , , , , , , , , , , , , , , , , , , , , ,Ninguna, , , , , , , , , , , , , , , , , , ,-16.36221246,-72.19073544
5043,050802,02,COLTA,Menos de 5000 Hab,Distrital, , , , , , , , , , , , , , , , , , , , , , , , , , , , ,1,5,8,2,Si,No, , , , , , , , , , , , , , , , , , , , , , , , , , , , , , , , , , , , , , , , , , , , , ,5,0,0,0,0,4,1,0,0,1,0,0,0,0,1,0,0,0,0,0,0,0,0,0,0,0,0,0,0,0,0,0,0,0,0,0,0,0,0,0,0,0,0,0,0,1,0,0,0,0,1,0,0,0,0,0,0,0,0,0,0,0,0,1,0,0,0,0,0,1,0,0,1,0,0,0,0,1,0,0,0,1,0,0,0,0,1,0,0,0,0, ,0,0,0,0,0,0,0,0,No, ,No, ,No, ,No, ,No, ,No, ,No, ,No, ,Si,1,No, ,Si,1,No, ,Si,2,Si,1,5,0,No, ,No, , , , , , , , , , , , , , , , , , , , , , , , , , , , , , , , , , , , , , , , , , , , , , , , , , , , , , , , , , , , ,-15.16288492,-73.29490698
5044,050806,06,OYOLO,Menos de 5000 Hab,Distrital, , , , , , , , , , , , , , , , , , , , , , , , , , , , ,3,5,8,3,Si,No,5,8,6,Si,No,5,8,9,Si,No, , , , , , , , , , , , , , , , , , , , , , , , , , , , , , , , , , , ,5,0,0,0,0,5,0,0,0,0,0,0,0,0,0,0,0,0,0,0,0,0,0,0,0,0,0,1,0,0,0,0,1,0,0,0,1,0,0,0,0,1,0,0,0,0,0,0,0,0,0,0,0,0,0,0,0,0,0,0,0,0,0,1,0,0,0,0,1,0,0,0,1,0,0,0,0,1,0,0,0,1,0,0,0,0,1,0,0,0,0, ,0,0,0,0,0,0,0,0,No, ,No, ,No, ,No, ,No, ,No, ,No, ,No, ,Si,2,Si,2,No, ,No, ,Si,1,No, ,5,0,No, ,No, , , , , , , , , , , , , , , , , , , , , , , , , , , , , , , , , , , , , , , , , , , , , , , , , , , , , , , , , , , , ,-15.17988275,-73.18526623
5045,060505,05,SAN BENITO,Menos de 5000 Hab,Otros,CENTRO POBLADO, , , , , , , , , , , , , , , , , , , , , , , , , , , , , , , , , , , , , , , , , , , , , , , , , , , , , , , , , , , , , , , , , , , , , , , , , , , , , , ,7,0,0,0,0,7,0,0,0,1,0,0,0,0,1,0,0,0,2,0,0,0,0,2,0,0,0,1,0,0,0,0,1,0,0,0,1,0,0,0,0,1,0,0,0,0,0,0,0,0,0,0,0,0,0,0,0,0,0,0,0,0,0,1,0,0,0,0,1,0,0,0,0,0,0,0,0,0,0,0,0,1,0,0,0,0,1,0,0,0,0, ,0,0,0,0,0,0,0,0,No, ,No, ,No, ,No, ,No, ,No, ,Si,1,Si,1,Si,3,No, ,No, ,No, ,No, ,Si,2,7,0,No, ,No, , , , , , , , , , , , , , , , , , , , , , , , , , , , , , , , , , , , , , , , , , , , , , , , , , , , , , , , , , , , ,-7.607438,-78.95591
5046,050805,05,MARCABAMBA,De 5000 - 10000 Hab,Distrital, , , , , , , , , , , , , , , , , , , , , , , , , , , , ,2,5,8,5,Si,No,5,8,8,Si,No, , , , , , , , , , , , , , , , , , , , , , , , , , , , , , , , , , , , , , , , ,7,1,0,0,0,6,0,0,0,1,0,0,0,0,1,0,0,0,0,0,0,0,0,0,0,0,0,1,0,0,0,0,1,0,0,0,1,0,0,0,0,1,0,0,0,0,0,0,0,0,0,0,0,0,1,0,0,0,0,1,0,0,0,1,0,0,0,0,1,0,0,0,1,0,0,0,0,1,0,0,0,1,1,0,0,0,0,0,0,0,0, ,0,0,0,0,0,0,0,0,No, ,No, ,No, ,No, ,No, ,Si,1,No, ,Si,1,Si,1,Si,2,No, ,No, ,No, ,Si,2,7,0,No, ,No, , , , , , , , , , , , , , , , , , , , , , , , , , , , , , , , , , , , , , , , , , , , , , , , , , , , , , , , , , , , ,-15.1490685,-73.34115433
5047,050911,11,SORAS,De 5000 - 10000 Hab,Distrital, , , , , , , , , , , , , , , , , , , , , , , , , , , , ,4,5,9,8,Si,No,5,9,11,Si,No,5,9,10,Si,No,5,9,7,Si,No, , , , , , , , , , , , , , , , , , , , , , , , , , , , , , ,9,0,0,0,0,9,0,0,0,1,0,0,0,0,1,0,0,0,2,0,0,0,0,2,0,0,0,0,0,0,0,0,0,0,0,0,1,0,0,0,0,1,0,0,0,1,0,0,0,0,1,0,0,0,1,0,0,0,0,1,0,0,0,1,0,0,0,0,1,0,0,0,1,0,0,0,0,1,0,0,0,1,0,0,0,0,1,0,0,0,0, ,0,0,0,0,0,0,0,0,No, ,No, ,No, ,No, ,No, ,No, ,Si,1,No, ,No, ,No, ,No, ,Si,1,Si,5,Si,2,9,0,No, ,Sí,1,1, , , , , , , , , , , , , , , , , , , , , , , , , , , , , , , , , , , , , , , ,Ninguna, , , , , , , , , , , , , , , , , , ,-14.11480398,-73.60368317
5048,070105,05,LA PUNTA,De 80001 a más Hab,Distrital, , , , , , , , , , , , , , , , , , , , , , , , , , , , ,7,7,1,1,Si,No,7,1,2,Si,No,7,1,3,Si,No,7,1,4,Si,No,7,1,5,Si,No,7,1,6,Si,No,7,1,7,Si,No, , , , , , , , , , , , , , , ,50,2,0,0,0,8,40,0,0,1,1,0,0,0,0,0,0,0,8,0,0,0,0,5,3,0,0,33,0,0,0,0,2,31,0,0,5,0,0,0,0,1,4,0,0,0,0,0,0,0,0,0,0,0,0,0,0,0,0,0,0,0,0,0,0,0,0,0,0,0,0,0,2,0,0,0,0,0,2,0,0,1,1,0,0,0,0,0,0,0,0, ,0,0,0,0,0,0,0,0,No, ,Si,1,No, ,No, ,Si,1,No, ,Si,2,Si,2,No, ,No, ,No, ,Si,3,Si,10,Si,31,50,0,No, ,No, , , , , , , , , , , , , , , , , , , , , , , , , , , , , , , , , , , , , , , , , , , , , , , , , , , , , , , , , , , , ,-12.06823106,-77.15784316
5049,050706,06,PUYUSCA,Menos de 5000 Hab,Distrital, , , , , , , , , , , , , , , , , , , , , , , , , , , , ,1,5,7,6,Si,No, , , , , , , , , , , , , , , , , , , , , , , , , , , , , , , , , , , , , , , , , , , , , ,7,1,0,0,0,6,0,0,0,1,0,0,0,0,1,0,0,0,0,0,0,0,0,0,0,0,0,1,0,0,0,0,1,0,0,0,1,0,0,0,0,1,0,0,0,1,0,0,0,0,1,0,0,0,0,0,0,0,0,0,0,0,0,1,0,0,0,0,1,0,0,0,1,1,0,0,0,0,0,0,0,1,0,0,0,0,1,0,0,0,0, ,0,0,0,0,0,0,0,0,No, ,No, ,No, ,No, ,No, ,Si,1,No, ,Si,1,Si,1,Si,3,Si,1,No, ,No, ,No, ,7,5,No, ,No, , , , , , , , , , , , , , , , , , , , , , , , , , , , , , , , , , , , , , , , , , , , , , , , , , , , , , , , , , , , ,-15.24985,-73.569592
5050,210702,02,CABANILLA,De 5000 - 10000 Hab,Distrital, , , , , , , , , , , , , , , , , , , , , , , , , , , , ,1,21,7,2,Si,No, , , , , , , , , , , , , , , , , , , , , , , , , , , , , , , , , , , , , , , , , , , , , ,15,0,0,0,0,14,1,0,0,1,0,0,0,0,0,1,0,0,2,0,0,0,0,2,0,0,0,2,0,0,0,0,2,0,0,0,2,0,0,0,0,2,0,0,0,2,0,0,0,0,2,0,0,0,2,0,0,0,0,2,0,0,0,1,0,0,0,0,1,0,0,0,2,0,0,0,0,2,0,0,0,1,0,0,0,0,1,0,0,0,0, ,0,0,0,0,0,0,0,0,No, ,No, ,No, ,No, ,No, ,No, ,Si,1,Si,2,Si,2,No, ,Si,1,Si,2,No, ,Si,7,15,0,Sí,2,No, , , , , , , , , , , , , , , , , , , , , , , , , , , , , , , , , , , , , , , , , , , , , , , , , , , , , , , , , , , , ,-15.61970264,-70.34426249
5051,100609,09,PUEBLO NUEVO,Menos de 5000 Hab,Distrital, , , , , , , , , , , , , , , , , , , , , , , , , , , , ,3,10,6,4,No,Si,10,6,10,No,Si,10,6,9,Si,No, , , , , , , , , , , , , , , , , , , , , , , , , , , , , , , , , , , ,15,1,0,0,0,14,0,0,0,2,0,0,0,0,2,0,0,0,2,0,0,0,0,2,0,0,0,0,0,0,0,0,0,0,0,0,1,0,0,0,0,1,0,0,0,2,0,0,0,0,2,0,0,0,1,0,0,0,0,1,0,0,0,2,0,0,0,0,2,0,0,0,2,0,0,0,0,2,0,0,0,3,1,0,0,0,2,0,0,0,0, ,0,0,0,0,0,0,0,0,No, ,No, ,No, ,No, ,Si,1,No, ,Si,1,Si,1,No, ,No, ,Si,1,Si,1,Si,2,Si,8,15,0,Sí,1,Sí,2,7,7, , , , , , , , , , , , , , , , , , , , , , , , , , , , , , , , , , , , , , ,Ninguna, , , , , , , , , , , , , , , , , , ,-9.132626,-76.0325
5053,010311,11,VALERA,De 5000 - 10000 Hab,Distrital, , , , , , , , , , , , , , , , , , , , , , , , , , , , ,1,1,3,11,Si,No, , , , , , , , , , , , , , , , , , , , , , , , , , , , , , , , , , , , , , , , , , , , , ,7,0,0,0,0,7,0,0,0,1,0,0,0,0,1,0,0,0,0,0,0,0,0,0,0,0,0,1,0,0,0,0,1,0,0,0,1,0,0,0,0,1,0,0,0,0,0,0,0,0,0,0,0,0,1,0,0,0,0,1,0,0,0,1,0,0,0,0,1,0,0,0,1,0,0,0,0,1,0,0,0,1,0,0,0,0,1,0,0,0,0, ,0,0,0,0,0,0,0,0,No, ,No, ,No, ,No, ,No, ,No, ,Si,1,No, ,No, ,No, ,No, ,No, ,Si,2,Si,4,7,0,Sí,2,No, , , , , , , , , , , , , , , , , , , , , , , , , , , , , , , , , , , , , , , , , , , , , , , , , , , , , , , , , , , , ,-6.04263844,-77.91905038
5054,211206,06,QUIACA,Menos de 5000 Hab,Distrital, , , , , , , , , , , , , , , , , , , , , , , , , , , , ,1,21,12,6,Si,No, , , , , , , , , , , , , , , , , , , , , , , , , , , , , , , , , , , , , , , , , , , , , ,11,0,0,0,0,11,0,0,0,1,0,0,0,0,1,0,0,0,2,0,0,0,0,2,0,0,0,1,0,0,0,0,1,0,0,0,1,0,0,0,0,1,0,0,0,1,0,0,0,0,1,0,0,0,1,0,0,0,0,1,0,0,0,1,0,0,0,0,1,0,0,0,2,0,0,0,0,2,0,0,0,1,0,0,0,0,1,0,0,0,0, ,0,0,0,0,0,0,0,0,No, ,No, ,No, ,No, ,No, ,No, ,No, ,Si,1,No, ,No, ,Si,1,No, ,Si,5,Si,4,11,0,No, ,No, , , , , , , , , , , , , , , , , , , , , , , , , , , , , , , , , , , , , , , , , , , , , , , , , , , , , , , , , , , , ,-14.42219389,-69.34501096
5055,220303,03,SAN MARTIN,De 5000 - 10000 Hab,Distrital, , , , , , , , , , , , , , , , , , , , , , , , , , , , ,2,22,3,3,Si,No,22,3,5,Si,No, , , , , , , , , , , , , , , , , , , , , , , , , , , , , , , , , , , , , , , , ,17,0,0,0,0,17,0,0,0,1,0,0,0,0,1,0,0,0,2,0,0,0,0,2,0,0,0,0,0,0,0,0,0,0,0,0,2,0,0,0,0,2,0,0,0,2,0,0,0,0,2,0,0,0,2,0,0,0,0,2,0,0,0,2,0,0,0,0,2,0,0,0,5,0,0,0,0,5,0,0,0,1,0,0,0,0,1,0,0,0,0, ,0,0,0,0,0,0,0,0,No, ,No, ,No, ,No, ,No, ,No, ,Si,1,No, ,Si,1,No, ,No, ,Si,1,Si,2,Si,12,17,0,Sí,3,No, , , , , , , , , , , , , , , , , , , , , , , , , , , , , , , , , , , , , , , , , , , , , , , , , , , , , , , , , , , , ,-6.51380673,-76.74178058
5056,010705,05,JAMALCA,De 5000 - 10000 Hab,Distrital, , , , , , , , , , , , , , , , , , , , , , , , , , , , ,1,1,7,5,No,Si, , , , , , , , , , , , , , , , , , , , , , , , , , , , , , , , , , , , , , , , , , , , , ,7,0,0,0,0,7,0,0,0,1,0,0,0,0,1,0,0,0,0,0,0,0,0,0,0,0,0,1,0,0,0,0,1,0,0,0,1,0,0,0,0,1,0,0,0,1,0,0,0,0,1,0,0,0,0,0,0,0,0,0,0,0,0,1,0,0,0,0,1,0,0,0,1,0,0,0,0,1,0,0,0,1,0,0,0,0,1,0,0,0,0, ,0,0,0,0,0,0,0,0,No, ,No, ,No, ,No, ,No, ,No, ,Si,1,No, ,Si,2,No, ,No, ,No, ,Si,2,Si,2,7,0,No, ,No, , , , , , , , , , , , , , , , , , , , , , , , , , , , , , , , , , , , , , , , , , , , , , , , , , , , , , , , , , , , ,-5.82095017,-78.27845885
5057,050704,04,PACAPAUSA,Menos de 5000 Hab,Distrital, , , , , , , , , , , , , , , , , , , , , , , , , , , , ,3,5,7,4,Si,No,5,7,8,Si,No,5,7,7,Si,No, , , , , , , , , , , , , , , , , , , , , , , , , , , , , , , , , , , ,4,0,0,0,0,4,0,0,0,0,0,0,0,0,0,0,0,0,0,0,0,0,0,0,0,0,0,1,0,0,0,0,1,0,0,0,0,0,0,0,0,0,0,0,0,0,0,0,0,0,0,0,0,0,0,0,0,0,0,0,0,0,0,1,0,0,0,0,1,0,0,0,1,0,0,0,0,1,0,0,0,1,0,0,0,0,1,0,0,0,0, ,0,0,0,0,0,0,0,0,No, ,No, ,No, ,No, ,No, ,No, ,Si,1,No, ,Si,1,No, ,Si,1,No, ,No, ,Si,1,4,0,No, ,Sí,1,4, , , , , , , , , , , , , , , , , , , , , , , , , , , , , , , , , , , , , , , ,Ninguna, , , , , , , , , , , , , , , , , , ,-14.94992118,-73.36799487
5058,030101,01,ABANCAY,De 40001 - 80000 Hab,Distrital, , , , , , , , , , , , , , , , , , , , , , , , , , , , ,1,3,1,1,Si,No, , , , , , , , , , , , , , , , , , , , , , , , , , , , , , , , , , , , , , , , , , , , , ,28,1,0,0,0,13,14,0,0,8,0,0,0,0,3,5,0,0,2,0,0,0,0,2,0,0,0,0,0,0,0,0,0,0,0,0,3,0,0,0,0,1,2,0,0,0,0,0,0,0,0,0,0,0,6,0,0,0,0,2,4,0,0,0,0,0,0,0,0,0,0,0,6,0,0,0,0,3,3,0,0,3,1,0,0,0,2,0,0,0,0, ,0,0,0,0,0,0,0,0,No, ,No, ,No, ,No, ,No, ,Si,1,Si,1,No, ,Si,2,Si,1,Si,1,Si,1,Si,4,Si,17,28,0,No, ,No, , , , , , , , , , , , , , , , , , , , , , , , , , , , , , , , , , , , , , , , , , , , , , , , , , , , , , , , , , , , ,-13.63580243,-72.88463957
5059,151015,15,HUANGASCAR,Menos de 5000 Hab,Distrital, , , , , , , , , , , , , , , , , , , , , , , , , , , , ,5,15,10,9,Si,No,15,10,5,Si,No,15,10,15,Si,No,15,10,20,Si,No,15,10,32,Si,No, , , , , , , , , , , , , , , , , , , , , , , , , ,12,0,0,0,0,12,0,0,0,1,0,0,0,0,1,0,0,0,2,0,0,0,0,2,0,0,0,0,0,0,0,0,0,0,0,0,2,0,0,0,0,2,0,0,0,1,0,0,0,0,1,0,0,0,2,0,0,0,0,2,0,0,0,1,0,0,0,0,1,0,0,0,2,0,0,0,0,2,0,0,0,1,0,0,0,0,1,0,0,0,0, ,0,0,0,0,0,0,0,0,No, ,No, ,No, ,No, ,No, ,No, ,Si,2,Si,4,No, ,Si,1,Si,1,Si,1,Si,1,Si,2,12,1,Sí,2,No, , , , , , , , , , , , , , , , , , , , , , , , , , , , , , , , , , , , , , , , , , , , , , , , , , , , , , , , , , , , ,-12.89952071,-75.83241637
5060,151003,03,ALLAUCA,Menos de 5000 Hab,Distrital, , , , , , , , , , , , , , , , , , , , , , , , , , , , ,3,15,10,23,Si,No,15,10,3,Si,No,15,10,11,Si,No, , , , , , , , , , , , , , , , , , , , , , , , , , , , , , , , , , , ,12,0,0,0,0,12,0,0,0,1,0,0,0,0,1,0,0,0,0,0,0,0,0,0,0,0,0,3,0,0,0,0,3,0,0,0,1,0,0,0,0,1,0,0,0,1,0,0,0,0,1,0,0,0,1,0,0,0,0,1,0,0,0,1,0,0,0,0,1,0,0,0,3,0,0,0,0,3,0,0,0,1,0,0,0,0,1,0,0,0,0, ,0,0,0,0,0,0,0,0,No, ,No, ,No, ,No, ,No, ,No, ,No, ,Si,1,Si,3,No, ,Si,1,Si,1,Si,3,Si,3,12,1,No, ,No, , , , , , , , , , , , , , , , , , , , , , , , , , , , , , , , , , , , , , , , , , , , , , , , , , , , , , , , , , , , ,-12.707477,-75.969145
5061,150721,21,SAN LORENZO DE QUINTI,Menos de 5000 Hab,Distrital, , , , , , , , , , , , , , , , , , , , , , , , , , , , ,1,15,7,21,Si,No, , , , , , , , , , , , , , , , , , , , , , , , , , , , , , , , , , , , , , , , , , , , , ,11,2,0,0,0,9,0,0,0,1,0,0,0,0,1,0,0,0,0,0,0,0,0,0,0,0,0,4,1,0,0,0,3,0,0,0,1,0,0,0,0,1,0,0,0,1,0,0,0,0,1,0,0,0,1,0,0,0,0,1,0,0,0,1,0,0,0,0,1,0,0,0,1,0,0,0,0,1,0,0,0,1,1,0,0,0,0,0,0,0,0, ,0,0,0,0,0,0,0,0,No, ,No, ,No, ,Si,1,No, ,Si,1,Si,1,Si,1,Si,3,Si,1,Si,1,No, ,Si,1,Si,1,11,0,No, ,No, , , , , , , , , , , , , , , , , , , , , , , , , , , , , , , , , , , , , , , , , , , , , , , , , , , , , , , , , , , , ,-12.14491453,-76.21272179
5062,151008,08,CATAHUASI,Menos de 5000 Hab,Distrital, , , , , , , , , , , , , , , , , , , , , , , , , , , , ,5,15,10,12,Si,No,15,10,8,Si,No,15,10,31,Si,No,15,10,6,Si,No,15,10,19,Si,No, , , , , , , , , , , , , , , , , , , , , , , , , ,10,0,0,0,0,10,0,0,0,0,0,0,0,0,0,0,0,0,2,0,0,0,0,2,0,0,0,0,0,0,0,0,0,0,0,0,1,0,0,0,0,1,0,0,0,1,0,0,0,0,1,0,0,0,1,0,0,0,0,1,0,0,0,1,0,0,0,0,1,0,0,0,2,0,0,0,0,2,0,0,0,2,0,0,0,0,2,0,0,0,0, ,0,0,0,0,0,0,0,0,No, ,No, ,No, ,No, ,No, ,No, ,Si,1,Si,1,Si,2,No, ,Si,1,No, ,Si,2,Si,3,10,3,No, ,No, , , , , , , , , , , , , , , , , , , , , , , , , , , , , , , , , , , , , , , , , , , , , , , , , , , , , , , , , , , , ,-12.7998929,-75.89156165
5063,160104,04,INDIANA,Menos de 5000 Hab,Distrital, , , , , , , , , , , , , , , , , , , , , , , , , , , , ,1,16,1,4,Si,No, , , , , , , , , , , , , , , , , , , , , , , , , , , , , , , , , , , , , , , , , , , , , ,8,0,0,0,0,8,0,0,0,1,0,0,0,0,1,0,0,0,0,0,0,0,0,0,0,0,0,1,0,0,0,0,1,0,0,0,1,0,0,0,0,1,0,0,0,1,0,0,0,0,1,0,0,0,1,0,0,0,0,1,0,0,0,1,0,0,0,0,1,0,0,0,1,0,0,0,0,1,0,0,0,1,0,0,0,0,1,0,0,0,0, ,0,0,0,0,0,0,0,0,No, ,No, ,No, ,No, ,No, ,No, ,No, ,Si,1,Si,1,No, ,No, ,No, ,Si,2,Si,4,8,0,No, ,No, , , , , , , , , , , , , , , , , , , , , , , , , , , , , , , , , , , , , , , , , , , , , , , , , , , , , , , , , , , , ,-3.588879,-73.13991
5064,150303,03,GORGOR,Menos de 5000 Hab,Distrital, , , , , , , , , , , , , , , , , , , , , , , , , , , , ,2,15,3,3,Si,No,15,3,4,Si,No, , , , , , , , , , , , , , , , , , , , , , , , , , , , , , , , , , , , , , , , ,7,0,0,0,0,7,0,0,0,0,0,0,0,0,0,0,0,0,2,0,0,0,0,2,0,0,0,1,0,0,0,0,1,0,0,0,1,0,0,0,0,1,0,0,0,0,0,0,0,0,0,0,0,0,0,0,0,0,0,0,0,0,0,1,0,0,0,0,1,0,0,0,1,0,0,0,0,1,0,0,0,1,0,0,0,0,1,0,0,0,0, ,0,0,0,0,0,0,0,0,No, ,No, ,No, ,No, ,No, ,No, ,No, ,Si,3,Si,1,Si,1,No, ,No, ,Si,2,No, ,7,1,No, ,No, , , , , , , , , , , , , , , , , , , , , , , , , , , , , , , , , , , , , , , , , , , , , , , , , , , , , , , , , , , , ,-10.62066649,-77.04151217
7001,100704,04,LA MORADA,De 20001 - 40000 Hab,Distrital, , , , , , , , , , , , , , , , , , , , , , , , , , , , ,1,10,7,2,No,Si, , , , , , , , , , , , , , , , , , , , , , , , , , , , , , , , , , , , , , , , , , , , , ,16,1,0,0,0,15,0,0,0,1,0,0,0,0,1,0,0,0,5,0,0,0,0,5,0,0,0,0,0,0,0,0,0,0,0,0,2,0,0,0,0,2,0,0,0,1,0,0,0,0,1,0,0,0,1,0,0,0,0,1,0,0,0,2,0,0,0,0,2,0,0,0,3,0,0,0,0,3,0,0,0,1,1,0,0,0,0,0,0,0,0, ,0,0,0,0,0,0,0,0,No, ,No, ,No, ,No, ,No, ,Si,1,No, ,Si,2,No, ,Si,1,Si,3,Si,2,Si,3,Si,4,16,0,No, ,Sí,1,15, , , , , , , , , , , , , , , , , , , , , , , , , , , , , , , , , , , , , , , ,Ninguna, , , , , , , , , , , , , , , , , , ,-8.79440821,-76.25056488
7002,210112,12,PLATERIA,De 5000 - 10000 Hab,Distrital, , , , , , , , , , , , , , , , , , , , , , , , , , , , ,1,21,1,12,Si,No, , , , , , , , , , , , , , , , , , , , , , , , , , , , , , , , , , , , , , , , , , , , , ,14,0,0,0,0,13,1,0,0,1,0,0,0,0,1,0,0,0,4,0,0,0,0,4,0,0,0,2,0,0,0,0,2,0,0,0,2,0,0,0,0,2,0,0,0,1,0,0,0,0,1,0,0,0,1,0,0,0,0,1,0,0,0,1,0,0,0,0,0,1,0,0,1,0,0,0,0,1,0,0,0,1,0,0,0,0,1,0,0,0,0, ,0,0,0,0,0,0,0,0,No, ,No, ,No, ,No, ,No, ,No, ,Si,1,No, ,No, ,Si,1,No, ,No, ,Si,5,Si,7,14,0,No, ,No, , , , , , , , , , , , , , , , , , , , , , , , , , , , , , , , , , , , , , , , , , , , , , , , , , , , , , , , , , , , ,-15.9466942,-69.83231493
7003,060907,07,TABACONAS,De 10001 - 20000 Hab,Distrital, , , , , , , , , , , , , , , , , , , , , , , , , , , , ,1,6,9,7,Si,No, , , , , , , , , , , , , , , , , , , , , , , , , , , , , , , , , , , , , , , , , , , , , ,4,0,0,0,0,4,0,0,0,1,0,0,0,0,1,0,0,0,0,0,0,0,0,0,0,0,0,1,0,0,0,0,1,0,0,0,0,0,0,0,0,0,0,0,0,1,0,0,0,0,1,0,0,0,0,0,0,0,0,0,0,0,0,1,0,0,0,0,1,0,0,0,0,0,0,0,0,0,0,0,0,0,0,0,0,0,0,0,0,0,0, ,0,0,0,0,0,0,0,0,No, ,No, ,No, ,No, ,No, ,No, ,Si,1,No, ,No, ,No, ,No, ,No, ,Si,2,Si,1,4,0,No, ,No, , , , , , , , , , , , , , , , , , , , , , , , , , , , , , , , , , , , , , , , , , , , , , , , , , , , , , , , , , , , ,-5.31631408,-79.28330476
7004,030608,08,RANRACANCHA,Menos de 5000 Hab,Distrital, , , , , , , , , , , , , , , , , , , , , , , , , , , , ,1,3,6,8,Si,No, , , , , , , , , , , , , , , , , , , , , , , , , , , , , , , , , , , , , , , , , , , , , ,12,0,0,0,0,12,0,0,0,2,0,0,0,0,2,0,0,0,3,0,0,0,0,3,0,0,0,0,0,0,0,0,0,0,0,0,1,0,0,0,0,1,0,0,0,2,0,0,0,0,2,0,0,0,1,0,0,0,0,1,0,0,0,1,0,0,0,0,1,0,0,0,1,0,0,0,0,1,0,0,0,1,0,0,0,0,1,0,0,0,0, ,0,0,0,0,0,0,0,0,No, ,No, ,No, ,No, ,No, ,No, ,No, ,Si,1,Si,2,Si,1,No, ,No, ,Si,2,Si,6,12,0,No, ,No, , , , , , , , , , , , , , , , , , , , , , , , , , , , , , , , , , , , , , , , , , , , , , , , , , , , , , , , , , , , ,-13.53334,-73.606662
7005,190303,03,HUANCABAMBA,De 5000 - 10000 Hab,Distrital, , , , , , , , , , , , , , , , , , , , , , , , , , , , ,1,19,3,3,Si,No, , , , , , , , , , , , , , , , , , , , , , , , , , , , , , , , , , , , , , , , , , , , , ,16,1,0,0,0,15,0,0,0,1,0,0,0,0,1,0,0,0,4,0,0,0,0,4,0,0,0,1,0,0,0,0,1,0,0,0,2,0,0,0,0,2,0,0,0,2,0,0,0,0,2,0,0,0,2,0,0,0,0,2,0,0,0,1,0,0,0,0,1,0,0,0,2,0,0,0,0,2,0,0,0,1,1,0,0,0,0,0,0,0,0, ,0,0,0,0,0,0,0,0,No, ,No, ,No, ,No, ,Si,1,No, ,No, ,Si,1,No, ,Si,3,No, ,Si,1,Si,1,Si,9,16,0,Sí,2,Sí,1,6, , , , , , , , , , , , , , , , , , , , , , , , , , , , , , , , , , , , , , , ,Almenos una,1,Si,Si,Si,Si,Si,Si,No,Si,Si,Si,Si,Si,No,Si,Si,Si,EXTINTORES,-10.42723456,-75.52275699
7006,040608,08,YANAQUIHUA,De 10001 - 20000 Hab,Distrital, , , , , , , , , , , , , , , , , , , , , , , , , , , , ,1,4,6,8,Si,No, , , , , , , , , , , , , , , , , , , , , , , , , , , , , , , , , , , , , , , , , , , , , ,9,0,0,0,0,9,0,0,0,1,0,0,0,0,1,0,0,0,2,0,0,0,0,2,0,0,0,2,0,0,0,0,2,0,0,0,1,0,0,0,0,1,0,0,0,0,0,0,0,0,0,0,0,0,0,0,0,0,0,0,0,0,0,1,0,0,0,0,1,0,0,0,1,0,0,0,0,1,0,0,0,1,0,0,0,0,1,0,0,0,0, ,0,0,0,0,0,0,0,0,No, ,No, ,No, ,No, ,No, ,No, ,No, ,Si,1,Si,2,Si,1,Si,1,Si,3,Si,1,No, ,9,0,No, ,Sí,1,9, , , , , , , , , , , , , , , , , , , , , , , , , , , , , , , , , , , , , , , ,Ninguna, , , , , , , , , , , , , , , , , , ,-15.77655518,-72.87500662
7007,090502,02,ANCO,Menos de 5000 Hab,Distrital, , , , , , , , , , , , , , , , , , , , , , , , , , , , ,1,9,5,2,Si,No, , , , , , , , , , , , , , , , , , , , , , , , , , , , , , , , , , , , , , , , , , , , , ,29,0,0,0,0,26,3,0,0,2,0,0,0,0,2,0,0,0,5,0,0,0,0,5,0,0,0,5,0,0,0,0,5,0,0,0,2,0,0,0,0,2,0,0,0,2,0,0,0,0,2,0,0,0,2,0,0,0,0,0,2,0,0,4,0,0,0,0,3,1,0,0,4,0,0,0,0,4,0,0,0,1,0,0,0,0,1,0,0,0,2,ARMERO,0,0,0,0,2,0,0,0,No, ,No, ,No, ,No, ,No, ,No, ,No, ,Si,1,Si,3,Si,1,No, ,Si,2,Si,3,Si,19,29,0,Sí,9,Sí,1,10, , , , , , , , , , , , , , , , , , , , , , , , , , , , , , , , , , , , , , , ,Ninguna, , , , , , , , , , , , , , , , , , ,-12.67876828,-74.58698541
7008,150128,28,RIMAC,De 20001 - 40000 Hab,Distrital, , , , , , , , , , , , , , , , , , , , , , , , , , , , ,1,15,1,28,No,Si, , , , , , , , , , , , , , , , , , , , , , , , , , , , , , , , , , , , , , , , , , , , , ,54,3,0,0,0,43,4,4,0,5,0,0,0,0,5,0,0,0,19,0,0,0,0,15,0,4,0,5,0,0,0,0,5,0,0,0,5,0,0,0,0,5,0,0,0,2,0,0,0,0,2,0,0,0,4,0,0,0,0,1,3,0,0,3,0,0,0,0,2,1,0,0,10,2,0,0,0,8,0,0,0,1,1,0,0,0,0,0,0,0,0, ,0,0,0,0,0,0,0,0,No, ,No, ,No, ,Si,1,No, ,Si,2,Si,4,Si,6,Si,9,Si,1,Si,2,Si,2,Si,9,Si,18,54,3,No, ,No, , , , , , , , , , , , , , , , , , , , , , , , , , , , , , , , , , , , , , , , , , , , , , , , , , , , , , , , , , , , ,-12.01014637,-77.03340614
7009,050507,07,SANTA ROSA,De 5000 - 10000 Hab,Distrital, , , , , , , , , , , , , , , , , , , , , , , , , , , , ,1,5,5,7,No,Si, , , , , , , , , , , , , , , , , , , , , , , , , , , , , , , , , , , , , , , , , , , , , ,17,2,0,0,0,15,0,0,0,2,0,0,0,0,2,0,0,0,2,0,0,0,0,2,0,0,0,2,0,0,0,0,2,0,0,0,3,0,0,0,0,3,0,0,0,1,0,0,0,0,1,0,0,0,2,0,0,0,0,2,0,0,0,1,0,0,0,0,1,0,0,0,2,0,0,0,0,2,0,0,0,2,2,0,0,0,0,0,0,0,0, ,0,0,0,0,0,0,0,0,No, ,Si,1,No, ,No, ,No, ,Si,1,Si,1,Si,1,Si,1,Si,1,Si,2,Si,2,Si,3,Si,4,17,0,No, ,No, , , , , , , , , , , , , , , , , , , , , , , , , , , , , , , , , , , , , , , , , , , , , , , , , , , , , , , , , , , , ,-12.68943476,-73.73740306
7010,050408,08,LLOCHEGUA,De 20001 - 40000 Hab,Distrital, , , , , , , , , , , , , , , , , , , , , , , , , , , , ,2,5,4,8,Si,No,5,4,9,Si,No, , , , , , , , , , , , , , , , , , , , , , , , , , , , , , , , , , , , , , , , ,11,1,0,0,0,10,0,0,0,2,0,0,0,0,2,0,0,0,2,0,0,0,0,2,0,0,0,0,0,0,0,0,0,0,0,0,1,0,0,0,0,1,0,0,0,1,0,0,0,0,1,0,0,0,2,0,0,0,0,2,0,0,0,1,0,0,0,0,1,0,0,0,1,0,0,0,0,1,0,0,0,1,1,0,0,0,0,0,0,0,0, ,0,0,0,0,0,0,0,0,No, ,No, ,Si,1,No, ,No, ,No, ,No, ,No, ,Si,2,No, ,Si,1,Si,2,Si,5,No, ,11,0,No, ,No, , , , , , , , , , , , , , , , , , , , , , , , , , , , , , , , , , , , , , , , , , , , , , , , , , , , , , , , , , , , ,-12.413263,-73.910943
7011,090707,07,HUACHOCOLPA,De 5000 - 10000 Hab,Distrital, , , , , , , , , , , , , , , , , , , , , , , , , , , , ,3,9,7,7,Si,No,9,7,21,Si,No,9,7,18,Si,No, , , , , , , , , , , , , , , , , , , , , , , , , , , , , , , , , , , ,29,3,0,0,0,26,0,0,0,1,0,0,0,0,1,0,0,0,4,0,0,0,0,4,0,0,0,8,0,0,0,0,8,0,0,0,4,0,0,0,0,4,0,0,0,2,0,0,0,0,2,0,0,0,2,0,0,0,0,2,0,0,0,3,0,0,0,0,3,0,0,0,2,0,0,0,0,2,0,0,0,3,3,0,0,0,0,0,0,0,0, ,0,0,0,0,0,0,0,0,No, ,Si,1,No, ,Si,1,No, ,Si,1,Si,2,Si,3,Si,1,Si,1,Si,2,Si,5,Si,9,Si,3,29,0,No, ,Sí,2,7,7, , , , , , , , , , , , , , , , , , , , , , , , , , , , , , , , , , , , , , ,Ninguna, , , , , , , , , , , , , , , , , , ,-12.04833878,-74.59439756
7013,020703,03,YAUYA,De 10001 - 20000 Hab,Distrital, , , , , , , , , , , , , , , , , , , , , , , , , , , , ,2,2,7,3,Si,No,2,7,2,Si,No, , , , , , , , , , , , , , , , , , , , , , , , , , , , , , , , , , , , , , , , ,7,0,0,0,0,7,0,0,0,1,0,0,0,0,1,0,0,0,1,0,0,0,0,1,0,0,0,1,0,0,0,0,1,0,0,0,1,0,0,0,0,1,0,0,0,0,0,0,0,0,0,0,0,0,1,0,0,0,0,1,0,0,0,1,0,0,0,0,1,0,0,0,0,0,0,0,0,0,0,0,0,1,0,0,0,0,1,0,0,0,0, ,0,0,0,0,0,0,0,0,No, ,No, ,No, ,No, ,No, ,No, ,Si,1,No, ,No, ,Si,1,No, ,No, ,Si,2,Si,3,7,0,Sí,2,No, , , , , , , , , , , , , , , , , , , , , , , , , , , , , , , , , , , , , , , , , , , , , , , , , , , , , , , , , , , , ,-8.98991646,-77.29080174
8001,021801,01,CHIMBOTE,Menos de 5000 Hab,Provincial, , , , , , , ,1,2,18, , , , , , , , , , , , , , , , , , , , , , , , , , , , , , , , , , , , , , , , , , , , , , , , , , , , , , , , , , , , , , , , , , , , , ,17,0,0,0,0,15,2,0,0,1,0,0,0,0,0,1,0,0,4,0,0,0,0,4,0,0,0,0,0,0,0,0,0,0,0,0,7,0,0,0,0,7,0,0,0,0,0,0,0,0,0,0,0,0,0,0,0,0,0,0,0,0,0,1,0,0,0,0,0,1,0,0,3,0,0,0,0,3,0,0,0,1,0,0,0,0,1,0,0,0,0, ,0,0,0,0,0,0,0,0,No, ,No, ,No, ,No, ,No, ,No, ,Si,1,Si,2,No, ,Si,2,No, ,No, ,Si,1,Si,11,17,0,No, ,No, , , , , , , , , , , , , , , , , , , , , , , , , , , , , , , , , , , , , , , , , , , , , , , , , , , , , , , , , , , , ,-8.9648039,-78.58551042
8002,200601,01,SULLANA,De 20001 - 40000 Hab,Distrital, , , , , , , , , , , , , , , , , , , , , , , , , , , , ,1,20,6,1,No,Si, , , , , , , , , , , , , , , , , , , , , , , , , , , , , , , , , , , , , , , , , , , , , ,50,1,0,0,0,41,8,0,0,4,0,0,0,0,3,1,0,0,8,0,0,0,0,8,0,0,0,13,0,0,0,0,12,1,0,0,7,0,0,0,0,7,0,0,0,2,0,0,0,0,2,0,0,0,3,0,0,0,0,0,3,0,0,4,0,0,0,0,1,3,0,0,8,0,0,0,0,8,0,0,0,1,1,0,0,0,0,0,0,0,0, ,0,0,0,0,0,0,0,0,No, ,No, ,Si,1,No, ,No, ,No, ,Si,4,Si,2,No, ,No, ,Si,1,Si,1,Si,2,Si,39,50,1,Sí,10,Sí,2,10,10, , , , , , , , , , , , , , , , , , , , , , , , , , , , , , , , , , , , , , ,Ninguna, , , , , , , , , , , , , , , , , , ,-4.91054252,-80.68257311
8003,100904,04,TOURNAVISTA,De 10001 - 20000 Hab,Distrital, , , , , , , , , , , , , , , , , , , , , , , , , , , , ,1,10,9,4,Si,No, , , , , , , , , , , , , , , , , , , , , , , , , , , , , , , , , , , , , , , , , , , , , ,11,0,0,0,0,11,0,0,0,1,0,0,0,0,1,0,0,0,3,0,0,0,0,3,0,0,0,0,0,0,0,0,0,0,0,0,1,0,0,0,0,1,0,0,0,1,0,0,0,0,1,0,0,0,1,0,0,0,0,1,0,0,0,1,0,0,0,0,1,0,0,0,2,0,0,0,0,2,0,0,0,1,0,0,0,0,1,0,0,0,0, ,0,0,0,0,0,0,0,0,No, ,No, ,No, ,No, ,No, ,No, ,No, ,Si,1,Si,1,No, ,No, ,No, ,Si,1,Si,8,11,0,Sí,3,No, , , , , , , , , , , , , , , , , , , , , , , , , , , , , , , , , , , , , , , , , , , , , , , , , , , , , , , , , , , , ,-8.93077042,-74.70666534
8004,100902,02,CODO DEL POZUZO,De 5000 - 10000 Hab,Distrital, , , , , , , , , , , , , , , , , , , , , , , , , , , , ,1,10,9,2,Si,No, , , , , , , , , , , , , , , , , , , , , , , , , , , , , , , , , , , , , , , , , , , , , ,11,0,0,0,0,11,0,0,0,1,0,0,0,0,1,0,0,0,4,0,0,0,0,4,0,0,0,0,0,0,0,0,0,0,0,0,1,0,0,0,0,1,0,0,0,1,0,0,0,0,1,0,0,0,1,0,0,0,0,1,0,0,0,1,0,0,0,0,1,0,0,0,1,0,0,0,0,1,0,0,0,1,0,0,0,0,1,0,0,0,0, ,0,0,0,0,0,0,0,0,No, ,No, ,No, ,No, ,No, ,No, ,No, ,No, ,No, ,No, ,No, ,Si,4,Si,4,Si,3,11,0,No, ,No, , , , , , , , , , , , , , , , , , , , , , , , , , , , , , , , , , , , , , , , , , , , , , , , , , , , , , , , , , , , ,-9.669198,-75.46248
8005,100905,05,YUYAPICHIS,De 10001 - 20000 Hab,Distrital, , , , , , , , , , , , , , , , , , , , , , , , , , , , ,1,10,9,5,Si,No, , , , , , , , , , , , , , , , , , , , , , , , , , , , , , , , , , , , , , , , , , , , , ,11,0,0,0,0,11,0,0,0,1,0,0,0,0,1,0,0,0,2,0,0,0,0,2,0,0,0,1,0,0,0,0,1,0,0,0,1,0,0,0,0,1,0,0,0,1,0,0,0,0,1,0,0,0,1,0,0,0,0,1,0,0,0,1,0,0,0,0,1,0,0,0,2,0,0,0,0,2,0,0,0,1,0,0,0,0,1,0,0,0,0, ,0,0,0,0,0,0,0,0,No, ,No, ,No, ,No, ,No, ,No, ,No, ,No, ,Si,1,No, ,No, ,Si,2,Si,4,Si,4,11,0,No, ,Sí,1,11, , , , , , , , , , , , , , , , , , , , , , , , , , , , , , , , , , , , , , , ,Ninguna, , , , , , , , , , , , , , , , , , ,-9.627817,-74.97534
8006,100903,03,HONORIA,De 5000 - 10000 Hab,Distrital, , , , , , , , , , , , , , , , , , , , , , , , , , , , ,1,10,9,3,Si,No, , , , , , , , , , , , , , , , , , , , , , , , , , , , , , , , , , , , , , , , , , , , , ,11,0,0,0,0,11,0,0,0,1,0,0,0,0,1,0,0,0,2,0,0,0,0,2,0,0,0,0,0,0,0,0,0,0,0,0,1,0,0,0,0,1,0,0,0,1,0,0,0,0,1,0,0,0,1,0,0,0,0,1,0,0,0,1,0,0,0,0,1,0,0,0,3,0,0,0,0,3,0,0,0,1,0,0,0,0,1,0,0,0,0, ,0,0,0,0,0,0,0,0,No, ,No, ,No, ,No, ,No, ,No, ,No, ,No, ,Si,1,Si,1,No, ,Si,1,No, ,Si,8,11,0,No, ,No, , , , , , , , , , , , , , , , , , , , , , , , , , , , , , , , , , , , , , , , , , , , , , , , , , , , , , , , , , , , ,-8.76939977,-74.70929861
8007,190110,10,TICLACAYAN,De 5000 - 10000 Hab,Distrital, , , , , , , , , , , , , , , , , , , , , , , , , , , , ,1,19,1,10,No,Si, , , , , , , , , , , , , , , , , , , , , , , , , , , , , , , , , , , , , , , , , , , , , ,15,0,0,0,0,13,2,0,0,2,0,0,0,0,0,2,0,0,3,0,0,0,0,3,0,0,0,2,0,0,0,0,2,0,0,0,1,0,0,0,0,1,0,0,0,2,0,0,0,0,2,0,0,0,1,0,0,0,0,1,0,0,0,1,0,0,0,0,1,0,0,0,2,0,0,0,0,2,0,0,0,1,0,0,0,0,1,0,0,0,0, ,0,0,0,0,0,0,0,0,No, ,No, ,No, ,No, ,No, ,No, ,No, ,Si,1,Si,1,No, ,No, ,Si,1,Si,3,Si,9,15,0,No, ,Sí,1,8, , , , , , , , , , , , , , , , , , , , , , , , , , , , , , , , , , , , , , , ,Ninguna, , , , , , , , , , , , , , , , , , ,-10.5346277,-76.16585129
8008,070101,01,CALLAO,De 5000 - 10000 Hab,Otros,LOCAL, , , , , , , , , , , , , , , , , , , , , , , , , , , , , , , , , , , , , , , , , , , , , , , , , , , , , , , , , , , , , , , , , , , , , , , , , , , , , , ,57,6,0,0,0,45,6,0,0,6,0,0,0,0,1,5,0,0,12,0,0,0,0,12,0,0,0,18,0,0,0,0,17,1,0,0,4,0,0,0,0,4,0,0,0,2,0,0,0,0,2,0,0,0,0,0,0,0,0,0,0,0,0,0,0,0,0,0,0,0,0,0,9,0,0,0,0,9,0,0,0,6,6,0,0,0,0,0,0,0,0, ,0,0,0,0,0,0,0,0,No, ,Si,1,Si,1,Si,2,No, ,Si,2,Si,4,Si,7,Si,4,Si,7,Si,4,Si,4,Si,16,Si,5,57,0,No, ,No, , , , , , , , , , , , , , , , , , , , , , , , , , , , , , , , , , , , , , , , , , , , , , , , , , , , , , , , , , , , ,-12.025928,-77.104697
8009,230101,01,TACNA,De 20001 - 40000 Hab,Otros,LOCAL, , , , , , , , , , , , , , , , , , , , , , , , , , , , , , , , , , , , , , , , , , , , , , , , , , , , , , , , , , , , , , , , , , , , , , , , , , , , , , ,35,2,0,0,0,26,7,0,0,0,0,0,0,0,0,0,0,0,4,0,0,0,0,4,0,0,0,0,0,0,0,0,0,0,0,0,0,0,0,0,0,0,0,0,0,0,0,0,0,0,0,0,0,0,0,0,0,0,0,0,0,0,0,0,0,0,0,0,0,0,0,0,27,0,0,0,0,20,7,0,0,4,2,0,0,0,2,0,0,0,0, ,0,0,0,0,0,0,0,0,No, ,No, ,Si,1,No, ,No, ,Si,1,Si,4,Si,4,Si,3,Si,1,Si,1,No, ,No, ,Si,20,35,0,Sí,1,Sí,2,5,5, , , , , , , , , , , , , , , , , , , , , , , , , , , , , , , , , , , , , , ,Ninguna, , , , , , , , , , , , , , , , , , ,-18.308463,-70.313822
8100,080907,07,KIMBIRI,Menos de 5000 Hab,Distrital, , , , , , , , , , , , , , , , , , , , , , , , , , , , ,2,8,9,7,Si,No,8,9,7,Si,No, , , , , , , , , , , , , , , , , , , , , , , , , , , , , , , , , , , , , , , , ,15,1,0,0,0,14,0,0,0,1,0,0,0,0,1,0,0,0,5,0,0,0,0,5,0,0,0,0,0,0,0,0,0,0,0,0,1,0,0,0,0,1,0,0,0,1,0,0,0,0,1,0,0,0,0,0,0,0,0,0,0,0,0,0,0,0,0,0,0,0,0,0,6,0,0,0,0,6,0,0,0,1,1,0,0,0,0,0,0,0,0, ,0,0,0,0,0,0,0,0,No, ,No, ,No, ,No, ,No, ,Si,1,No, ,No, ,Si,1,Si,1,No, ,Si,2,Si,4,Si,6,15,0,No, ,No, , , , , , , , , , , , , , , , , , , , , , , , , , , , , , , , , , , , , , , , , , , , , , , , , , , , , , , , , , , , ,-12.79974,-73.502352
8101,160801,01,PUTUMAYO,Menos de 5000 Hab,Provincial, , , , , , , ,1,16,8, , , , , , , , , , , , , , , , , , , , , , , , , , , , , , , , , , , , , , , , , , , , , , , , , , , , , , , , , , , , , , , , , , , , , ,16,0,0,0,0,13,3,0,0,1,0,0,0,0,1,0,0,0,5,0,0,0,0,5,0,0,0,0,0,0,0,0,0,0,0,0,2,0,0,0,0,2,0,0,0,1,0,0,0,0,1,0,0,0,3,0,0,0,0,2,1,0,0,1,0,0,0,0,0,1,0,0,2,0,0,0,0,1,1,0,0,1,0,0,0,0,1,0,0,0,0, ,0,0,0,0,0,0,0,0,No, ,No, ,No, ,No, ,No, ,No, ,Si,1,No, ,Si,1,Si,1,Si,1,Si,1,Si,3,Si,8,16,0,No, ,No, , , , , , , , , , , , , , , , , , , , , , , , , , , , , , , , , , , , , , , , , , , , , , , , , , , , , , , , , , , , ,-2.44717886,-72.66866165
8102,150132,32,SAN JUAN DE LURIGANCHO,De 40001 - 80000 Hab,Distrital, , , , , , , , , , , , , , , , , , , , , , , , , , , , ,1,15,7,16,No,Si, , , , , , , , , , , , , , , , , , , , , , , , , , , , , , , , , , , , , , , , , , , , , ,65,3,1,0,0,53,7,1,0,10,0,0,0,0,10,0,0,0,22,0,0,0,0,20,2,0,0,0,0,0,0,0,0,0,0,0,14,2,0,0,0,10,2,0,0,3,0,0,0,0,2,1,0,0,5,0,0,0,0,3,2,0,0,5,0,0,0,0,5,0,0,0,5,0,1,0,0,3,0,1,0,1,1,0,0,0,0,0,0,0,0, ,0,0,0,0,0,0,0,0,No, ,No, ,Si,1,Si,1,Si,1,Si,1,Si,5,Si,11,Si,8,Si,2,Si,4,Si,4,Si,12,Si,15,65,5,No, ,No, , , , , , , , , , , , , , , , , , , , , , , , , , , , , , , , , , , , , , , , , , , , , , , , , , , , , , , , , , , , ,-11.925687,-76.961623
8103,130302,02,BAMBAMARCA,Menos de 5000 Hab,Distrital, , , , , , , , , , , , , , , , , , , , , , , , , , , , ,2,13,3,2,Si,No,13,3,3,Si,No, , , , , , , , , , , , , , , , , , , , , , , , , , , , , , , , , , , , , , , , ,9,0,0,0,0,9,0,0,0,1,0,0,0,0,1,0,0,0,0,0,0,0,0,0,0,0,0,2,0,0,0,0,2,0,0,0,1,0,0,0,0,1,0,0,0,1,0,0,0,0,1,0,0,0,1,0,0,0,0,1,0,0,0,1,0,0,0,0,1,0,0,0,1,0,0,0,0,1,0,0,0,1,0,0,0,0,1,0,0,0,0, ,0,0,0,0,0,0,0,0,No, ,No, ,No, ,No, ,No, ,No, ,Si,1,Si,1,No, ,No, ,No, ,No, ,Si,2,Si,5,9,0,No, ,No, , , , , , , , , , , , , , , , , , , , , , , , , , , , , , , , , , , , , , , , , , , , , , , , , , , , , , , , , , , , ,-7.4396606,-77.69285541
8104,081003,03,CCAPI,Menos de 5000 Hab,Distrital, , , , , , , , , , , , , , , , , , , , , , , , , , , , ,1,8,10,3,Si,No, , , , , , , , , , , , , , , , , , , , , , , , , , , , , , , , , , , , , , , , , , , , , ,13,0,0,0,0,13,0,0,0,1,0,0,0,0,1,0,0,0,3,0,0,0,0,3,0,0,0,2,0,0,0,0,2,0,0,0,1,0,0,0,0,1,0,0,0,1,0,0,0,0,1,0,0,0,1,0,0,0,0,1,0,0,0,1,0,0,0,0,1,0,0,0,2,0,0,0,0,2,0,0,0,1,0,0,0,0,1,0,0,0,0, ,0,0,0,0,0,0,0,0,No, ,No, ,No, ,No, ,No, ,No, ,No, ,Si,2,Si,5,Si,2,No, ,Si,2,No, ,Si,2,13,0,No, ,Sí,1,6, , , , , , , , , , , , , , , , , , , , , , , , , , , , , , , , , , , , , , , ,Ninguna, , , , , , , , , , , , , , , , , , ,-13.85689142,-72.07737686
8105,010101,01,CHACHAPOYAS,De 40001 - 80000 Hab,Distrital, , , , , , , , , , , , , , , , , , , , , , , , , , , , ,1,1,1,1,Si,No, , , , , , , , , , , , , , , , , , , , , , , , , , , , , , , , , , , , , , , , , , , , , ,19,0,0,0,0,5,14,0,0,2,0,0,0,0,0,2,0,0,0,0,0,0,0,0,0,0,0,0,0,0,0,0,0,0,0,0,0,0,0,0,0,0,0,0,0,0,0,0,0,0,0,0,0,0,15,0,0,0,0,4,11,0,0,0,0,0,0,0,0,0,0,0,1,0,0,0,0,0,1,0,0,1,0,0,0,0,1,0,0,0,0, ,0,0,0,0,0,0,0,0,No, ,No, ,No, ,No, ,No, ,No, ,Si,1,No, ,No, ,No, ,No, ,No, ,Si,8,Si,10,19,0,Sí,6,No, , , , , , , , , , , , , , , , , , , , , , , , , , , , , , , , , , , , , , , , , , , , , , , , , , , , , , , , , , , , ,-6.22815845,-77.87337763
8106,080910,10,PICHARI,Menos de 5000 Hab,Otros,CENTRO POBLADO, , , , , , , , , , , , , , , , , , , , , , , , , , , , , , , , , , , , , , , , , , , , , , , , , , , , , , , , , , , , , , , , , , , , , , , , , , , , , , ,11,1,0,0,0,10,0,0,0,1,0,0,0,0,1,0,0,0,3,0,0,0,0,3,0,0,0,1,0,0,0,0,1,0,0,0,1,0,0,0,0,1,0,0,0,1,0,0,0,0,1,0,0,0,1,0,0,0,0,1,0,0,0,1,0,0,0,0,1,0,0,0,1,0,0,0,0,1,0,0,0,1,1,0,0,0,0,0,0,0,0, ,0,0,0,0,0,0,0,0,No, ,No, ,No, ,Si,1,No, ,No, ,No, ,No, ,Si,1,No, ,Si,1,Si,1,Si,6,Si,1,11,0,No, ,No, , , , , , , , , , , , , , , , , , , , , , , , , , , , , , , , , , , , , , , , , , , , , , , , , , , , , , , , , , , , ,-12.257573,-73.957078
8107,080902,02,ECHARATE,De 5000 - 10000 Hab,Distrital, , , , , , , , , , , , , , , , , , , , , , , , , , , , ,1,8,9,2,No,Si, , , , , , , , , , , , , , , , , , , , , , , , , , , , , , , , , , , , , , , , , , , , , ,20,1,0,0,0,19,0,0,0,1,0,0,0,0,1,0,0,0,14,0,0,0,0,14,0,0,0,0,0,0,0,0,0,0,0,0,0,0,0,0,0,0,0,0,0,0,0,0,0,0,0,0,0,0,0,0,0,0,0,0,0,0,0,0,0,0,0,0,0,0,0,0,4,0,0,0,0,4,0,0,0,1,1,0,0,0,0,0,0,0,0, ,0,0,0,0,0,0,0,0,No, ,No, ,No, ,No, ,Si,1,No, ,No, ,Si,1,Si,3,No, ,Si,2,No, ,Si,8,Si,5,20,0,No, ,Sí,1,8, , , , , , , , , , , , , , , , , , , , , , , , , , , , , , , , , , , , , , , ,Ninguna, , , , , , , , , , , , , , , , , , ,-12.64745212,-73.04774994
8108,120901,01,CHUPACA,De 10001 - 20000 Hab,Provincial, , , , , , , ,4,12,1,12,9,12,4,12,2, , , , , , , , , , , , , , , , , , , , , , , , , , , , , , , , , , , , , , , , , , , , , , , , , , , , , , , , , , , , , , , ,31,1,0,0,0,27,3,0,0,2,0,0,0,0,0,2,0,0,26,0,0,0,0,25,1,0,0,0,0,0,0,0,0,0,0,0,0,0,0,0,0,0,0,0,0,0,0,0,0,0,0,0,0,0,0,0,0,0,0,0,0,0,0,0,0,0,0,0,0,0,0,0,2,0,0,0,0,2,0,0,0,1,1,0,0,0,0,0,0,0,0, ,0,0,0,0,0,0,0,0,No, ,No, ,No, ,Si,1,No, ,No, ,Si,3,Si,2,Si,2,Si,5,Si,4,Si,5,Si,9,No, ,31,0,No, ,No, , , , , , , , , , , , , , , , , , , , , , , , , , , , , , , , , , , , , , , , , , , , , , , , , , , , , , , , , , , , ,-12.06023775,-75.28807608
8109,230301,01,LOCUMBA,Menos de 5000 Hab,Distrital, , , , , , , , , , , , , , , , , , , , , , , , , , , , ,1,23,3,1,No,Si, , , , , , , , , , , , , , , , , , , , , , , , , , , , , , , , , , , , , , , , , , , , , ,10,1,0,0,0,9,0,0,0,5,0,0,0,0,5,0,0,0,2,0,0,0,0,2,0,0,0,0,0,0,0,0,0,0,0,0,0,0,0,0,0,0,0,0,0,0,0,0,0,0,0,0,0,0,0,0,0,0,0,0,0,0,0,0,0,0,0,0,0,0,0,0,2,0,0,0,0,2,0,0,0,1,1,0,0,0,0,0,0,0,0, ,0,0,0,0,0,0,0,0,No, ,No, ,No, ,No, ,No, ,Si,1,Si,3,Si,2,Si,1,No, ,Si,2,No, ,Si,1,No, ,10,0,No, ,Sí,2,4,4, , , , , , , , , , , , , , , , , , , , , , , , , , , , , , , , , , , , , , ,Ninguna, , , , , , , , , , , , , , , , , , ,-17.647582,-70.900195
8110,190112,12,VICCO,De 10001 - 20000 Hab,Distrital, , , , , , , , , , , , , , , , , , , , , , , , , , , , ,2,19,1,4,No,Si,19,1,12,Si,No, , , , , , , , , , , , , , , , , , , , , , , , , , , , , , , , , , , , , , , , ,19,1,0,0,0,14,4,0,0,2,0,0,0,0,2,0,0,0,2,0,0,0,0,2,0,0,0,2,0,0,0,0,2,0,0,0,2,0,0,0,0,2,0,0,0,2,0,0,0,0,2,0,0,0,2,0,0,0,0,2,0,0,0,2,0,0,0,0,2,0,0,0,4,0,0,0,0,0,4,0,0,1,1,0,0,0,0,0,0,0,0, ,0,0,0,0,0,0,0,0,No, ,No, ,No, ,Si,1,No, ,No, ,No, ,No, ,Si,1,Si,1,No, ,No, ,Si,4,Si,12,19,0,No, ,Sí,1,15, , , , , , , , , , , , , , , , , , , , , , , , , , , , , , , , , , , , , , , ,Ninguna, , , , , , , , , , , , , , , , , , ,-10.87924209,-76.29378404
8482,200115,15,VEINTISEIS DE OCTUBRE,De 80001 a más Hab,Distrital, , , , , , , , , , , , , , , , , , , , , , , , , , , , ,1,20,1,15,No,Si, , , , , , , , , , , , , , , , , , , , , , , , , , , , , , , , , , , , , , , , , , , , , ,78,2,1,0,0,65,10,0,0,6,0,0,0,0,4,2,0,0,34,0,0,0,0,34,0,0,0,18,0,0,0,0,14,4,0,0,5,0,0,0,0,5,0,0,0,2,0,0,0,0,1,1,0,0,2,0,0,0,0,0,2,0,0,1,0,0,0,0,0,1,0,0,7,0,0,0,0,7,0,0,0,3,2,1,0,0,0,0,0,0,0, ,0,0,0,0,0,0,0,0,No, ,Si,1,No, ,No, ,No, ,Si,2,Si,11,Si,8,Si,5,Si,1,Si,2,Si,3,Si,9,Si,36,78,1,Sí,10,No, , , , , , , , , , , , , , , , , , , , , , , , , , , , , , , , , , , , , , , , , , , , , , , , , , , , , , , , , , , , ,-5.17552213,-80.68074463
8483,120135,35,SANTO DOMINGO DE ACOBAMBA,De 5000 - 10000 Hab,Distrital, , , , , , , , , , , , , , , , , , , , , , , , , , , , ,3,12,1,24,Si,No,12,1,35,Si,No,12,2,3,Si,No, , , , , , , , , , , , , , , , , , , , , , , , , , , , , , , , , , , ,31,1,0,0,0,30,0,0,0,7,0,0,0,0,7,0,0,0,4,0,0,0,0,4,0,0,0,9,0,0,0,0,9,0,0,0,2,0,0,0,0,2,0,0,0,1,0,0,0,0,1,0,0,0,3,0,0,0,0,3,0,0,0,2,0,0,0,0,2,0,0,0,2,0,0,0,0,2,0,0,0,1,1,0,0,0,0,0,0,0,0, ,0,0,0,0,0,0,0,0,No, ,No, ,No, ,No, ,No, ,Si,1,Si,3,Si,1,Si,1,Si,1,Si,1,Si,4,Si,13,Si,6,31,0,No, ,No, , , , , , , , , , , , , , , , , , , , , , , , , , , , , , , , , , , , , , , , , , , , , , , , , , , , , , , , , , , , ,-11.76881948,-74.79550124
8484,080910,10,PICHARI,De 5000 - 10000 Hab,Distrital, , , , , , , , , , , , , , , , , , , , , , , , , , , , ,2,8,9,7,No,Si,8,9,10,Si,No, , , , , , , , , , , , , , , , , , , , , , , , , , , , , , , , , , , , , , , , ,9,0,1,0,0,6,2,0,0,1,0,0,0,0,1,0,0,0,0,0,0,0,0,0,0,0,0,0,0,0,0,0,0,0,0,0,0,0,0,0,0,0,0,0,0,0,0,0,0,0,0,0,0,0,7,0,0,0,0,5,2,0,0,0,0,0,0,0,0,0,0,0,0,0,0,0,0,0,0,0,0,1,0,1,0,0,0,0,0,0,0, ,0,0,0,0,0,0,0,0,No, ,No, ,No, ,No, ,No, ,Si,1,No, ,Si,1,Si,3,Si,2,Si,1,No, ,No, ,Si,1,9,1,No, ,No, , , , , , , , , , , , , , , , , , , , , , , , , , , , , , , , , , , , , , , , , , , , , , , , , , , , , , , , , , , , ,-12.52035672,-73.82735826
8490,080914,14,MEGANTONI,De 5000 - 10000 Hab,Distrital, , , , , , , , , , , , , , , , , , , , , , , , , , , , ,1,8,9,14,No,Si, , , , , , , , , , , , , , , , , , , , , , , , , , , , , , , , , , , , , , , , , , , , , ,10,1,0,0,0,9,0,0,0,1,0,0,0,0,1,0,0,0,0,0,0,0,0,0,0,0,0,4,0,0,0,0,4,0,0,0,4,0,0,0,0,4,0,0,0,0,0,0,0,0,0,0,0,0,0,0,0,0,0,0,0,0,0,0,0,0,0,0,0,0,0,0,0,0,0,0,0,0,0,0,0,1,1,0,0,0,0,0,0,0,0, ,0,0,0,0,0,0,0,0,No, ,No, ,No, ,No, ,No, ,Si,1,No, ,Si,1,No, ,No, ,No, ,Si,1,Si,1,Si,6,10,0,No, ,No, , , , , , , , , , , , , , , , , , , , , , , , , , , , , , , , , , , , , , , , , , , , , , , , , , , , , , , , , , , , ,-11.731073,-72.942742
9015,240102,02,CORRALES,Menos de 5000 Hab,Provincial, , , , , , , ,1,24,1, , , , , , , , , , , , , , , , , , , , , , , , , , , , , , , , , , , , , , , , , , , , , , , , , , , , , , , , , , , , , , , , , , , , , ,35,1,0,0,0,12,22,0,0,2,0,0,0,0,0,2,0,0,8,0,0,0,0,4,4,0,0,21,0,0,0,0,6,15,0,0,1,0,0,0,0,0,1,0,0,0,0,0,0,0,0,0,0,0,0,0,0,0,0,0,0,0,0,0,0,0,0,0,0,0,0,0,2,0,0,0,0,2,0,0,0,1,1,0,0,0,0,0,0,0,0, ,0,0,0,0,0,0,0,0,No, ,No, ,Si,1,No, ,No, ,No, ,No, ,No, ,Si,1,Si,2,No, ,No, ,No, ,Si,31,35,0,No, ,No, , , , , , , , , , , , , , , , , , , , , , , , , , , , , , , , , , , , , , , , , , , , , , , , , , , , , , , , , , , , ,-3.556349,-80.44193
9032,140101,01,CHICLAYO,De 20001 - 40000 Hab,Provincial, , , , , , , ,1,14,1, , , , , , , , , , , , , , , , , , , , , , , , , , , , , , , , , , , , , , , , , , , , , , , , , , , , , , , , , , , , , , , , , , , , , ,35,0,1,0,0,16,18,0,0,2,0,0,0,0,0,2,0,0,26,0,0,0,0,12,14,0,0,0,0,0,0,0,0,0,0,0,4,0,0,0,0,2,2,0,0,0,0,0,0,0,0,0,0,0,0,0,0,0,0,0,0,0,0,0,0,0,0,0,0,0,0,0,2,0,0,0,0,2,0,0,0,1,0,1,0,0,0,0,0,0,0, ,0,0,0,0,0,0,0,0,No, ,No, ,No, ,No, ,Si,1,No, ,Si,5,Si,2,Si,4,Si,4,Si,1,Si,3,Si,8,Si,7,35,0,No, ,Sí,2,10,10, , , , , , , , , , , , , , , , , , , , , , , , , , , , , , , , , , , , , , ,Almenos una,2,No,No,No,No,No,No,No,No,No,No,No,Si,No,Si,No,Si,PONCHO IMPERMEABLE,-6.77071074,-79.83544432
9033,020101,01,HUARAZ,De 5000 - 10000 Hab,Regional, ,1,2, , , , , , , , , , , , , , , , , , , , , , , , , , , , , , , , , , , , , , , , , , , , , , , , , , , , , , , , , , , , , , , , , , , , , , , , , , , , ,30,1,0,0,0,5,24,0,0,2,0,0,0,0,0,2,0,0,2,0,0,0,0,2,0,0,0,17,0,0,0,0,2,15,0,0,4,0,0,0,0,0,4,0,0,0,0,0,0,0,0,0,0,0,0,0,0,0,0,0,0,0,0,0,0,0,0,0,0,0,0,0,2,0,0,0,0,0,2,0,0,3,1,0,0,0,1,1,0,0,0, ,0,0,0,0,0,0,0,0,No, ,No, ,Si,1,No, ,No, ,No, ,Si,1,No, ,Si,2,No, ,No, ,Si,1,Si,9,Si,16,30,0,No, ,No, , , , , , , , , , , , , , , , , , , , , , , , , , , , , , , , , , , , , , , , , , , , , , , , , , , , , , , , , , , , ,-9.52982765,-77.52931108
9034,040101,01,AREQUIPA,De 80001 a más Hab,Provincial, , , , , , , ,1,4,1, , , , , , , , , , , , , , , , , , , , , , , , , , , , , , , , , , , , , , , , , , , , , , , , , , , , , , , , , , , , , , , , , , , , , ,130,3,0,0,0,47,80,0,0,16,0,0,0,0,2,14,0,0,40,0,0,0,0,28,12,0,0,49,0,0,0,0,2,47,0,0,8,0,0,0,0,4,4,0,0,0,0,0,0,0,0,0,0,0,0,0,0,0,0,0,0,0,0,0,0,0,0,0,0,0,0,0,9,0,0,0,0,6,3,0,0,8,3,0,0,0,5,0,0,0,0, ,0,0,0,0,0,0,0,0,No, ,Si,1,Si,1,Si,1,No, ,No, ,Si,7,Si,8,Si,3,Si,3,Si,18,Si,17,Si,41,Si,30,130,0,No, ,Sí,5,26,27,27,25,24, , , , , , , , , , , , , , , , , , , , , , , , , , , , , , , , , , , ,Ninguna, , , , , , , , , , , , , , , , , , ,-16.3959569,-71.53399762
9040,060101,01,CAJAMARCA,De 10001 - 20000 Hab,Regional, ,1,6, , , , , , , , , , , , , , , , , , , , , , , , , , , , , , , , , , , , , , , , , , , , , , , , , , , , , , , , , , , , , , , , , , , , , , , , , , , , ,17,0,0,0,0,6,11,0,0,1,0,0,0,0,0,1,0,0,1,0,0,0,0,1,0,0,0,11,0,0,0,0,2,9,0,0,1,0,0,0,0,0,1,0,0,0,0,0,0,0,0,0,0,0,0,0,0,0,0,0,0,0,0,0,0,0,0,0,0,0,0,0,2,0,0,0,0,2,0,0,0,1,0,0,0,0,1,0,0,0,0, ,0,0,0,0,0,0,0,0,No, ,No, ,No, ,No, ,No, ,No, ,No, ,Si,1,No, ,No, ,No, ,No, ,Si,4,Si,12,17,0,No, ,Sí,2,8,6, , , , , , , , , , , , , , , , , , , , , , , , , , , , , , , , , , , , , , ,Ninguna, , , , , , , , , , , , , , , , , , ,-7.15820365,-78.51700017
9043,070101,01,CALLAO,De 40001 - 80000 Hab,Distrital, , , , , , , , , , , , , , , , , , , , , , , , , , , , ,1,7,1,1,No,Si, , , , , , , , , , , , , , , , , , , , , , , , , , , , , , , , , , , , , , , , , , , , , ,64,3,0,0,0,57,4,0,0,8,0,0,0,0,5,3,0,0,29,0,0,0,0,29,0,0,0,0,0,0,0,0,0,0,0,0,5,0,0,0,0,5,0,0,0,2,0,0,0,0,2,0,0,0,2,0,0,0,0,2,0,0,0,3,0,0,0,0,2,1,0,0,12,0,0,0,0,12,0,0,0,3,3,0,0,0,0,0,0,0,0, ,0,0,0,0,0,0,0,0,No, ,No, ,Si,1,No, ,No, ,Si,2,Si,4,Si,5,Si,8,Si,2,Si,2,Si,1,Si,6,Si,33,64,0,No, ,Sí,2,9,9, , , , , , , , , , , , , , , , , , , , , , , , , , , , , , , , , , , , , , ,Ninguna, , , , , , , , , , , , , , , , , , ,-11.97848143,-77.12322381
9060,050203,03,LOS MOROCHUCOS,De 10001 - 20000 Hab,Distrital, , , , , , , , , , , , , , , , , , , , , , , , , , , , ,2,5,2,3,Si,No,5,2,4,Si,No, , , , , , , , , , , , , , , , , , , , , , , , , , , , , , , , , , , , , , , , ,9,1,0,0,0,8,0,0,0,1,0,0,0,0,1,0,0,0,2,0,0,0,0,2,0,0,0,0,0,0,0,0,0,0,0,0,1,0,0,0,0,1,0,0,0,1,0,0,0,0,1,0,0,0,1,0,0,0,0,1,0,0,0,1,0,0,0,0,1,0,0,0,1,0,0,0,0,1,0,0,0,1,1,0,0,0,0,0,0,0,0, ,0,0,0,0,0,0,0,0,No, ,No, ,No, ,No, ,Si,1,No, ,Si,1,No, ,No, ,No, ,Si,1,Si,1,Si,2,Si,3,9,0,No, ,No, , , , , , , , , , , , , , , , , , , , , , , , , , , , , , , , , , , , , , , , , , , , , , , , , , , , , , , , , , , , ,-13.55769118,-74.19594801
9061,030417,17,YANACA,Menos de 5000 Hab,Distrital, , , , , , , , , , , , , , , , , , , , , , , , , , , , ,2,3,4,10,Si,No,3,4,17,Si,No, , , , , , , , , , , , , , , , , , , , , , , , , , , , , , , , , , , , , , , , ,10,0,0,0,0,10,0,0,0,1,0,0,0,0,1,0,0,0,0,0,0,0,0,0,0,0,0,2,0,0,0,0,2,0,0,0,1,0,0,0,0,1,0,0,0,1,0,0,0,0,1,0,0,0,1,0,0,0,0,1,0,0,0,1,0,0,0,0,1,0,0,0,2,0,0,0,0,2,0,0,0,1,0,0,0,0,1,0,0,0,0, ,0,0,0,0,0,0,0,0,No, ,No, ,No, ,No, ,No, ,No, ,No, ,Si,1,No, ,Si,1,Si,1,Si,1,No, ,Si,6,10,0,No, ,No, , , , , , , , , , , , , , , , , , , , , , , , , , , , , , , , , , , , , , , , , , , , , , , , , , , , , , , , , , , , ,-14.22594494,-73.16020696
9063,230101,01,TACNA,De 80001 a más Hab,Regional, ,1,23, , , , , , , , , , , , , , , , , , , , , , , , , , , , , , , , , , , , , , , , , , , , , , , , , , , , , , , , , , , , , , , , , , , , , , , , , , , , ,23,0,1,0,0,3,19,0,0,1,0,0,0,0,0,1,0,0,8,0,0,0,0,1,7,0,0,4,0,0,0,0,2,2,0,0,5,0,0,0,0,0,5,0,0,0,0,0,0,0,0,0,0,0,0,0,0,0,0,0,0,0,0,0,0,0,0,0,0,0,0,0,4,0,0,0,0,0,4,0,0,1,0,1,0,0,0,0,0,0,0, ,0,0,0,0,0,0,0,0,No, ,No, ,Si,1,No, ,No, ,No, ,No, ,No, ,Si,1,Si,1,No, ,No, ,Si,4,Si,16,23,0,No, ,Sí,5,4,4,4,5,4, , , , , , , , , , , , , , , , , , , , , , , , , , , , , , , , , , , ,Ninguna, , , , , , , , , , , , , , , , , , ,-18.01466812,-70.25283536
9064,250105,05,YARINACOCHA,De 80001 a más Hab,Distrital, , , , , , , , , , , , , , , , , , , , , , , , , , , , ,1,25,1,5,Si,No, , , , , , , , , , , , , , , , , , , , , , , , , , , , , , , , , , , , , , , , , , , , , ,15,0,0,0,0,4,11,0,0,3,0,0,0,0,0,3,0,0,6,0,0,0,0,2,4,0,0,2,0,0,0,0,0,2,0,0,1,0,0,0,0,1,0,0,0,0,0,0,0,0,0,0,0,0,0,0,0,0,0,0,0,0,0,0,0,0,0,0,0,0,0,0,2,0,0,0,0,0,2,0,0,1,0,0,0,0,1,0,0,0,0, ,0,0,0,0,0,0,0,0,No, ,No, ,No, ,No, ,No, ,No, ,Si,1,No, ,No, ,No, ,No, ,Si,2,Si,3,Si,9,15,0,No, ,No, , , , , , , , , , , , , , , , , , , , , , , , , , , , , , , , , , , , , , , , , , , , , , , , , , , , , , , , , , , , ,-8.405296,-74.631038
9065,210101,01,PUNO,De 10001 - 20000 Hab,Provincial, , , , , , , ,1,21,1, , , , , , , , , , , , , , , , , , , , , , , , , , , , , , , , , , , , , , , , , , , , , , , , , , , , , , , , , , , , , , , , , , , , , ,44,1,0,0,0,24,19,0,0,3,0,0,0,0,0,3,0,0,15,0,0,0,0,9,6,0,0,18,0,0,0,0,11,7,0,0,5,0,0,0,0,4,1,0,0,0,0,0,0,0,0,0,0,0,0,0,0,0,0,0,0,0,0,0,0,0,0,0,0,0,0,0,2,0,0,0,0,0,2,0,0,1,1,0,0,0,0,0,0,0,0, ,0,0,0,0,0,0,0,0,No, ,No, ,Si,1,No, ,No, ,No, ,Si,3,Si,4,Si,1,Si,1,Si,2,Si,1,Si,11,Si,20,44,0,Sí,1,No, , , , , , , , , , , , , , , , , , , , , , , , , , , , , , , , , , , , , , , , , , , , , , , , , , , , , , , , , , , , ,-15.84046224,-70.02861644
9067,080108,08,WANCHAQ,De 80001 a más Hab,Provincial, , , , , , , ,1,8,1, , , , , , , , , , , , , , , , , , , , , , , , , , , , , , , , , , , , , , , , , , , , , , , , , , , , , , , , , , , , , , , , , , , , , ,151,2,2,0,0,100,47,0,0,17,0,0,0,0,6,11,0,0,88,0,0,0,0,63,25,0,0,20,0,0,0,0,10,10,0,0,13,0,0,0,0,12,1,0,0,0,0,0,0,0,0,0,0,0,0,0,0,0,0,0,0,0,0,0,0,0,0,0,0,0,0,0,7,0,0,0,0,7,0,0,0,6,2,2,0,0,2,0,0,0,0, ,0,0,0,0,0,0,0,0,No, ,Si,1,No, ,Si,1,Si,2,No, ,Si,4,Si,4,Si,4,Si,3,Si,1,Si,14,Si,36,Si,81,151,0,No, ,No, , , , , , , , , , , , , , , , , , , , , , , , , , , , , , , , , , , , , , , , , , , , , , , , , , , , , , , , , , , , ,-13.52284418,-71.96719293
9070,110101,01,ICA,Menos de 5000 Hab,Regional, ,1,11, , , , , , , , , , , , , , , , , , , , , , , , , , , , , , , , , , , , , , , , , , , , , , , , , , , , , , , , , , , , , , , , , , , , , , , , , , , , ,30,1,0,0,0,18,11,0,0,4,0,0,0,0,0,4,0,0,10,0,0,0,0,7,3,0,0,0,0,0,0,0,0,0,0,0,0,0,0,0,0,0,0,0,0,0,0,0,0,0,0,0,0,0,0,0,0,0,0,0,0,0,0,0,0,0,0,0,0,0,0,0,2,0,0,0,0,2,0,0,0,1,1,0,0,0,0,0,0,0,13,OPERATIVAS,0,0,0,0,9,4,0,0,No, ,No, ,Si,1,No, ,No, ,No, ,Si,3,Si,2,Si,3,No, ,No, ,Si,2,Si,10,Si,9,30,0,No, ,No, , , , , , , , , , , , , , , , , , , , , , , , , , , , , , , , , , , , , , , , , , , , , , , , , , , , , , , , , , , , ,-14.06607999,-75.72788374
9071,090101,01,HUANCAVELICA,De 5000 - 10000 Hab,Regional, ,1,9, , , , , , , , , , , , , , , , , , , , , , , , , , , , , , , , , , , , , , , , , , , , , , , , , , , , , , , , , , , , , , , , , , , , , , , , , , , , ,16,0,0,0,0,1,15,0,0,1,0,0,0,0,0,1,0,0,4,0,0,0,0,0,4,0,0,8,0,0,0,0,0,8,0,0,0,0,0,0,0,0,0,0,0,0,0,0,0,0,0,0,0,0,0,0,0,0,0,0,0,0,0,0,0,0,0,0,0,0,0,0,2,0,0,0,0,0,2,0,0,1,0,0,0,0,1,0,0,0,0, ,0,0,0,0,0,0,0,0,No, ,No, ,No, ,No, ,No, ,No, ,Si,1,No, ,No, ,No, ,No, ,No, ,Si,1,Si,14,16,0,No, ,No, , , , , , , , , , , , , , , , , , , , , , , , , , , , , , , , , , , , , , , , , , , , , , , , , , , , , , , , , , , , ,-12.78238008,-74.9646041
9072,120101,01,HUANCAYO,De 20001 - 40000 Hab,Distrital, , , , , , , , , , , , , , , , , , , , , , , , , , , , ,1,12,1,1,Si,No, , , , , , , , , , , , , , , , , , , , , , , , , , , , , , , , , , , , , , , , , , , , , ,66,0,1,0,0,27,37,1,0,15,0,0,0,0,4,10,1,0,8,0,0,0,0,5,3,0,0,0,0,0,0,0,0,0,0,0,0,0,0,0,0,0,0,0,0,0,0,0,0,0,0,0,0,0,30,0,0,0,0,8,22,0,0,0,0,0,0,0,0,0,0,0,11,0,0,0,0,9,2,0,0,2,0,1,0,0,1,0,0,0,0, ,0,0,0,0,0,0,0,0,No, ,No, ,No, ,No, ,Si,1,No, ,Si,5,Si,1,No, ,No, ,Si,5,Si,5,Si,9,Si,40,66,1,No, ,No, , , , , , , , , , , , , , , , , , , , , , , , , , , , , , , , , , , , , , , , , , , , , , , , , , , , , , , , , , , , ,-12.06542776,-75.20445416
9073,120101,01,HUANCAYO,De 80001 a más Hab,Regional, ,1,12, , , , , , , , , , , , , , , , , , , , , , , , , , , , , , , , , , , , , , , , , , , , , , , , , , , , , , , , , , , , , , , , , , , , , , , , , , , , ,38,0,1,0,0,2,35,0,0,6,0,0,0,0,1,5,0,0,12,0,0,0,0,1,11,0,0,11,0,0,0,0,0,11,0,0,2,0,0,0,0,0,2,0,0,0,0,0,0,0,0,0,0,0,0,0,0,0,0,0,0,0,0,0,0,0,0,0,0,0,0,0,6,0,0,0,0,0,6,0,0,1,0,1,0,0,0,0,0,0,0, ,0,0,0,0,0,0,0,0,No, ,No, ,No, ,No, ,Si,1,No, ,Si,1,No, ,Si,1,No, ,Si,2,Si,5,Si,13,Si,15,38,0,No, ,Sí,3,10,10,10, , , , , , , , , , , , , , , , , , , , , , , , , , , , , , , , , , , , , ,Ninguna, , , , , , , , , , , , , , , , , , ,-12.06472917,-75.20725854
9074,010101,01,CHACHAPOYAS,De 80001 a más Hab,Regional, ,1,1, , , , , , , , , , , , , , , , , , , , , , , , , , , , , , , , , , , , , , , , , , , , , , , , , , , , , , , , , , , , , , , , , , , , , , , , , , , , ,22,1,0,0,0,13,8,0,0,3,0,0,0,0,1,2,0,0,7,0,0,0,0,7,0,0,0,4,0,0,0,0,0,4,0,0,3,0,0,0,0,3,0,0,0,0,0,0,0,0,0,0,0,0,0,0,0,0,0,0,0,0,0,0,0,0,0,0,0,0,0,0,2,0,0,0,0,0,2,0,0,3,1,0,0,0,2,0,0,0,0, ,0,0,0,0,0,0,0,0,No, ,No, ,No, ,No, ,Si,1,No, ,No, ,Si,1,Si,2,No, ,No, ,No, ,Si,8,Si,10,22,0,No, ,No, , , , , , , , , , , , , , , , , , , , , , , , , , , , , , , , , , , , , , , , , , , , , , , , , , , , , , , , , , , , ,-6.232223,-77.874735
9075,200101,01,PIURA,De 20001 - 40000 Hab,Regional, ,1,20, , , , , , , , , , , , , , , , , , , , , , , , , , , , , , , , , , , , , , , , , , , , , , , , , , , , , , , , , , , , , , , , , , , , , , , , , , , , ,55,2,0,0,0,10,43,0,0,6,0,0,0,0,0,6,0,0,24,0,0,0,0,5,19,0,0,13,0,0,0,0,5,8,0,0,2,0,0,0,0,0,2,0,0,2,0,0,0,0,0,2,0,0,2,0,0,0,0,0,2,0,0,2,0,0,0,0,0,2,0,0,2,0,0,0,0,0,2,0,0,2,2,0,0,0,0,0,0,0,0, ,0,0,0,0,0,0,0,0,No, ,Si,1,Si,1,No, ,No, ,No, ,Si,2,Si,3,Si,1,Si,1,No, ,No, ,Si,9,Si,37,55,0,No, ,Sí,2,9,9, , , , , , , , , , , , , , , , , , , , , , , , , , , , , , , , , , , , , , ,Ninguna, , , , , , , , , , , , , , , , , , ,-5.19367149,-80.63275722
9076,030109,09,TAMBURCO,Menos de 5000 Hab,Regional, ,1,3, , , , , , , , , , , , , , , , , , , , , , , , , , , , , , , , , , , , , , , , , , , , , , , , , , , , , , , , , , , , , , , , , , , , , , , , , , , , ,13,0,0,0,0,4,9,0,0,1,0,0,0,0,0,1,0,0,4,0,0,0,0,2,2,0,0,4,0,0,0,0,1,3,0,0,1,0,0,0,0,0,1,0,0,0,0,0,0,0,0,0,0,0,0,0,0,0,0,0,0,0,0,0,0,0,0,0,0,0,0,0,2,0,0,0,0,1,1,0,0,1,0,0,0,0,0,1,0,0,0, ,0,0,0,0,0,0,0,0,No, ,No, ,No, ,No, ,No, ,No, ,No, ,No, ,No, ,No, ,Si,1,Si,1,Si,6,Si,5,13,0,No, ,Sí,1,13, , , , , , , , , , , , , , , , , , , , , , , , , , , , , , , , , , , , , , , ,Ninguna, , , , , , , , , , , , , , , , , , ,-13.62197143,-72.87277891
9077,180301,01,ILO,De 80001 a más Hab,Regional, ,1,18, , , , , , , , , , , , , , , , , , , , , , , , , , , , , , , , , , , , , , , , , , , , , , , , , , , , , , , , , , , , , , , , , , , , , , , , , , , , ,11,0,0,0,0,5,6,0,0,3,0,0,0,0,0,3,0,0,4,0,0,0,0,2,2,0,0,0,0,0,0,0,0,0,0,0,2,0,0,0,0,1,1,0,0,0,0,0,0,0,0,0,0,0,0,0,0,0,0,0,0,0,0,0,0,0,0,0,0,0,0,0,1,0,0,0,0,1,0,0,0,1,0,0,0,0,1,0,0,0,0, ,0,0,0,0,0,0,0,0,No, ,No, ,No, ,No, ,No, ,No, ,Si,1,No, ,No, ,No, ,No, ,No, ,Si,1,Si,9,11,0,No, ,Sí,1,11, , , , , , , , , , , , , , , , , , , , , , , , , , , , , , , , , , , , , , , ,Ninguna, , , , , , , , , , , , , , , , , , ,-17.64451236,-71.34384742
9078,100101,01,HUANUCO,De 20001 - 40000 Hab,Regional, ,1,10, , , , , , , , , , , , , , , , , , , , , , , , , , , , , , , , , , , , , , , , , , , , , , , , , , , , , , , , , , , , , , , , , , , , , , , , , , , , ,20,0,0,0,0,4,16,0,0,3,0,0,0,0,0,3,0,0,6,0,0,0,0,3,3,0,0,6,0,0,0,0,0,6,0,0,1,0,0,0,0,0,1,0,0,0,0,0,0,0,0,0,0,0,0,0,0,0,0,0,0,0,0,0,0,0,0,0,0,0,0,0,3,0,0,0,0,0,3,0,0,1,0,0,0,0,1,0,0,0,0, ,0,0,0,0,0,0,0,0,No, ,No, ,No, ,No, ,No, ,No, ,No, ,Si,2,No, ,No, ,No, ,Si,3,Si,10,Si,5,20,0,No, ,No, , , , , , , , , , , , , , , , , , , , , , , , , , , , , , , , , , , , , , , , , , , , , , , , , , , , , , , , , , , , ,-9.93362881,-76.23916271
9079,021801,01,CHIMBOTE,De 5000 - 10000 Hab,Provincial, , , , , , , ,4,2,18,2,8,2,11,2,15, , , , , , , , , , , , , , , , , , , , , , , , , , , , , , , , , , , , , , , , , , , , , , , , , , , , , , , , , , , , , , , ,13,0,0,0,0,2,10,0,1,3,0,0,0,0,0,3,0,0,8,0,0,0,0,1,6,0,1,0,0,0,0,0,0,0,0,0,0,0,0,0,0,0,0,0,0,0,0,0,0,0,0,0,0,0,0,0,0,0,0,0,0,0,0,0,0,0,0,0,0,0,0,0,1,0,0,0,0,0,1,0,0,1,0,0,0,0,1,0,0,0,0, ,0,0,0,0,0,0,0,0,No, ,No, ,No, ,No, ,No, ,No, ,No, ,Si,1,Si,1,No, ,No, ,Si,1,Si,3,Si,7,13,0,No, ,Sí,1,12, , , , , , , , , , , , , , , , , , , , , , , , , , , , , , , , , , , , , , , ,Ninguna, , , , , , , , , , , , , , , , , , ,-9.0960169,-78.56854555
